season,gender,event_code,field,spot_type,area,count,spots,area_share
2022,boys,100,declared,at_large_combined,bay-shore,0,3,0.0
2022,boys,100,declared,at_large_combined,class-a,0,3,0.0
2022,boys,100,declared,at_large_combined,redwood-empire,0,3,0.0
2022,boys,100,declared,at_large_combined,tri-valley,3,3,1.0
2022,boys,100,declared,at_large_standard,bay-shore,0,0,
2022,boys,100,declared,at_large_standard,class-a,0,0,
2022,boys,100,declared,at_large_standard,redwood-empire,0,0,
2022,boys,100,declared,at_large_standard,tri-valley,0,0,
2022,boys,100,declared,next_best_mark,bay-shore,0,3,0.0
2022,boys,100,declared,next_best_mark,class-a,0,3,0.0
2022,boys,100,declared,next_best_mark,redwood-empire,0,3,0.0
2022,boys,100,declared,next_best_mark,tri-valley,3,3,1.0
2022,boys,100,qualified,at_large_combined,bay-shore,0,4,0.0
2022,boys,100,qualified,at_large_combined,class-a,0,4,0.0
2022,boys,100,qualified,at_large_combined,redwood-empire,0,4,0.0
2022,boys,100,qualified,at_large_combined,tri-valley,4,4,1.0
2022,boys,100,qualified,at_large_standard,bay-shore,0,0,
2022,boys,100,qualified,at_large_standard,class-a,0,0,
2022,boys,100,qualified,at_large_standard,redwood-empire,0,0,
2022,boys,100,qualified,at_large_standard,tri-valley,0,0,
2022,boys,100,qualified,next_best_mark,bay-shore,0,4,0.0
2022,boys,100,qualified,next_best_mark,class-a,0,4,0.0
2022,boys,100,qualified,next_best_mark,redwood-empire,0,4,0.0
2022,boys,100,qualified,next_best_mark,tri-valley,4,4,1.0
2022,boys,110H,declared,at_large_combined,bay-shore,0,2,0.0
2022,boys,110H,declared,at_large_combined,class-a,0,2,0.0
2022,boys,110H,declared,at_large_combined,redwood-empire,1,2,0.5
2022,boys,110H,declared,at_large_combined,tri-valley,1,2,0.5
2022,boys,110H,declared,at_large_standard,bay-shore,0,0,
2022,boys,110H,declared,at_large_standard,class-a,0,0,
2022,boys,110H,declared,at_large_standard,redwood-empire,0,0,
2022,boys,110H,declared,at_large_standard,tri-valley,0,0,
2022,boys,110H,declared,next_best_mark,bay-shore,0,2,0.0
2022,boys,110H,declared,next_best_mark,class-a,0,2,0.0
2022,boys,110H,declared,next_best_mark,redwood-empire,1,2,0.5
2022,boys,110H,declared,next_best_mark,tri-valley,1,2,0.5
2022,boys,110H,qualified,at_large_combined,bay-shore,0,3,0.0
2022,boys,110H,qualified,at_large_combined,class-a,0,3,0.0
2022,boys,110H,qualified,at_large_combined,redwood-empire,1,3,0.3333
2022,boys,110H,qualified,at_large_combined,tri-valley,2,3,0.6667
2022,boys,110H,qualified,at_large_standard,bay-shore,0,0,
2022,boys,110H,qualified,at_large_standard,class-a,0,0,
2022,boys,110H,qualified,at_large_standard,redwood-empire,0,0,
2022,boys,110H,qualified,at_large_standard,tri-valley,0,0,
2022,boys,110H,qualified,next_best_mark,bay-shore,0,3,0.0
2022,boys,110H,qualified,next_best_mark,class-a,0,3,0.0
2022,boys,110H,qualified,next_best_mark,redwood-empire,1,3,0.3333
2022,boys,110H,qualified,next_best_mark,tri-valley,2,3,0.6667
2022,boys,1600,declared,at_large_combined,bay-shore,0,3,0.0
2022,boys,1600,declared,at_large_combined,class-a,0,3,0.0
2022,boys,1600,declared,at_large_combined,redwood-empire,0,3,0.0
2022,boys,1600,declared,at_large_combined,tri-valley,3,3,1.0
2022,boys,1600,declared,at_large_standard,bay-shore,0,0,
2022,boys,1600,declared,at_large_standard,class-a,0,0,
2022,boys,1600,declared,at_large_standard,redwood-empire,0,0,
2022,boys,1600,declared,at_large_standard,tri-valley,0,0,
2022,boys,1600,declared,next_best_mark,bay-shore,0,3,0.0
2022,boys,1600,declared,next_best_mark,class-a,0,3,0.0
2022,boys,1600,declared,next_best_mark,redwood-empire,0,3,0.0
2022,boys,1600,declared,next_best_mark,tri-valley,3,3,1.0
2022,boys,1600,qualified,at_large_combined,bay-shore,0,3,0.0
2022,boys,1600,qualified,at_large_combined,class-a,0,3,0.0
2022,boys,1600,qualified,at_large_combined,redwood-empire,0,3,0.0
2022,boys,1600,qualified,at_large_combined,tri-valley,3,3,1.0
2022,boys,1600,qualified,at_large_standard,bay-shore,0,0,
2022,boys,1600,qualified,at_large_standard,class-a,0,0,
2022,boys,1600,qualified,at_large_standard,redwood-empire,0,0,
2022,boys,1600,qualified,at_large_standard,tri-valley,0,0,
2022,boys,1600,qualified,next_best_mark,bay-shore,0,3,0.0
2022,boys,1600,qualified,next_best_mark,class-a,0,3,0.0
2022,boys,1600,qualified,next_best_mark,redwood-empire,0,3,0.0
2022,boys,1600,qualified,next_best_mark,tri-valley,3,3,1.0
2022,boys,200,declared,at_large_combined,bay-shore,2,7,0.2857
2022,boys,200,declared,at_large_combined,class-a,0,7,0.0
2022,boys,200,declared,at_large_combined,redwood-empire,0,7,0.0
2022,boys,200,declared,at_large_combined,tri-valley,5,7,0.7143
2022,boys,200,declared,at_large_standard,bay-shore,2,4,0.5
2022,boys,200,declared,at_large_standard,class-a,0,4,0.0
2022,boys,200,declared,at_large_standard,redwood-empire,0,4,0.0
2022,boys,200,declared,at_large_standard,tri-valley,2,4,0.5
2022,boys,200,declared,next_best_mark,bay-shore,0,3,0.0
2022,boys,200,declared,next_best_mark,class-a,0,3,0.0
2022,boys,200,declared,next_best_mark,redwood-empire,0,3,0.0
2022,boys,200,declared,next_best_mark,tri-valley,3,3,1.0
2022,boys,200,qualified,at_large_combined,bay-shore,2,7,0.2857
2022,boys,200,qualified,at_large_combined,class-a,0,7,0.0
2022,boys,200,qualified,at_large_combined,redwood-empire,0,7,0.0
2022,boys,200,qualified,at_large_combined,tri-valley,5,7,0.7143
2022,boys,200,qualified,at_large_standard,bay-shore,2,4,0.5
2022,boys,200,qualified,at_large_standard,class-a,0,4,0.0
2022,boys,200,qualified,at_large_standard,redwood-empire,0,4,0.0
2022,boys,200,qualified,at_large_standard,tri-valley,2,4,0.5
2022,boys,200,qualified,next_best_mark,bay-shore,0,3,0.0
2022,boys,200,qualified,next_best_mark,class-a,0,3,0.0
2022,boys,200,qualified,next_best_mark,redwood-empire,0,3,0.0
2022,boys,200,qualified,next_best_mark,tri-valley,3,3,1.0
2022,boys,300H,declared,at_large_combined,bay-shore,0,2,0.0
2022,boys,300H,declared,at_large_combined,class-a,0,2,0.0
2022,boys,300H,declared,at_large_combined,redwood-empire,0,2,0.0
2022,boys,300H,declared,at_large_combined,tri-valley,2,2,1.0
2022,boys,300H,declared,at_large_standard,bay-shore,0,0,
2022,boys,300H,declared,at_large_standard,class-a,0,0,
2022,boys,300H,declared,at_large_standard,redwood-empire,0,0,
2022,boys,300H,declared,at_large_standard,tri-valley,0,0,
2022,boys,300H,declared,next_best_mark,bay-shore,0,2,0.0
2022,boys,300H,declared,next_best_mark,class-a,0,2,0.0
2022,boys,300H,declared,next_best_mark,redwood-empire,0,2,0.0
2022,boys,300H,declared,next_best_mark,tri-valley,2,2,1.0
2022,boys,300H,qualified,at_large_combined,bay-shore,0,3,0.0
2022,boys,300H,qualified,at_large_combined,class-a,0,3,0.0
2022,boys,300H,qualified,at_large_combined,redwood-empire,0,3,0.0
2022,boys,300H,qualified,at_large_combined,tri-valley,3,3,1.0
2022,boys,300H,qualified,at_large_standard,bay-shore,0,0,
2022,boys,300H,qualified,at_large_standard,class-a,0,0,
2022,boys,300H,qualified,at_large_standard,redwood-empire,0,0,
2022,boys,300H,qualified,at_large_standard,tri-valley,0,0,
2022,boys,300H,qualified,next_best_mark,bay-shore,0,3,0.0
2022,boys,300H,qualified,next_best_mark,class-a,0,3,0.0
2022,boys,300H,qualified,next_best_mark,redwood-empire,0,3,0.0
2022,boys,300H,qualified,next_best_mark,tri-valley,3,3,1.0
2022,boys,3200,declared,at_large_combined,bay-shore,0,3,0.0
2022,boys,3200,declared,at_large_combined,class-a,0,3,0.0
2022,boys,3200,declared,at_large_combined,redwood-empire,0,3,0.0
2022,boys,3200,declared,at_large_combined,tri-valley,3,3,1.0
2022,boys,3200,declared,at_large_standard,bay-shore,0,0,
2022,boys,3200,declared,at_large_standard,class-a,0,0,
2022,boys,3200,declared,at_large_standard,redwood-empire,0,0,
2022,boys,3200,declared,at_large_standard,tri-valley,0,0,
2022,boys,3200,declared,next_best_mark,bay-shore,0,3,0.0
2022,boys,3200,declared,next_best_mark,class-a,0,3,0.0
2022,boys,3200,declared,next_best_mark,redwood-empire,0,3,0.0
2022,boys,3200,declared,next_best_mark,tri-valley,3,3,1.0
2022,boys,3200,qualified,at_large_combined,bay-shore,0,3,0.0
2022,boys,3200,qualified,at_large_combined,class-a,0,3,0.0
2022,boys,3200,qualified,at_large_combined,redwood-empire,0,3,0.0
2022,boys,3200,qualified,at_large_combined,tri-valley,3,3,1.0
2022,boys,3200,qualified,at_large_standard,bay-shore,0,0,
2022,boys,3200,qualified,at_large_standard,class-a,0,0,
2022,boys,3200,qualified,at_large_standard,redwood-empire,0,0,
2022,boys,3200,qualified,at_large_standard,tri-valley,0,0,
2022,boys,3200,qualified,next_best_mark,bay-shore,0,3,0.0
2022,boys,3200,qualified,next_best_mark,class-a,0,3,0.0
2022,boys,3200,qualified,next_best_mark,redwood-empire,0,3,0.0
2022,boys,3200,qualified,next_best_mark,tri-valley,3,3,1.0
2022,boys,400,declared,at_large_combined,bay-shore,0,3,0.0
2022,boys,400,declared,at_large_combined,class-a,0,3,0.0
2022,boys,400,declared,at_large_combined,redwood-empire,0,3,0.0
2022,boys,400,declared,at_large_combined,tri-valley,3,3,1.0
2022,boys,400,declared,at_large_standard,bay-shore,0,0,
2022,boys,400,declared,at_large_standard,class-a,0,0,
2022,boys,400,declared,at_large_standard,redwood-empire,0,0,
2022,boys,400,declared,at_large_standard,tri-valley,0,0,
2022,boys,400,declared,next_best_mark,bay-shore,0,3,0.0
2022,boys,400,declared,next_best_mark,class-a,0,3,0.0
2022,boys,400,declared,next_best_mark,redwood-empire,0,3,0.0
2022,boys,400,declared,next_best_mark,tri-valley,3,3,1.0
2022,boys,400,qualified,at_large_combined,bay-shore,0,3,0.0
2022,boys,400,qualified,at_large_combined,class-a,0,3,0.0
2022,boys,400,qualified,at_large_combined,redwood-empire,0,3,0.0
2022,boys,400,qualified,at_large_combined,tri-valley,3,3,1.0
2022,boys,400,qualified,at_large_standard,bay-shore,0,0,
2022,boys,400,qualified,at_large_standard,class-a,0,0,
2022,boys,400,qualified,at_large_standard,redwood-empire,0,0,
2022,boys,400,qualified,at_large_standard,tri-valley,0,0,
2022,boys,400,qualified,next_best_mark,bay-shore,0,3,0.0
2022,boys,400,qualified,next_best_mark,class-a,0,3,0.0
2022,boys,400,qualified,next_best_mark,redwood-empire,0,3,0.0
2022,boys,400,qualified,next_best_mark,tri-valley,3,3,1.0
2022,boys,4x100,declared,at_large_combined,bay-shore,0,3,0.0
2022,boys,4x100,declared,at_large_combined,class-a,0,3,0.0
2022,boys,4x100,declared,at_large_combined,redwood-empire,0,3,0.0
2022,boys,4x100,declared,at_large_combined,tri-valley,3,3,1.0
2022,boys,4x100,declared,at_large_standard,bay-shore,0,0,
2022,boys,4x100,declared,at_large_standard,class-a,0,0,
2022,boys,4x100,declared,at_large_standard,redwood-empire,0,0,
2022,boys,4x100,declared,at_large_standard,tri-valley,0,0,
2022,boys,4x100,declared,next_best_mark,bay-shore,0,3,0.0
2022,boys,4x100,declared,next_best_mark,class-a,0,3,0.0
2022,boys,4x100,declared,next_best_mark,redwood-empire,0,3,0.0
2022,boys,4x100,declared,next_best_mark,tri-valley,3,3,1.0
2022,boys,4x100,qualified,at_large_combined,bay-shore,0,3,0.0
2022,boys,4x100,qualified,at_large_combined,class-a,0,3,0.0
2022,boys,4x100,qualified,at_large_combined,redwood-empire,0,3,0.0
2022,boys,4x100,qualified,at_large_combined,tri-valley,3,3,1.0
2022,boys,4x100,qualified,at_large_standard,bay-shore,0,0,
2022,boys,4x100,qualified,at_large_standard,class-a,0,0,
2022,boys,4x100,qualified,at_large_standard,redwood-empire,0,0,
2022,boys,4x100,qualified,at_large_standard,tri-valley,0,0,
2022,boys,4x100,qualified,next_best_mark,bay-shore,0,3,0.0
2022,boys,4x100,qualified,next_best_mark,class-a,0,3,0.0
2022,boys,4x100,qualified,next_best_mark,redwood-empire,0,3,0.0
2022,boys,4x100,qualified,next_best_mark,tri-valley,3,3,1.0
2022,boys,4x400,declared,at_large_combined,bay-shore,3,3,1.0
2022,boys,4x400,declared,at_large_combined,class-a,0,3,0.0
2022,boys,4x400,declared,at_large_combined,redwood-empire,0,3,0.0
2022,boys,4x400,declared,at_large_combined,tri-valley,0,3,0.0
2022,boys,4x400,declared,at_large_standard,bay-shore,0,0,
2022,boys,4x400,declared,at_large_standard,class-a,0,0,
2022,boys,4x400,declared,at_large_standard,redwood-empire,0,0,
2022,boys,4x400,declared,at_large_standard,tri-valley,0,0,
2022,boys,4x400,declared,next_best_mark,bay-shore,3,3,1.0
2022,boys,4x400,declared,next_best_mark,class-a,0,3,0.0
2022,boys,4x400,declared,next_best_mark,redwood-empire,0,3,0.0
2022,boys,4x400,declared,next_best_mark,tri-valley,0,3,0.0
2022,boys,4x400,qualified,at_large_combined,bay-shore,2,3,0.6667
2022,boys,4x400,qualified,at_large_combined,class-a,0,3,0.0
2022,boys,4x400,qualified,at_large_combined,redwood-empire,0,3,0.0
2022,boys,4x400,qualified,at_large_combined,tri-valley,1,3,0.3333
2022,boys,4x400,qualified,at_large_standard,bay-shore,0,0,
2022,boys,4x400,qualified,at_large_standard,class-a,0,0,
2022,boys,4x400,qualified,at_large_standard,redwood-empire,0,0,
2022,boys,4x400,qualified,at_large_standard,tri-valley,0,0,
2022,boys,4x400,qualified,next_best_mark,bay-shore,2,3,0.6667
2022,boys,4x400,qualified,next_best_mark,class-a,0,3,0.0
2022,boys,4x400,qualified,next_best_mark,redwood-empire,0,3,0.0
2022,boys,4x400,qualified,next_best_mark,tri-valley,1,3,0.3333
2022,boys,800,declared,at_large_combined,bay-shore,0,3,0.0
2022,boys,800,declared,at_large_combined,class-a,0,3,0.0
2022,boys,800,declared,at_large_combined,redwood-empire,1,3,0.3333
2022,boys,800,declared,at_large_combined,tri-valley,2,3,0.6667
2022,boys,800,declared,at_large_standard,bay-shore,0,0,
2022,boys,800,declared,at_large_standard,class-a,0,0,
2022,boys,800,declared,at_large_standard,redwood-empire,0,0,
2022,boys,800,declared,at_large_standard,tri-valley,0,0,
2022,boys,800,declared,next_best_mark,bay-shore,0,3,0.0
2022,boys,800,declared,next_best_mark,class-a,0,3,0.0
2022,boys,800,declared,next_best_mark,redwood-empire,1,3,0.3333
2022,boys,800,declared,next_best_mark,tri-valley,2,3,0.6667
2022,boys,800,qualified,at_large_combined,bay-shore,0,3,0.0
2022,boys,800,qualified,at_large_combined,class-a,0,3,0.0
2022,boys,800,qualified,at_large_combined,redwood-empire,1,3,0.3333
2022,boys,800,qualified,at_large_combined,tri-valley,2,3,0.6667
2022,boys,800,qualified,at_large_standard,bay-shore,0,0,
2022,boys,800,qualified,at_large_standard,class-a,0,0,
2022,boys,800,qualified,at_large_standard,redwood-empire,0,0,
2022,boys,800,qualified,at_large_standard,tri-valley,0,0,
2022,boys,800,qualified,next_best_mark,bay-shore,0,3,0.0
2022,boys,800,qualified,next_best_mark,class-a,0,3,0.0
2022,boys,800,qualified,next_best_mark,redwood-empire,1,3,0.3333
2022,boys,800,qualified,next_best_mark,tri-valley,2,3,0.6667
2022,boys,DT,declared,at_large_combined,bay-shore,0,3,0.0
2022,boys,DT,declared,at_large_combined,class-a,0,3,0.0
2022,boys,DT,declared,at_large_combined,redwood-empire,2,3,0.6667
2022,boys,DT,declared,at_large_combined,tri-valley,1,3,0.3333
2022,boys,DT,declared,at_large_standard,bay-shore,0,0,
2022,boys,DT,declared,at_large_standard,class-a,0,0,
2022,boys,DT,declared,at_large_standard,redwood-empire,0,0,
2022,boys,DT,declared,at_large_standard,tri-valley,0,0,
2022,boys,DT,declared,next_best_mark,bay-shore,0,3,0.0
2022,boys,DT,declared,next_best_mark,class-a,0,3,0.0
2022,boys,DT,declared,next_best_mark,redwood-empire,2,3,0.6667
2022,boys,DT,declared,next_best_mark,tri-valley,1,3,0.3333
2022,boys,DT,qualified,at_large_combined,bay-shore,0,3,0.0
2022,boys,DT,qualified,at_large_combined,class-a,0,3,0.0
2022,boys,DT,qualified,at_large_combined,redwood-empire,2,3,0.6667
2022,boys,DT,qualified,at_large_combined,tri-valley,1,3,0.3333
2022,boys,DT,qualified,at_large_standard,bay-shore,0,0,
2022,boys,DT,qualified,at_large_standard,class-a,0,0,
2022,boys,DT,qualified,at_large_standard,redwood-empire,0,0,
2022,boys,DT,qualified,at_large_standard,tri-valley,0,0,
2022,boys,DT,qualified,next_best_mark,bay-shore,0,3,0.0
2022,boys,DT,qualified,next_best_mark,class-a,0,3,0.0
2022,boys,DT,qualified,next_best_mark,redwood-empire,2,3,0.6667
2022,boys,DT,qualified,next_best_mark,tri-valley,1,3,0.3333
2022,boys,HJ,declared,at_large_combined,bay-shore,0,5,0.0
2022,boys,HJ,declared,at_large_combined,class-a,0,5,0.0
2022,boys,HJ,declared,at_large_combined,redwood-empire,1,5,0.2
2022,boys,HJ,declared,at_large_combined,tri-valley,4,5,0.8
2022,boys,HJ,declared,at_large_standard,bay-shore,0,0,
2022,boys,HJ,declared,at_large_standard,class-a,0,0,
2022,boys,HJ,declared,at_large_standard,redwood-empire,0,0,
2022,boys,HJ,declared,at_large_standard,tri-valley,0,0,
2022,boys,HJ,declared,next_best_mark,bay-shore,0,5,0.0
2022,boys,HJ,declared,next_best_mark,class-a,0,5,0.0
2022,boys,HJ,declared,next_best_mark,redwood-empire,1,5,0.2
2022,boys,HJ,declared,next_best_mark,tri-valley,4,5,0.8
2022,boys,HJ,qualified,at_large_combined,bay-shore,0,5,0.0
2022,boys,HJ,qualified,at_large_combined,class-a,0,5,0.0
2022,boys,HJ,qualified,at_large_combined,redwood-empire,1,5,0.2
2022,boys,HJ,qualified,at_large_combined,tri-valley,4,5,0.8
2022,boys,HJ,qualified,at_large_standard,bay-shore,0,0,
2022,boys,HJ,qualified,at_large_standard,class-a,0,0,
2022,boys,HJ,qualified,at_large_standard,redwood-empire,0,0,
2022,boys,HJ,qualified,at_large_standard,tri-valley,0,0,
2022,boys,HJ,qualified,next_best_mark,bay-shore,0,5,0.0
2022,boys,HJ,qualified,next_best_mark,class-a,0,5,0.0
2022,boys,HJ,qualified,next_best_mark,redwood-empire,1,5,0.2
2022,boys,HJ,qualified,next_best_mark,tri-valley,4,5,0.8
2022,boys,LJ,declared,at_large_combined,bay-shore,1,3,0.3333
2022,boys,LJ,declared,at_large_combined,class-a,1,3,0.3333
2022,boys,LJ,declared,at_large_combined,redwood-empire,0,3,0.0
2022,boys,LJ,declared,at_large_combined,tri-valley,1,3,0.3333
2022,boys,LJ,declared,at_large_standard,bay-shore,0,0,
2022,boys,LJ,declared,at_large_standard,class-a,0,0,
2022,boys,LJ,declared,at_large_standard,redwood-empire,0,0,
2022,boys,LJ,declared,at_large_standard,tri-valley,0,0,
2022,boys,LJ,declared,next_best_mark,bay-shore,1,3,0.3333
2022,boys,LJ,declared,next_best_mark,class-a,1,3,0.3333
2022,boys,LJ,declared,next_best_mark,redwood-empire,0,3,0.0
2022,boys,LJ,declared,next_best_mark,tri-valley,1,3,0.3333
2022,boys,LJ,qualified,at_large_combined,bay-shore,1,3,0.3333
2022,boys,LJ,qualified,at_large_combined,class-a,1,3,0.3333
2022,boys,LJ,qualified,at_large_combined,redwood-empire,0,3,0.0
2022,boys,LJ,qualified,at_large_combined,tri-valley,1,3,0.3333
2022,boys,LJ,qualified,at_large_standard,bay-shore,0,0,
2022,boys,LJ,qualified,at_large_standard,class-a,0,0,
2022,boys,LJ,qualified,at_large_standard,redwood-empire,0,0,
2022,boys,LJ,qualified,at_large_standard,tri-valley,0,0,
2022,boys,LJ,qualified,next_best_mark,bay-shore,1,3,0.3333
2022,boys,LJ,qualified,next_best_mark,class-a,1,3,0.3333
2022,boys,LJ,qualified,next_best_mark,redwood-empire,0,3,0.0
2022,boys,LJ,qualified,next_best_mark,tri-valley,1,3,0.3333
2022,boys,PV,declared,at_large_combined,bay-shore,0,4,0.0
2022,boys,PV,declared,at_large_combined,class-a,0,4,0.0
2022,boys,PV,declared,at_large_combined,redwood-empire,0,4,0.0
2022,boys,PV,declared,at_large_combined,tri-valley,4,4,1.0
2022,boys,PV,declared,at_large_standard,bay-shore,0,0,
2022,boys,PV,declared,at_large_standard,class-a,0,0,
2022,boys,PV,declared,at_large_standard,redwood-empire,0,0,
2022,boys,PV,declared,at_large_standard,tri-valley,0,0,
2022,boys,PV,declared,next_best_mark,bay-shore,0,4,0.0
2022,boys,PV,declared,next_best_mark,class-a,0,4,0.0
2022,boys,PV,declared,next_best_mark,redwood-empire,0,4,0.0
2022,boys,PV,declared,next_best_mark,tri-valley,4,4,1.0
2022,boys,PV,qualified,at_large_combined,bay-shore,0,4,0.0
2022,boys,PV,qualified,at_large_combined,class-a,0,4,0.0
2022,boys,PV,qualified,at_large_combined,redwood-empire,0,4,0.0
2022,boys,PV,qualified,at_large_combined,tri-valley,4,4,1.0
2022,boys,PV,qualified,at_large_standard,bay-shore,0,0,
2022,boys,PV,qualified,at_large_standard,class-a,0,0,
2022,boys,PV,qualified,at_large_standard,redwood-empire,0,0,
2022,boys,PV,qualified,at_large_standard,tri-valley,0,0,
2022,boys,PV,qualified,next_best_mark,bay-shore,0,4,0.0
2022,boys,PV,qualified,next_best_mark,class-a,0,4,0.0
2022,boys,PV,qualified,next_best_mark,redwood-empire,0,4,0.0
2022,boys,PV,qualified,next_best_mark,tri-valley,4,4,1.0
2022,boys,SP,declared,at_large_combined,bay-shore,0,3,0.0
2022,boys,SP,declared,at_large_combined,class-a,0,3,0.0
2022,boys,SP,declared,at_large_combined,redwood-empire,3,3,1.0
2022,boys,SP,declared,at_large_combined,tri-valley,0,3,0.0
2022,boys,SP,declared,at_large_standard,bay-shore,0,0,
2022,boys,SP,declared,at_large_standard,class-a,0,0,
2022,boys,SP,declared,at_large_standard,redwood-empire,0,0,
2022,boys,SP,declared,at_large_standard,tri-valley,0,0,
2022,boys,SP,declared,next_best_mark,bay-shore,0,3,0.0
2022,boys,SP,declared,next_best_mark,class-a,0,3,0.0
2022,boys,SP,declared,next_best_mark,redwood-empire,3,3,1.0
2022,boys,SP,declared,next_best_mark,tri-valley,0,3,0.0
2022,boys,SP,qualified,at_large_combined,bay-shore,0,3,0.0
2022,boys,SP,qualified,at_large_combined,class-a,0,3,0.0
2022,boys,SP,qualified,at_large_combined,redwood-empire,3,3,1.0
2022,boys,SP,qualified,at_large_combined,tri-valley,0,3,0.0
2022,boys,SP,qualified,at_large_standard,bay-shore,0,0,
2022,boys,SP,qualified,at_large_standard,class-a,0,0,
2022,boys,SP,qualified,at_large_standard,redwood-empire,0,0,
2022,boys,SP,qualified,at_large_standard,tri-valley,0,0,
2022,boys,SP,qualified,next_best_mark,bay-shore,0,3,0.0
2022,boys,SP,qualified,next_best_mark,class-a,0,3,0.0
2022,boys,SP,qualified,next_best_mark,redwood-empire,3,3,1.0
2022,boys,SP,qualified,next_best_mark,tri-valley,0,3,0.0
2022,boys,TJ,declared,at_large_combined,bay-shore,0,3,0.0
2022,boys,TJ,declared,at_large_combined,class-a,0,3,0.0
2022,boys,TJ,declared,at_large_combined,redwood-empire,1,3,0.3333
2022,boys,TJ,declared,at_large_combined,tri-valley,2,3,0.6667
2022,boys,TJ,declared,at_large_standard,bay-shore,0,0,
2022,boys,TJ,declared,at_large_standard,class-a,0,0,
2022,boys,TJ,declared,at_large_standard,redwood-empire,0,0,
2022,boys,TJ,declared,at_large_standard,tri-valley,0,0,
2022,boys,TJ,declared,next_best_mark,bay-shore,0,3,0.0
2022,boys,TJ,declared,next_best_mark,class-a,0,3,0.0
2022,boys,TJ,declared,next_best_mark,redwood-empire,1,3,0.3333
2022,boys,TJ,declared,next_best_mark,tri-valley,2,3,0.6667
2022,boys,TJ,qualified,at_large_combined,bay-shore,0,3,0.0
2022,boys,TJ,qualified,at_large_combined,class-a,0,3,0.0
2022,boys,TJ,qualified,at_large_combined,redwood-empire,1,3,0.3333
2022,boys,TJ,qualified,at_large_combined,tri-valley,2,3,0.6667
2022,boys,TJ,qualified,at_large_standard,bay-shore,0,0,
2022,boys,TJ,qualified,at_large_standard,class-a,0,0,
2022,boys,TJ,qualified,at_large_standard,redwood-empire,0,0,
2022,boys,TJ,qualified,at_large_standard,tri-valley,0,0,
2022,boys,TJ,qualified,next_best_mark,bay-shore,0,3,0.0
2022,boys,TJ,qualified,next_best_mark,class-a,0,3,0.0
2022,boys,TJ,qualified,next_best_mark,redwood-empire,1,3,0.3333
2022,boys,TJ,qualified,next_best_mark,tri-valley,2,3,0.6667
2022,girls,100,declared,at_large_combined,bay-shore,0,3,0.0
2022,girls,100,declared,at_large_combined,class-a,0,3,0.0
2022,girls,100,declared,at_large_combined,redwood-empire,0,3,0.0
2022,girls,100,declared,at_large_combined,tri-valley,3,3,1.0
2022,girls,100,declared,at_large_standard,bay-shore,0,0,
2022,girls,100,declared,at_large_standard,class-a,0,0,
2022,girls,100,declared,at_large_standard,redwood-empire,0,0,
2022,girls,100,declared,at_large_standard,tri-valley,0,0,
2022,girls,100,declared,next_best_mark,bay-shore,0,3,0.0
2022,girls,100,declared,next_best_mark,class-a,0,3,0.0
2022,girls,100,declared,next_best_mark,redwood-empire,0,3,0.0
2022,girls,100,declared,next_best_mark,tri-valley,3,3,1.0
2022,girls,100,qualified,at_large_combined,bay-shore,0,3,0.0
2022,girls,100,qualified,at_large_combined,class-a,0,3,0.0
2022,girls,100,qualified,at_large_combined,redwood-empire,0,3,0.0
2022,girls,100,qualified,at_large_combined,tri-valley,3,3,1.0
2022,girls,100,qualified,at_large_standard,bay-shore,0,0,
2022,girls,100,qualified,at_large_standard,class-a,0,0,
2022,girls,100,qualified,at_large_standard,redwood-empire,0,0,
2022,girls,100,qualified,at_large_standard,tri-valley,0,0,
2022,girls,100,qualified,next_best_mark,bay-shore,0,3,0.0
2022,girls,100,qualified,next_best_mark,class-a,0,3,0.0
2022,girls,100,qualified,next_best_mark,redwood-empire,0,3,0.0
2022,girls,100,qualified,next_best_mark,tri-valley,3,3,1.0
2022,girls,100H,declared,at_large_combined,bay-shore,0,3,0.0
2022,girls,100H,declared,at_large_combined,class-a,0,3,0.0
2022,girls,100H,declared,at_large_combined,redwood-empire,0,3,0.0
2022,girls,100H,declared,at_large_combined,tri-valley,3,3,1.0
2022,girls,100H,declared,at_large_standard,bay-shore,0,0,
2022,girls,100H,declared,at_large_standard,class-a,0,0,
2022,girls,100H,declared,at_large_standard,redwood-empire,0,0,
2022,girls,100H,declared,at_large_standard,tri-valley,0,0,
2022,girls,100H,declared,next_best_mark,bay-shore,0,3,0.0
2022,girls,100H,declared,next_best_mark,class-a,0,3,0.0
2022,girls,100H,declared,next_best_mark,redwood-empire,0,3,0.0
2022,girls,100H,declared,next_best_mark,tri-valley,3,3,1.0
2022,girls,100H,qualified,at_large_combined,bay-shore,0,4,0.0
2022,girls,100H,qualified,at_large_combined,class-a,0,4,0.0
2022,girls,100H,qualified,at_large_combined,redwood-empire,0,4,0.0
2022,girls,100H,qualified,at_large_combined,tri-valley,4,4,1.0
2022,girls,100H,qualified,at_large_standard,bay-shore,0,0,
2022,girls,100H,qualified,at_large_standard,class-a,0,0,
2022,girls,100H,qualified,at_large_standard,redwood-empire,0,0,
2022,girls,100H,qualified,at_large_standard,tri-valley,0,0,
2022,girls,100H,qualified,next_best_mark,bay-shore,0,4,0.0
2022,girls,100H,qualified,next_best_mark,class-a,0,4,0.0
2022,girls,100H,qualified,next_best_mark,redwood-empire,0,4,0.0
2022,girls,100H,qualified,next_best_mark,tri-valley,4,4,1.0
2022,girls,1600,declared,at_large_combined,bay-shore,0,3,0.0
2022,girls,1600,declared,at_large_combined,class-a,1,3,0.3333
2022,girls,1600,declared,at_large_combined,redwood-empire,0,3,0.0
2022,girls,1600,declared,at_large_combined,tri-valley,2,3,0.6667
2022,girls,1600,declared,at_large_standard,bay-shore,0,0,
2022,girls,1600,declared,at_large_standard,class-a,0,0,
2022,girls,1600,declared,at_large_standard,redwood-empire,0,0,
2022,girls,1600,declared,at_large_standard,tri-valley,0,0,
2022,girls,1600,declared,next_best_mark,bay-shore,0,3,0.0
2022,girls,1600,declared,next_best_mark,class-a,1,3,0.3333
2022,girls,1600,declared,next_best_mark,redwood-empire,0,3,0.0
2022,girls,1600,declared,next_best_mark,tri-valley,2,3,0.6667
2022,girls,1600,qualified,at_large_combined,bay-shore,0,3,0.0
2022,girls,1600,qualified,at_large_combined,class-a,2,3,0.6667
2022,girls,1600,qualified,at_large_combined,redwood-empire,1,3,0.3333
2022,girls,1600,qualified,at_large_combined,tri-valley,0,3,0.0
2022,girls,1600,qualified,at_large_standard,bay-shore,0,0,
2022,girls,1600,qualified,at_large_standard,class-a,0,0,
2022,girls,1600,qualified,at_large_standard,redwood-empire,0,0,
2022,girls,1600,qualified,at_large_standard,tri-valley,0,0,
2022,girls,1600,qualified,next_best_mark,bay-shore,0,3,0.0
2022,girls,1600,qualified,next_best_mark,class-a,2,3,0.6667
2022,girls,1600,qualified,next_best_mark,redwood-empire,1,3,0.3333
2022,girls,1600,qualified,next_best_mark,tri-valley,0,3,0.0
2022,girls,200,declared,at_large_combined,bay-shore,1,3,0.3333
2022,girls,200,declared,at_large_combined,class-a,0,3,0.0
2022,girls,200,declared,at_large_combined,redwood-empire,0,3,0.0
2022,girls,200,declared,at_large_combined,tri-valley,2,3,0.6667
2022,girls,200,declared,at_large_standard,bay-shore,0,0,
2022,girls,200,declared,at_large_standard,class-a,0,0,
2022,girls,200,declared,at_large_standard,redwood-empire,0,0,
2022,girls,200,declared,at_large_standard,tri-valley,0,0,
2022,girls,200,declared,next_best_mark,bay-shore,1,3,0.3333
2022,girls,200,declared,next_best_mark,class-a,0,3,0.0
2022,girls,200,declared,next_best_mark,redwood-empire,0,3,0.0
2022,girls,200,declared,next_best_mark,tri-valley,2,3,0.6667
2022,girls,200,qualified,at_large_combined,bay-shore,0,3,0.0
2022,girls,200,qualified,at_large_combined,class-a,0,3,0.0
2022,girls,200,qualified,at_large_combined,redwood-empire,0,3,0.0
2022,girls,200,qualified,at_large_combined,tri-valley,3,3,1.0
2022,girls,200,qualified,at_large_standard,bay-shore,0,0,
2022,girls,200,qualified,at_large_standard,class-a,0,0,
2022,girls,200,qualified,at_large_standard,redwood-empire,0,0,
2022,girls,200,qualified,at_large_standard,tri-valley,0,0,
2022,girls,200,qualified,next_best_mark,bay-shore,0,3,0.0
2022,girls,200,qualified,next_best_mark,class-a,0,3,0.0
2022,girls,200,qualified,next_best_mark,redwood-empire,0,3,0.0
2022,girls,200,qualified,next_best_mark,tri-valley,3,3,1.0
2022,girls,300H,declared,at_large_combined,bay-shore,0,3,0.0
2022,girls,300H,declared,at_large_combined,class-a,0,3,0.0
2022,girls,300H,declared,at_large_combined,redwood-empire,0,3,0.0
2022,girls,300H,declared,at_large_combined,tri-valley,3,3,1.0
2022,girls,300H,declared,at_large_standard,bay-shore,0,0,
2022,girls,300H,declared,at_large_standard,class-a,0,0,
2022,girls,300H,declared,at_large_standard,redwood-empire,0,0,
2022,girls,300H,declared,at_large_standard,tri-valley,0,0,
2022,girls,300H,declared,next_best_mark,bay-shore,0,3,0.0
2022,girls,300H,declared,next_best_mark,class-a,0,3,0.0
2022,girls,300H,declared,next_best_mark,redwood-empire,0,3,0.0
2022,girls,300H,declared,next_best_mark,tri-valley,3,3,1.0
2022,girls,300H,qualified,at_large_combined,bay-shore,0,3,0.0
2022,girls,300H,qualified,at_large_combined,class-a,0,3,0.0
2022,girls,300H,qualified,at_large_combined,redwood-empire,0,3,0.0
2022,girls,300H,qualified,at_large_combined,tri-valley,3,3,1.0
2022,girls,300H,qualified,at_large_standard,bay-shore,0,0,
2022,girls,300H,qualified,at_large_standard,class-a,0,0,
2022,girls,300H,qualified,at_large_standard,redwood-empire,0,0,
2022,girls,300H,qualified,at_large_standard,tri-valley,0,0,
2022,girls,300H,qualified,next_best_mark,bay-shore,0,3,0.0
2022,girls,300H,qualified,next_best_mark,class-a,0,3,0.0
2022,girls,300H,qualified,next_best_mark,redwood-empire,0,3,0.0
2022,girls,300H,qualified,next_best_mark,tri-valley,3,3,1.0
2022,girls,3200,declared,at_large_combined,bay-shore,0,3,0.0
2022,girls,3200,declared,at_large_combined,class-a,1,3,0.3333
2022,girls,3200,declared,at_large_combined,redwood-empire,1,3,0.3333
2022,girls,3200,declared,at_large_combined,tri-valley,1,3,0.3333
2022,girls,3200,declared,at_large_standard,bay-shore,0,0,
2022,girls,3200,declared,at_large_standard,class-a,0,0,
2022,girls,3200,declared,at_large_standard,redwood-empire,0,0,
2022,girls,3200,declared,at_large_standard,tri-valley,0,0,
2022,girls,3200,declared,next_best_mark,bay-shore,0,3,0.0
2022,girls,3200,declared,next_best_mark,class-a,1,3,0.3333
2022,girls,3200,declared,next_best_mark,redwood-empire,1,3,0.3333
2022,girls,3200,declared,next_best_mark,tri-valley,1,3,0.3333
2022,girls,3200,qualified,at_large_combined,bay-shore,0,3,0.0
2022,girls,3200,qualified,at_large_combined,class-a,0,3,0.0
2022,girls,3200,qualified,at_large_combined,redwood-empire,2,3,0.6667
2022,girls,3200,qualified,at_large_combined,tri-valley,1,3,0.3333
2022,girls,3200,qualified,at_large_standard,bay-shore,0,0,
2022,girls,3200,qualified,at_large_standard,class-a,0,0,
2022,girls,3200,qualified,at_large_standard,redwood-empire,0,0,
2022,girls,3200,qualified,at_large_standard,tri-valley,0,0,
2022,girls,3200,qualified,next_best_mark,bay-shore,0,3,0.0
2022,girls,3200,qualified,next_best_mark,class-a,0,3,0.0
2022,girls,3200,qualified,next_best_mark,redwood-empire,2,3,0.6667
2022,girls,3200,qualified,next_best_mark,tri-valley,1,3,0.3333
2022,girls,400,declared,at_large_combined,bay-shore,0,3,0.0
2022,girls,400,declared,at_large_combined,class-a,0,3,0.0
2022,girls,400,declared,at_large_combined,redwood-empire,0,3,0.0
2022,girls,400,declared,at_large_combined,tri-valley,3,3,1.0
2022,girls,400,declared,at_large_standard,bay-shore,0,0,
2022,girls,400,declared,at_large_standard,class-a,0,0,
2022,girls,400,declared,at_large_standard,redwood-empire,0,0,
2022,girls,400,declared,at_large_standard,tri-valley,0,0,
2022,girls,400,declared,next_best_mark,bay-shore,0,3,0.0
2022,girls,400,declared,next_best_mark,class-a,0,3,0.0
2022,girls,400,declared,next_best_mark,redwood-empire,0,3,0.0
2022,girls,400,declared,next_best_mark,tri-valley,3,3,1.0
2022,girls,400,qualified,at_large_combined,bay-shore,0,3,0.0
2022,girls,400,qualified,at_large_combined,class-a,0,3,0.0
2022,girls,400,qualified,at_large_combined,redwood-empire,0,3,0.0
2022,girls,400,qualified,at_large_combined,tri-valley,3,3,1.0
2022,girls,400,qualified,at_large_standard,bay-shore,0,0,
2022,girls,400,qualified,at_large_standard,class-a,0,0,
2022,girls,400,qualified,at_large_standard,redwood-empire,0,0,
2022,girls,400,qualified,at_large_standard,tri-valley,0,0,
2022,girls,400,qualified,next_best_mark,bay-shore,0,3,0.0
2022,girls,400,qualified,next_best_mark,class-a,0,3,0.0
2022,girls,400,qualified,next_best_mark,redwood-empire,0,3,0.0
2022,girls,400,qualified,next_best_mark,tri-valley,3,3,1.0
2022,girls,4x100,declared,at_large_combined,bay-shore,0,3,0.0
2022,girls,4x100,declared,at_large_combined,class-a,0,3,0.0
2022,girls,4x100,declared,at_large_combined,redwood-empire,0,3,0.0
2022,girls,4x100,declared,at_large_combined,tri-valley,3,3,1.0
2022,girls,4x100,declared,at_large_standard,bay-shore,0,0,
2022,girls,4x100,declared,at_large_standard,class-a,0,0,
2022,girls,4x100,declared,at_large_standard,redwood-empire,0,0,
2022,girls,4x100,declared,at_large_standard,tri-valley,0,0,
2022,girls,4x100,declared,next_best_mark,bay-shore,0,3,0.0
2022,girls,4x100,declared,next_best_mark,class-a,0,3,0.0
2022,girls,4x100,declared,next_best_mark,redwood-empire,0,3,0.0
2022,girls,4x100,declared,next_best_mark,tri-valley,3,3,1.0
2022,girls,4x100,qualified,at_large_combined,bay-shore,0,3,0.0
2022,girls,4x100,qualified,at_large_combined,class-a,0,3,0.0
2022,girls,4x100,qualified,at_large_combined,redwood-empire,0,3,0.0
2022,girls,4x100,qualified,at_large_combined,tri-valley,3,3,1.0
2022,girls,4x100,qualified,at_large_standard,bay-shore,0,0,
2022,girls,4x100,qualified,at_large_standard,class-a,0,0,
2022,girls,4x100,qualified,at_large_standard,redwood-empire,0,0,
2022,girls,4x100,qualified,at_large_standard,tri-valley,0,0,
2022,girls,4x100,qualified,next_best_mark,bay-shore,0,3,0.0
2022,girls,4x100,qualified,next_best_mark,class-a,0,3,0.0
2022,girls,4x100,qualified,next_best_mark,redwood-empire,0,3,0.0
2022,girls,4x100,qualified,next_best_mark,tri-valley,3,3,1.0
2022,girls,4x400,declared,at_large_combined,bay-shore,0,3,0.0
2022,girls,4x400,declared,at_large_combined,class-a,0,3,0.0
2022,girls,4x400,declared,at_large_combined,redwood-empire,0,3,0.0
2022,girls,4x400,declared,at_large_combined,tri-valley,3,3,1.0
2022,girls,4x400,declared,at_large_standard,bay-shore,0,0,
2022,girls,4x400,declared,at_large_standard,class-a,0,0,
2022,girls,4x400,declared,at_large_standard,redwood-empire,0,0,
2022,girls,4x400,declared,at_large_standard,tri-valley,0,0,
2022,girls,4x400,declared,next_best_mark,bay-shore,0,3,0.0
2022,girls,4x400,declared,next_best_mark,class-a,0,3,0.0
2022,girls,4x400,declared,next_best_mark,redwood-empire,0,3,0.0
2022,girls,4x400,declared,next_best_mark,tri-valley,3,3,1.0
2022,girls,4x400,qualified,at_large_combined,bay-shore,0,3,0.0
2022,girls,4x400,qualified,at_large_combined,class-a,0,3,0.0
2022,girls,4x400,qualified,at_large_combined,redwood-empire,0,3,0.0
2022,girls,4x400,qualified,at_large_combined,tri-valley,3,3,1.0
2022,girls,4x400,qualified,at_large_standard,bay-shore,0,0,
2022,girls,4x400,qualified,at_large_standard,class-a,0,0,
2022,girls,4x400,qualified,at_large_standard,redwood-empire,0,0,
2022,girls,4x400,qualified,at_large_standard,tri-valley,0,0,
2022,girls,4x400,qualified,next_best_mark,bay-shore,0,3,0.0
2022,girls,4x400,qualified,next_best_mark,class-a,0,3,0.0
2022,girls,4x400,qualified,next_best_mark,redwood-empire,0,3,0.0
2022,girls,4x400,qualified,next_best_mark,tri-valley,3,3,1.0
2022,girls,800,declared,at_large_combined,bay-shore,0,3,0.0
2022,girls,800,declared,at_large_combined,class-a,0,3,0.0
2022,girls,800,declared,at_large_combined,redwood-empire,0,3,0.0
2022,girls,800,declared,at_large_combined,tri-valley,3,3,1.0
2022,girls,800,declared,at_large_standard,bay-shore,0,0,
2022,girls,800,declared,at_large_standard,class-a,0,0,
2022,girls,800,declared,at_large_standard,redwood-empire,0,0,
2022,girls,800,declared,at_large_standard,tri-valley,0,0,
2022,girls,800,declared,next_best_mark,bay-shore,0,3,0.0
2022,girls,800,declared,next_best_mark,class-a,0,3,0.0
2022,girls,800,declared,next_best_mark,redwood-empire,0,3,0.0
2022,girls,800,declared,next_best_mark,tri-valley,3,3,1.0
2022,girls,800,qualified,at_large_combined,bay-shore,0,3,0.0
2022,girls,800,qualified,at_large_combined,class-a,0,3,0.0
2022,girls,800,qualified,at_large_combined,redwood-empire,0,3,0.0
2022,girls,800,qualified,at_large_combined,tri-valley,3,3,1.0
2022,girls,800,qualified,at_large_standard,bay-shore,0,0,
2022,girls,800,qualified,at_large_standard,class-a,0,0,
2022,girls,800,qualified,at_large_standard,redwood-empire,0,0,
2022,girls,800,qualified,at_large_standard,tri-valley,0,0,
2022,girls,800,qualified,next_best_mark,bay-shore,0,3,0.0
2022,girls,800,qualified,next_best_mark,class-a,0,3,0.0
2022,girls,800,qualified,next_best_mark,redwood-empire,0,3,0.0
2022,girls,800,qualified,next_best_mark,tri-valley,3,3,1.0
2022,girls,DT,declared,at_large_combined,bay-shore,0,3,0.0
2022,girls,DT,declared,at_large_combined,class-a,0,3,0.0
2022,girls,DT,declared,at_large_combined,redwood-empire,0,3,0.0
2022,girls,DT,declared,at_large_combined,tri-valley,3,3,1.0
2022,girls,DT,declared,at_large_standard,bay-shore,0,0,
2022,girls,DT,declared,at_large_standard,class-a,0,0,
2022,girls,DT,declared,at_large_standard,redwood-empire,0,0,
2022,girls,DT,declared,at_large_standard,tri-valley,0,0,
2022,girls,DT,declared,next_best_mark,bay-shore,0,3,0.0
2022,girls,DT,declared,next_best_mark,class-a,0,3,0.0
2022,girls,DT,declared,next_best_mark,redwood-empire,0,3,0.0
2022,girls,DT,declared,next_best_mark,tri-valley,3,3,1.0
2022,girls,DT,qualified,at_large_combined,bay-shore,0,3,0.0
2022,girls,DT,qualified,at_large_combined,class-a,0,3,0.0
2022,girls,DT,qualified,at_large_combined,redwood-empire,0,3,0.0
2022,girls,DT,qualified,at_large_combined,tri-valley,3,3,1.0
2022,girls,DT,qualified,at_large_standard,bay-shore,0,0,
2022,girls,DT,qualified,at_large_standard,class-a,0,0,
2022,girls,DT,qualified,at_large_standard,redwood-empire,0,0,
2022,girls,DT,qualified,at_large_standard,tri-valley,0,0,
2022,girls,DT,qualified,next_best_mark,bay-shore,0,3,0.0
2022,girls,DT,qualified,next_best_mark,class-a,0,3,0.0
2022,girls,DT,qualified,next_best_mark,redwood-empire,0,3,0.0
2022,girls,DT,qualified,next_best_mark,tri-valley,3,3,1.0
2022,girls,HJ,declared,at_large_combined,bay-shore,0,4,0.0
2022,girls,HJ,declared,at_large_combined,class-a,0,4,0.0
2022,girls,HJ,declared,at_large_combined,redwood-empire,2,4,0.5
2022,girls,HJ,declared,at_large_combined,tri-valley,2,4,0.5
2022,girls,HJ,declared,at_large_standard,bay-shore,0,0,
2022,girls,HJ,declared,at_large_standard,class-a,0,0,
2022,girls,HJ,declared,at_large_standard,redwood-empire,0,0,
2022,girls,HJ,declared,at_large_standard,tri-valley,0,0,
2022,girls,HJ,declared,next_best_mark,bay-shore,0,4,0.0
2022,girls,HJ,declared,next_best_mark,class-a,0,4,0.0
2022,girls,HJ,declared,next_best_mark,redwood-empire,2,4,0.5
2022,girls,HJ,declared,next_best_mark,tri-valley,2,4,0.5
2022,girls,HJ,qualified,at_large_combined,bay-shore,0,5,0.0
2022,girls,HJ,qualified,at_large_combined,class-a,0,5,0.0
2022,girls,HJ,qualified,at_large_combined,redwood-empire,2,5,0.4
2022,girls,HJ,qualified,at_large_combined,tri-valley,3,5,0.6
2022,girls,HJ,qualified,at_large_standard,bay-shore,0,0,
2022,girls,HJ,qualified,at_large_standard,class-a,0,0,
2022,girls,HJ,qualified,at_large_standard,redwood-empire,0,0,
2022,girls,HJ,qualified,at_large_standard,tri-valley,0,0,
2022,girls,HJ,qualified,next_best_mark,bay-shore,0,5,0.0
2022,girls,HJ,qualified,next_best_mark,class-a,0,5,0.0
2022,girls,HJ,qualified,next_best_mark,redwood-empire,2,5,0.4
2022,girls,HJ,qualified,next_best_mark,tri-valley,3,5,0.6
2022,girls,LJ,declared,at_large_combined,bay-shore,0,3,0.0
2022,girls,LJ,declared,at_large_combined,class-a,1,3,0.3333
2022,girls,LJ,declared,at_large_combined,redwood-empire,0,3,0.0
2022,girls,LJ,declared,at_large_combined,tri-valley,2,3,0.6667
2022,girls,LJ,declared,at_large_standard,bay-shore,0,0,
2022,girls,LJ,declared,at_large_standard,class-a,0,0,
2022,girls,LJ,declared,at_large_standard,redwood-empire,0,0,
2022,girls,LJ,declared,at_large_standard,tri-valley,0,0,
2022,girls,LJ,declared,next_best_mark,bay-shore,0,3,0.0
2022,girls,LJ,declared,next_best_mark,class-a,1,3,0.3333
2022,girls,LJ,declared,next_best_mark,redwood-empire,0,3,0.0
2022,girls,LJ,declared,next_best_mark,tri-valley,2,3,0.6667
2022,girls,LJ,qualified,at_large_combined,bay-shore,0,3,0.0
2022,girls,LJ,qualified,at_large_combined,class-a,0,3,0.0
2022,girls,LJ,qualified,at_large_combined,redwood-empire,2,3,0.6667
2022,girls,LJ,qualified,at_large_combined,tri-valley,1,3,0.3333
2022,girls,LJ,qualified,at_large_standard,bay-shore,0,0,
2022,girls,LJ,qualified,at_large_standard,class-a,0,0,
2022,girls,LJ,qualified,at_large_standard,redwood-empire,0,0,
2022,girls,LJ,qualified,at_large_standard,tri-valley,0,0,
2022,girls,LJ,qualified,next_best_mark,bay-shore,0,3,0.0
2022,girls,LJ,qualified,next_best_mark,class-a,0,3,0.0
2022,girls,LJ,qualified,next_best_mark,redwood-empire,2,3,0.6667
2022,girls,LJ,qualified,next_best_mark,tri-valley,1,3,0.3333
2022,girls,PV,declared,at_large_combined,bay-shore,3,5,0.6
2022,girls,PV,declared,at_large_combined,class-a,0,5,0.0
2022,girls,PV,declared,at_large_combined,redwood-empire,1,5,0.2
2022,girls,PV,declared,at_large_combined,tri-valley,1,5,0.2
2022,girls,PV,declared,at_large_standard,bay-shore,0,0,
2022,girls,PV,declared,at_large_standard,class-a,0,0,
2022,girls,PV,declared,at_large_standard,redwood-empire,0,0,
2022,girls,PV,declared,at_large_standard,tri-valley,0,0,
2022,girls,PV,declared,next_best_mark,bay-shore,3,5,0.6
2022,girls,PV,declared,next_best_mark,class-a,0,5,0.0
2022,girls,PV,declared,next_best_mark,redwood-empire,1,5,0.2
2022,girls,PV,declared,next_best_mark,tri-valley,1,5,0.2
2022,girls,PV,qualified,at_large_combined,bay-shore,3,5,0.6
2022,girls,PV,qualified,at_large_combined,class-a,0,5,0.0
2022,girls,PV,qualified,at_large_combined,redwood-empire,1,5,0.2
2022,girls,PV,qualified,at_large_combined,tri-valley,1,5,0.2
2022,girls,PV,qualified,at_large_standard,bay-shore,0,0,
2022,girls,PV,qualified,at_large_standard,class-a,0,0,
2022,girls,PV,qualified,at_large_standard,redwood-empire,0,0,
2022,girls,PV,qualified,at_large_standard,tri-valley,0,0,
2022,girls,PV,qualified,next_best_mark,bay-shore,3,5,0.6
2022,girls,PV,qualified,next_best_mark,class-a,0,5,0.0
2022,girls,PV,qualified,next_best_mark,redwood-empire,1,5,0.2
2022,girls,PV,qualified,next_best_mark,tri-valley,1,5,0.2
2022,girls,SP,declared,at_large_combined,bay-shore,0,3,0.0
2022,girls,SP,declared,at_large_combined,class-a,0,3,0.0
2022,girls,SP,declared,at_large_combined,redwood-empire,0,3,0.0
2022,girls,SP,declared,at_large_combined,tri-valley,3,3,1.0
2022,girls,SP,declared,at_large_standard,bay-shore,0,0,
2022,girls,SP,declared,at_large_standard,class-a,0,0,
2022,girls,SP,declared,at_large_standard,redwood-empire,0,0,
2022,girls,SP,declared,at_large_standard,tri-valley,0,0,
2022,girls,SP,declared,next_best_mark,bay-shore,0,3,0.0
2022,girls,SP,declared,next_best_mark,class-a,0,3,0.0
2022,girls,SP,declared,next_best_mark,redwood-empire,0,3,0.0
2022,girls,SP,declared,next_best_mark,tri-valley,3,3,1.0
2022,girls,SP,qualified,at_large_combined,bay-shore,0,3,0.0
2022,girls,SP,qualified,at_large_combined,class-a,0,3,0.0
2022,girls,SP,qualified,at_large_combined,redwood-empire,0,3,0.0
2022,girls,SP,qualified,at_large_combined,tri-valley,3,3,1.0
2022,girls,SP,qualified,at_large_standard,bay-shore,0,0,
2022,girls,SP,qualified,at_large_standard,class-a,0,0,
2022,girls,SP,qualified,at_large_standard,redwood-empire,0,0,
2022,girls,SP,qualified,at_large_standard,tri-valley,0,0,
2022,girls,SP,qualified,next_best_mark,bay-shore,0,3,0.0
2022,girls,SP,qualified,next_best_mark,class-a,0,3,0.0
2022,girls,SP,qualified,next_best_mark,redwood-empire,0,3,0.0
2022,girls,SP,qualified,next_best_mark,tri-valley,3,3,1.0
2022,girls,TJ,declared,at_large_combined,bay-shore,0,2,0.0
2022,girls,TJ,declared,at_large_combined,class-a,0,2,0.0
2022,girls,TJ,declared,at_large_combined,redwood-empire,2,2,1.0
2022,girls,TJ,declared,at_large_combined,tri-valley,0,2,0.0
2022,girls,TJ,declared,at_large_standard,bay-shore,0,0,
2022,girls,TJ,declared,at_large_standard,class-a,0,0,
2022,girls,TJ,declared,at_large_standard,redwood-empire,0,0,
2022,girls,TJ,declared,at_large_standard,tri-valley,0,0,
2022,girls,TJ,declared,next_best_mark,bay-shore,0,2,0.0
2022,girls,TJ,declared,next_best_mark,class-a,0,2,0.0
2022,girls,TJ,declared,next_best_mark,redwood-empire,2,2,1.0
2022,girls,TJ,declared,next_best_mark,tri-valley,0,2,0.0
2022,girls,TJ,qualified,at_large_combined,bay-shore,0,3,0.0
2022,girls,TJ,qualified,at_large_combined,class-a,0,3,0.0
2022,girls,TJ,qualified,at_large_combined,redwood-empire,3,3,1.0
2022,girls,TJ,qualified,at_large_combined,tri-valley,0,3,0.0
2022,girls,TJ,qualified,at_large_standard,bay-shore,0,0,
2022,girls,TJ,qualified,at_large_standard,class-a,0,0,
2022,girls,TJ,qualified,at_large_standard,redwood-empire,0,0,
2022,girls,TJ,qualified,at_large_standard,tri-valley,0,0,
2022,girls,TJ,qualified,next_best_mark,bay-shore,0,3,0.0
2022,girls,TJ,qualified,next_best_mark,class-a,0,3,0.0
2022,girls,TJ,qualified,next_best_mark,redwood-empire,3,3,1.0
2022,girls,TJ,qualified,next_best_mark,tri-valley,0,3,0.0
2023,boys,100,declared,at_large_combined,bay-shore,0,3,0.0
2023,boys,100,declared,at_large_combined,class-a,0,3,0.0
2023,boys,100,declared,at_large_combined,redwood-empire,0,3,0.0
2023,boys,100,declared,at_large_combined,tri-valley,3,3,1.0
2023,boys,100,declared,at_large_standard,bay-shore,0,0,
2023,boys,100,declared,at_large_standard,class-a,0,0,
2023,boys,100,declared,at_large_standard,redwood-empire,0,0,
2023,boys,100,declared,at_large_standard,tri-valley,0,0,
2023,boys,100,declared,next_best_mark,bay-shore,0,3,0.0
2023,boys,100,declared,next_best_mark,class-a,0,3,0.0
2023,boys,100,declared,next_best_mark,redwood-empire,0,3,0.0
2023,boys,100,declared,next_best_mark,tri-valley,3,3,1.0
2023,boys,100,qualified,at_large_combined,bay-shore,0,3,0.0
2023,boys,100,qualified,at_large_combined,class-a,0,3,0.0
2023,boys,100,qualified,at_large_combined,redwood-empire,0,3,0.0
2023,boys,100,qualified,at_large_combined,tri-valley,3,3,1.0
2023,boys,100,qualified,at_large_standard,bay-shore,0,0,
2023,boys,100,qualified,at_large_standard,class-a,0,0,
2023,boys,100,qualified,at_large_standard,redwood-empire,0,0,
2023,boys,100,qualified,at_large_standard,tri-valley,0,0,
2023,boys,100,qualified,next_best_mark,bay-shore,0,3,0.0
2023,boys,100,qualified,next_best_mark,class-a,0,3,0.0
2023,boys,100,qualified,next_best_mark,redwood-empire,0,3,0.0
2023,boys,100,qualified,next_best_mark,tri-valley,3,3,1.0
2023,boys,110H,declared,at_large_combined,bay-shore,0,3,0.0
2023,boys,110H,declared,at_large_combined,class-a,1,3,0.3333
2023,boys,110H,declared,at_large_combined,redwood-empire,0,3,0.0
2023,boys,110H,declared,at_large_combined,tri-valley,2,3,0.6667
2023,boys,110H,declared,at_large_standard,bay-shore,0,0,
2023,boys,110H,declared,at_large_standard,class-a,0,0,
2023,boys,110H,declared,at_large_standard,redwood-empire,0,0,
2023,boys,110H,declared,at_large_standard,tri-valley,0,0,
2023,boys,110H,declared,next_best_mark,bay-shore,0,3,0.0
2023,boys,110H,declared,next_best_mark,class-a,1,3,0.3333
2023,boys,110H,declared,next_best_mark,redwood-empire,0,3,0.0
2023,boys,110H,declared,next_best_mark,tri-valley,2,3,0.6667
2023,boys,110H,qualified,at_large_combined,bay-shore,1,3,0.3333
2023,boys,110H,qualified,at_large_combined,class-a,1,3,0.3333
2023,boys,110H,qualified,at_large_combined,redwood-empire,0,3,0.0
2023,boys,110H,qualified,at_large_combined,tri-valley,1,3,0.3333
2023,boys,110H,qualified,at_large_standard,bay-shore,0,0,
2023,boys,110H,qualified,at_large_standard,class-a,0,0,
2023,boys,110H,qualified,at_large_standard,redwood-empire,0,0,
2023,boys,110H,qualified,at_large_standard,tri-valley,0,0,
2023,boys,110H,qualified,next_best_mark,bay-shore,1,3,0.3333
2023,boys,110H,qualified,next_best_mark,class-a,1,3,0.3333
2023,boys,110H,qualified,next_best_mark,redwood-empire,0,3,0.0
2023,boys,110H,qualified,next_best_mark,tri-valley,1,3,0.3333
2023,boys,1600,declared,at_large_combined,bay-shore,0,8,0.0
2023,boys,1600,declared,at_large_combined,class-a,0,8,0.0
2023,boys,1600,declared,at_large_combined,redwood-empire,0,8,0.0
2023,boys,1600,declared,at_large_combined,tri-valley,8,8,1.0
2023,boys,1600,declared,at_large_standard,bay-shore,0,5,0.0
2023,boys,1600,declared,at_large_standard,class-a,0,5,0.0
2023,boys,1600,declared,at_large_standard,redwood-empire,0,5,0.0
2023,boys,1600,declared,at_large_standard,tri-valley,5,5,1.0
2023,boys,1600,declared,next_best_mark,bay-shore,0,3,0.0
2023,boys,1600,declared,next_best_mark,class-a,0,3,0.0
2023,boys,1600,declared,next_best_mark,redwood-empire,0,3,0.0
2023,boys,1600,declared,next_best_mark,tri-valley,3,3,1.0
2023,boys,1600,qualified,at_large_combined,bay-shore,0,12,0.0
2023,boys,1600,qualified,at_large_combined,class-a,0,12,0.0
2023,boys,1600,qualified,at_large_combined,redwood-empire,1,12,0.0833
2023,boys,1600,qualified,at_large_combined,tri-valley,11,12,0.9167
2023,boys,1600,qualified,at_large_standard,bay-shore,0,9,0.0
2023,boys,1600,qualified,at_large_standard,class-a,0,9,0.0
2023,boys,1600,qualified,at_large_standard,redwood-empire,1,9,0.1111
2023,boys,1600,qualified,at_large_standard,tri-valley,8,9,0.8889
2023,boys,1600,qualified,next_best_mark,bay-shore,0,3,0.0
2023,boys,1600,qualified,next_best_mark,class-a,0,3,0.0
2023,boys,1600,qualified,next_best_mark,redwood-empire,0,3,0.0
2023,boys,1600,qualified,next_best_mark,tri-valley,3,3,1.0
2023,boys,200,declared,at_large_combined,bay-shore,0,5,0.0
2023,boys,200,declared,at_large_combined,class-a,0,5,0.0
2023,boys,200,declared,at_large_combined,redwood-empire,0,5,0.0
2023,boys,200,declared,at_large_combined,tri-valley,5,5,1.0
2023,boys,200,declared,at_large_standard,bay-shore,0,2,0.0
2023,boys,200,declared,at_large_standard,class-a,0,2,0.0
2023,boys,200,declared,at_large_standard,redwood-empire,0,2,0.0
2023,boys,200,declared,at_large_standard,tri-valley,2,2,1.0
2023,boys,200,declared,next_best_mark,bay-shore,0,3,0.0
2023,boys,200,declared,next_best_mark,class-a,0,3,0.0
2023,boys,200,declared,next_best_mark,redwood-empire,0,3,0.0
2023,boys,200,declared,next_best_mark,tri-valley,3,3,1.0
2023,boys,200,qualified,at_large_combined,bay-shore,2,10,0.2
2023,boys,200,qualified,at_large_combined,class-a,0,10,0.0
2023,boys,200,qualified,at_large_combined,redwood-empire,0,10,0.0
2023,boys,200,qualified,at_large_combined,tri-valley,8,10,0.8
2023,boys,200,qualified,at_large_standard,bay-shore,2,7,0.2857
2023,boys,200,qualified,at_large_standard,class-a,0,7,0.0
2023,boys,200,qualified,at_large_standard,redwood-empire,0,7,0.0
2023,boys,200,qualified,at_large_standard,tri-valley,5,7,0.7143
2023,boys,200,qualified,next_best_mark,bay-shore,0,3,0.0
2023,boys,200,qualified,next_best_mark,class-a,0,3,0.0
2023,boys,200,qualified,next_best_mark,redwood-empire,0,3,0.0
2023,boys,200,qualified,next_best_mark,tri-valley,3,3,1.0
2023,boys,300H,declared,at_large_combined,bay-shore,0,3,0.0
2023,boys,300H,declared,at_large_combined,class-a,0,3,0.0
2023,boys,300H,declared,at_large_combined,redwood-empire,2,3,0.6667
2023,boys,300H,declared,at_large_combined,tri-valley,1,3,0.3333
2023,boys,300H,declared,at_large_standard,bay-shore,0,0,
2023,boys,300H,declared,at_large_standard,class-a,0,0,
2023,boys,300H,declared,at_large_standard,redwood-empire,0,0,
2023,boys,300H,declared,at_large_standard,tri-valley,0,0,
2023,boys,300H,declared,next_best_mark,bay-shore,0,3,0.0
2023,boys,300H,declared,next_best_mark,class-a,0,3,0.0
2023,boys,300H,declared,next_best_mark,redwood-empire,2,3,0.6667
2023,boys,300H,declared,next_best_mark,tri-valley,1,3,0.3333
2023,boys,300H,qualified,at_large_combined,bay-shore,0,3,0.0
2023,boys,300H,qualified,at_large_combined,class-a,0,3,0.0
2023,boys,300H,qualified,at_large_combined,redwood-empire,2,3,0.6667
2023,boys,300H,qualified,at_large_combined,tri-valley,1,3,0.3333
2023,boys,300H,qualified,at_large_standard,bay-shore,0,0,
2023,boys,300H,qualified,at_large_standard,class-a,0,0,
2023,boys,300H,qualified,at_large_standard,redwood-empire,0,0,
2023,boys,300H,qualified,at_large_standard,tri-valley,0,0,
2023,boys,300H,qualified,next_best_mark,bay-shore,0,3,0.0
2023,boys,300H,qualified,next_best_mark,class-a,0,3,0.0
2023,boys,300H,qualified,next_best_mark,redwood-empire,2,3,0.6667
2023,boys,300H,qualified,next_best_mark,tri-valley,1,3,0.3333
2023,boys,3200,declared,at_large_combined,bay-shore,0,3,0.0
2023,boys,3200,declared,at_large_combined,class-a,0,3,0.0
2023,boys,3200,declared,at_large_combined,redwood-empire,0,3,0.0
2023,boys,3200,declared,at_large_combined,tri-valley,3,3,1.0
2023,boys,3200,declared,at_large_standard,bay-shore,0,0,
2023,boys,3200,declared,at_large_standard,class-a,0,0,
2023,boys,3200,declared,at_large_standard,redwood-empire,0,0,
2023,boys,3200,declared,at_large_standard,tri-valley,0,0,
2023,boys,3200,declared,next_best_mark,bay-shore,0,3,0.0
2023,boys,3200,declared,next_best_mark,class-a,0,3,0.0
2023,boys,3200,declared,next_best_mark,redwood-empire,0,3,0.0
2023,boys,3200,declared,next_best_mark,tri-valley,3,3,1.0
2023,boys,3200,qualified,at_large_combined,bay-shore,0,3,0.0
2023,boys,3200,qualified,at_large_combined,class-a,0,3,0.0
2023,boys,3200,qualified,at_large_combined,redwood-empire,0,3,0.0
2023,boys,3200,qualified,at_large_combined,tri-valley,3,3,1.0
2023,boys,3200,qualified,at_large_standard,bay-shore,0,0,
2023,boys,3200,qualified,at_large_standard,class-a,0,0,
2023,boys,3200,qualified,at_large_standard,redwood-empire,0,0,
2023,boys,3200,qualified,at_large_standard,tri-valley,0,0,
2023,boys,3200,qualified,next_best_mark,bay-shore,0,3,0.0
2023,boys,3200,qualified,next_best_mark,class-a,0,3,0.0
2023,boys,3200,qualified,next_best_mark,redwood-empire,0,3,0.0
2023,boys,3200,qualified,next_best_mark,tri-valley,3,3,1.0
2023,boys,400,declared,at_large_combined,bay-shore,1,3,0.3333
2023,boys,400,declared,at_large_combined,class-a,0,3,0.0
2023,boys,400,declared,at_large_combined,redwood-empire,0,3,0.0
2023,boys,400,declared,at_large_combined,tri-valley,2,3,0.6667
2023,boys,400,declared,at_large_standard,bay-shore,0,0,
2023,boys,400,declared,at_large_standard,class-a,0,0,
2023,boys,400,declared,at_large_standard,redwood-empire,0,0,
2023,boys,400,declared,at_large_standard,tri-valley,0,0,
2023,boys,400,declared,next_best_mark,bay-shore,1,3,0.3333
2023,boys,400,declared,next_best_mark,class-a,0,3,0.0
2023,boys,400,declared,next_best_mark,redwood-empire,0,3,0.0
2023,boys,400,declared,next_best_mark,tri-valley,2,3,0.6667
2023,boys,400,qualified,at_large_combined,bay-shore,1,3,0.3333
2023,boys,400,qualified,at_large_combined,class-a,0,3,0.0
2023,boys,400,qualified,at_large_combined,redwood-empire,0,3,0.0
2023,boys,400,qualified,at_large_combined,tri-valley,2,3,0.6667
2023,boys,400,qualified,at_large_standard,bay-shore,0,0,
2023,boys,400,qualified,at_large_standard,class-a,0,0,
2023,boys,400,qualified,at_large_standard,redwood-empire,0,0,
2023,boys,400,qualified,at_large_standard,tri-valley,0,0,
2023,boys,400,qualified,next_best_mark,bay-shore,1,3,0.3333
2023,boys,400,qualified,next_best_mark,class-a,0,3,0.0
2023,boys,400,qualified,next_best_mark,redwood-empire,0,3,0.0
2023,boys,400,qualified,next_best_mark,tri-valley,2,3,0.6667
2023,boys,4x100,declared,at_large_combined,bay-shore,0,3,0.0
2023,boys,4x100,declared,at_large_combined,class-a,0,3,0.0
2023,boys,4x100,declared,at_large_combined,redwood-empire,0,3,0.0
2023,boys,4x100,declared,at_large_combined,tri-valley,3,3,1.0
2023,boys,4x100,declared,at_large_standard,bay-shore,0,0,
2023,boys,4x100,declared,at_large_standard,class-a,0,0,
2023,boys,4x100,declared,at_large_standard,redwood-empire,0,0,
2023,boys,4x100,declared,at_large_standard,tri-valley,0,0,
2023,boys,4x100,declared,next_best_mark,bay-shore,0,3,0.0
2023,boys,4x100,declared,next_best_mark,class-a,0,3,0.0
2023,boys,4x100,declared,next_best_mark,redwood-empire,0,3,0.0
2023,boys,4x100,declared,next_best_mark,tri-valley,3,3,1.0
2023,boys,4x100,qualified,at_large_combined,bay-shore,0,3,0.0
2023,boys,4x100,qualified,at_large_combined,class-a,0,3,0.0
2023,boys,4x100,qualified,at_large_combined,redwood-empire,0,3,0.0
2023,boys,4x100,qualified,at_large_combined,tri-valley,3,3,1.0
2023,boys,4x100,qualified,at_large_standard,bay-shore,0,0,
2023,boys,4x100,qualified,at_large_standard,class-a,0,0,
2023,boys,4x100,qualified,at_large_standard,redwood-empire,0,0,
2023,boys,4x100,qualified,at_large_standard,tri-valley,0,0,
2023,boys,4x100,qualified,next_best_mark,bay-shore,0,3,0.0
2023,boys,4x100,qualified,next_best_mark,class-a,0,3,0.0
2023,boys,4x100,qualified,next_best_mark,redwood-empire,0,3,0.0
2023,boys,4x100,qualified,next_best_mark,tri-valley,3,3,1.0
2023,boys,4x400,declared,at_large_combined,bay-shore,0,3,0.0
2023,boys,4x400,declared,at_large_combined,class-a,0,3,0.0
2023,boys,4x400,declared,at_large_combined,redwood-empire,0,3,0.0
2023,boys,4x400,declared,at_large_combined,tri-valley,3,3,1.0
2023,boys,4x400,declared,at_large_standard,bay-shore,0,0,
2023,boys,4x400,declared,at_large_standard,class-a,0,0,
2023,boys,4x400,declared,at_large_standard,redwood-empire,0,0,
2023,boys,4x400,declared,at_large_standard,tri-valley,0,0,
2023,boys,4x400,declared,next_best_mark,bay-shore,0,3,0.0
2023,boys,4x400,declared,next_best_mark,class-a,0,3,0.0
2023,boys,4x400,declared,next_best_mark,redwood-empire,0,3,0.0
2023,boys,4x400,declared,next_best_mark,tri-valley,3,3,1.0
2023,boys,4x400,qualified,at_large_combined,bay-shore,0,3,0.0
2023,boys,4x400,qualified,at_large_combined,class-a,0,3,0.0
2023,boys,4x400,qualified,at_large_combined,redwood-empire,0,3,0.0
2023,boys,4x400,qualified,at_large_combined,tri-valley,3,3,1.0
2023,boys,4x400,qualified,at_large_standard,bay-shore,0,0,
2023,boys,4x400,qualified,at_large_standard,class-a,0,0,
2023,boys,4x400,qualified,at_large_standard,redwood-empire,0,0,
2023,boys,4x400,qualified,at_large_standard,tri-valley,0,0,
2023,boys,4x400,qualified,next_best_mark,bay-shore,0,3,0.0
2023,boys,4x400,qualified,next_best_mark,class-a,0,3,0.0
2023,boys,4x400,qualified,next_best_mark,redwood-empire,0,3,0.0
2023,boys,4x400,qualified,next_best_mark,tri-valley,3,3,1.0
2023,boys,800,declared,at_large_combined,bay-shore,0,4,0.0
2023,boys,800,declared,at_large_combined,class-a,1,4,0.25
2023,boys,800,declared,at_large_combined,redwood-empire,0,4,0.0
2023,boys,800,declared,at_large_combined,tri-valley,3,4,0.75
2023,boys,800,declared,at_large_standard,bay-shore,0,1,0.0
2023,boys,800,declared,at_large_standard,class-a,1,1,1.0
2023,boys,800,declared,at_large_standard,redwood-empire,0,1,0.0
2023,boys,800,declared,at_large_standard,tri-valley,0,1,0.0
2023,boys,800,declared,next_best_mark,bay-shore,0,3,0.0
2023,boys,800,declared,next_best_mark,class-a,0,3,0.0
2023,boys,800,declared,next_best_mark,redwood-empire,0,3,0.0
2023,boys,800,declared,next_best_mark,tri-valley,3,3,1.0
2023,boys,800,qualified,at_large_combined,bay-shore,0,6,0.0
2023,boys,800,qualified,at_large_combined,class-a,1,6,0.1667
2023,boys,800,qualified,at_large_combined,redwood-empire,0,6,0.0
2023,boys,800,qualified,at_large_combined,tri-valley,5,6,0.8333
2023,boys,800,qualified,at_large_standard,bay-shore,0,3,0.0
2023,boys,800,qualified,at_large_standard,class-a,1,3,0.3333
2023,boys,800,qualified,at_large_standard,redwood-empire,0,3,0.0
2023,boys,800,qualified,at_large_standard,tri-valley,2,3,0.6667
2023,boys,800,qualified,next_best_mark,bay-shore,0,3,0.0
2023,boys,800,qualified,next_best_mark,class-a,0,3,0.0
2023,boys,800,qualified,next_best_mark,redwood-empire,0,3,0.0
2023,boys,800,qualified,next_best_mark,tri-valley,3,3,1.0
2023,boys,DT,declared,at_large_combined,bay-shore,0,3,0.0
2023,boys,DT,declared,at_large_combined,class-a,0,3,0.0
2023,boys,DT,declared,at_large_combined,redwood-empire,3,3,1.0
2023,boys,DT,declared,at_large_combined,tri-valley,0,3,0.0
2023,boys,DT,declared,at_large_standard,bay-shore,0,0,
2023,boys,DT,declared,at_large_standard,class-a,0,0,
2023,boys,DT,declared,at_large_standard,redwood-empire,0,0,
2023,boys,DT,declared,at_large_standard,tri-valley,0,0,
2023,boys,DT,declared,next_best_mark,bay-shore,0,3,0.0
2023,boys,DT,declared,next_best_mark,class-a,0,3,0.0
2023,boys,DT,declared,next_best_mark,redwood-empire,3,3,1.0
2023,boys,DT,declared,next_best_mark,tri-valley,0,3,0.0
2023,boys,DT,qualified,at_large_combined,bay-shore,0,3,0.0
2023,boys,DT,qualified,at_large_combined,class-a,0,3,0.0
2023,boys,DT,qualified,at_large_combined,redwood-empire,3,3,1.0
2023,boys,DT,qualified,at_large_combined,tri-valley,0,3,0.0
2023,boys,DT,qualified,at_large_standard,bay-shore,0,0,
2023,boys,DT,qualified,at_large_standard,class-a,0,0,
2023,boys,DT,qualified,at_large_standard,redwood-empire,0,0,
2023,boys,DT,qualified,at_large_standard,tri-valley,0,0,
2023,boys,DT,qualified,next_best_mark,bay-shore,0,3,0.0
2023,boys,DT,qualified,next_best_mark,class-a,0,3,0.0
2023,boys,DT,qualified,next_best_mark,redwood-empire,3,3,1.0
2023,boys,DT,qualified,next_best_mark,tri-valley,0,3,0.0
2023,boys,HJ,declared,at_large_combined,bay-shore,1,5,0.2
2023,boys,HJ,declared,at_large_combined,class-a,0,5,0.0
2023,boys,HJ,declared,at_large_combined,redwood-empire,3,5,0.6
2023,boys,HJ,declared,at_large_combined,tri-valley,1,5,0.2
2023,boys,HJ,declared,at_large_standard,bay-shore,0,0,
2023,boys,HJ,declared,at_large_standard,class-a,0,0,
2023,boys,HJ,declared,at_large_standard,redwood-empire,0,0,
2023,boys,HJ,declared,at_large_standard,tri-valley,0,0,
2023,boys,HJ,declared,next_best_mark,bay-shore,1,5,0.2
2023,boys,HJ,declared,next_best_mark,class-a,0,5,0.0
2023,boys,HJ,declared,next_best_mark,redwood-empire,3,5,0.6
2023,boys,HJ,declared,next_best_mark,tri-valley,1,5,0.2
2023,boys,HJ,qualified,at_large_combined,bay-shore,1,7,0.1429
2023,boys,HJ,qualified,at_large_combined,class-a,0,7,0.0
2023,boys,HJ,qualified,at_large_combined,redwood-empire,4,7,0.5714
2023,boys,HJ,qualified,at_large_combined,tri-valley,2,7,0.2857
2023,boys,HJ,qualified,at_large_standard,bay-shore,0,0,
2023,boys,HJ,qualified,at_large_standard,class-a,0,0,
2023,boys,HJ,qualified,at_large_standard,redwood-empire,0,0,
2023,boys,HJ,qualified,at_large_standard,tri-valley,0,0,
2023,boys,HJ,qualified,next_best_mark,bay-shore,1,7,0.1429
2023,boys,HJ,qualified,next_best_mark,class-a,0,7,0.0
2023,boys,HJ,qualified,next_best_mark,redwood-empire,4,7,0.5714
2023,boys,HJ,qualified,next_best_mark,tri-valley,2,7,0.2857
2023,boys,LJ,declared,at_large_combined,bay-shore,2,3,0.6667
2023,boys,LJ,declared,at_large_combined,class-a,0,3,0.0
2023,boys,LJ,declared,at_large_combined,redwood-empire,0,3,0.0
2023,boys,LJ,declared,at_large_combined,tri-valley,1,3,0.3333
2023,boys,LJ,declared,at_large_standard,bay-shore,0,0,
2023,boys,LJ,declared,at_large_standard,class-a,0,0,
2023,boys,LJ,declared,at_large_standard,redwood-empire,0,0,
2023,boys,LJ,declared,at_large_standard,tri-valley,0,0,
2023,boys,LJ,declared,next_best_mark,bay-shore,2,3,0.6667
2023,boys,LJ,declared,next_best_mark,class-a,0,3,0.0
2023,boys,LJ,declared,next_best_mark,redwood-empire,0,3,0.0
2023,boys,LJ,declared,next_best_mark,tri-valley,1,3,0.3333
2023,boys,LJ,qualified,at_large_combined,bay-shore,2,3,0.6667
2023,boys,LJ,qualified,at_large_combined,class-a,0,3,0.0
2023,boys,LJ,qualified,at_large_combined,redwood-empire,0,3,0.0
2023,boys,LJ,qualified,at_large_combined,tri-valley,1,3,0.3333
2023,boys,LJ,qualified,at_large_standard,bay-shore,0,0,
2023,boys,LJ,qualified,at_large_standard,class-a,0,0,
2023,boys,LJ,qualified,at_large_standard,redwood-empire,0,0,
2023,boys,LJ,qualified,at_large_standard,tri-valley,0,0,
2023,boys,LJ,qualified,next_best_mark,bay-shore,2,3,0.6667
2023,boys,LJ,qualified,next_best_mark,class-a,0,3,0.0
2023,boys,LJ,qualified,next_best_mark,redwood-empire,0,3,0.0
2023,boys,LJ,qualified,next_best_mark,tri-valley,1,3,0.3333
2023,boys,PV,declared,at_large_combined,bay-shore,0,3,0.0
2023,boys,PV,declared,at_large_combined,class-a,0,3,0.0
2023,boys,PV,declared,at_large_combined,redwood-empire,3,3,1.0
2023,boys,PV,declared,at_large_combined,tri-valley,0,3,0.0
2023,boys,PV,declared,at_large_standard,bay-shore,0,0,
2023,boys,PV,declared,at_large_standard,class-a,0,0,
2023,boys,PV,declared,at_large_standard,redwood-empire,0,0,
2023,boys,PV,declared,at_large_standard,tri-valley,0,0,
2023,boys,PV,declared,next_best_mark,bay-shore,0,3,0.0
2023,boys,PV,declared,next_best_mark,class-a,0,3,0.0
2023,boys,PV,declared,next_best_mark,redwood-empire,3,3,1.0
2023,boys,PV,declared,next_best_mark,tri-valley,0,3,0.0
2023,boys,PV,qualified,at_large_combined,bay-shore,0,3,0.0
2023,boys,PV,qualified,at_large_combined,class-a,0,3,0.0
2023,boys,PV,qualified,at_large_combined,redwood-empire,3,3,1.0
2023,boys,PV,qualified,at_large_combined,tri-valley,0,3,0.0
2023,boys,PV,qualified,at_large_standard,bay-shore,0,0,
2023,boys,PV,qualified,at_large_standard,class-a,0,0,
2023,boys,PV,qualified,at_large_standard,redwood-empire,0,0,
2023,boys,PV,qualified,at_large_standard,tri-valley,0,0,
2023,boys,PV,qualified,next_best_mark,bay-shore,0,3,0.0
2023,boys,PV,qualified,next_best_mark,class-a,0,3,0.0
2023,boys,PV,qualified,next_best_mark,redwood-empire,3,3,1.0
2023,boys,PV,qualified,next_best_mark,tri-valley,0,3,0.0
2023,boys,SP,declared,at_large_combined,bay-shore,1,3,0.3333
2023,boys,SP,declared,at_large_combined,class-a,0,3,0.0
2023,boys,SP,declared,at_large_combined,redwood-empire,1,3,0.3333
2023,boys,SP,declared,at_large_combined,tri-valley,1,3,0.3333
2023,boys,SP,declared,at_large_standard,bay-shore,0,0,
2023,boys,SP,declared,at_large_standard,class-a,0,0,
2023,boys,SP,declared,at_large_standard,redwood-empire,0,0,
2023,boys,SP,declared,at_large_standard,tri-valley,0,0,
2023,boys,SP,declared,next_best_mark,bay-shore,1,3,0.3333
2023,boys,SP,declared,next_best_mark,class-a,0,3,0.0
2023,boys,SP,declared,next_best_mark,redwood-empire,1,3,0.3333
2023,boys,SP,declared,next_best_mark,tri-valley,1,3,0.3333
2023,boys,SP,qualified,at_large_combined,bay-shore,0,3,0.0
2023,boys,SP,qualified,at_large_combined,class-a,0,3,0.0
2023,boys,SP,qualified,at_large_combined,redwood-empire,1,3,0.3333
2023,boys,SP,qualified,at_large_combined,tri-valley,2,3,0.6667
2023,boys,SP,qualified,at_large_standard,bay-shore,0,0,
2023,boys,SP,qualified,at_large_standard,class-a,0,0,
2023,boys,SP,qualified,at_large_standard,redwood-empire,0,0,
2023,boys,SP,qualified,at_large_standard,tri-valley,0,0,
2023,boys,SP,qualified,next_best_mark,bay-shore,0,3,0.0
2023,boys,SP,qualified,next_best_mark,class-a,0,3,0.0
2023,boys,SP,qualified,next_best_mark,redwood-empire,1,3,0.3333
2023,boys,SP,qualified,next_best_mark,tri-valley,2,3,0.6667
2023,boys,TJ,declared,at_large_combined,bay-shore,2,3,0.6667
2023,boys,TJ,declared,at_large_combined,class-a,0,3,0.0
2023,boys,TJ,declared,at_large_combined,redwood-empire,1,3,0.3333
2023,boys,TJ,declared,at_large_combined,tri-valley,0,3,0.0
2023,boys,TJ,declared,at_large_standard,bay-shore,0,0,
2023,boys,TJ,declared,at_large_standard,class-a,0,0,
2023,boys,TJ,declared,at_large_standard,redwood-empire,0,0,
2023,boys,TJ,declared,at_large_standard,tri-valley,0,0,
2023,boys,TJ,declared,next_best_mark,bay-shore,2,3,0.6667
2023,boys,TJ,declared,next_best_mark,class-a,0,3,0.0
2023,boys,TJ,declared,next_best_mark,redwood-empire,1,3,0.3333
2023,boys,TJ,declared,next_best_mark,tri-valley,0,3,0.0
2023,boys,TJ,qualified,at_large_combined,bay-shore,2,3,0.6667
2023,boys,TJ,qualified,at_large_combined,class-a,0,3,0.0
2023,boys,TJ,qualified,at_large_combined,redwood-empire,1,3,0.3333
2023,boys,TJ,qualified,at_large_combined,tri-valley,0,3,0.0
2023,boys,TJ,qualified,at_large_standard,bay-shore,0,0,
2023,boys,TJ,qualified,at_large_standard,class-a,0,0,
2023,boys,TJ,qualified,at_large_standard,redwood-empire,0,0,
2023,boys,TJ,qualified,at_large_standard,tri-valley,0,0,
2023,boys,TJ,qualified,next_best_mark,bay-shore,2,3,0.6667
2023,boys,TJ,qualified,next_best_mark,class-a,0,3,0.0
2023,boys,TJ,qualified,next_best_mark,redwood-empire,1,3,0.3333
2023,boys,TJ,qualified,next_best_mark,tri-valley,0,3,0.0
2023,girls,100,declared,at_large_combined,bay-shore,0,3,0.0
2023,girls,100,declared,at_large_combined,class-a,0,3,0.0
2023,girls,100,declared,at_large_combined,redwood-empire,0,3,0.0
2023,girls,100,declared,at_large_combined,tri-valley,3,3,1.0
2023,girls,100,declared,at_large_standard,bay-shore,0,0,
2023,girls,100,declared,at_large_standard,class-a,0,0,
2023,girls,100,declared,at_large_standard,redwood-empire,0,0,
2023,girls,100,declared,at_large_standard,tri-valley,0,0,
2023,girls,100,declared,next_best_mark,bay-shore,0,3,0.0
2023,girls,100,declared,next_best_mark,class-a,0,3,0.0
2023,girls,100,declared,next_best_mark,redwood-empire,0,3,0.0
2023,girls,100,declared,next_best_mark,tri-valley,3,3,1.0
2023,girls,100,qualified,at_large_combined,bay-shore,0,3,0.0
2023,girls,100,qualified,at_large_combined,class-a,0,3,0.0
2023,girls,100,qualified,at_large_combined,redwood-empire,0,3,0.0
2023,girls,100,qualified,at_large_combined,tri-valley,3,3,1.0
2023,girls,100,qualified,at_large_standard,bay-shore,0,0,
2023,girls,100,qualified,at_large_standard,class-a,0,0,
2023,girls,100,qualified,at_large_standard,redwood-empire,0,0,
2023,girls,100,qualified,at_large_standard,tri-valley,0,0,
2023,girls,100,qualified,next_best_mark,bay-shore,0,3,0.0
2023,girls,100,qualified,next_best_mark,class-a,0,3,0.0
2023,girls,100,qualified,next_best_mark,redwood-empire,0,3,0.0
2023,girls,100,qualified,next_best_mark,tri-valley,3,3,1.0
2023,girls,100H,declared,at_large_combined,bay-shore,0,3,0.0
2023,girls,100H,declared,at_large_combined,class-a,0,3,0.0
2023,girls,100H,declared,at_large_combined,redwood-empire,0,3,0.0
2023,girls,100H,declared,at_large_combined,tri-valley,3,3,1.0
2023,girls,100H,declared,at_large_standard,bay-shore,0,0,
2023,girls,100H,declared,at_large_standard,class-a,0,0,
2023,girls,100H,declared,at_large_standard,redwood-empire,0,0,
2023,girls,100H,declared,at_large_standard,tri-valley,0,0,
2023,girls,100H,declared,next_best_mark,bay-shore,0,3,0.0
2023,girls,100H,declared,next_best_mark,class-a,0,3,0.0
2023,girls,100H,declared,next_best_mark,redwood-empire,0,3,0.0
2023,girls,100H,declared,next_best_mark,tri-valley,3,3,1.0
2023,girls,100H,qualified,at_large_combined,bay-shore,0,3,0.0
2023,girls,100H,qualified,at_large_combined,class-a,0,3,0.0
2023,girls,100H,qualified,at_large_combined,redwood-empire,0,3,0.0
2023,girls,100H,qualified,at_large_combined,tri-valley,3,3,1.0
2023,girls,100H,qualified,at_large_standard,bay-shore,0,0,
2023,girls,100H,qualified,at_large_standard,class-a,0,0,
2023,girls,100H,qualified,at_large_standard,redwood-empire,0,0,
2023,girls,100H,qualified,at_large_standard,tri-valley,0,0,
2023,girls,100H,qualified,next_best_mark,bay-shore,0,3,0.0
2023,girls,100H,qualified,next_best_mark,class-a,0,3,0.0
2023,girls,100H,qualified,next_best_mark,redwood-empire,0,3,0.0
2023,girls,100H,qualified,next_best_mark,tri-valley,3,3,1.0
2023,girls,1600,declared,at_large_combined,bay-shore,0,3,0.0
2023,girls,1600,declared,at_large_combined,class-a,2,3,0.6667
2023,girls,1600,declared,at_large_combined,redwood-empire,0,3,0.0
2023,girls,1600,declared,at_large_combined,tri-valley,1,3,0.3333
2023,girls,1600,declared,at_large_standard,bay-shore,0,0,
2023,girls,1600,declared,at_large_standard,class-a,0,0,
2023,girls,1600,declared,at_large_standard,redwood-empire,0,0,
2023,girls,1600,declared,at_large_standard,tri-valley,0,0,
2023,girls,1600,declared,next_best_mark,bay-shore,0,3,0.0
2023,girls,1600,declared,next_best_mark,class-a,2,3,0.6667
2023,girls,1600,declared,next_best_mark,redwood-empire,0,3,0.0
2023,girls,1600,declared,next_best_mark,tri-valley,1,3,0.3333
2023,girls,1600,qualified,at_large_combined,bay-shore,0,3,0.0
2023,girls,1600,qualified,at_large_combined,class-a,2,3,0.6667
2023,girls,1600,qualified,at_large_combined,redwood-empire,0,3,0.0
2023,girls,1600,qualified,at_large_combined,tri-valley,1,3,0.3333
2023,girls,1600,qualified,at_large_standard,bay-shore,0,0,
2023,girls,1600,qualified,at_large_standard,class-a,0,0,
2023,girls,1600,qualified,at_large_standard,redwood-empire,0,0,
2023,girls,1600,qualified,at_large_standard,tri-valley,0,0,
2023,girls,1600,qualified,next_best_mark,bay-shore,0,3,0.0
2023,girls,1600,qualified,next_best_mark,class-a,2,3,0.6667
2023,girls,1600,qualified,next_best_mark,redwood-empire,0,3,0.0
2023,girls,1600,qualified,next_best_mark,tri-valley,1,3,0.3333
2023,girls,200,declared,at_large_combined,bay-shore,0,3,0.0
2023,girls,200,declared,at_large_combined,class-a,0,3,0.0
2023,girls,200,declared,at_large_combined,redwood-empire,0,3,0.0
2023,girls,200,declared,at_large_combined,tri-valley,3,3,1.0
2023,girls,200,declared,at_large_standard,bay-shore,0,0,
2023,girls,200,declared,at_large_standard,class-a,0,0,
2023,girls,200,declared,at_large_standard,redwood-empire,0,0,
2023,girls,200,declared,at_large_standard,tri-valley,0,0,
2023,girls,200,declared,next_best_mark,bay-shore,0,3,0.0
2023,girls,200,declared,next_best_mark,class-a,0,3,0.0
2023,girls,200,declared,next_best_mark,redwood-empire,0,3,0.0
2023,girls,200,declared,next_best_mark,tri-valley,3,3,1.0
2023,girls,200,qualified,at_large_combined,bay-shore,0,5,0.0
2023,girls,200,qualified,at_large_combined,class-a,0,5,0.0
2023,girls,200,qualified,at_large_combined,redwood-empire,0,5,0.0
2023,girls,200,qualified,at_large_combined,tri-valley,5,5,1.0
2023,girls,200,qualified,at_large_standard,bay-shore,0,2,0.0
2023,girls,200,qualified,at_large_standard,class-a,0,2,0.0
2023,girls,200,qualified,at_large_standard,redwood-empire,0,2,0.0
2023,girls,200,qualified,at_large_standard,tri-valley,2,2,1.0
2023,girls,200,qualified,next_best_mark,bay-shore,0,3,0.0
2023,girls,200,qualified,next_best_mark,class-a,0,3,0.0
2023,girls,200,qualified,next_best_mark,redwood-empire,0,3,0.0
2023,girls,200,qualified,next_best_mark,tri-valley,3,3,1.0
2023,girls,300H,declared,at_large_combined,bay-shore,0,3,0.0
2023,girls,300H,declared,at_large_combined,class-a,0,3,0.0
2023,girls,300H,declared,at_large_combined,redwood-empire,0,3,0.0
2023,girls,300H,declared,at_large_combined,tri-valley,3,3,1.0
2023,girls,300H,declared,at_large_standard,bay-shore,0,0,
2023,girls,300H,declared,at_large_standard,class-a,0,0,
2023,girls,300H,declared,at_large_standard,redwood-empire,0,0,
2023,girls,300H,declared,at_large_standard,tri-valley,0,0,
2023,girls,300H,declared,next_best_mark,bay-shore,0,3,0.0
2023,girls,300H,declared,next_best_mark,class-a,0,3,0.0
2023,girls,300H,declared,next_best_mark,redwood-empire,0,3,0.0
2023,girls,300H,declared,next_best_mark,tri-valley,3,3,1.0
2023,girls,300H,qualified,at_large_combined,bay-shore,0,3,0.0
2023,girls,300H,qualified,at_large_combined,class-a,0,3,0.0
2023,girls,300H,qualified,at_large_combined,redwood-empire,0,3,0.0
2023,girls,300H,qualified,at_large_combined,tri-valley,3,3,1.0
2023,girls,300H,qualified,at_large_standard,bay-shore,0,0,
2023,girls,300H,qualified,at_large_standard,class-a,0,0,
2023,girls,300H,qualified,at_large_standard,redwood-empire,0,0,
2023,girls,300H,qualified,at_large_standard,tri-valley,0,0,
2023,girls,300H,qualified,next_best_mark,bay-shore,0,3,0.0
2023,girls,300H,qualified,next_best_mark,class-a,0,3,0.0
2023,girls,300H,qualified,next_best_mark,redwood-empire,0,3,0.0
2023,girls,300H,qualified,next_best_mark,tri-valley,3,3,1.0
2023,girls,3200,declared,at_large_combined,bay-shore,0,3,0.0
2023,girls,3200,declared,at_large_combined,class-a,0,3,0.0
2023,girls,3200,declared,at_large_combined,redwood-empire,0,3,0.0
2023,girls,3200,declared,at_large_combined,tri-valley,3,3,1.0
2023,girls,3200,declared,at_large_standard,bay-shore,0,0,
2023,girls,3200,declared,at_large_standard,class-a,0,0,
2023,girls,3200,declared,at_large_standard,redwood-empire,0,0,
2023,girls,3200,declared,at_large_standard,tri-valley,0,0,
2023,girls,3200,declared,next_best_mark,bay-shore,0,3,0.0
2023,girls,3200,declared,next_best_mark,class-a,0,3,0.0
2023,girls,3200,declared,next_best_mark,redwood-empire,0,3,0.0
2023,girls,3200,declared,next_best_mark,tri-valley,3,3,1.0
2023,girls,3200,qualified,at_large_combined,bay-shore,0,3,0.0
2023,girls,3200,qualified,at_large_combined,class-a,0,3,0.0
2023,girls,3200,qualified,at_large_combined,redwood-empire,0,3,0.0
2023,girls,3200,qualified,at_large_combined,tri-valley,3,3,1.0
2023,girls,3200,qualified,at_large_standard,bay-shore,0,0,
2023,girls,3200,qualified,at_large_standard,class-a,0,0,
2023,girls,3200,qualified,at_large_standard,redwood-empire,0,0,
2023,girls,3200,qualified,at_large_standard,tri-valley,0,0,
2023,girls,3200,qualified,next_best_mark,bay-shore,0,3,0.0
2023,girls,3200,qualified,next_best_mark,class-a,0,3,0.0
2023,girls,3200,qualified,next_best_mark,redwood-empire,0,3,0.0
2023,girls,3200,qualified,next_best_mark,tri-valley,3,3,1.0
2023,girls,400,declared,at_large_combined,bay-shore,0,3,0.0
2023,girls,400,declared,at_large_combined,class-a,0,3,0.0
2023,girls,400,declared,at_large_combined,redwood-empire,0,3,0.0
2023,girls,400,declared,at_large_combined,tri-valley,3,3,1.0
2023,girls,400,declared,at_large_standard,bay-shore,0,0,
2023,girls,400,declared,at_large_standard,class-a,0,0,
2023,girls,400,declared,at_large_standard,redwood-empire,0,0,
2023,girls,400,declared,at_large_standard,tri-valley,0,0,
2023,girls,400,declared,next_best_mark,bay-shore,0,3,0.0
2023,girls,400,declared,next_best_mark,class-a,0,3,0.0
2023,girls,400,declared,next_best_mark,redwood-empire,0,3,0.0
2023,girls,400,declared,next_best_mark,tri-valley,3,3,1.0
2023,girls,400,qualified,at_large_combined,bay-shore,0,3,0.0
2023,girls,400,qualified,at_large_combined,class-a,0,3,0.0
2023,girls,400,qualified,at_large_combined,redwood-empire,0,3,0.0
2023,girls,400,qualified,at_large_combined,tri-valley,3,3,1.0
2023,girls,400,qualified,at_large_standard,bay-shore,0,0,
2023,girls,400,qualified,at_large_standard,class-a,0,0,
2023,girls,400,qualified,at_large_standard,redwood-empire,0,0,
2023,girls,400,qualified,at_large_standard,tri-valley,0,0,
2023,girls,400,qualified,next_best_mark,bay-shore,0,3,0.0
2023,girls,400,qualified,next_best_mark,class-a,0,3,0.0
2023,girls,400,qualified,next_best_mark,redwood-empire,0,3,0.0
2023,girls,400,qualified,next_best_mark,tri-valley,3,3,1.0
2023,girls,4x100,declared,at_large_combined,bay-shore,0,3,0.0
2023,girls,4x100,declared,at_large_combined,class-a,0,3,0.0
2023,girls,4x100,declared,at_large_combined,redwood-empire,0,3,0.0
2023,girls,4x100,declared,at_large_combined,tri-valley,3,3,1.0
2023,girls,4x100,declared,at_large_standard,bay-shore,0,0,
2023,girls,4x100,declared,at_large_standard,class-a,0,0,
2023,girls,4x100,declared,at_large_standard,redwood-empire,0,0,
2023,girls,4x100,declared,at_large_standard,tri-valley,0,0,
2023,girls,4x100,declared,next_best_mark,bay-shore,0,3,0.0
2023,girls,4x100,declared,next_best_mark,class-a,0,3,0.0
2023,girls,4x100,declared,next_best_mark,redwood-empire,0,3,0.0
2023,girls,4x100,declared,next_best_mark,tri-valley,3,3,1.0
2023,girls,4x100,qualified,at_large_combined,bay-shore,0,3,0.0
2023,girls,4x100,qualified,at_large_combined,class-a,0,3,0.0
2023,girls,4x100,qualified,at_large_combined,redwood-empire,0,3,0.0
2023,girls,4x100,qualified,at_large_combined,tri-valley,3,3,1.0
2023,girls,4x100,qualified,at_large_standard,bay-shore,0,0,
2023,girls,4x100,qualified,at_large_standard,class-a,0,0,
2023,girls,4x100,qualified,at_large_standard,redwood-empire,0,0,
2023,girls,4x100,qualified,at_large_standard,tri-valley,0,0,
2023,girls,4x100,qualified,next_best_mark,bay-shore,0,3,0.0
2023,girls,4x100,qualified,next_best_mark,class-a,0,3,0.0
2023,girls,4x100,qualified,next_best_mark,redwood-empire,0,3,0.0
2023,girls,4x100,qualified,next_best_mark,tri-valley,3,3,1.0
2023,girls,4x400,declared,at_large_combined,bay-shore,0,3,0.0
2023,girls,4x400,declared,at_large_combined,class-a,0,3,0.0
2023,girls,4x400,declared,at_large_combined,redwood-empire,0,3,0.0
2023,girls,4x400,declared,at_large_combined,tri-valley,3,3,1.0
2023,girls,4x400,declared,at_large_standard,bay-shore,0,0,
2023,girls,4x400,declared,at_large_standard,class-a,0,0,
2023,girls,4x400,declared,at_large_standard,redwood-empire,0,0,
2023,girls,4x400,declared,at_large_standard,tri-valley,0,0,
2023,girls,4x400,declared,next_best_mark,bay-shore,0,3,0.0
2023,girls,4x400,declared,next_best_mark,class-a,0,3,0.0
2023,girls,4x400,declared,next_best_mark,redwood-empire,0,3,0.0
2023,girls,4x400,declared,next_best_mark,tri-valley,3,3,1.0
2023,girls,4x400,qualified,at_large_combined,bay-shore,0,3,0.0
2023,girls,4x400,qualified,at_large_combined,class-a,0,3,0.0
2023,girls,4x400,qualified,at_large_combined,redwood-empire,0,3,0.0
2023,girls,4x400,qualified,at_large_combined,tri-valley,3,3,1.0
2023,girls,4x400,qualified,at_large_standard,bay-shore,0,0,
2023,girls,4x400,qualified,at_large_standard,class-a,0,0,
2023,girls,4x400,qualified,at_large_standard,redwood-empire,0,0,
2023,girls,4x400,qualified,at_large_standard,tri-valley,0,0,
2023,girls,4x400,qualified,next_best_mark,bay-shore,0,3,0.0
2023,girls,4x400,qualified,next_best_mark,class-a,0,3,0.0
2023,girls,4x400,qualified,next_best_mark,redwood-empire,0,3,0.0
2023,girls,4x400,qualified,next_best_mark,tri-valley,3,3,1.0
2023,girls,800,declared,at_large_combined,bay-shore,0,3,0.0
2023,girls,800,declared,at_large_combined,class-a,0,3,0.0
2023,girls,800,declared,at_large_combined,redwood-empire,0,3,0.0
2023,girls,800,declared,at_large_combined,tri-valley,3,3,1.0
2023,girls,800,declared,at_large_standard,bay-shore,0,0,
2023,girls,800,declared,at_large_standard,class-a,0,0,
2023,girls,800,declared,at_large_standard,redwood-empire,0,0,
2023,girls,800,declared,at_large_standard,tri-valley,0,0,
2023,girls,800,declared,next_best_mark,bay-shore,0,3,0.0
2023,girls,800,declared,next_best_mark,class-a,0,3,0.0
2023,girls,800,declared,next_best_mark,redwood-empire,0,3,0.0
2023,girls,800,declared,next_best_mark,tri-valley,3,3,1.0
2023,girls,800,qualified,at_large_combined,bay-shore,0,3,0.0
2023,girls,800,qualified,at_large_combined,class-a,0,3,0.0
2023,girls,800,qualified,at_large_combined,redwood-empire,0,3,0.0
2023,girls,800,qualified,at_large_combined,tri-valley,3,3,1.0
2023,girls,800,qualified,at_large_standard,bay-shore,0,0,
2023,girls,800,qualified,at_large_standard,class-a,0,0,
2023,girls,800,qualified,at_large_standard,redwood-empire,0,0,
2023,girls,800,qualified,at_large_standard,tri-valley,0,0,
2023,girls,800,qualified,next_best_mark,bay-shore,0,3,0.0
2023,girls,800,qualified,next_best_mark,class-a,0,3,0.0
2023,girls,800,qualified,next_best_mark,redwood-empire,0,3,0.0
2023,girls,800,qualified,next_best_mark,tri-valley,3,3,1.0
2023,girls,DT,declared,at_large_combined,bay-shore,0,3,0.0
2023,girls,DT,declared,at_large_combined,class-a,0,3,0.0
2023,girls,DT,declared,at_large_combined,redwood-empire,0,3,0.0
2023,girls,DT,declared,at_large_combined,tri-valley,3,3,1.0
2023,girls,DT,declared,at_large_standard,bay-shore,0,0,
2023,girls,DT,declared,at_large_standard,class-a,0,0,
2023,girls,DT,declared,at_large_standard,redwood-empire,0,0,
2023,girls,DT,declared,at_large_standard,tri-valley,0,0,
2023,girls,DT,declared,next_best_mark,bay-shore,0,3,0.0
2023,girls,DT,declared,next_best_mark,class-a,0,3,0.0
2023,girls,DT,declared,next_best_mark,redwood-empire,0,3,0.0
2023,girls,DT,declared,next_best_mark,tri-valley,3,3,1.0
2023,girls,DT,qualified,at_large_combined,bay-shore,0,3,0.0
2023,girls,DT,qualified,at_large_combined,class-a,0,3,0.0
2023,girls,DT,qualified,at_large_combined,redwood-empire,0,3,0.0
2023,girls,DT,qualified,at_large_combined,tri-valley,3,3,1.0
2023,girls,DT,qualified,at_large_standard,bay-shore,0,0,
2023,girls,DT,qualified,at_large_standard,class-a,0,0,
2023,girls,DT,qualified,at_large_standard,redwood-empire,0,0,
2023,girls,DT,qualified,at_large_standard,tri-valley,0,0,
2023,girls,DT,qualified,next_best_mark,bay-shore,0,3,0.0
2023,girls,DT,qualified,next_best_mark,class-a,0,3,0.0
2023,girls,DT,qualified,next_best_mark,redwood-empire,0,3,0.0
2023,girls,DT,qualified,next_best_mark,tri-valley,3,3,1.0
2023,girls,HJ,declared,at_large_combined,bay-shore,0,8,0.0
2023,girls,HJ,declared,at_large_combined,class-a,0,8,0.0
2023,girls,HJ,declared,at_large_combined,redwood-empire,4,8,0.5
2023,girls,HJ,declared,at_large_combined,tri-valley,4,8,0.5
2023,girls,HJ,declared,at_large_standard,bay-shore,0,0,
2023,girls,HJ,declared,at_large_standard,class-a,0,0,
2023,girls,HJ,declared,at_large_standard,redwood-empire,0,0,
2023,girls,HJ,declared,at_large_standard,tri-valley,0,0,
2023,girls,HJ,declared,next_best_mark,bay-shore,0,8,0.0
2023,girls,HJ,declared,next_best_mark,class-a,0,8,0.0
2023,girls,HJ,declared,next_best_mark,redwood-empire,4,8,0.5
2023,girls,HJ,declared,next_best_mark,tri-valley,4,8,0.5
2023,girls,HJ,qualified,at_large_combined,bay-shore,0,14,0.0
2023,girls,HJ,qualified,at_large_combined,class-a,0,14,0.0
2023,girls,HJ,qualified,at_large_combined,redwood-empire,5,14,0.3571
2023,girls,HJ,qualified,at_large_combined,tri-valley,9,14,0.6429
2023,girls,HJ,qualified,at_large_standard,bay-shore,0,0,
2023,girls,HJ,qualified,at_large_standard,class-a,0,0,
2023,girls,HJ,qualified,at_large_standard,redwood-empire,0,0,
2023,girls,HJ,qualified,at_large_standard,tri-valley,0,0,
2023,girls,HJ,qualified,next_best_mark,bay-shore,0,14,0.0
2023,girls,HJ,qualified,next_best_mark,class-a,0,14,0.0
2023,girls,HJ,qualified,next_best_mark,redwood-empire,5,14,0.3571
2023,girls,HJ,qualified,next_best_mark,tri-valley,9,14,0.6429
2023,girls,LJ,declared,at_large_combined,bay-shore,1,3,0.3333
2023,girls,LJ,declared,at_large_combined,class-a,0,3,0.0
2023,girls,LJ,declared,at_large_combined,redwood-empire,2,3,0.6667
2023,girls,LJ,declared,at_large_combined,tri-valley,0,3,0.0
2023,girls,LJ,declared,at_large_standard,bay-shore,0,0,
2023,girls,LJ,declared,at_large_standard,class-a,0,0,
2023,girls,LJ,declared,at_large_standard,redwood-empire,0,0,
2023,girls,LJ,declared,at_large_standard,tri-valley,0,0,
2023,girls,LJ,declared,next_best_mark,bay-shore,1,3,0.3333
2023,girls,LJ,declared,next_best_mark,class-a,0,3,0.0
2023,girls,LJ,declared,next_best_mark,redwood-empire,2,3,0.6667
2023,girls,LJ,declared,next_best_mark,tri-valley,0,3,0.0
2023,girls,LJ,qualified,at_large_combined,bay-shore,2,3,0.6667
2023,girls,LJ,qualified,at_large_combined,class-a,0,3,0.0
2023,girls,LJ,qualified,at_large_combined,redwood-empire,1,3,0.3333
2023,girls,LJ,qualified,at_large_combined,tri-valley,0,3,0.0
2023,girls,LJ,qualified,at_large_standard,bay-shore,0,0,
2023,girls,LJ,qualified,at_large_standard,class-a,0,0,
2023,girls,LJ,qualified,at_large_standard,redwood-empire,0,0,
2023,girls,LJ,qualified,at_large_standard,tri-valley,0,0,
2023,girls,LJ,qualified,next_best_mark,bay-shore,2,3,0.6667
2023,girls,LJ,qualified,next_best_mark,class-a,0,3,0.0
2023,girls,LJ,qualified,next_best_mark,redwood-empire,1,3,0.3333
2023,girls,LJ,qualified,next_best_mark,tri-valley,0,3,0.0
2023,girls,PV,declared,at_large_combined,bay-shore,3,4,0.75
2023,girls,PV,declared,at_large_combined,class-a,0,4,0.0
2023,girls,PV,declared,at_large_combined,redwood-empire,1,4,0.25
2023,girls,PV,declared,at_large_combined,tri-valley,0,4,0.0
2023,girls,PV,declared,at_large_standard,bay-shore,0,0,
2023,girls,PV,declared,at_large_standard,class-a,0,0,
2023,girls,PV,declared,at_large_standard,redwood-empire,0,0,
2023,girls,PV,declared,at_large_standard,tri-valley,0,0,
2023,girls,PV,declared,next_best_mark,bay-shore,3,4,0.75
2023,girls,PV,declared,next_best_mark,class-a,0,4,0.0
2023,girls,PV,declared,next_best_mark,redwood-empire,1,4,0.25
2023,girls,PV,declared,next_best_mark,tri-valley,0,4,0.0
2023,girls,PV,qualified,at_large_combined,bay-shore,3,4,0.75
2023,girls,PV,qualified,at_large_combined,class-a,0,4,0.0
2023,girls,PV,qualified,at_large_combined,redwood-empire,1,4,0.25
2023,girls,PV,qualified,at_large_combined,tri-valley,0,4,0.0
2023,girls,PV,qualified,at_large_standard,bay-shore,0,0,
2023,girls,PV,qualified,at_large_standard,class-a,0,0,
2023,girls,PV,qualified,at_large_standard,redwood-empire,0,0,
2023,girls,PV,qualified,at_large_standard,tri-valley,0,0,
2023,girls,PV,qualified,next_best_mark,bay-shore,3,4,0.75
2023,girls,PV,qualified,next_best_mark,class-a,0,4,0.0
2023,girls,PV,qualified,next_best_mark,redwood-empire,1,4,0.25
2023,girls,PV,qualified,next_best_mark,tri-valley,0,4,0.0
2023,girls,SP,declared,at_large_combined,bay-shore,0,3,0.0
2023,girls,SP,declared,at_large_combined,class-a,0,3,0.0
2023,girls,SP,declared,at_large_combined,redwood-empire,2,3,0.6667
2023,girls,SP,declared,at_large_combined,tri-valley,1,3,0.3333
2023,girls,SP,declared,at_large_standard,bay-shore,0,0,
2023,girls,SP,declared,at_large_standard,class-a,0,0,
2023,girls,SP,declared,at_large_standard,redwood-empire,0,0,
2023,girls,SP,declared,at_large_standard,tri-valley,0,0,
2023,girls,SP,declared,next_best_mark,bay-shore,0,3,0.0
2023,girls,SP,declared,next_best_mark,class-a,0,3,0.0
2023,girls,SP,declared,next_best_mark,redwood-empire,2,3,0.6667
2023,girls,SP,declared,next_best_mark,tri-valley,1,3,0.3333
2023,girls,SP,qualified,at_large_combined,bay-shore,0,3,0.0
2023,girls,SP,qualified,at_large_combined,class-a,0,3,0.0
2023,girls,SP,qualified,at_large_combined,redwood-empire,2,3,0.6667
2023,girls,SP,qualified,at_large_combined,tri-valley,1,3,0.3333
2023,girls,SP,qualified,at_large_standard,bay-shore,0,0,
2023,girls,SP,qualified,at_large_standard,class-a,0,0,
2023,girls,SP,qualified,at_large_standard,redwood-empire,0,0,
2023,girls,SP,qualified,at_large_standard,tri-valley,0,0,
2023,girls,SP,qualified,next_best_mark,bay-shore,0,3,0.0
2023,girls,SP,qualified,next_best_mark,class-a,0,3,0.0
2023,girls,SP,qualified,next_best_mark,redwood-empire,2,3,0.6667
2023,girls,SP,qualified,next_best_mark,tri-valley,1,3,0.3333
2023,girls,TJ,declared,at_large_combined,bay-shore,2,4,0.5
2023,girls,TJ,declared,at_large_combined,class-a,1,4,0.25
2023,girls,TJ,declared,at_large_combined,redwood-empire,1,4,0.25
2023,girls,TJ,declared,at_large_combined,tri-valley,0,4,0.0
2023,girls,TJ,declared,at_large_standard,bay-shore,0,0,
2023,girls,TJ,declared,at_large_standard,class-a,0,0,
2023,girls,TJ,declared,at_large_standard,redwood-empire,0,0,
2023,girls,TJ,declared,at_large_standard,tri-valley,0,0,
2023,girls,TJ,declared,next_best_mark,bay-shore,2,4,0.5
2023,girls,TJ,declared,next_best_mark,class-a,1,4,0.25
2023,girls,TJ,declared,next_best_mark,redwood-empire,1,4,0.25
2023,girls,TJ,declared,next_best_mark,tri-valley,0,4,0.0
2023,girls,TJ,qualified,at_large_combined,bay-shore,2,4,0.5
2023,girls,TJ,qualified,at_large_combined,class-a,1,4,0.25
2023,girls,TJ,qualified,at_large_combined,redwood-empire,1,4,0.25
2023,girls,TJ,qualified,at_large_combined,tri-valley,0,4,0.0
2023,girls,TJ,qualified,at_large_standard,bay-shore,0,0,
2023,girls,TJ,qualified,at_large_standard,class-a,0,0,
2023,girls,TJ,qualified,at_large_standard,redwood-empire,0,0,
2023,girls,TJ,qualified,at_large_standard,tri-valley,0,0,
2023,girls,TJ,qualified,next_best_mark,bay-shore,2,4,0.5
2023,girls,TJ,qualified,next_best_mark,class-a,1,4,0.25
2023,girls,TJ,qualified,next_best_mark,redwood-empire,1,4,0.25
2023,girls,TJ,qualified,next_best_mark,tri-valley,0,4,0.0
2024,boys,100,declared,at_large_combined,bay-shore,4,12,0.3333
2024,boys,100,declared,at_large_combined,class-a,0,12,0.0
2024,boys,100,declared,at_large_combined,redwood-empire,0,12,0.0
2024,boys,100,declared,at_large_combined,tri-valley,8,12,0.6667
2024,boys,100,declared,at_large_standard,bay-shore,1,8,0.125
2024,boys,100,declared,at_large_standard,class-a,0,8,0.0
2024,boys,100,declared,at_large_standard,redwood-empire,0,8,0.0
2024,boys,100,declared,at_large_standard,tri-valley,7,8,0.875
2024,boys,100,declared,next_best_mark,bay-shore,3,4,0.75
2024,boys,100,declared,next_best_mark,class-a,0,4,0.0
2024,boys,100,declared,next_best_mark,redwood-empire,0,4,0.0
2024,boys,100,declared,next_best_mark,tri-valley,1,4,0.25
2024,boys,100,qualified,at_large_combined,bay-shore,4,12,0.3333
2024,boys,100,qualified,at_large_combined,class-a,0,12,0.0
2024,boys,100,qualified,at_large_combined,redwood-empire,0,12,0.0
2024,boys,100,qualified,at_large_combined,tri-valley,8,12,0.6667
2024,boys,100,qualified,at_large_standard,bay-shore,1,8,0.125
2024,boys,100,qualified,at_large_standard,class-a,0,8,0.0
2024,boys,100,qualified,at_large_standard,redwood-empire,0,8,0.0
2024,boys,100,qualified,at_large_standard,tri-valley,7,8,0.875
2024,boys,100,qualified,next_best_mark,bay-shore,3,4,0.75
2024,boys,100,qualified,next_best_mark,class-a,0,4,0.0
2024,boys,100,qualified,next_best_mark,redwood-empire,0,4,0.0
2024,boys,100,qualified,next_best_mark,tri-valley,1,4,0.25
2024,boys,110H,declared,at_large_combined,bay-shore,0,3,0.0
2024,boys,110H,declared,at_large_combined,class-a,0,3,0.0
2024,boys,110H,declared,at_large_combined,redwood-empire,0,3,0.0
2024,boys,110H,declared,at_large_combined,tri-valley,3,3,1.0
2024,boys,110H,declared,at_large_standard,bay-shore,0,0,
2024,boys,110H,declared,at_large_standard,class-a,0,0,
2024,boys,110H,declared,at_large_standard,redwood-empire,0,0,
2024,boys,110H,declared,at_large_standard,tri-valley,0,0,
2024,boys,110H,declared,next_best_mark,bay-shore,0,3,0.0
2024,boys,110H,declared,next_best_mark,class-a,0,3,0.0
2024,boys,110H,declared,next_best_mark,redwood-empire,0,3,0.0
2024,boys,110H,declared,next_best_mark,tri-valley,3,3,1.0
2024,boys,110H,qualified,at_large_combined,bay-shore,0,3,0.0
2024,boys,110H,qualified,at_large_combined,class-a,0,3,0.0
2024,boys,110H,qualified,at_large_combined,redwood-empire,0,3,0.0
2024,boys,110H,qualified,at_large_combined,tri-valley,3,3,1.0
2024,boys,110H,qualified,at_large_standard,bay-shore,0,0,
2024,boys,110H,qualified,at_large_standard,class-a,0,0,
2024,boys,110H,qualified,at_large_standard,redwood-empire,0,0,
2024,boys,110H,qualified,at_large_standard,tri-valley,0,0,
2024,boys,110H,qualified,next_best_mark,bay-shore,0,3,0.0
2024,boys,110H,qualified,next_best_mark,class-a,0,3,0.0
2024,boys,110H,qualified,next_best_mark,redwood-empire,0,3,0.0
2024,boys,110H,qualified,next_best_mark,tri-valley,3,3,1.0
2024,boys,1600,declared,at_large_combined,bay-shore,0,5,0.0
2024,boys,1600,declared,at_large_combined,class-a,0,5,0.0
2024,boys,1600,declared,at_large_combined,redwood-empire,0,5,0.0
2024,boys,1600,declared,at_large_combined,tri-valley,5,5,1.0
2024,boys,1600,declared,at_large_standard,bay-shore,0,2,0.0
2024,boys,1600,declared,at_large_standard,class-a,0,2,0.0
2024,boys,1600,declared,at_large_standard,redwood-empire,0,2,0.0
2024,boys,1600,declared,at_large_standard,tri-valley,2,2,1.0
2024,boys,1600,declared,next_best_mark,bay-shore,0,3,0.0
2024,boys,1600,declared,next_best_mark,class-a,0,3,0.0
2024,boys,1600,declared,next_best_mark,redwood-empire,0,3,0.0
2024,boys,1600,declared,next_best_mark,tri-valley,3,3,1.0
2024,boys,1600,qualified,at_large_combined,bay-shore,2,8,0.25
2024,boys,1600,qualified,at_large_combined,class-a,0,8,0.0
2024,boys,1600,qualified,at_large_combined,redwood-empire,0,8,0.0
2024,boys,1600,qualified,at_large_combined,tri-valley,6,8,0.75
2024,boys,1600,qualified,at_large_standard,bay-shore,2,5,0.4
2024,boys,1600,qualified,at_large_standard,class-a,0,5,0.0
2024,boys,1600,qualified,at_large_standard,redwood-empire,0,5,0.0
2024,boys,1600,qualified,at_large_standard,tri-valley,3,5,0.6
2024,boys,1600,qualified,next_best_mark,bay-shore,0,3,0.0
2024,boys,1600,qualified,next_best_mark,class-a,0,3,0.0
2024,boys,1600,qualified,next_best_mark,redwood-empire,0,3,0.0
2024,boys,1600,qualified,next_best_mark,tri-valley,3,3,1.0
2024,boys,200,declared,at_large_combined,bay-shore,0,3,0.0
2024,boys,200,declared,at_large_combined,class-a,0,3,0.0
2024,boys,200,declared,at_large_combined,redwood-empire,0,3,0.0
2024,boys,200,declared,at_large_combined,tri-valley,3,3,1.0
2024,boys,200,declared,at_large_standard,bay-shore,0,0,
2024,boys,200,declared,at_large_standard,class-a,0,0,
2024,boys,200,declared,at_large_standard,redwood-empire,0,0,
2024,boys,200,declared,at_large_standard,tri-valley,0,0,
2024,boys,200,declared,next_best_mark,bay-shore,0,3,0.0
2024,boys,200,declared,next_best_mark,class-a,0,3,0.0
2024,boys,200,declared,next_best_mark,redwood-empire,0,3,0.0
2024,boys,200,declared,next_best_mark,tri-valley,3,3,1.0
2024,boys,200,qualified,at_large_combined,bay-shore,0,3,0.0
2024,boys,200,qualified,at_large_combined,class-a,0,3,0.0
2024,boys,200,qualified,at_large_combined,redwood-empire,0,3,0.0
2024,boys,200,qualified,at_large_combined,tri-valley,3,3,1.0
2024,boys,200,qualified,at_large_standard,bay-shore,0,0,
2024,boys,200,qualified,at_large_standard,class-a,0,0,
2024,boys,200,qualified,at_large_standard,redwood-empire,0,0,
2024,boys,200,qualified,at_large_standard,tri-valley,0,0,
2024,boys,200,qualified,next_best_mark,bay-shore,0,3,0.0
2024,boys,200,qualified,next_best_mark,class-a,0,3,0.0
2024,boys,200,qualified,next_best_mark,redwood-empire,0,3,0.0
2024,boys,200,qualified,next_best_mark,tri-valley,3,3,1.0
2024,boys,300H,declared,at_large_combined,bay-shore,0,3,0.0
2024,boys,300H,declared,at_large_combined,class-a,0,3,0.0
2024,boys,300H,declared,at_large_combined,redwood-empire,0,3,0.0
2024,boys,300H,declared,at_large_combined,tri-valley,3,3,1.0
2024,boys,300H,declared,at_large_standard,bay-shore,0,0,
2024,boys,300H,declared,at_large_standard,class-a,0,0,
2024,boys,300H,declared,at_large_standard,redwood-empire,0,0,
2024,boys,300H,declared,at_large_standard,tri-valley,0,0,
2024,boys,300H,declared,next_best_mark,bay-shore,0,3,0.0
2024,boys,300H,declared,next_best_mark,class-a,0,3,0.0
2024,boys,300H,declared,next_best_mark,redwood-empire,0,3,0.0
2024,boys,300H,declared,next_best_mark,tri-valley,3,3,1.0
2024,boys,300H,qualified,at_large_combined,bay-shore,0,4,0.0
2024,boys,300H,qualified,at_large_combined,class-a,0,4,0.0
2024,boys,300H,qualified,at_large_combined,redwood-empire,0,4,0.0
2024,boys,300H,qualified,at_large_combined,tri-valley,4,4,1.0
2024,boys,300H,qualified,at_large_standard,bay-shore,0,0,
2024,boys,300H,qualified,at_large_standard,class-a,0,0,
2024,boys,300H,qualified,at_large_standard,redwood-empire,0,0,
2024,boys,300H,qualified,at_large_standard,tri-valley,0,0,
2024,boys,300H,qualified,next_best_mark,bay-shore,0,4,0.0
2024,boys,300H,qualified,next_best_mark,class-a,0,4,0.0
2024,boys,300H,qualified,next_best_mark,redwood-empire,0,4,0.0
2024,boys,300H,qualified,next_best_mark,tri-valley,4,4,1.0
2024,boys,3200,declared,at_large_combined,bay-shore,1,3,0.3333
2024,boys,3200,declared,at_large_combined,class-a,0,3,0.0
2024,boys,3200,declared,at_large_combined,redwood-empire,0,3,0.0
2024,boys,3200,declared,at_large_combined,tri-valley,2,3,0.6667
2024,boys,3200,declared,at_large_standard,bay-shore,0,0,
2024,boys,3200,declared,at_large_standard,class-a,0,0,
2024,boys,3200,declared,at_large_standard,redwood-empire,0,0,
2024,boys,3200,declared,at_large_standard,tri-valley,0,0,
2024,boys,3200,declared,next_best_mark,bay-shore,1,3,0.3333
2024,boys,3200,declared,next_best_mark,class-a,0,3,0.0
2024,boys,3200,declared,next_best_mark,redwood-empire,0,3,0.0
2024,boys,3200,declared,next_best_mark,tri-valley,2,3,0.6667
2024,boys,3200,qualified,at_large_combined,bay-shore,1,3,0.3333
2024,boys,3200,qualified,at_large_combined,class-a,0,3,0.0
2024,boys,3200,qualified,at_large_combined,redwood-empire,0,3,0.0
2024,boys,3200,qualified,at_large_combined,tri-valley,2,3,0.6667
2024,boys,3200,qualified,at_large_standard,bay-shore,0,0,
2024,boys,3200,qualified,at_large_standard,class-a,0,0,
2024,boys,3200,qualified,at_large_standard,redwood-empire,0,0,
2024,boys,3200,qualified,at_large_standard,tri-valley,0,0,
2024,boys,3200,qualified,next_best_mark,bay-shore,1,3,0.3333
2024,boys,3200,qualified,next_best_mark,class-a,0,3,0.0
2024,boys,3200,qualified,next_best_mark,redwood-empire,0,3,0.0
2024,boys,3200,qualified,next_best_mark,tri-valley,2,3,0.6667
2024,boys,400,declared,at_large_combined,bay-shore,0,4,0.0
2024,boys,400,declared,at_large_combined,class-a,0,4,0.0
2024,boys,400,declared,at_large_combined,redwood-empire,0,4,0.0
2024,boys,400,declared,at_large_combined,tri-valley,4,4,1.0
2024,boys,400,declared,at_large_standard,bay-shore,0,1,0.0
2024,boys,400,declared,at_large_standard,class-a,0,1,0.0
2024,boys,400,declared,at_large_standard,redwood-empire,0,1,0.0
2024,boys,400,declared,at_large_standard,tri-valley,1,1,1.0
2024,boys,400,declared,next_best_mark,bay-shore,0,3,0.0
2024,boys,400,declared,next_best_mark,class-a,0,3,0.0
2024,boys,400,declared,next_best_mark,redwood-empire,0,3,0.0
2024,boys,400,declared,next_best_mark,tri-valley,3,3,1.0
2024,boys,400,qualified,at_large_combined,bay-shore,0,4,0.0
2024,boys,400,qualified,at_large_combined,class-a,0,4,0.0
2024,boys,400,qualified,at_large_combined,redwood-empire,0,4,0.0
2024,boys,400,qualified,at_large_combined,tri-valley,4,4,1.0
2024,boys,400,qualified,at_large_standard,bay-shore,0,1,0.0
2024,boys,400,qualified,at_large_standard,class-a,0,1,0.0
2024,boys,400,qualified,at_large_standard,redwood-empire,0,1,0.0
2024,boys,400,qualified,at_large_standard,tri-valley,1,1,1.0
2024,boys,400,qualified,next_best_mark,bay-shore,0,3,0.0
2024,boys,400,qualified,next_best_mark,class-a,0,3,0.0
2024,boys,400,qualified,next_best_mark,redwood-empire,0,3,0.0
2024,boys,400,qualified,next_best_mark,tri-valley,3,3,1.0
2024,boys,4x100,declared,at_large_combined,bay-shore,1,3,0.3333
2024,boys,4x100,declared,at_large_combined,class-a,0,3,0.0
2024,boys,4x100,declared,at_large_combined,redwood-empire,0,3,0.0
2024,boys,4x100,declared,at_large_combined,tri-valley,2,3,0.6667
2024,boys,4x100,declared,at_large_standard,bay-shore,0,0,
2024,boys,4x100,declared,at_large_standard,class-a,0,0,
2024,boys,4x100,declared,at_large_standard,redwood-empire,0,0,
2024,boys,4x100,declared,at_large_standard,tri-valley,0,0,
2024,boys,4x100,declared,next_best_mark,bay-shore,1,3,0.3333
2024,boys,4x100,declared,next_best_mark,class-a,0,3,0.0
2024,boys,4x100,declared,next_best_mark,redwood-empire,0,3,0.0
2024,boys,4x100,declared,next_best_mark,tri-valley,2,3,0.6667
2024,boys,4x100,qualified,at_large_combined,bay-shore,1,4,0.25
2024,boys,4x100,qualified,at_large_combined,class-a,0,4,0.0
2024,boys,4x100,qualified,at_large_combined,redwood-empire,0,4,0.0
2024,boys,4x100,qualified,at_large_combined,tri-valley,3,4,0.75
2024,boys,4x100,qualified,at_large_standard,bay-shore,0,0,
2024,boys,4x100,qualified,at_large_standard,class-a,0,0,
2024,boys,4x100,qualified,at_large_standard,redwood-empire,0,0,
2024,boys,4x100,qualified,at_large_standard,tri-valley,0,0,
2024,boys,4x100,qualified,next_best_mark,bay-shore,1,4,0.25
2024,boys,4x100,qualified,next_best_mark,class-a,0,4,0.0
2024,boys,4x100,qualified,next_best_mark,redwood-empire,0,4,0.0
2024,boys,4x100,qualified,next_best_mark,tri-valley,3,4,0.75
2024,boys,4x400,declared,at_large_combined,bay-shore,0,3,0.0
2024,boys,4x400,declared,at_large_combined,class-a,0,3,0.0
2024,boys,4x400,declared,at_large_combined,redwood-empire,0,3,0.0
2024,boys,4x400,declared,at_large_combined,tri-valley,3,3,1.0
2024,boys,4x400,declared,at_large_standard,bay-shore,0,0,
2024,boys,4x400,declared,at_large_standard,class-a,0,0,
2024,boys,4x400,declared,at_large_standard,redwood-empire,0,0,
2024,boys,4x400,declared,at_large_standard,tri-valley,0,0,
2024,boys,4x400,declared,next_best_mark,bay-shore,0,3,0.0
2024,boys,4x400,declared,next_best_mark,class-a,0,3,0.0
2024,boys,4x400,declared,next_best_mark,redwood-empire,0,3,0.0
2024,boys,4x400,declared,next_best_mark,tri-valley,3,3,1.0
2024,boys,4x400,qualified,at_large_combined,bay-shore,0,3,0.0
2024,boys,4x400,qualified,at_large_combined,class-a,0,3,0.0
2024,boys,4x400,qualified,at_large_combined,redwood-empire,0,3,0.0
2024,boys,4x400,qualified,at_large_combined,tri-valley,3,3,1.0
2024,boys,4x400,qualified,at_large_standard,bay-shore,0,0,
2024,boys,4x400,qualified,at_large_standard,class-a,0,0,
2024,boys,4x400,qualified,at_large_standard,redwood-empire,0,0,
2024,boys,4x400,qualified,at_large_standard,tri-valley,0,0,
2024,boys,4x400,qualified,next_best_mark,bay-shore,0,3,0.0
2024,boys,4x400,qualified,next_best_mark,class-a,0,3,0.0
2024,boys,4x400,qualified,next_best_mark,redwood-empire,0,3,0.0
2024,boys,4x400,qualified,next_best_mark,tri-valley,3,3,1.0
2024,boys,800,declared,at_large_combined,bay-shore,0,7,0.0
2024,boys,800,declared,at_large_combined,class-a,3,7,0.4286
2024,boys,800,declared,at_large_combined,redwood-empire,0,7,0.0
2024,boys,800,declared,at_large_combined,tri-valley,4,7,0.5714
2024,boys,800,declared,at_large_standard,bay-shore,0,4,0.0
2024,boys,800,declared,at_large_standard,class-a,3,4,0.75
2024,boys,800,declared,at_large_standard,redwood-empire,0,4,0.0
2024,boys,800,declared,at_large_standard,tri-valley,1,4,0.25
2024,boys,800,declared,next_best_mark,bay-shore,0,3,0.0
2024,boys,800,declared,next_best_mark,class-a,0,3,0.0
2024,boys,800,declared,next_best_mark,redwood-empire,0,3,0.0
2024,boys,800,declared,next_best_mark,tri-valley,3,3,1.0
2024,boys,800,qualified,at_large_combined,bay-shore,0,12,0.0
2024,boys,800,qualified,at_large_combined,class-a,3,12,0.25
2024,boys,800,qualified,at_large_combined,redwood-empire,2,12,0.1667
2024,boys,800,qualified,at_large_combined,tri-valley,7,12,0.5833
2024,boys,800,qualified,at_large_standard,bay-shore,0,9,0.0
2024,boys,800,qualified,at_large_standard,class-a,3,9,0.3333
2024,boys,800,qualified,at_large_standard,redwood-empire,2,9,0.2222
2024,boys,800,qualified,at_large_standard,tri-valley,4,9,0.4444
2024,boys,800,qualified,next_best_mark,bay-shore,0,3,0.0
2024,boys,800,qualified,next_best_mark,class-a,0,3,0.0
2024,boys,800,qualified,next_best_mark,redwood-empire,0,3,0.0
2024,boys,800,qualified,next_best_mark,tri-valley,3,3,1.0
2024,boys,DT,declared,at_large_combined,bay-shore,0,3,0.0
2024,boys,DT,declared,at_large_combined,class-a,0,3,0.0
2024,boys,DT,declared,at_large_combined,redwood-empire,1,3,0.3333
2024,boys,DT,declared,at_large_combined,tri-valley,2,3,0.6667
2024,boys,DT,declared,at_large_standard,bay-shore,0,0,
2024,boys,DT,declared,at_large_standard,class-a,0,0,
2024,boys,DT,declared,at_large_standard,redwood-empire,0,0,
2024,boys,DT,declared,at_large_standard,tri-valley,0,0,
2024,boys,DT,declared,next_best_mark,bay-shore,0,3,0.0
2024,boys,DT,declared,next_best_mark,class-a,0,3,0.0
2024,boys,DT,declared,next_best_mark,redwood-empire,1,3,0.3333
2024,boys,DT,declared,next_best_mark,tri-valley,2,3,0.6667
2024,boys,DT,qualified,at_large_combined,bay-shore,0,3,0.0
2024,boys,DT,qualified,at_large_combined,class-a,0,3,0.0
2024,boys,DT,qualified,at_large_combined,redwood-empire,1,3,0.3333
2024,boys,DT,qualified,at_large_combined,tri-valley,2,3,0.6667
2024,boys,DT,qualified,at_large_standard,bay-shore,0,0,
2024,boys,DT,qualified,at_large_standard,class-a,0,0,
2024,boys,DT,qualified,at_large_standard,redwood-empire,0,0,
2024,boys,DT,qualified,at_large_standard,tri-valley,0,0,
2024,boys,DT,qualified,next_best_mark,bay-shore,0,3,0.0
2024,boys,DT,qualified,next_best_mark,class-a,0,3,0.0
2024,boys,DT,qualified,next_best_mark,redwood-empire,1,3,0.3333
2024,boys,DT,qualified,next_best_mark,tri-valley,2,3,0.6667
2024,boys,HJ,declared,at_large_combined,bay-shore,0,3,0.0
2024,boys,HJ,declared,at_large_combined,class-a,0,3,0.0
2024,boys,HJ,declared,at_large_combined,redwood-empire,0,3,0.0
2024,boys,HJ,declared,at_large_combined,tri-valley,3,3,1.0
2024,boys,HJ,declared,at_large_standard,bay-shore,0,0,
2024,boys,HJ,declared,at_large_standard,class-a,0,0,
2024,boys,HJ,declared,at_large_standard,redwood-empire,0,0,
2024,boys,HJ,declared,at_large_standard,tri-valley,0,0,
2024,boys,HJ,declared,next_best_mark,bay-shore,0,3,0.0
2024,boys,HJ,declared,next_best_mark,class-a,0,3,0.0
2024,boys,HJ,declared,next_best_mark,redwood-empire,0,3,0.0
2024,boys,HJ,declared,next_best_mark,tri-valley,3,3,1.0
2024,boys,HJ,qualified,at_large_combined,bay-shore,0,3,0.0
2024,boys,HJ,qualified,at_large_combined,class-a,0,3,0.0
2024,boys,HJ,qualified,at_large_combined,redwood-empire,0,3,0.0
2024,boys,HJ,qualified,at_large_combined,tri-valley,3,3,1.0
2024,boys,HJ,qualified,at_large_standard,bay-shore,0,0,
2024,boys,HJ,qualified,at_large_standard,class-a,0,0,
2024,boys,HJ,qualified,at_large_standard,redwood-empire,0,0,
2024,boys,HJ,qualified,at_large_standard,tri-valley,0,0,
2024,boys,HJ,qualified,next_best_mark,bay-shore,0,3,0.0
2024,boys,HJ,qualified,next_best_mark,class-a,0,3,0.0
2024,boys,HJ,qualified,next_best_mark,redwood-empire,0,3,0.0
2024,boys,HJ,qualified,next_best_mark,tri-valley,3,3,1.0
2024,boys,LJ,declared,at_large_combined,bay-shore,3,3,1.0
2024,boys,LJ,declared,at_large_combined,class-a,0,3,0.0
2024,boys,LJ,declared,at_large_combined,redwood-empire,0,3,0.0
2024,boys,LJ,declared,at_large_combined,tri-valley,0,3,0.0
2024,boys,LJ,declared,at_large_standard,bay-shore,0,0,
2024,boys,LJ,declared,at_large_standard,class-a,0,0,
2024,boys,LJ,declared,at_large_standard,redwood-empire,0,0,
2024,boys,LJ,declared,at_large_standard,tri-valley,0,0,
2024,boys,LJ,declared,next_best_mark,bay-shore,3,3,1.0
2024,boys,LJ,declared,next_best_mark,class-a,0,3,0.0
2024,boys,LJ,declared,next_best_mark,redwood-empire,0,3,0.0
2024,boys,LJ,declared,next_best_mark,tri-valley,0,3,0.0
2024,boys,LJ,qualified,at_large_combined,bay-shore,2,3,0.6667
2024,boys,LJ,qualified,at_large_combined,class-a,0,3,0.0
2024,boys,LJ,qualified,at_large_combined,redwood-empire,0,3,0.0
2024,boys,LJ,qualified,at_large_combined,tri-valley,1,3,0.3333
2024,boys,LJ,qualified,at_large_standard,bay-shore,0,0,
2024,boys,LJ,qualified,at_large_standard,class-a,0,0,
2024,boys,LJ,qualified,at_large_standard,redwood-empire,0,0,
2024,boys,LJ,qualified,at_large_standard,tri-valley,0,0,
2024,boys,LJ,qualified,next_best_mark,bay-shore,2,3,0.6667
2024,boys,LJ,qualified,next_best_mark,class-a,0,3,0.0
2024,boys,LJ,qualified,next_best_mark,redwood-empire,0,3,0.0
2024,boys,LJ,qualified,next_best_mark,tri-valley,1,3,0.3333
2024,boys,PV,declared,at_large_combined,bay-shore,0,4,0.0
2024,boys,PV,declared,at_large_combined,class-a,0,4,0.0
2024,boys,PV,declared,at_large_combined,redwood-empire,0,4,0.0
2024,boys,PV,declared,at_large_combined,tri-valley,4,4,1.0
2024,boys,PV,declared,at_large_standard,bay-shore,0,0,
2024,boys,PV,declared,at_large_standard,class-a,0,0,
2024,boys,PV,declared,at_large_standard,redwood-empire,0,0,
2024,boys,PV,declared,at_large_standard,tri-valley,0,0,
2024,boys,PV,declared,next_best_mark,bay-shore,0,4,0.0
2024,boys,PV,declared,next_best_mark,class-a,0,4,0.0
2024,boys,PV,declared,next_best_mark,redwood-empire,0,4,0.0
2024,boys,PV,declared,next_best_mark,tri-valley,4,4,1.0
2024,boys,PV,qualified,at_large_combined,bay-shore,0,4,0.0
2024,boys,PV,qualified,at_large_combined,class-a,0,4,0.0
2024,boys,PV,qualified,at_large_combined,redwood-empire,0,4,0.0
2024,boys,PV,qualified,at_large_combined,tri-valley,4,4,1.0
2024,boys,PV,qualified,at_large_standard,bay-shore,0,0,
2024,boys,PV,qualified,at_large_standard,class-a,0,0,
2024,boys,PV,qualified,at_large_standard,redwood-empire,0,0,
2024,boys,PV,qualified,at_large_standard,tri-valley,0,0,
2024,boys,PV,qualified,next_best_mark,bay-shore,0,4,0.0
2024,boys,PV,qualified,next_best_mark,class-a,0,4,0.0
2024,boys,PV,qualified,next_best_mark,redwood-empire,0,4,0.0
2024,boys,PV,qualified,next_best_mark,tri-valley,4,4,1.0
2024,boys,SP,declared,at_large_combined,bay-shore,1,3,0.3333
2024,boys,SP,declared,at_large_combined,class-a,0,3,0.0
2024,boys,SP,declared,at_large_combined,redwood-empire,2,3,0.6667
2024,boys,SP,declared,at_large_combined,tri-valley,0,3,0.0
2024,boys,SP,declared,at_large_standard,bay-shore,0,0,
2024,boys,SP,declared,at_large_standard,class-a,0,0,
2024,boys,SP,declared,at_large_standard,redwood-empire,0,0,
2024,boys,SP,declared,at_large_standard,tri-valley,0,0,
2024,boys,SP,declared,next_best_mark,bay-shore,1,3,0.3333
2024,boys,SP,declared,next_best_mark,class-a,0,3,0.0
2024,boys,SP,declared,next_best_mark,redwood-empire,2,3,0.6667
2024,boys,SP,declared,next_best_mark,tri-valley,0,3,0.0
2024,boys,SP,qualified,at_large_combined,bay-shore,1,3,0.3333
2024,boys,SP,qualified,at_large_combined,class-a,0,3,0.0
2024,boys,SP,qualified,at_large_combined,redwood-empire,2,3,0.6667
2024,boys,SP,qualified,at_large_combined,tri-valley,0,3,0.0
2024,boys,SP,qualified,at_large_standard,bay-shore,0,0,
2024,boys,SP,qualified,at_large_standard,class-a,0,0,
2024,boys,SP,qualified,at_large_standard,redwood-empire,0,0,
2024,boys,SP,qualified,at_large_standard,tri-valley,0,0,
2024,boys,SP,qualified,next_best_mark,bay-shore,1,3,0.3333
2024,boys,SP,qualified,next_best_mark,class-a,0,3,0.0
2024,boys,SP,qualified,next_best_mark,redwood-empire,2,3,0.6667
2024,boys,SP,qualified,next_best_mark,tri-valley,0,3,0.0
2024,boys,TJ,declared,at_large_combined,bay-shore,2,3,0.6667
2024,boys,TJ,declared,at_large_combined,class-a,0,3,0.0
2024,boys,TJ,declared,at_large_combined,redwood-empire,0,3,0.0
2024,boys,TJ,declared,at_large_combined,tri-valley,1,3,0.3333
2024,boys,TJ,declared,at_large_standard,bay-shore,0,0,
2024,boys,TJ,declared,at_large_standard,class-a,0,0,
2024,boys,TJ,declared,at_large_standard,redwood-empire,0,0,
2024,boys,TJ,declared,at_large_standard,tri-valley,0,0,
2024,boys,TJ,declared,next_best_mark,bay-shore,2,3,0.6667
2024,boys,TJ,declared,next_best_mark,class-a,0,3,0.0
2024,boys,TJ,declared,next_best_mark,redwood-empire,0,3,0.0
2024,boys,TJ,declared,next_best_mark,tri-valley,1,3,0.3333
2024,boys,TJ,qualified,at_large_combined,bay-shore,1,3,0.3333
2024,boys,TJ,qualified,at_large_combined,class-a,0,3,0.0
2024,boys,TJ,qualified,at_large_combined,redwood-empire,0,3,0.0
2024,boys,TJ,qualified,at_large_combined,tri-valley,2,3,0.6667
2024,boys,TJ,qualified,at_large_standard,bay-shore,0,0,
2024,boys,TJ,qualified,at_large_standard,class-a,0,0,
2024,boys,TJ,qualified,at_large_standard,redwood-empire,0,0,
2024,boys,TJ,qualified,at_large_standard,tri-valley,0,0,
2024,boys,TJ,qualified,next_best_mark,bay-shore,1,3,0.3333
2024,boys,TJ,qualified,next_best_mark,class-a,0,3,0.0
2024,boys,TJ,qualified,next_best_mark,redwood-empire,0,3,0.0
2024,boys,TJ,qualified,next_best_mark,tri-valley,2,3,0.6667
2024,girls,100,declared,at_large_combined,bay-shore,0,3,0.0
2024,girls,100,declared,at_large_combined,class-a,0,3,0.0
2024,girls,100,declared,at_large_combined,redwood-empire,0,3,0.0
2024,girls,100,declared,at_large_combined,tri-valley,3,3,1.0
2024,girls,100,declared,at_large_standard,bay-shore,0,0,
2024,girls,100,declared,at_large_standard,class-a,0,0,
2024,girls,100,declared,at_large_standard,redwood-empire,0,0,
2024,girls,100,declared,at_large_standard,tri-valley,0,0,
2024,girls,100,declared,next_best_mark,bay-shore,0,3,0.0
2024,girls,100,declared,next_best_mark,class-a,0,3,0.0
2024,girls,100,declared,next_best_mark,redwood-empire,0,3,0.0
2024,girls,100,declared,next_best_mark,tri-valley,3,3,1.0
2024,girls,100,qualified,at_large_combined,bay-shore,0,3,0.0
2024,girls,100,qualified,at_large_combined,class-a,0,3,0.0
2024,girls,100,qualified,at_large_combined,redwood-empire,0,3,0.0
2024,girls,100,qualified,at_large_combined,tri-valley,3,3,1.0
2024,girls,100,qualified,at_large_standard,bay-shore,0,0,
2024,girls,100,qualified,at_large_standard,class-a,0,0,
2024,girls,100,qualified,at_large_standard,redwood-empire,0,0,
2024,girls,100,qualified,at_large_standard,tri-valley,0,0,
2024,girls,100,qualified,next_best_mark,bay-shore,0,3,0.0
2024,girls,100,qualified,next_best_mark,class-a,0,3,0.0
2024,girls,100,qualified,next_best_mark,redwood-empire,0,3,0.0
2024,girls,100,qualified,next_best_mark,tri-valley,3,3,1.0
2024,girls,100H,declared,at_large_combined,bay-shore,0,3,0.0
2024,girls,100H,declared,at_large_combined,class-a,2,3,0.6667
2024,girls,100H,declared,at_large_combined,redwood-empire,0,3,0.0
2024,girls,100H,declared,at_large_combined,tri-valley,1,3,0.3333
2024,girls,100H,declared,at_large_standard,bay-shore,0,0,
2024,girls,100H,declared,at_large_standard,class-a,0,0,
2024,girls,100H,declared,at_large_standard,redwood-empire,0,0,
2024,girls,100H,declared,at_large_standard,tri-valley,0,0,
2024,girls,100H,declared,next_best_mark,bay-shore,0,3,0.0
2024,girls,100H,declared,next_best_mark,class-a,2,3,0.6667
2024,girls,100H,declared,next_best_mark,redwood-empire,0,3,0.0
2024,girls,100H,declared,next_best_mark,tri-valley,1,3,0.3333
2024,girls,100H,qualified,at_large_combined,bay-shore,0,3,0.0
2024,girls,100H,qualified,at_large_combined,class-a,2,3,0.6667
2024,girls,100H,qualified,at_large_combined,redwood-empire,0,3,0.0
2024,girls,100H,qualified,at_large_combined,tri-valley,1,3,0.3333
2024,girls,100H,qualified,at_large_standard,bay-shore,0,0,
2024,girls,100H,qualified,at_large_standard,class-a,0,0,
2024,girls,100H,qualified,at_large_standard,redwood-empire,0,0,
2024,girls,100H,qualified,at_large_standard,tri-valley,0,0,
2024,girls,100H,qualified,next_best_mark,bay-shore,0,3,0.0
2024,girls,100H,qualified,next_best_mark,class-a,2,3,0.6667
2024,girls,100H,qualified,next_best_mark,redwood-empire,0,3,0.0
2024,girls,100H,qualified,next_best_mark,tri-valley,1,3,0.3333
2024,girls,1600,declared,at_large_combined,bay-shore,0,7,0.0
2024,girls,1600,declared,at_large_combined,class-a,1,7,0.1429
2024,girls,1600,declared,at_large_combined,redwood-empire,0,7,0.0
2024,girls,1600,declared,at_large_combined,tri-valley,6,7,0.8571
2024,girls,1600,declared,at_large_standard,bay-shore,0,4,0.0
2024,girls,1600,declared,at_large_standard,class-a,1,4,0.25
2024,girls,1600,declared,at_large_standard,redwood-empire,0,4,0.0
2024,girls,1600,declared,at_large_standard,tri-valley,3,4,0.75
2024,girls,1600,declared,next_best_mark,bay-shore,0,3,0.0
2024,girls,1600,declared,next_best_mark,class-a,0,3,0.0
2024,girls,1600,declared,next_best_mark,redwood-empire,0,3,0.0
2024,girls,1600,declared,next_best_mark,tri-valley,3,3,1.0
2024,girls,1600,qualified,at_large_combined,bay-shore,0,11,0.0
2024,girls,1600,qualified,at_large_combined,class-a,3,11,0.2727
2024,girls,1600,qualified,at_large_combined,redwood-empire,0,11,0.0
2024,girls,1600,qualified,at_large_combined,tri-valley,8,11,0.7273
2024,girls,1600,qualified,at_large_standard,bay-shore,0,8,0.0
2024,girls,1600,qualified,at_large_standard,class-a,2,8,0.25
2024,girls,1600,qualified,at_large_standard,redwood-empire,0,8,0.0
2024,girls,1600,qualified,at_large_standard,tri-valley,6,8,0.75
2024,girls,1600,qualified,next_best_mark,bay-shore,0,3,0.0
2024,girls,1600,qualified,next_best_mark,class-a,1,3,0.3333
2024,girls,1600,qualified,next_best_mark,redwood-empire,0,3,0.0
2024,girls,1600,qualified,next_best_mark,tri-valley,2,3,0.6667
2024,girls,200,declared,at_large_combined,bay-shore,0,3,0.0
2024,girls,200,declared,at_large_combined,class-a,0,3,0.0
2024,girls,200,declared,at_large_combined,redwood-empire,0,3,0.0
2024,girls,200,declared,at_large_combined,tri-valley,3,3,1.0
2024,girls,200,declared,at_large_standard,bay-shore,0,0,
2024,girls,200,declared,at_large_standard,class-a,0,0,
2024,girls,200,declared,at_large_standard,redwood-empire,0,0,
2024,girls,200,declared,at_large_standard,tri-valley,0,0,
2024,girls,200,declared,next_best_mark,bay-shore,0,3,0.0
2024,girls,200,declared,next_best_mark,class-a,0,3,0.0
2024,girls,200,declared,next_best_mark,redwood-empire,0,3,0.0
2024,girls,200,declared,next_best_mark,tri-valley,3,3,1.0
2024,girls,200,qualified,at_large_combined,bay-shore,0,3,0.0
2024,girls,200,qualified,at_large_combined,class-a,1,3,0.3333
2024,girls,200,qualified,at_large_combined,redwood-empire,0,3,0.0
2024,girls,200,qualified,at_large_combined,tri-valley,2,3,0.6667
2024,girls,200,qualified,at_large_standard,bay-shore,0,0,
2024,girls,200,qualified,at_large_standard,class-a,0,0,
2024,girls,200,qualified,at_large_standard,redwood-empire,0,0,
2024,girls,200,qualified,at_large_standard,tri-valley,0,0,
2024,girls,200,qualified,next_best_mark,bay-shore,0,3,0.0
2024,girls,200,qualified,next_best_mark,class-a,1,3,0.3333
2024,girls,200,qualified,next_best_mark,redwood-empire,0,3,0.0
2024,girls,200,qualified,next_best_mark,tri-valley,2,3,0.6667
2024,girls,300H,declared,at_large_combined,bay-shore,0,3,0.0
2024,girls,300H,declared,at_large_combined,class-a,0,3,0.0
2024,girls,300H,declared,at_large_combined,redwood-empire,0,3,0.0
2024,girls,300H,declared,at_large_combined,tri-valley,3,3,1.0
2024,girls,300H,declared,at_large_standard,bay-shore,0,0,
2024,girls,300H,declared,at_large_standard,class-a,0,0,
2024,girls,300H,declared,at_large_standard,redwood-empire,0,0,
2024,girls,300H,declared,at_large_standard,tri-valley,0,0,
2024,girls,300H,declared,next_best_mark,bay-shore,0,3,0.0
2024,girls,300H,declared,next_best_mark,class-a,0,3,0.0
2024,girls,300H,declared,next_best_mark,redwood-empire,0,3,0.0
2024,girls,300H,declared,next_best_mark,tri-valley,3,3,1.0
2024,girls,300H,qualified,at_large_combined,bay-shore,0,3,0.0
2024,girls,300H,qualified,at_large_combined,class-a,0,3,0.0
2024,girls,300H,qualified,at_large_combined,redwood-empire,0,3,0.0
2024,girls,300H,qualified,at_large_combined,tri-valley,3,3,1.0
2024,girls,300H,qualified,at_large_standard,bay-shore,0,0,
2024,girls,300H,qualified,at_large_standard,class-a,0,0,
2024,girls,300H,qualified,at_large_standard,redwood-empire,0,0,
2024,girls,300H,qualified,at_large_standard,tri-valley,0,0,
2024,girls,300H,qualified,next_best_mark,bay-shore,0,3,0.0
2024,girls,300H,qualified,next_best_mark,class-a,0,3,0.0
2024,girls,300H,qualified,next_best_mark,redwood-empire,0,3,0.0
2024,girls,300H,qualified,next_best_mark,tri-valley,3,3,1.0
2024,girls,3200,declared,at_large_combined,bay-shore,0,3,0.0
2024,girls,3200,declared,at_large_combined,class-a,1,3,0.3333
2024,girls,3200,declared,at_large_combined,redwood-empire,0,3,0.0
2024,girls,3200,declared,at_large_combined,tri-valley,2,3,0.6667
2024,girls,3200,declared,at_large_standard,bay-shore,0,0,
2024,girls,3200,declared,at_large_standard,class-a,0,0,
2024,girls,3200,declared,at_large_standard,redwood-empire,0,0,
2024,girls,3200,declared,at_large_standard,tri-valley,0,0,
2024,girls,3200,declared,next_best_mark,bay-shore,0,3,0.0
2024,girls,3200,declared,next_best_mark,class-a,1,3,0.3333
2024,girls,3200,declared,next_best_mark,redwood-empire,0,3,0.0
2024,girls,3200,declared,next_best_mark,tri-valley,2,3,0.6667
2024,girls,3200,qualified,at_large_combined,bay-shore,0,3,0.0
2024,girls,3200,qualified,at_large_combined,class-a,1,3,0.3333
2024,girls,3200,qualified,at_large_combined,redwood-empire,0,3,0.0
2024,girls,3200,qualified,at_large_combined,tri-valley,2,3,0.6667
2024,girls,3200,qualified,at_large_standard,bay-shore,0,0,
2024,girls,3200,qualified,at_large_standard,class-a,0,0,
2024,girls,3200,qualified,at_large_standard,redwood-empire,0,0,
2024,girls,3200,qualified,at_large_standard,tri-valley,0,0,
2024,girls,3200,qualified,next_best_mark,bay-shore,0,3,0.0
2024,girls,3200,qualified,next_best_mark,class-a,1,3,0.3333
2024,girls,3200,qualified,next_best_mark,redwood-empire,0,3,0.0
2024,girls,3200,qualified,next_best_mark,tri-valley,2,3,0.6667
2024,girls,400,declared,at_large_combined,bay-shore,0,3,0.0
2024,girls,400,declared,at_large_combined,class-a,1,3,0.3333
2024,girls,400,declared,at_large_combined,redwood-empire,0,3,0.0
2024,girls,400,declared,at_large_combined,tri-valley,2,3,0.6667
2024,girls,400,declared,at_large_standard,bay-shore,0,0,
2024,girls,400,declared,at_large_standard,class-a,0,0,
2024,girls,400,declared,at_large_standard,redwood-empire,0,0,
2024,girls,400,declared,at_large_standard,tri-valley,0,0,
2024,girls,400,declared,next_best_mark,bay-shore,0,3,0.0
2024,girls,400,declared,next_best_mark,class-a,1,3,0.3333
2024,girls,400,declared,next_best_mark,redwood-empire,0,3,0.0
2024,girls,400,declared,next_best_mark,tri-valley,2,3,0.6667
2024,girls,400,qualified,at_large_combined,bay-shore,0,4,0.0
2024,girls,400,qualified,at_large_combined,class-a,0,4,0.0
2024,girls,400,qualified,at_large_combined,redwood-empire,0,4,0.0
2024,girls,400,qualified,at_large_combined,tri-valley,4,4,1.0
2024,girls,400,qualified,at_large_standard,bay-shore,0,1,0.0
2024,girls,400,qualified,at_large_standard,class-a,0,1,0.0
2024,girls,400,qualified,at_large_standard,redwood-empire,0,1,0.0
2024,girls,400,qualified,at_large_standard,tri-valley,1,1,1.0
2024,girls,400,qualified,next_best_mark,bay-shore,0,3,0.0
2024,girls,400,qualified,next_best_mark,class-a,0,3,0.0
2024,girls,400,qualified,next_best_mark,redwood-empire,0,3,0.0
2024,girls,400,qualified,next_best_mark,tri-valley,3,3,1.0
2024,girls,4x100,declared,at_large_combined,bay-shore,0,3,0.0
2024,girls,4x100,declared,at_large_combined,class-a,0,3,0.0
2024,girls,4x100,declared,at_large_combined,redwood-empire,0,3,0.0
2024,girls,4x100,declared,at_large_combined,tri-valley,3,3,1.0
2024,girls,4x100,declared,at_large_standard,bay-shore,0,0,
2024,girls,4x100,declared,at_large_standard,class-a,0,0,
2024,girls,4x100,declared,at_large_standard,redwood-empire,0,0,
2024,girls,4x100,declared,at_large_standard,tri-valley,0,0,
2024,girls,4x100,declared,next_best_mark,bay-shore,0,3,0.0
2024,girls,4x100,declared,next_best_mark,class-a,0,3,0.0
2024,girls,4x100,declared,next_best_mark,redwood-empire,0,3,0.0
2024,girls,4x100,declared,next_best_mark,tri-valley,3,3,1.0
2024,girls,4x100,qualified,at_large_combined,bay-shore,0,3,0.0
2024,girls,4x100,qualified,at_large_combined,class-a,0,3,0.0
2024,girls,4x100,qualified,at_large_combined,redwood-empire,0,3,0.0
2024,girls,4x100,qualified,at_large_combined,tri-valley,3,3,1.0
2024,girls,4x100,qualified,at_large_standard,bay-shore,0,0,
2024,girls,4x100,qualified,at_large_standard,class-a,0,0,
2024,girls,4x100,qualified,at_large_standard,redwood-empire,0,0,
2024,girls,4x100,qualified,at_large_standard,tri-valley,0,0,
2024,girls,4x100,qualified,next_best_mark,bay-shore,0,3,0.0
2024,girls,4x100,qualified,next_best_mark,class-a,0,3,0.0
2024,girls,4x100,qualified,next_best_mark,redwood-empire,0,3,0.0
2024,girls,4x100,qualified,next_best_mark,tri-valley,3,3,1.0
2024,girls,4x400,declared,at_large_combined,bay-shore,0,3,0.0
2024,girls,4x400,declared,at_large_combined,class-a,0,3,0.0
2024,girls,4x400,declared,at_large_combined,redwood-empire,0,3,0.0
2024,girls,4x400,declared,at_large_combined,tri-valley,3,3,1.0
2024,girls,4x400,declared,at_large_standard,bay-shore,0,0,
2024,girls,4x400,declared,at_large_standard,class-a,0,0,
2024,girls,4x400,declared,at_large_standard,redwood-empire,0,0,
2024,girls,4x400,declared,at_large_standard,tri-valley,0,0,
2024,girls,4x400,declared,next_best_mark,bay-shore,0,3,0.0
2024,girls,4x400,declared,next_best_mark,class-a,0,3,0.0
2024,girls,4x400,declared,next_best_mark,redwood-empire,0,3,0.0
2024,girls,4x400,declared,next_best_mark,tri-valley,3,3,1.0
2024,girls,4x400,qualified,at_large_combined,bay-shore,0,3,0.0
2024,girls,4x400,qualified,at_large_combined,class-a,0,3,0.0
2024,girls,4x400,qualified,at_large_combined,redwood-empire,0,3,0.0
2024,girls,4x400,qualified,at_large_combined,tri-valley,3,3,1.0
2024,girls,4x400,qualified,at_large_standard,bay-shore,0,0,
2024,girls,4x400,qualified,at_large_standard,class-a,0,0,
2024,girls,4x400,qualified,at_large_standard,redwood-empire,0,0,
2024,girls,4x400,qualified,at_large_standard,tri-valley,0,0,
2024,girls,4x400,qualified,next_best_mark,bay-shore,0,3,0.0
2024,girls,4x400,qualified,next_best_mark,class-a,0,3,0.0
2024,girls,4x400,qualified,next_best_mark,redwood-empire,0,3,0.0
2024,girls,4x400,qualified,next_best_mark,tri-valley,3,3,1.0
2024,girls,800,declared,at_large_combined,bay-shore,0,4,0.0
2024,girls,800,declared,at_large_combined,class-a,0,4,0.0
2024,girls,800,declared,at_large_combined,redwood-empire,0,4,0.0
2024,girls,800,declared,at_large_combined,tri-valley,4,4,1.0
2024,girls,800,declared,at_large_standard,bay-shore,0,1,0.0
2024,girls,800,declared,at_large_standard,class-a,0,1,0.0
2024,girls,800,declared,at_large_standard,redwood-empire,0,1,0.0
2024,girls,800,declared,at_large_standard,tri-valley,1,1,1.0
2024,girls,800,declared,next_best_mark,bay-shore,0,3,0.0
2024,girls,800,declared,next_best_mark,class-a,0,3,0.0
2024,girls,800,declared,next_best_mark,redwood-empire,0,3,0.0
2024,girls,800,declared,next_best_mark,tri-valley,3,3,1.0
2024,girls,800,qualified,at_large_combined,bay-shore,0,7,0.0
2024,girls,800,qualified,at_large_combined,class-a,0,7,0.0
2024,girls,800,qualified,at_large_combined,redwood-empire,0,7,0.0
2024,girls,800,qualified,at_large_combined,tri-valley,7,7,1.0
2024,girls,800,qualified,at_large_standard,bay-shore,0,4,0.0
2024,girls,800,qualified,at_large_standard,class-a,0,4,0.0
2024,girls,800,qualified,at_large_standard,redwood-empire,0,4,0.0
2024,girls,800,qualified,at_large_standard,tri-valley,4,4,1.0
2024,girls,800,qualified,next_best_mark,bay-shore,0,3,0.0
2024,girls,800,qualified,next_best_mark,class-a,0,3,0.0
2024,girls,800,qualified,next_best_mark,redwood-empire,0,3,0.0
2024,girls,800,qualified,next_best_mark,tri-valley,3,3,1.0
2024,girls,DT,declared,at_large_combined,bay-shore,0,2,0.0
2024,girls,DT,declared,at_large_combined,class-a,0,2,0.0
2024,girls,DT,declared,at_large_combined,redwood-empire,0,2,0.0
2024,girls,DT,declared,at_large_combined,tri-valley,2,2,1.0
2024,girls,DT,declared,at_large_standard,bay-shore,0,0,
2024,girls,DT,declared,at_large_standard,class-a,0,0,
2024,girls,DT,declared,at_large_standard,redwood-empire,0,0,
2024,girls,DT,declared,at_large_standard,tri-valley,0,0,
2024,girls,DT,declared,next_best_mark,bay-shore,0,2,0.0
2024,girls,DT,declared,next_best_mark,class-a,0,2,0.0
2024,girls,DT,declared,next_best_mark,redwood-empire,0,2,0.0
2024,girls,DT,declared,next_best_mark,tri-valley,2,2,1.0
2024,girls,DT,qualified,at_large_combined,bay-shore,0,3,0.0
2024,girls,DT,qualified,at_large_combined,class-a,0,3,0.0
2024,girls,DT,qualified,at_large_combined,redwood-empire,0,3,0.0
2024,girls,DT,qualified,at_large_combined,tri-valley,3,3,1.0
2024,girls,DT,qualified,at_large_standard,bay-shore,0,0,
2024,girls,DT,qualified,at_large_standard,class-a,0,0,
2024,girls,DT,qualified,at_large_standard,redwood-empire,0,0,
2024,girls,DT,qualified,at_large_standard,tri-valley,0,0,
2024,girls,DT,qualified,next_best_mark,bay-shore,0,3,0.0
2024,girls,DT,qualified,next_best_mark,class-a,0,3,0.0
2024,girls,DT,qualified,next_best_mark,redwood-empire,0,3,0.0
2024,girls,DT,qualified,next_best_mark,tri-valley,3,3,1.0
2024,girls,HJ,declared,at_large_combined,bay-shore,0,9,0.0
2024,girls,HJ,declared,at_large_combined,class-a,0,9,0.0
2024,girls,HJ,declared,at_large_combined,redwood-empire,7,9,0.7778
2024,girls,HJ,declared,at_large_combined,tri-valley,2,9,0.2222
2024,girls,HJ,declared,at_large_standard,bay-shore,0,0,
2024,girls,HJ,declared,at_large_standard,class-a,0,0,
2024,girls,HJ,declared,at_large_standard,redwood-empire,0,0,
2024,girls,HJ,declared,at_large_standard,tri-valley,0,0,
2024,girls,HJ,declared,next_best_mark,bay-shore,0,9,0.0
2024,girls,HJ,declared,next_best_mark,class-a,0,9,0.0
2024,girls,HJ,declared,next_best_mark,redwood-empire,7,9,0.7778
2024,girls,HJ,declared,next_best_mark,tri-valley,2,9,0.2222
2024,girls,HJ,qualified,at_large_combined,bay-shore,0,4,0.0
2024,girls,HJ,qualified,at_large_combined,class-a,0,4,0.0
2024,girls,HJ,qualified,at_large_combined,redwood-empire,2,4,0.5
2024,girls,HJ,qualified,at_large_combined,tri-valley,2,4,0.5
2024,girls,HJ,qualified,at_large_standard,bay-shore,0,0,
2024,girls,HJ,qualified,at_large_standard,class-a,0,0,
2024,girls,HJ,qualified,at_large_standard,redwood-empire,0,0,
2024,girls,HJ,qualified,at_large_standard,tri-valley,0,0,
2024,girls,HJ,qualified,next_best_mark,bay-shore,0,4,0.0
2024,girls,HJ,qualified,next_best_mark,class-a,0,4,0.0
2024,girls,HJ,qualified,next_best_mark,redwood-empire,2,4,0.5
2024,girls,HJ,qualified,next_best_mark,tri-valley,2,4,0.5
2024,girls,LJ,declared,at_large_combined,bay-shore,3,3,1.0
2024,girls,LJ,declared,at_large_combined,class-a,0,3,0.0
2024,girls,LJ,declared,at_large_combined,redwood-empire,0,3,0.0
2024,girls,LJ,declared,at_large_combined,tri-valley,0,3,0.0
2024,girls,LJ,declared,at_large_standard,bay-shore,0,0,
2024,girls,LJ,declared,at_large_standard,class-a,0,0,
2024,girls,LJ,declared,at_large_standard,redwood-empire,0,0,
2024,girls,LJ,declared,at_large_standard,tri-valley,0,0,
2024,girls,LJ,declared,next_best_mark,bay-shore,3,3,1.0
2024,girls,LJ,declared,next_best_mark,class-a,0,3,0.0
2024,girls,LJ,declared,next_best_mark,redwood-empire,0,3,0.0
2024,girls,LJ,declared,next_best_mark,tri-valley,0,3,0.0
2024,girls,LJ,qualified,at_large_combined,bay-shore,3,3,1.0
2024,girls,LJ,qualified,at_large_combined,class-a,0,3,0.0
2024,girls,LJ,qualified,at_large_combined,redwood-empire,0,3,0.0
2024,girls,LJ,qualified,at_large_combined,tri-valley,0,3,0.0
2024,girls,LJ,qualified,at_large_standard,bay-shore,0,0,
2024,girls,LJ,qualified,at_large_standard,class-a,0,0,
2024,girls,LJ,qualified,at_large_standard,redwood-empire,0,0,
2024,girls,LJ,qualified,at_large_standard,tri-valley,0,0,
2024,girls,LJ,qualified,next_best_mark,bay-shore,3,3,1.0
2024,girls,LJ,qualified,next_best_mark,class-a,0,3,0.0
2024,girls,LJ,qualified,next_best_mark,redwood-empire,0,3,0.0
2024,girls,LJ,qualified,next_best_mark,tri-valley,0,3,0.0
2024,girls,PV,declared,at_large_combined,bay-shore,0,4,0.0
2024,girls,PV,declared,at_large_combined,class-a,0,4,0.0
2024,girls,PV,declared,at_large_combined,redwood-empire,0,4,0.0
2024,girls,PV,declared,at_large_combined,tri-valley,4,4,1.0
2024,girls,PV,declared,at_large_standard,bay-shore,0,0,
2024,girls,PV,declared,at_large_standard,class-a,0,0,
2024,girls,PV,declared,at_large_standard,redwood-empire,0,0,
2024,girls,PV,declared,at_large_standard,tri-valley,0,0,
2024,girls,PV,declared,next_best_mark,bay-shore,0,4,0.0
2024,girls,PV,declared,next_best_mark,class-a,0,4,0.0
2024,girls,PV,declared,next_best_mark,redwood-empire,0,4,0.0
2024,girls,PV,declared,next_best_mark,tri-valley,4,4,1.0
2024,girls,PV,qualified,at_large_combined,bay-shore,0,4,0.0
2024,girls,PV,qualified,at_large_combined,class-a,0,4,0.0
2024,girls,PV,qualified,at_large_combined,redwood-empire,0,4,0.0
2024,girls,PV,qualified,at_large_combined,tri-valley,4,4,1.0
2024,girls,PV,qualified,at_large_standard,bay-shore,0,0,
2024,girls,PV,qualified,at_large_standard,class-a,0,0,
2024,girls,PV,qualified,at_large_standard,redwood-empire,0,0,
2024,girls,PV,qualified,at_large_standard,tri-valley,0,0,
2024,girls,PV,qualified,next_best_mark,bay-shore,0,4,0.0
2024,girls,PV,qualified,next_best_mark,class-a,0,4,0.0
2024,girls,PV,qualified,next_best_mark,redwood-empire,0,4,0.0
2024,girls,PV,qualified,next_best_mark,tri-valley,4,4,1.0
2024,girls,SP,declared,at_large_combined,bay-shore,0,3,0.0
2024,girls,SP,declared,at_large_combined,class-a,0,3,0.0
2024,girls,SP,declared,at_large_combined,redwood-empire,3,3,1.0
2024,girls,SP,declared,at_large_combined,tri-valley,0,3,0.0
2024,girls,SP,declared,at_large_standard,bay-shore,0,0,
2024,girls,SP,declared,at_large_standard,class-a,0,0,
2024,girls,SP,declared,at_large_standard,redwood-empire,0,0,
2024,girls,SP,declared,at_large_standard,tri-valley,0,0,
2024,girls,SP,declared,next_best_mark,bay-shore,0,3,0.0
2024,girls,SP,declared,next_best_mark,class-a,0,3,0.0
2024,girls,SP,declared,next_best_mark,redwood-empire,3,3,1.0
2024,girls,SP,declared,next_best_mark,tri-valley,0,3,0.0
2024,girls,SP,qualified,at_large_combined,bay-shore,0,3,0.0
2024,girls,SP,qualified,at_large_combined,class-a,0,3,0.0
2024,girls,SP,qualified,at_large_combined,redwood-empire,3,3,1.0
2024,girls,SP,qualified,at_large_combined,tri-valley,0,3,0.0
2024,girls,SP,qualified,at_large_standard,bay-shore,0,0,
2024,girls,SP,qualified,at_large_standard,class-a,0,0,
2024,girls,SP,qualified,at_large_standard,redwood-empire,0,0,
2024,girls,SP,qualified,at_large_standard,tri-valley,0,0,
2024,girls,SP,qualified,next_best_mark,bay-shore,0,3,0.0
2024,girls,SP,qualified,next_best_mark,class-a,0,3,0.0
2024,girls,SP,qualified,next_best_mark,redwood-empire,3,3,1.0
2024,girls,SP,qualified,next_best_mark,tri-valley,0,3,0.0
2024,girls,TJ,declared,at_large_combined,bay-shore,2,3,0.6667
2024,girls,TJ,declared,at_large_combined,class-a,0,3,0.0
2024,girls,TJ,declared,at_large_combined,redwood-empire,1,3,0.3333
2024,girls,TJ,declared,at_large_combined,tri-valley,0,3,0.0
2024,girls,TJ,declared,at_large_standard,bay-shore,0,0,
2024,girls,TJ,declared,at_large_standard,class-a,0,0,
2024,girls,TJ,declared,at_large_standard,redwood-empire,0,0,
2024,girls,TJ,declared,at_large_standard,tri-valley,0,0,
2024,girls,TJ,declared,next_best_mark,bay-shore,2,3,0.6667
2024,girls,TJ,declared,next_best_mark,class-a,0,3,0.0
2024,girls,TJ,declared,next_best_mark,redwood-empire,1,3,0.3333
2024,girls,TJ,declared,next_best_mark,tri-valley,0,3,0.0
2024,girls,TJ,qualified,at_large_combined,bay-shore,2,3,0.6667
2024,girls,TJ,qualified,at_large_combined,class-a,0,3,0.0
2024,girls,TJ,qualified,at_large_combined,redwood-empire,1,3,0.3333
2024,girls,TJ,qualified,at_large_combined,tri-valley,0,3,0.0
2024,girls,TJ,qualified,at_large_standard,bay-shore,0,0,
2024,girls,TJ,qualified,at_large_standard,class-a,0,0,
2024,girls,TJ,qualified,at_large_standard,redwood-empire,0,0,
2024,girls,TJ,qualified,at_large_standard,tri-valley,0,0,
2024,girls,TJ,qualified,next_best_mark,bay-shore,2,3,0.6667
2024,girls,TJ,qualified,next_best_mark,class-a,0,3,0.0
2024,girls,TJ,qualified,next_best_mark,redwood-empire,1,3,0.3333
2024,girls,TJ,qualified,next_best_mark,tri-valley,0,3,0.0
2025,boys,100,declared,at_large_combined,bay-shore,1,9,0.1111
2025,boys,100,declared,at_large_combined,class-a,0,9,0.0
2025,boys,100,declared,at_large_combined,redwood-empire,1,9,0.1111
2025,boys,100,declared,at_large_combined,tri-valley,7,9,0.7778
2025,boys,100,declared,at_large_standard,bay-shore,1,6,0.1667
2025,boys,100,declared,at_large_standard,class-a,0,6,0.0
2025,boys,100,declared,at_large_standard,redwood-empire,1,6,0.1667
2025,boys,100,declared,at_large_standard,tri-valley,4,6,0.6667
2025,boys,100,declared,next_best_mark,bay-shore,0,3,0.0
2025,boys,100,declared,next_best_mark,class-a,0,3,0.0
2025,boys,100,declared,next_best_mark,redwood-empire,0,3,0.0
2025,boys,100,declared,next_best_mark,tri-valley,3,3,1.0
2025,boys,100,qualified,at_large_combined,bay-shore,1,10,0.1
2025,boys,100,qualified,at_large_combined,class-a,0,10,0.0
2025,boys,100,qualified,at_large_combined,redwood-empire,2,10,0.2
2025,boys,100,qualified,at_large_combined,tri-valley,7,10,0.7
2025,boys,100,qualified,at_large_standard,bay-shore,1,7,0.1429
2025,boys,100,qualified,at_large_standard,class-a,0,7,0.0
2025,boys,100,qualified,at_large_standard,redwood-empire,2,7,0.2857
2025,boys,100,qualified,at_large_standard,tri-valley,4,7,0.5714
2025,boys,100,qualified,next_best_mark,bay-shore,0,3,0.0
2025,boys,100,qualified,next_best_mark,class-a,0,3,0.0
2025,boys,100,qualified,next_best_mark,redwood-empire,0,3,0.0
2025,boys,100,qualified,next_best_mark,tri-valley,3,3,1.0
2025,boys,110H,declared,at_large_combined,bay-shore,0,3,0.0
2025,boys,110H,declared,at_large_combined,class-a,0,3,0.0
2025,boys,110H,declared,at_large_combined,redwood-empire,0,3,0.0
2025,boys,110H,declared,at_large_combined,tri-valley,3,3,1.0
2025,boys,110H,declared,at_large_standard,bay-shore,0,0,
2025,boys,110H,declared,at_large_standard,class-a,0,0,
2025,boys,110H,declared,at_large_standard,redwood-empire,0,0,
2025,boys,110H,declared,at_large_standard,tri-valley,0,0,
2025,boys,110H,declared,next_best_mark,bay-shore,0,3,0.0
2025,boys,110H,declared,next_best_mark,class-a,0,3,0.0
2025,boys,110H,declared,next_best_mark,redwood-empire,0,3,0.0
2025,boys,110H,declared,next_best_mark,tri-valley,3,3,1.0
2025,boys,110H,qualified,at_large_combined,bay-shore,0,3,0.0
2025,boys,110H,qualified,at_large_combined,class-a,0,3,0.0
2025,boys,110H,qualified,at_large_combined,redwood-empire,0,3,0.0
2025,boys,110H,qualified,at_large_combined,tri-valley,3,3,1.0
2025,boys,110H,qualified,at_large_standard,bay-shore,0,0,
2025,boys,110H,qualified,at_large_standard,class-a,0,0,
2025,boys,110H,qualified,at_large_standard,redwood-empire,0,0,
2025,boys,110H,qualified,at_large_standard,tri-valley,0,0,
2025,boys,110H,qualified,next_best_mark,bay-shore,0,3,0.0
2025,boys,110H,qualified,next_best_mark,class-a,0,3,0.0
2025,boys,110H,qualified,next_best_mark,redwood-empire,0,3,0.0
2025,boys,110H,qualified,next_best_mark,tri-valley,3,3,1.0
2025,boys,1600,declared,at_large_combined,bay-shore,0,3,0.0
2025,boys,1600,declared,at_large_combined,class-a,0,3,0.0
2025,boys,1600,declared,at_large_combined,redwood-empire,1,3,0.3333
2025,boys,1600,declared,at_large_combined,tri-valley,2,3,0.6667
2025,boys,1600,declared,at_large_standard,bay-shore,0,0,
2025,boys,1600,declared,at_large_standard,class-a,0,0,
2025,boys,1600,declared,at_large_standard,redwood-empire,0,0,
2025,boys,1600,declared,at_large_standard,tri-valley,0,0,
2025,boys,1600,declared,next_best_mark,bay-shore,0,3,0.0
2025,boys,1600,declared,next_best_mark,class-a,0,3,0.0
2025,boys,1600,declared,next_best_mark,redwood-empire,1,3,0.3333
2025,boys,1600,declared,next_best_mark,tri-valley,2,3,0.6667
2025,boys,1600,qualified,at_large_combined,bay-shore,0,3,0.0
2025,boys,1600,qualified,at_large_combined,class-a,0,3,0.0
2025,boys,1600,qualified,at_large_combined,redwood-empire,1,3,0.3333
2025,boys,1600,qualified,at_large_combined,tri-valley,2,3,0.6667
2025,boys,1600,qualified,at_large_standard,bay-shore,0,0,
2025,boys,1600,qualified,at_large_standard,class-a,0,0,
2025,boys,1600,qualified,at_large_standard,redwood-empire,0,0,
2025,boys,1600,qualified,at_large_standard,tri-valley,0,0,
2025,boys,1600,qualified,next_best_mark,bay-shore,0,3,0.0
2025,boys,1600,qualified,next_best_mark,class-a,0,3,0.0
2025,boys,1600,qualified,next_best_mark,redwood-empire,1,3,0.3333
2025,boys,1600,qualified,next_best_mark,tri-valley,2,3,0.6667
2025,boys,200,declared,at_large_combined,bay-shore,1,3,0.3333
2025,boys,200,declared,at_large_combined,class-a,0,3,0.0
2025,boys,200,declared,at_large_combined,redwood-empire,1,3,0.3333
2025,boys,200,declared,at_large_combined,tri-valley,1,3,0.3333
2025,boys,200,declared,at_large_standard,bay-shore,0,0,
2025,boys,200,declared,at_large_standard,class-a,0,0,
2025,boys,200,declared,at_large_standard,redwood-empire,0,0,
2025,boys,200,declared,at_large_standard,tri-valley,0,0,
2025,boys,200,declared,next_best_mark,bay-shore,1,3,0.3333
2025,boys,200,declared,next_best_mark,class-a,0,3,0.0
2025,boys,200,declared,next_best_mark,redwood-empire,1,3,0.3333
2025,boys,200,declared,next_best_mark,tri-valley,1,3,0.3333
2025,boys,200,qualified,at_large_combined,bay-shore,1,4,0.25
2025,boys,200,qualified,at_large_combined,class-a,0,4,0.0
2025,boys,200,qualified,at_large_combined,redwood-empire,2,4,0.5
2025,boys,200,qualified,at_large_combined,tri-valley,1,4,0.25
2025,boys,200,qualified,at_large_standard,bay-shore,0,0,
2025,boys,200,qualified,at_large_standard,class-a,0,0,
2025,boys,200,qualified,at_large_standard,redwood-empire,0,0,
2025,boys,200,qualified,at_large_standard,tri-valley,0,0,
2025,boys,200,qualified,next_best_mark,bay-shore,1,4,0.25
2025,boys,200,qualified,next_best_mark,class-a,0,4,0.0
2025,boys,200,qualified,next_best_mark,redwood-empire,2,4,0.5
2025,boys,200,qualified,next_best_mark,tri-valley,1,4,0.25
2025,boys,300H,declared,at_large_combined,bay-shore,0,6,0.0
2025,boys,300H,declared,at_large_combined,class-a,0,6,0.0
2025,boys,300H,declared,at_large_combined,redwood-empire,0,6,0.0
2025,boys,300H,declared,at_large_combined,tri-valley,6,6,1.0
2025,boys,300H,declared,at_large_standard,bay-shore,0,3,0.0
2025,boys,300H,declared,at_large_standard,class-a,0,3,0.0
2025,boys,300H,declared,at_large_standard,redwood-empire,0,3,0.0
2025,boys,300H,declared,at_large_standard,tri-valley,3,3,1.0
2025,boys,300H,declared,next_best_mark,bay-shore,0,3,0.0
2025,boys,300H,declared,next_best_mark,class-a,0,3,0.0
2025,boys,300H,declared,next_best_mark,redwood-empire,0,3,0.0
2025,boys,300H,declared,next_best_mark,tri-valley,3,3,1.0
2025,boys,300H,qualified,at_large_combined,bay-shore,0,6,0.0
2025,boys,300H,qualified,at_large_combined,class-a,0,6,0.0
2025,boys,300H,qualified,at_large_combined,redwood-empire,0,6,0.0
2025,boys,300H,qualified,at_large_combined,tri-valley,6,6,1.0
2025,boys,300H,qualified,at_large_standard,bay-shore,0,3,0.0
2025,boys,300H,qualified,at_large_standard,class-a,0,3,0.0
2025,boys,300H,qualified,at_large_standard,redwood-empire,0,3,0.0
2025,boys,300H,qualified,at_large_standard,tri-valley,3,3,1.0
2025,boys,300H,qualified,next_best_mark,bay-shore,0,3,0.0
2025,boys,300H,qualified,next_best_mark,class-a,0,3,0.0
2025,boys,300H,qualified,next_best_mark,redwood-empire,0,3,0.0
2025,boys,300H,qualified,next_best_mark,tri-valley,3,3,1.0
2025,boys,3200,declared,at_large_combined,bay-shore,0,3,0.0
2025,boys,3200,declared,at_large_combined,class-a,0,3,0.0
2025,boys,3200,declared,at_large_combined,redwood-empire,0,3,0.0
2025,boys,3200,declared,at_large_combined,tri-valley,3,3,1.0
2025,boys,3200,declared,at_large_standard,bay-shore,0,0,
2025,boys,3200,declared,at_large_standard,class-a,0,0,
2025,boys,3200,declared,at_large_standard,redwood-empire,0,0,
2025,boys,3200,declared,at_large_standard,tri-valley,0,0,
2025,boys,3200,declared,next_best_mark,bay-shore,0,3,0.0
2025,boys,3200,declared,next_best_mark,class-a,0,3,0.0
2025,boys,3200,declared,next_best_mark,redwood-empire,0,3,0.0
2025,boys,3200,declared,next_best_mark,tri-valley,3,3,1.0
2025,boys,3200,qualified,at_large_combined,bay-shore,0,3,0.0
2025,boys,3200,qualified,at_large_combined,class-a,0,3,0.0
2025,boys,3200,qualified,at_large_combined,redwood-empire,0,3,0.0
2025,boys,3200,qualified,at_large_combined,tri-valley,3,3,1.0
2025,boys,3200,qualified,at_large_standard,bay-shore,0,0,
2025,boys,3200,qualified,at_large_standard,class-a,0,0,
2025,boys,3200,qualified,at_large_standard,redwood-empire,0,0,
2025,boys,3200,qualified,at_large_standard,tri-valley,0,0,
2025,boys,3200,qualified,next_best_mark,bay-shore,0,3,0.0
2025,boys,3200,qualified,next_best_mark,class-a,0,3,0.0
2025,boys,3200,qualified,next_best_mark,redwood-empire,0,3,0.0
2025,boys,3200,qualified,next_best_mark,tri-valley,3,3,1.0
2025,boys,400,declared,at_large_combined,bay-shore,0,3,0.0
2025,boys,400,declared,at_large_combined,class-a,0,3,0.0
2025,boys,400,declared,at_large_combined,redwood-empire,0,3,0.0
2025,boys,400,declared,at_large_combined,tri-valley,3,3,1.0
2025,boys,400,declared,at_large_standard,bay-shore,0,0,
2025,boys,400,declared,at_large_standard,class-a,0,0,
2025,boys,400,declared,at_large_standard,redwood-empire,0,0,
2025,boys,400,declared,at_large_standard,tri-valley,0,0,
2025,boys,400,declared,next_best_mark,bay-shore,0,3,0.0
2025,boys,400,declared,next_best_mark,class-a,0,3,0.0
2025,boys,400,declared,next_best_mark,redwood-empire,0,3,0.0
2025,boys,400,declared,next_best_mark,tri-valley,3,3,1.0
2025,boys,400,qualified,at_large_combined,bay-shore,0,3,0.0
2025,boys,400,qualified,at_large_combined,class-a,0,3,0.0
2025,boys,400,qualified,at_large_combined,redwood-empire,0,3,0.0
2025,boys,400,qualified,at_large_combined,tri-valley,3,3,1.0
2025,boys,400,qualified,at_large_standard,bay-shore,0,0,
2025,boys,400,qualified,at_large_standard,class-a,0,0,
2025,boys,400,qualified,at_large_standard,redwood-empire,0,0,
2025,boys,400,qualified,at_large_standard,tri-valley,0,0,
2025,boys,400,qualified,next_best_mark,bay-shore,0,3,0.0
2025,boys,400,qualified,next_best_mark,class-a,0,3,0.0
2025,boys,400,qualified,next_best_mark,redwood-empire,0,3,0.0
2025,boys,400,qualified,next_best_mark,tri-valley,3,3,1.0
2025,boys,4x100,declared,at_large_combined,bay-shore,0,3,0.0
2025,boys,4x100,declared,at_large_combined,class-a,0,3,0.0
2025,boys,4x100,declared,at_large_combined,redwood-empire,0,3,0.0
2025,boys,4x100,declared,at_large_combined,tri-valley,3,3,1.0
2025,boys,4x100,declared,at_large_standard,bay-shore,0,0,
2025,boys,4x100,declared,at_large_standard,class-a,0,0,
2025,boys,4x100,declared,at_large_standard,redwood-empire,0,0,
2025,boys,4x100,declared,at_large_standard,tri-valley,0,0,
2025,boys,4x100,declared,next_best_mark,bay-shore,0,3,0.0
2025,boys,4x100,declared,next_best_mark,class-a,0,3,0.0
2025,boys,4x100,declared,next_best_mark,redwood-empire,0,3,0.0
2025,boys,4x100,declared,next_best_mark,tri-valley,3,3,1.0
2025,boys,4x100,qualified,at_large_combined,bay-shore,0,3,0.0
2025,boys,4x100,qualified,at_large_combined,class-a,0,3,0.0
2025,boys,4x100,qualified,at_large_combined,redwood-empire,1,3,0.3333
2025,boys,4x100,qualified,at_large_combined,tri-valley,2,3,0.6667
2025,boys,4x100,qualified,at_large_standard,bay-shore,0,0,
2025,boys,4x100,qualified,at_large_standard,class-a,0,0,
2025,boys,4x100,qualified,at_large_standard,redwood-empire,0,0,
2025,boys,4x100,qualified,at_large_standard,tri-valley,0,0,
2025,boys,4x100,qualified,next_best_mark,bay-shore,0,3,0.0
2025,boys,4x100,qualified,next_best_mark,class-a,0,3,0.0
2025,boys,4x100,qualified,next_best_mark,redwood-empire,1,3,0.3333
2025,boys,4x100,qualified,next_best_mark,tri-valley,2,3,0.6667
2025,boys,4x400,declared,at_large_combined,bay-shore,0,3,0.0
2025,boys,4x400,declared,at_large_combined,class-a,0,3,0.0
2025,boys,4x400,declared,at_large_combined,redwood-empire,0,3,0.0
2025,boys,4x400,declared,at_large_combined,tri-valley,3,3,1.0
2025,boys,4x400,declared,at_large_standard,bay-shore,0,0,
2025,boys,4x400,declared,at_large_standard,class-a,0,0,
2025,boys,4x400,declared,at_large_standard,redwood-empire,0,0,
2025,boys,4x400,declared,at_large_standard,tri-valley,0,0,
2025,boys,4x400,declared,next_best_mark,bay-shore,0,3,0.0
2025,boys,4x400,declared,next_best_mark,class-a,0,3,0.0
2025,boys,4x400,declared,next_best_mark,redwood-empire,0,3,0.0
2025,boys,4x400,declared,next_best_mark,tri-valley,3,3,1.0
2025,boys,4x400,qualified,at_large_combined,bay-shore,0,3,0.0
2025,boys,4x400,qualified,at_large_combined,class-a,0,3,0.0
2025,boys,4x400,qualified,at_large_combined,redwood-empire,0,3,0.0
2025,boys,4x400,qualified,at_large_combined,tri-valley,3,3,1.0
2025,boys,4x400,qualified,at_large_standard,bay-shore,0,0,
2025,boys,4x400,qualified,at_large_standard,class-a,0,0,
2025,boys,4x400,qualified,at_large_standard,redwood-empire,0,0,
2025,boys,4x400,qualified,at_large_standard,tri-valley,0,0,
2025,boys,4x400,qualified,next_best_mark,bay-shore,0,3,0.0
2025,boys,4x400,qualified,next_best_mark,class-a,0,3,0.0
2025,boys,4x400,qualified,next_best_mark,redwood-empire,0,3,0.0
2025,boys,4x400,qualified,next_best_mark,tri-valley,3,3,1.0
2025,boys,800,declared,at_large_combined,bay-shore,0,3,0.0
2025,boys,800,declared,at_large_combined,class-a,0,3,0.0
2025,boys,800,declared,at_large_combined,redwood-empire,2,3,0.6667
2025,boys,800,declared,at_large_combined,tri-valley,1,3,0.3333
2025,boys,800,declared,at_large_standard,bay-shore,0,0,
2025,boys,800,declared,at_large_standard,class-a,0,0,
2025,boys,800,declared,at_large_standard,redwood-empire,0,0,
2025,boys,800,declared,at_large_standard,tri-valley,0,0,
2025,boys,800,declared,next_best_mark,bay-shore,0,3,0.0
2025,boys,800,declared,next_best_mark,class-a,0,3,0.0
2025,boys,800,declared,next_best_mark,redwood-empire,2,3,0.6667
2025,boys,800,declared,next_best_mark,tri-valley,1,3,0.3333
2025,boys,800,qualified,at_large_combined,bay-shore,0,7,0.0
2025,boys,800,qualified,at_large_combined,class-a,0,7,0.0
2025,boys,800,qualified,at_large_combined,redwood-empire,4,7,0.5714
2025,boys,800,qualified,at_large_combined,tri-valley,3,7,0.4286
2025,boys,800,qualified,at_large_standard,bay-shore,0,4,0.0
2025,boys,800,qualified,at_large_standard,class-a,0,4,0.0
2025,boys,800,qualified,at_large_standard,redwood-empire,3,4,0.75
2025,boys,800,qualified,at_large_standard,tri-valley,1,4,0.25
2025,boys,800,qualified,next_best_mark,bay-shore,0,3,0.0
2025,boys,800,qualified,next_best_mark,class-a,0,3,0.0
2025,boys,800,qualified,next_best_mark,redwood-empire,1,3,0.3333
2025,boys,800,qualified,next_best_mark,tri-valley,2,3,0.6667
2025,boys,DT,declared,at_large_combined,bay-shore,0,3,0.0
2025,boys,DT,declared,at_large_combined,class-a,0,3,0.0
2025,boys,DT,declared,at_large_combined,redwood-empire,1,3,0.3333
2025,boys,DT,declared,at_large_combined,tri-valley,2,3,0.6667
2025,boys,DT,declared,at_large_standard,bay-shore,0,0,
2025,boys,DT,declared,at_large_standard,class-a,0,0,
2025,boys,DT,declared,at_large_standard,redwood-empire,0,0,
2025,boys,DT,declared,at_large_standard,tri-valley,0,0,
2025,boys,DT,declared,next_best_mark,bay-shore,0,3,0.0
2025,boys,DT,declared,next_best_mark,class-a,0,3,0.0
2025,boys,DT,declared,next_best_mark,redwood-empire,1,3,0.3333
2025,boys,DT,declared,next_best_mark,tri-valley,2,3,0.6667
2025,boys,DT,qualified,at_large_combined,bay-shore,0,3,0.0
2025,boys,DT,qualified,at_large_combined,class-a,0,3,0.0
2025,boys,DT,qualified,at_large_combined,redwood-empire,1,3,0.3333
2025,boys,DT,qualified,at_large_combined,tri-valley,2,3,0.6667
2025,boys,DT,qualified,at_large_standard,bay-shore,0,0,
2025,boys,DT,qualified,at_large_standard,class-a,0,0,
2025,boys,DT,qualified,at_large_standard,redwood-empire,0,0,
2025,boys,DT,qualified,at_large_standard,tri-valley,0,0,
2025,boys,DT,qualified,next_best_mark,bay-shore,0,3,0.0
2025,boys,DT,qualified,next_best_mark,class-a,0,3,0.0
2025,boys,DT,qualified,next_best_mark,redwood-empire,1,3,0.3333
2025,boys,DT,qualified,next_best_mark,tri-valley,2,3,0.6667
2025,boys,HJ,declared,at_large_combined,bay-shore,0,7,0.0
2025,boys,HJ,declared,at_large_combined,class-a,0,7,0.0
2025,boys,HJ,declared,at_large_combined,redwood-empire,0,7,0.0
2025,boys,HJ,declared,at_large_combined,tri-valley,7,7,1.0
2025,boys,HJ,declared,at_large_standard,bay-shore,0,0,
2025,boys,HJ,declared,at_large_standard,class-a,0,0,
2025,boys,HJ,declared,at_large_standard,redwood-empire,0,0,
2025,boys,HJ,declared,at_large_standard,tri-valley,0,0,
2025,boys,HJ,declared,next_best_mark,bay-shore,0,7,0.0
2025,boys,HJ,declared,next_best_mark,class-a,0,7,0.0
2025,boys,HJ,declared,next_best_mark,redwood-empire,0,7,0.0
2025,boys,HJ,declared,next_best_mark,tri-valley,7,7,1.0
2025,boys,HJ,qualified,at_large_combined,bay-shore,0,7,0.0
2025,boys,HJ,qualified,at_large_combined,class-a,0,7,0.0
2025,boys,HJ,qualified,at_large_combined,redwood-empire,0,7,0.0
2025,boys,HJ,qualified,at_large_combined,tri-valley,7,7,1.0
2025,boys,HJ,qualified,at_large_standard,bay-shore,0,0,
2025,boys,HJ,qualified,at_large_standard,class-a,0,0,
2025,boys,HJ,qualified,at_large_standard,redwood-empire,0,0,
2025,boys,HJ,qualified,at_large_standard,tri-valley,0,0,
2025,boys,HJ,qualified,next_best_mark,bay-shore,0,7,0.0
2025,boys,HJ,qualified,next_best_mark,class-a,0,7,0.0
2025,boys,HJ,qualified,next_best_mark,redwood-empire,0,7,0.0
2025,boys,HJ,qualified,next_best_mark,tri-valley,7,7,1.0
2025,boys,LJ,declared,at_large_combined,bay-shore,0,3,0.0
2025,boys,LJ,declared,at_large_combined,class-a,0,3,0.0
2025,boys,LJ,declared,at_large_combined,redwood-empire,0,3,0.0
2025,boys,LJ,declared,at_large_combined,tri-valley,3,3,1.0
2025,boys,LJ,declared,at_large_standard,bay-shore,0,0,
2025,boys,LJ,declared,at_large_standard,class-a,0,0,
2025,boys,LJ,declared,at_large_standard,redwood-empire,0,0,
2025,boys,LJ,declared,at_large_standard,tri-valley,0,0,
2025,boys,LJ,declared,next_best_mark,bay-shore,0,3,0.0
2025,boys,LJ,declared,next_best_mark,class-a,0,3,0.0
2025,boys,LJ,declared,next_best_mark,redwood-empire,0,3,0.0
2025,boys,LJ,declared,next_best_mark,tri-valley,3,3,1.0
2025,boys,LJ,qualified,at_large_combined,bay-shore,0,3,0.0
2025,boys,LJ,qualified,at_large_combined,class-a,0,3,0.0
2025,boys,LJ,qualified,at_large_combined,redwood-empire,0,3,0.0
2025,boys,LJ,qualified,at_large_combined,tri-valley,3,3,1.0
2025,boys,LJ,qualified,at_large_standard,bay-shore,0,0,
2025,boys,LJ,qualified,at_large_standard,class-a,0,0,
2025,boys,LJ,qualified,at_large_standard,redwood-empire,0,0,
2025,boys,LJ,qualified,at_large_standard,tri-valley,0,0,
2025,boys,LJ,qualified,next_best_mark,bay-shore,0,3,0.0
2025,boys,LJ,qualified,next_best_mark,class-a,0,3,0.0
2025,boys,LJ,qualified,next_best_mark,redwood-empire,0,3,0.0
2025,boys,LJ,qualified,next_best_mark,tri-valley,3,3,1.0
2025,boys,PV,declared,at_large_combined,bay-shore,0,3,0.0
2025,boys,PV,declared,at_large_combined,class-a,0,3,0.0
2025,boys,PV,declared,at_large_combined,redwood-empire,0,3,0.0
2025,boys,PV,declared,at_large_combined,tri-valley,3,3,1.0
2025,boys,PV,declared,at_large_standard,bay-shore,0,0,
2025,boys,PV,declared,at_large_standard,class-a,0,0,
2025,boys,PV,declared,at_large_standard,redwood-empire,0,0,
2025,boys,PV,declared,at_large_standard,tri-valley,0,0,
2025,boys,PV,declared,next_best_mark,bay-shore,0,3,0.0
2025,boys,PV,declared,next_best_mark,class-a,0,3,0.0
2025,boys,PV,declared,next_best_mark,redwood-empire,0,3,0.0
2025,boys,PV,declared,next_best_mark,tri-valley,3,3,1.0
2025,boys,PV,qualified,at_large_combined,bay-shore,0,3,0.0
2025,boys,PV,qualified,at_large_combined,class-a,0,3,0.0
2025,boys,PV,qualified,at_large_combined,redwood-empire,0,3,0.0
2025,boys,PV,qualified,at_large_combined,tri-valley,3,3,1.0
2025,boys,PV,qualified,at_large_standard,bay-shore,0,0,
2025,boys,PV,qualified,at_large_standard,class-a,0,0,
2025,boys,PV,qualified,at_large_standard,redwood-empire,0,0,
2025,boys,PV,qualified,at_large_standard,tri-valley,0,0,
2025,boys,PV,qualified,next_best_mark,bay-shore,0,3,0.0
2025,boys,PV,qualified,next_best_mark,class-a,0,3,0.0
2025,boys,PV,qualified,next_best_mark,redwood-empire,0,3,0.0
2025,boys,PV,qualified,next_best_mark,tri-valley,3,3,1.0
2025,boys,SP,declared,at_large_combined,bay-shore,0,3,0.0
2025,boys,SP,declared,at_large_combined,class-a,0,3,0.0
2025,boys,SP,declared,at_large_combined,redwood-empire,0,3,0.0
2025,boys,SP,declared,at_large_combined,tri-valley,3,3,1.0
2025,boys,SP,declared,at_large_standard,bay-shore,0,0,
2025,boys,SP,declared,at_large_standard,class-a,0,0,
2025,boys,SP,declared,at_large_standard,redwood-empire,0,0,
2025,boys,SP,declared,at_large_standard,tri-valley,0,0,
2025,boys,SP,declared,next_best_mark,bay-shore,0,3,0.0
2025,boys,SP,declared,next_best_mark,class-a,0,3,0.0
2025,boys,SP,declared,next_best_mark,redwood-empire,0,3,0.0
2025,boys,SP,declared,next_best_mark,tri-valley,3,3,1.0
2025,boys,SP,qualified,at_large_combined,bay-shore,0,3,0.0
2025,boys,SP,qualified,at_large_combined,class-a,0,3,0.0
2025,boys,SP,qualified,at_large_combined,redwood-empire,0,3,0.0
2025,boys,SP,qualified,at_large_combined,tri-valley,3,3,1.0
2025,boys,SP,qualified,at_large_standard,bay-shore,0,0,
2025,boys,SP,qualified,at_large_standard,class-a,0,0,
2025,boys,SP,qualified,at_large_standard,redwood-empire,0,0,
2025,boys,SP,qualified,at_large_standard,tri-valley,0,0,
2025,boys,SP,qualified,next_best_mark,bay-shore,0,3,0.0
2025,boys,SP,qualified,next_best_mark,class-a,0,3,0.0
2025,boys,SP,qualified,next_best_mark,redwood-empire,0,3,0.0
2025,boys,SP,qualified,next_best_mark,tri-valley,3,3,1.0
2025,boys,TJ,declared,at_large_combined,bay-shore,0,3,0.0
2025,boys,TJ,declared,at_large_combined,class-a,0,3,0.0
2025,boys,TJ,declared,at_large_combined,redwood-empire,0,3,0.0
2025,boys,TJ,declared,at_large_combined,tri-valley,3,3,1.0
2025,boys,TJ,declared,at_large_standard,bay-shore,0,0,
2025,boys,TJ,declared,at_large_standard,class-a,0,0,
2025,boys,TJ,declared,at_large_standard,redwood-empire,0,0,
2025,boys,TJ,declared,at_large_standard,tri-valley,0,0,
2025,boys,TJ,declared,next_best_mark,bay-shore,0,3,0.0
2025,boys,TJ,declared,next_best_mark,class-a,0,3,0.0
2025,boys,TJ,declared,next_best_mark,redwood-empire,0,3,0.0
2025,boys,TJ,declared,next_best_mark,tri-valley,3,3,1.0
2025,boys,TJ,qualified,at_large_combined,bay-shore,0,3,0.0
2025,boys,TJ,qualified,at_large_combined,class-a,0,3,0.0
2025,boys,TJ,qualified,at_large_combined,redwood-empire,0,3,0.0
2025,boys,TJ,qualified,at_large_combined,tri-valley,3,3,1.0
2025,boys,TJ,qualified,at_large_standard,bay-shore,0,0,
2025,boys,TJ,qualified,at_large_standard,class-a,0,0,
2025,boys,TJ,qualified,at_large_standard,redwood-empire,0,0,
2025,boys,TJ,qualified,at_large_standard,tri-valley,0,0,
2025,boys,TJ,qualified,next_best_mark,bay-shore,0,3,0.0
2025,boys,TJ,qualified,next_best_mark,class-a,0,3,0.0
2025,boys,TJ,qualified,next_best_mark,redwood-empire,0,3,0.0
2025,boys,TJ,qualified,next_best_mark,tri-valley,3,3,1.0
2025,girls,100,declared,at_large_combined,bay-shore,0,4,0.0
2025,girls,100,declared,at_large_combined,class-a,0,4,0.0
2025,girls,100,declared,at_large_combined,redwood-empire,0,4,0.0
2025,girls,100,declared,at_large_combined,tri-valley,4,4,1.0
2025,girls,100,declared,at_large_standard,bay-shore,0,1,0.0
2025,girls,100,declared,at_large_standard,class-a,0,1,0.0
2025,girls,100,declared,at_large_standard,redwood-empire,0,1,0.0
2025,girls,100,declared,at_large_standard,tri-valley,1,1,1.0
2025,girls,100,declared,next_best_mark,bay-shore,0,3,0.0
2025,girls,100,declared,next_best_mark,class-a,0,3,0.0
2025,girls,100,declared,next_best_mark,redwood-empire,0,3,0.0
2025,girls,100,declared,next_best_mark,tri-valley,3,3,1.0
2025,girls,100,qualified,at_large_combined,bay-shore,0,5,0.0
2025,girls,100,qualified,at_large_combined,class-a,0,5,0.0
2025,girls,100,qualified,at_large_combined,redwood-empire,0,5,0.0
2025,girls,100,qualified,at_large_combined,tri-valley,5,5,1.0
2025,girls,100,qualified,at_large_standard,bay-shore,0,2,0.0
2025,girls,100,qualified,at_large_standard,class-a,0,2,0.0
2025,girls,100,qualified,at_large_standard,redwood-empire,0,2,0.0
2025,girls,100,qualified,at_large_standard,tri-valley,2,2,1.0
2025,girls,100,qualified,next_best_mark,bay-shore,0,3,0.0
2025,girls,100,qualified,next_best_mark,class-a,0,3,0.0
2025,girls,100,qualified,next_best_mark,redwood-empire,0,3,0.0
2025,girls,100,qualified,next_best_mark,tri-valley,3,3,1.0
2025,girls,100H,declared,at_large_combined,bay-shore,0,3,0.0
2025,girls,100H,declared,at_large_combined,class-a,2,3,0.6667
2025,girls,100H,declared,at_large_combined,redwood-empire,1,3,0.3333
2025,girls,100H,declared,at_large_combined,tri-valley,0,3,0.0
2025,girls,100H,declared,at_large_standard,bay-shore,0,0,
2025,girls,100H,declared,at_large_standard,class-a,0,0,
2025,girls,100H,declared,at_large_standard,redwood-empire,0,0,
2025,girls,100H,declared,at_large_standard,tri-valley,0,0,
2025,girls,100H,declared,next_best_mark,bay-shore,0,3,0.0
2025,girls,100H,declared,next_best_mark,class-a,2,3,0.6667
2025,girls,100H,declared,next_best_mark,redwood-empire,1,3,0.3333
2025,girls,100H,declared,next_best_mark,tri-valley,0,3,0.0
2025,girls,100H,qualified,at_large_combined,bay-shore,0,3,0.0
2025,girls,100H,qualified,at_large_combined,class-a,2,3,0.6667
2025,girls,100H,qualified,at_large_combined,redwood-empire,1,3,0.3333
2025,girls,100H,qualified,at_large_combined,tri-valley,0,3,0.0
2025,girls,100H,qualified,at_large_standard,bay-shore,0,0,
2025,girls,100H,qualified,at_large_standard,class-a,0,0,
2025,girls,100H,qualified,at_large_standard,redwood-empire,0,0,
2025,girls,100H,qualified,at_large_standard,tri-valley,0,0,
2025,girls,100H,qualified,next_best_mark,bay-shore,0,3,0.0
2025,girls,100H,qualified,next_best_mark,class-a,2,3,0.6667
2025,girls,100H,qualified,next_best_mark,redwood-empire,1,3,0.3333
2025,girls,100H,qualified,next_best_mark,tri-valley,0,3,0.0
2025,girls,1600,declared,at_large_combined,bay-shore,0,3,0.0
2025,girls,1600,declared,at_large_combined,class-a,0,3,0.0
2025,girls,1600,declared,at_large_combined,redwood-empire,3,3,1.0
2025,girls,1600,declared,at_large_combined,tri-valley,0,3,0.0
2025,girls,1600,declared,at_large_standard,bay-shore,0,0,
2025,girls,1600,declared,at_large_standard,class-a,0,0,
2025,girls,1600,declared,at_large_standard,redwood-empire,0,0,
2025,girls,1600,declared,at_large_standard,tri-valley,0,0,
2025,girls,1600,declared,next_best_mark,bay-shore,0,3,0.0
2025,girls,1600,declared,next_best_mark,class-a,0,3,0.0
2025,girls,1600,declared,next_best_mark,redwood-empire,3,3,1.0
2025,girls,1600,declared,next_best_mark,tri-valley,0,3,0.0
2025,girls,1600,qualified,at_large_combined,bay-shore,0,7,0.0
2025,girls,1600,qualified,at_large_combined,class-a,0,7,0.0
2025,girls,1600,qualified,at_large_combined,redwood-empire,3,7,0.4286
2025,girls,1600,qualified,at_large_combined,tri-valley,4,7,0.5714
2025,girls,1600,qualified,at_large_standard,bay-shore,0,4,0.0
2025,girls,1600,qualified,at_large_standard,class-a,0,4,0.0
2025,girls,1600,qualified,at_large_standard,redwood-empire,1,4,0.25
2025,girls,1600,qualified,at_large_standard,tri-valley,3,4,0.75
2025,girls,1600,qualified,next_best_mark,bay-shore,0,3,0.0
2025,girls,1600,qualified,next_best_mark,class-a,0,3,0.0
2025,girls,1600,qualified,next_best_mark,redwood-empire,2,3,0.6667
2025,girls,1600,qualified,next_best_mark,tri-valley,1,3,0.3333
2025,girls,200,declared,at_large_combined,bay-shore,0,6,0.0
2025,girls,200,declared,at_large_combined,class-a,1,6,0.1667
2025,girls,200,declared,at_large_combined,redwood-empire,0,6,0.0
2025,girls,200,declared,at_large_combined,tri-valley,5,6,0.8333
2025,girls,200,declared,at_large_standard,bay-shore,0,3,0.0
2025,girls,200,declared,at_large_standard,class-a,1,3,0.3333
2025,girls,200,declared,at_large_standard,redwood-empire,0,3,0.0
2025,girls,200,declared,at_large_standard,tri-valley,2,3,0.6667
2025,girls,200,declared,next_best_mark,bay-shore,0,3,0.0
2025,girls,200,declared,next_best_mark,class-a,0,3,0.0
2025,girls,200,declared,next_best_mark,redwood-empire,0,3,0.0
2025,girls,200,declared,next_best_mark,tri-valley,3,3,1.0
2025,girls,200,qualified,at_large_combined,bay-shore,0,7,0.0
2025,girls,200,qualified,at_large_combined,class-a,1,7,0.1429
2025,girls,200,qualified,at_large_combined,redwood-empire,0,7,0.0
2025,girls,200,qualified,at_large_combined,tri-valley,6,7,0.8571
2025,girls,200,qualified,at_large_standard,bay-shore,0,4,0.0
2025,girls,200,qualified,at_large_standard,class-a,1,4,0.25
2025,girls,200,qualified,at_large_standard,redwood-empire,0,4,0.0
2025,girls,200,qualified,at_large_standard,tri-valley,3,4,0.75
2025,girls,200,qualified,next_best_mark,bay-shore,0,3,0.0
2025,girls,200,qualified,next_best_mark,class-a,0,3,0.0
2025,girls,200,qualified,next_best_mark,redwood-empire,0,3,0.0
2025,girls,200,qualified,next_best_mark,tri-valley,3,3,1.0
2025,girls,300H,declared,at_large_combined,bay-shore,0,3,0.0
2025,girls,300H,declared,at_large_combined,class-a,0,3,0.0
2025,girls,300H,declared,at_large_combined,redwood-empire,0,3,0.0
2025,girls,300H,declared,at_large_combined,tri-valley,3,3,1.0
2025,girls,300H,declared,at_large_standard,bay-shore,0,0,
2025,girls,300H,declared,at_large_standard,class-a,0,0,
2025,girls,300H,declared,at_large_standard,redwood-empire,0,0,
2025,girls,300H,declared,at_large_standard,tri-valley,0,0,
2025,girls,300H,declared,next_best_mark,bay-shore,0,3,0.0
2025,girls,300H,declared,next_best_mark,class-a,0,3,0.0
2025,girls,300H,declared,next_best_mark,redwood-empire,0,3,0.0
2025,girls,300H,declared,next_best_mark,tri-valley,3,3,1.0
2025,girls,300H,qualified,at_large_combined,bay-shore,0,3,0.0
2025,girls,300H,qualified,at_large_combined,class-a,0,3,0.0
2025,girls,300H,qualified,at_large_combined,redwood-empire,0,3,0.0
2025,girls,300H,qualified,at_large_combined,tri-valley,3,3,1.0
2025,girls,300H,qualified,at_large_standard,bay-shore,0,0,
2025,girls,300H,qualified,at_large_standard,class-a,0,0,
2025,girls,300H,qualified,at_large_standard,redwood-empire,0,0,
2025,girls,300H,qualified,at_large_standard,tri-valley,0,0,
2025,girls,300H,qualified,next_best_mark,bay-shore,0,3,0.0
2025,girls,300H,qualified,next_best_mark,class-a,0,3,0.0
2025,girls,300H,qualified,next_best_mark,redwood-empire,0,3,0.0
2025,girls,300H,qualified,next_best_mark,tri-valley,3,3,1.0
2025,girls,3200,declared,at_large_combined,bay-shore,0,3,0.0
2025,girls,3200,declared,at_large_combined,class-a,0,3,0.0
2025,girls,3200,declared,at_large_combined,redwood-empire,2,3,0.6667
2025,girls,3200,declared,at_large_combined,tri-valley,1,3,0.3333
2025,girls,3200,declared,at_large_standard,bay-shore,0,0,
2025,girls,3200,declared,at_large_standard,class-a,0,0,
2025,girls,3200,declared,at_large_standard,redwood-empire,0,0,
2025,girls,3200,declared,at_large_standard,tri-valley,0,0,
2025,girls,3200,declared,next_best_mark,bay-shore,0,3,0.0
2025,girls,3200,declared,next_best_mark,class-a,0,3,0.0
2025,girls,3200,declared,next_best_mark,redwood-empire,2,3,0.6667
2025,girls,3200,declared,next_best_mark,tri-valley,1,3,0.3333
2025,girls,3200,qualified,at_large_combined,bay-shore,0,3,0.0
2025,girls,3200,qualified,at_large_combined,class-a,0,3,0.0
2025,girls,3200,qualified,at_large_combined,redwood-empire,2,3,0.6667
2025,girls,3200,qualified,at_large_combined,tri-valley,1,3,0.3333
2025,girls,3200,qualified,at_large_standard,bay-shore,0,0,
2025,girls,3200,qualified,at_large_standard,class-a,0,0,
2025,girls,3200,qualified,at_large_standard,redwood-empire,0,0,
2025,girls,3200,qualified,at_large_standard,tri-valley,0,0,
2025,girls,3200,qualified,next_best_mark,bay-shore,0,3,0.0
2025,girls,3200,qualified,next_best_mark,class-a,0,3,0.0
2025,girls,3200,qualified,next_best_mark,redwood-empire,2,3,0.6667
2025,girls,3200,qualified,next_best_mark,tri-valley,1,3,0.3333
2025,girls,400,declared,at_large_combined,bay-shore,0,3,0.0
2025,girls,400,declared,at_large_combined,class-a,0,3,0.0
2025,girls,400,declared,at_large_combined,redwood-empire,0,3,0.0
2025,girls,400,declared,at_large_combined,tri-valley,3,3,1.0
2025,girls,400,declared,at_large_standard,bay-shore,0,0,
2025,girls,400,declared,at_large_standard,class-a,0,0,
2025,girls,400,declared,at_large_standard,redwood-empire,0,0,
2025,girls,400,declared,at_large_standard,tri-valley,0,0,
2025,girls,400,declared,next_best_mark,bay-shore,0,3,0.0
2025,girls,400,declared,next_best_mark,class-a,0,3,0.0
2025,girls,400,declared,next_best_mark,redwood-empire,0,3,0.0
2025,girls,400,declared,next_best_mark,tri-valley,3,3,1.0
2025,girls,400,qualified,at_large_combined,bay-shore,0,6,0.0
2025,girls,400,qualified,at_large_combined,class-a,1,6,0.1667
2025,girls,400,qualified,at_large_combined,redwood-empire,0,6,0.0
2025,girls,400,qualified,at_large_combined,tri-valley,5,6,0.8333
2025,girls,400,qualified,at_large_standard,bay-shore,0,3,0.0
2025,girls,400,qualified,at_large_standard,class-a,1,3,0.3333
2025,girls,400,qualified,at_large_standard,redwood-empire,0,3,0.0
2025,girls,400,qualified,at_large_standard,tri-valley,2,3,0.6667
2025,girls,400,qualified,next_best_mark,bay-shore,0,3,0.0
2025,girls,400,qualified,next_best_mark,class-a,0,3,0.0
2025,girls,400,qualified,next_best_mark,redwood-empire,0,3,0.0
2025,girls,400,qualified,next_best_mark,tri-valley,3,3,1.0
2025,girls,4x100,declared,at_large_combined,bay-shore,1,3,0.3333
2025,girls,4x100,declared,at_large_combined,class-a,0,3,0.0
2025,girls,4x100,declared,at_large_combined,redwood-empire,0,3,0.0
2025,girls,4x100,declared,at_large_combined,tri-valley,2,3,0.6667
2025,girls,4x100,declared,at_large_standard,bay-shore,0,0,
2025,girls,4x100,declared,at_large_standard,class-a,0,0,
2025,girls,4x100,declared,at_large_standard,redwood-empire,0,0,
2025,girls,4x100,declared,at_large_standard,tri-valley,0,0,
2025,girls,4x100,declared,next_best_mark,bay-shore,1,3,0.3333
2025,girls,4x100,declared,next_best_mark,class-a,0,3,0.0
2025,girls,4x100,declared,next_best_mark,redwood-empire,0,3,0.0
2025,girls,4x100,declared,next_best_mark,tri-valley,2,3,0.6667
2025,girls,4x100,qualified,at_large_combined,bay-shore,1,3,0.3333
2025,girls,4x100,qualified,at_large_combined,class-a,0,3,0.0
2025,girls,4x100,qualified,at_large_combined,redwood-empire,0,3,0.0
2025,girls,4x100,qualified,at_large_combined,tri-valley,2,3,0.6667
2025,girls,4x100,qualified,at_large_standard,bay-shore,0,0,
2025,girls,4x100,qualified,at_large_standard,class-a,0,0,
2025,girls,4x100,qualified,at_large_standard,redwood-empire,0,0,
2025,girls,4x100,qualified,at_large_standard,tri-valley,0,0,
2025,girls,4x100,qualified,next_best_mark,bay-shore,1,3,0.3333
2025,girls,4x100,qualified,next_best_mark,class-a,0,3,0.0
2025,girls,4x100,qualified,next_best_mark,redwood-empire,0,3,0.0
2025,girls,4x100,qualified,next_best_mark,tri-valley,2,3,0.6667
2025,girls,4x400,declared,at_large_combined,bay-shore,0,3,0.0
2025,girls,4x400,declared,at_large_combined,class-a,1,3,0.3333
2025,girls,4x400,declared,at_large_combined,redwood-empire,0,3,0.0
2025,girls,4x400,declared,at_large_combined,tri-valley,2,3,0.6667
2025,girls,4x400,declared,at_large_standard,bay-shore,0,0,
2025,girls,4x400,declared,at_large_standard,class-a,0,0,
2025,girls,4x400,declared,at_large_standard,redwood-empire,0,0,
2025,girls,4x400,declared,at_large_standard,tri-valley,0,0,
2025,girls,4x400,declared,next_best_mark,bay-shore,0,3,0.0
2025,girls,4x400,declared,next_best_mark,class-a,1,3,0.3333
2025,girls,4x400,declared,next_best_mark,redwood-empire,0,3,0.0
2025,girls,4x400,declared,next_best_mark,tri-valley,2,3,0.6667
2025,girls,4x400,qualified,at_large_combined,bay-shore,0,3,0.0
2025,girls,4x400,qualified,at_large_combined,class-a,1,3,0.3333
2025,girls,4x400,qualified,at_large_combined,redwood-empire,0,3,0.0
2025,girls,4x400,qualified,at_large_combined,tri-valley,2,3,0.6667
2025,girls,4x400,qualified,at_large_standard,bay-shore,0,0,
2025,girls,4x400,qualified,at_large_standard,class-a,0,0,
2025,girls,4x400,qualified,at_large_standard,redwood-empire,0,0,
2025,girls,4x400,qualified,at_large_standard,tri-valley,0,0,
2025,girls,4x400,qualified,next_best_mark,bay-shore,0,3,0.0
2025,girls,4x400,qualified,next_best_mark,class-a,1,3,0.3333
2025,girls,4x400,qualified,next_best_mark,redwood-empire,0,3,0.0
2025,girls,4x400,qualified,next_best_mark,tri-valley,2,3,0.6667
2025,girls,800,declared,at_large_combined,bay-shore,0,3,0.0
2025,girls,800,declared,at_large_combined,class-a,2,3,0.6667
2025,girls,800,declared,at_large_combined,redwood-empire,0,3,0.0
2025,girls,800,declared,at_large_combined,tri-valley,1,3,0.3333
2025,girls,800,declared,at_large_standard,bay-shore,0,0,
2025,girls,800,declared,at_large_standard,class-a,0,0,
2025,girls,800,declared,at_large_standard,redwood-empire,0,0,
2025,girls,800,declared,at_large_standard,tri-valley,0,0,
2025,girls,800,declared,next_best_mark,bay-shore,0,3,0.0
2025,girls,800,declared,next_best_mark,class-a,2,3,0.6667
2025,girls,800,declared,next_best_mark,redwood-empire,0,3,0.0
2025,girls,800,declared,next_best_mark,tri-valley,1,3,0.3333
2025,girls,800,qualified,at_large_combined,bay-shore,0,5,0.0
2025,girls,800,qualified,at_large_combined,class-a,3,5,0.6
2025,girls,800,qualified,at_large_combined,redwood-empire,0,5,0.0
2025,girls,800,qualified,at_large_combined,tri-valley,2,5,0.4
2025,girls,800,qualified,at_large_standard,bay-shore,0,2,0.0
2025,girls,800,qualified,at_large_standard,class-a,1,2,0.5
2025,girls,800,qualified,at_large_standard,redwood-empire,0,2,0.0
2025,girls,800,qualified,at_large_standard,tri-valley,1,2,0.5
2025,girls,800,qualified,next_best_mark,bay-shore,0,3,0.0
2025,girls,800,qualified,next_best_mark,class-a,2,3,0.6667
2025,girls,800,qualified,next_best_mark,redwood-empire,0,3,0.0
2025,girls,800,qualified,next_best_mark,tri-valley,1,3,0.3333
2025,girls,DT,declared,at_large_combined,bay-shore,0,4,0.0
2025,girls,DT,declared,at_large_combined,class-a,0,4,0.0
2025,girls,DT,declared,at_large_combined,redwood-empire,3,4,0.75
2025,girls,DT,declared,at_large_combined,tri-valley,1,4,0.25
2025,girls,DT,declared,at_large_standard,bay-shore,0,1,0.0
2025,girls,DT,declared,at_large_standard,class-a,0,1,0.0
2025,girls,DT,declared,at_large_standard,redwood-empire,1,1,1.0
2025,girls,DT,declared,at_large_standard,tri-valley,0,1,0.0
2025,girls,DT,declared,next_best_mark,bay-shore,0,3,0.0
2025,girls,DT,declared,next_best_mark,class-a,0,3,0.0
2025,girls,DT,declared,next_best_mark,redwood-empire,2,3,0.6667
2025,girls,DT,declared,next_best_mark,tri-valley,1,3,0.3333
2025,girls,DT,qualified,at_large_combined,bay-shore,0,4,0.0
2025,girls,DT,qualified,at_large_combined,class-a,0,4,0.0
2025,girls,DT,qualified,at_large_combined,redwood-empire,3,4,0.75
2025,girls,DT,qualified,at_large_combined,tri-valley,1,4,0.25
2025,girls,DT,qualified,at_large_standard,bay-shore,0,1,0.0
2025,girls,DT,qualified,at_large_standard,class-a,0,1,0.0
2025,girls,DT,qualified,at_large_standard,redwood-empire,1,1,1.0
2025,girls,DT,qualified,at_large_standard,tri-valley,0,1,0.0
2025,girls,DT,qualified,next_best_mark,bay-shore,0,3,0.0
2025,girls,DT,qualified,next_best_mark,class-a,0,3,0.0
2025,girls,DT,qualified,next_best_mark,redwood-empire,2,3,0.6667
2025,girls,DT,qualified,next_best_mark,tri-valley,1,3,0.3333
2025,girls,HJ,declared,at_large_combined,bay-shore,0,4,0.0
2025,girls,HJ,declared,at_large_combined,class-a,1,4,0.25
2025,girls,HJ,declared,at_large_combined,redwood-empire,0,4,0.0
2025,girls,HJ,declared,at_large_combined,tri-valley,3,4,0.75
2025,girls,HJ,declared,at_large_standard,bay-shore,0,0,
2025,girls,HJ,declared,at_large_standard,class-a,0,0,
2025,girls,HJ,declared,at_large_standard,redwood-empire,0,0,
2025,girls,HJ,declared,at_large_standard,tri-valley,0,0,
2025,girls,HJ,declared,next_best_mark,bay-shore,0,4,0.0
2025,girls,HJ,declared,next_best_mark,class-a,1,4,0.25
2025,girls,HJ,declared,next_best_mark,redwood-empire,0,4,0.0
2025,girls,HJ,declared,next_best_mark,tri-valley,3,4,0.75
2025,girls,HJ,qualified,at_large_combined,bay-shore,0,4,0.0
2025,girls,HJ,qualified,at_large_combined,class-a,1,4,0.25
2025,girls,HJ,qualified,at_large_combined,redwood-empire,0,4,0.0
2025,girls,HJ,qualified,at_large_combined,tri-valley,3,4,0.75
2025,girls,HJ,qualified,at_large_standard,bay-shore,0,0,
2025,girls,HJ,qualified,at_large_standard,class-a,0,0,
2025,girls,HJ,qualified,at_large_standard,redwood-empire,0,0,
2025,girls,HJ,qualified,at_large_standard,tri-valley,0,0,
2025,girls,HJ,qualified,next_best_mark,bay-shore,0,4,0.0
2025,girls,HJ,qualified,next_best_mark,class-a,1,4,0.25
2025,girls,HJ,qualified,next_best_mark,redwood-empire,0,4,0.0
2025,girls,HJ,qualified,next_best_mark,tri-valley,3,4,0.75
2025,girls,LJ,declared,at_large_combined,bay-shore,1,3,0.3333
2025,girls,LJ,declared,at_large_combined,class-a,0,3,0.0
2025,girls,LJ,declared,at_large_combined,redwood-empire,0,3,0.0
2025,girls,LJ,declared,at_large_combined,tri-valley,2,3,0.6667
2025,girls,LJ,declared,at_large_standard,bay-shore,0,0,
2025,girls,LJ,declared,at_large_standard,class-a,0,0,
2025,girls,LJ,declared,at_large_standard,redwood-empire,0,0,
2025,girls,LJ,declared,at_large_standard,tri-valley,0,0,
2025,girls,LJ,declared,next_best_mark,bay-shore,1,3,0.3333
2025,girls,LJ,declared,next_best_mark,class-a,0,3,0.0
2025,girls,LJ,declared,next_best_mark,redwood-empire,0,3,0.0
2025,girls,LJ,declared,next_best_mark,tri-valley,2,3,0.6667
2025,girls,LJ,qualified,at_large_combined,bay-shore,1,3,0.3333
2025,girls,LJ,qualified,at_large_combined,class-a,0,3,0.0
2025,girls,LJ,qualified,at_large_combined,redwood-empire,0,3,0.0
2025,girls,LJ,qualified,at_large_combined,tri-valley,2,3,0.6667
2025,girls,LJ,qualified,at_large_standard,bay-shore,0,0,
2025,girls,LJ,qualified,at_large_standard,class-a,0,0,
2025,girls,LJ,qualified,at_large_standard,redwood-empire,0,0,
2025,girls,LJ,qualified,at_large_standard,tri-valley,0,0,
2025,girls,LJ,qualified,next_best_mark,bay-shore,1,3,0.3333
2025,girls,LJ,qualified,next_best_mark,class-a,0,3,0.0
2025,girls,LJ,qualified,next_best_mark,redwood-empire,0,3,0.0
2025,girls,LJ,qualified,next_best_mark,tri-valley,2,3,0.6667
2025,girls,PV,declared,at_large_combined,bay-shore,0,2,0.0
2025,girls,PV,declared,at_large_combined,class-a,0,2,0.0
2025,girls,PV,declared,at_large_combined,redwood-empire,1,2,0.5
2025,girls,PV,declared,at_large_combined,tri-valley,1,2,0.5
2025,girls,PV,declared,at_large_standard,bay-shore,0,0,
2025,girls,PV,declared,at_large_standard,class-a,0,0,
2025,girls,PV,declared,at_large_standard,redwood-empire,0,0,
2025,girls,PV,declared,at_large_standard,tri-valley,0,0,
2025,girls,PV,declared,next_best_mark,bay-shore,0,2,0.0
2025,girls,PV,declared,next_best_mark,class-a,0,2,0.0
2025,girls,PV,declared,next_best_mark,redwood-empire,1,2,0.5
2025,girls,PV,declared,next_best_mark,tri-valley,1,2,0.5
2025,girls,PV,qualified,at_large_combined,bay-shore,0,3,0.0
2025,girls,PV,qualified,at_large_combined,class-a,0,3,0.0
2025,girls,PV,qualified,at_large_combined,redwood-empire,1,3,0.3333
2025,girls,PV,qualified,at_large_combined,tri-valley,2,3,0.6667
2025,girls,PV,qualified,at_large_standard,bay-shore,0,0,
2025,girls,PV,qualified,at_large_standard,class-a,0,0,
2025,girls,PV,qualified,at_large_standard,redwood-empire,0,0,
2025,girls,PV,qualified,at_large_standard,tri-valley,0,0,
2025,girls,PV,qualified,next_best_mark,bay-shore,0,3,0.0
2025,girls,PV,qualified,next_best_mark,class-a,0,3,0.0
2025,girls,PV,qualified,next_best_mark,redwood-empire,1,3,0.3333
2025,girls,PV,qualified,next_best_mark,tri-valley,2,3,0.6667
2025,girls,SP,declared,at_large_combined,bay-shore,0,3,0.0
2025,girls,SP,declared,at_large_combined,class-a,0,3,0.0
2025,girls,SP,declared,at_large_combined,redwood-empire,1,3,0.3333
2025,girls,SP,declared,at_large_combined,tri-valley,2,3,0.6667
2025,girls,SP,declared,at_large_standard,bay-shore,0,0,
2025,girls,SP,declared,at_large_standard,class-a,0,0,
2025,girls,SP,declared,at_large_standard,redwood-empire,0,0,
2025,girls,SP,declared,at_large_standard,tri-valley,0,0,
2025,girls,SP,declared,next_best_mark,bay-shore,0,3,0.0
2025,girls,SP,declared,next_best_mark,class-a,0,3,0.0
2025,girls,SP,declared,next_best_mark,redwood-empire,1,3,0.3333
2025,girls,SP,declared,next_best_mark,tri-valley,2,3,0.6667
2025,girls,SP,qualified,at_large_combined,bay-shore,0,3,0.0
2025,girls,SP,qualified,at_large_combined,class-a,0,3,0.0
2025,girls,SP,qualified,at_large_combined,redwood-empire,1,3,0.3333
2025,girls,SP,qualified,at_large_combined,tri-valley,2,3,0.6667
2025,girls,SP,qualified,at_large_standard,bay-shore,0,0,
2025,girls,SP,qualified,at_large_standard,class-a,0,0,
2025,girls,SP,qualified,at_large_standard,redwood-empire,0,0,
2025,girls,SP,qualified,at_large_standard,tri-valley,0,0,
2025,girls,SP,qualified,next_best_mark,bay-shore,0,3,0.0
2025,girls,SP,qualified,next_best_mark,class-a,0,3,0.0
2025,girls,SP,qualified,next_best_mark,redwood-empire,1,3,0.3333
2025,girls,SP,qualified,next_best_mark,tri-valley,2,3,0.6667
2025,girls,TJ,declared,at_large_combined,bay-shore,1,3,0.3333
2025,girls,TJ,declared,at_large_combined,class-a,0,3,0.0
2025,girls,TJ,declared,at_large_combined,redwood-empire,0,3,0.0
2025,girls,TJ,declared,at_large_combined,tri-valley,2,3,0.6667
2025,girls,TJ,declared,at_large_standard,bay-shore,0,0,
2025,girls,TJ,declared,at_large_standard,class-a,0,0,
2025,girls,TJ,declared,at_large_standard,redwood-empire,0,0,
2025,girls,TJ,declared,at_large_standard,tri-valley,0,0,
2025,girls,TJ,declared,next_best_mark,bay-shore,1,3,0.3333
2025,girls,TJ,declared,next_best_mark,class-a,0,3,0.0
2025,girls,TJ,declared,next_best_mark,redwood-empire,0,3,0.0
2025,girls,TJ,declared,next_best_mark,tri-valley,2,3,0.6667
2025,girls,TJ,qualified,at_large_combined,bay-shore,1,3,0.3333
2025,girls,TJ,qualified,at_large_combined,class-a,0,3,0.0
2025,girls,TJ,qualified,at_large_combined,redwood-empire,0,3,0.0
2025,girls,TJ,qualified,at_large_combined,tri-valley,2,3,0.6667
2025,girls,TJ,qualified,at_large_standard,bay-shore,0,0,
2025,girls,TJ,qualified,at_large_standard,class-a,0,0,
2025,girls,TJ,qualified,at_large_standard,redwood-empire,0,0,
2025,girls,TJ,qualified,at_large_standard,tri-valley,0,0,
2025,girls,TJ,qualified,next_best_mark,bay-shore,1,3,0.3333
2025,girls,TJ,qualified,next_best_mark,class-a,0,3,0.0
2025,girls,TJ,qualified,next_best_mark,redwood-empire,0,3,0.0
2025,girls,TJ,qualified,next_best_mark,tri-valley,2,3,0.6667
2026,boys,100,declared,at_large_combined,bay-shore,0,3,0.0
2026,boys,100,declared,at_large_combined,class-a,0,3,0.0
2026,boys,100,declared,at_large_combined,redwood-empire,0,3,0.0
2026,boys,100,declared,at_large_combined,tri-valley,3,3,1.0
2026,boys,100,declared,at_large_standard,bay-shore,0,0,
2026,boys,100,declared,at_large_standard,class-a,0,0,
2026,boys,100,declared,at_large_standard,redwood-empire,0,0,
2026,boys,100,declared,at_large_standard,tri-valley,0,0,
2026,boys,100,declared,next_best_mark,bay-shore,0,3,0.0
2026,boys,100,declared,next_best_mark,class-a,0,3,0.0
2026,boys,100,declared,next_best_mark,redwood-empire,0,3,0.0
2026,boys,100,declared,next_best_mark,tri-valley,3,3,1.0
2026,boys,100,qualified,at_large_combined,bay-shore,0,3,0.0
2026,boys,100,qualified,at_large_combined,class-a,0,3,0.0
2026,boys,100,qualified,at_large_combined,redwood-empire,0,3,0.0
2026,boys,100,qualified,at_large_combined,tri-valley,3,3,1.0
2026,boys,100,qualified,at_large_standard,bay-shore,0,0,
2026,boys,100,qualified,at_large_standard,class-a,0,0,
2026,boys,100,qualified,at_large_standard,redwood-empire,0,0,
2026,boys,100,qualified,at_large_standard,tri-valley,0,0,
2026,boys,100,qualified,next_best_mark,bay-shore,0,3,0.0
2026,boys,100,qualified,next_best_mark,class-a,0,3,0.0
2026,boys,100,qualified,next_best_mark,redwood-empire,0,3,0.0
2026,boys,100,qualified,next_best_mark,tri-valley,3,3,1.0
2026,boys,110H,declared,at_large_combined,bay-shore,0,3,0.0
2026,boys,110H,declared,at_large_combined,class-a,0,3,0.0
2026,boys,110H,declared,at_large_combined,redwood-empire,0,3,0.0
2026,boys,110H,declared,at_large_combined,tri-valley,3,3,1.0
2026,boys,110H,declared,at_large_standard,bay-shore,0,0,
2026,boys,110H,declared,at_large_standard,class-a,0,0,
2026,boys,110H,declared,at_large_standard,redwood-empire,0,0,
2026,boys,110H,declared,at_large_standard,tri-valley,0,0,
2026,boys,110H,declared,next_best_mark,bay-shore,0,3,0.0
2026,boys,110H,declared,next_best_mark,class-a,0,3,0.0
2026,boys,110H,declared,next_best_mark,redwood-empire,0,3,0.0
2026,boys,110H,declared,next_best_mark,tri-valley,3,3,1.0
2026,boys,110H,qualified,at_large_combined,bay-shore,0,3,0.0
2026,boys,110H,qualified,at_large_combined,class-a,0,3,0.0
2026,boys,110H,qualified,at_large_combined,redwood-empire,0,3,0.0
2026,boys,110H,qualified,at_large_combined,tri-valley,3,3,1.0
2026,boys,110H,qualified,at_large_standard,bay-shore,0,0,
2026,boys,110H,qualified,at_large_standard,class-a,0,0,
2026,boys,110H,qualified,at_large_standard,redwood-empire,0,0,
2026,boys,110H,qualified,at_large_standard,tri-valley,0,0,
2026,boys,110H,qualified,next_best_mark,bay-shore,0,3,0.0
2026,boys,110H,qualified,next_best_mark,class-a,0,3,0.0
2026,boys,110H,qualified,next_best_mark,redwood-empire,0,3,0.0
2026,boys,110H,qualified,next_best_mark,tri-valley,3,3,1.0
2026,boys,1600,declared,at_large_combined,bay-shore,0,4,0.0
2026,boys,1600,declared,at_large_combined,class-a,0,4,0.0
2026,boys,1600,declared,at_large_combined,redwood-empire,1,4,0.25
2026,boys,1600,declared,at_large_combined,tri-valley,3,4,0.75
2026,boys,1600,declared,at_large_standard,bay-shore,0,1,0.0
2026,boys,1600,declared,at_large_standard,class-a,0,1,0.0
2026,boys,1600,declared,at_large_standard,redwood-empire,1,1,1.0
2026,boys,1600,declared,at_large_standard,tri-valley,0,1,0.0
2026,boys,1600,declared,next_best_mark,bay-shore,0,3,0.0
2026,boys,1600,declared,next_best_mark,class-a,0,3,0.0
2026,boys,1600,declared,next_best_mark,redwood-empire,0,3,0.0
2026,boys,1600,declared,next_best_mark,tri-valley,3,3,1.0
2026,boys,1600,qualified,at_large_combined,bay-shore,0,10,0.0
2026,boys,1600,qualified,at_large_combined,class-a,0,10,0.0
2026,boys,1600,qualified,at_large_combined,redwood-empire,5,10,0.5
2026,boys,1600,qualified,at_large_combined,tri-valley,5,10,0.5
2026,boys,1600,qualified,at_large_standard,bay-shore,0,7,0.0
2026,boys,1600,qualified,at_large_standard,class-a,0,7,0.0
2026,boys,1600,qualified,at_large_standard,redwood-empire,2,7,0.2857
2026,boys,1600,qualified,at_large_standard,tri-valley,5,7,0.7143
2026,boys,1600,qualified,next_best_mark,bay-shore,0,3,0.0
2026,boys,1600,qualified,next_best_mark,class-a,0,3,0.0
2026,boys,1600,qualified,next_best_mark,redwood-empire,3,3,1.0
2026,boys,1600,qualified,next_best_mark,tri-valley,0,3,0.0
2026,boys,200,declared,at_large_combined,bay-shore,3,15,0.2
2026,boys,200,declared,at_large_combined,class-a,2,15,0.1333
2026,boys,200,declared,at_large_combined,redwood-empire,0,15,0.0
2026,boys,200,declared,at_large_combined,tri-valley,10,15,0.6667
2026,boys,200,declared,at_large_standard,bay-shore,3,12,0.25
2026,boys,200,declared,at_large_standard,class-a,2,12,0.1667
2026,boys,200,declared,at_large_standard,redwood-empire,0,12,0.0
2026,boys,200,declared,at_large_standard,tri-valley,7,12,0.5833
2026,boys,200,declared,next_best_mark,bay-shore,0,3,0.0
2026,boys,200,declared,next_best_mark,class-a,0,3,0.0
2026,boys,200,declared,next_best_mark,redwood-empire,0,3,0.0
2026,boys,200,declared,next_best_mark,tri-valley,3,3,1.0
2026,boys,200,qualified,at_large_combined,bay-shore,3,18,0.1667
2026,boys,200,qualified,at_large_combined,class-a,2,18,0.1111
2026,boys,200,qualified,at_large_combined,redwood-empire,0,18,0.0
2026,boys,200,qualified,at_large_combined,tri-valley,13,18,0.7222
2026,boys,200,qualified,at_large_standard,bay-shore,3,15,0.2
2026,boys,200,qualified,at_large_standard,class-a,2,15,0.1333
2026,boys,200,qualified,at_large_standard,redwood-empire,0,15,0.0
2026,boys,200,qualified,at_large_standard,tri-valley,10,15,0.6667
2026,boys,200,qualified,next_best_mark,bay-shore,0,3,0.0
2026,boys,200,qualified,next_best_mark,class-a,0,3,0.0
2026,boys,200,qualified,next_best_mark,redwood-empire,0,3,0.0
2026,boys,200,qualified,next_best_mark,tri-valley,3,3,1.0
2026,boys,300H,declared,at_large_combined,bay-shore,0,4,0.0
2026,boys,300H,declared,at_large_combined,class-a,0,4,0.0
2026,boys,300H,declared,at_large_combined,redwood-empire,0,4,0.0
2026,boys,300H,declared,at_large_combined,tri-valley,4,4,1.0
2026,boys,300H,declared,at_large_standard,bay-shore,0,1,0.0
2026,boys,300H,declared,at_large_standard,class-a,0,1,0.0
2026,boys,300H,declared,at_large_standard,redwood-empire,0,1,0.0
2026,boys,300H,declared,at_large_standard,tri-valley,1,1,1.0
2026,boys,300H,declared,next_best_mark,bay-shore,0,3,0.0
2026,boys,300H,declared,next_best_mark,class-a,0,3,0.0
2026,boys,300H,declared,next_best_mark,redwood-empire,0,3,0.0
2026,boys,300H,declared,next_best_mark,tri-valley,3,3,1.0
2026,boys,300H,qualified,at_large_combined,bay-shore,0,4,0.0
2026,boys,300H,qualified,at_large_combined,class-a,0,4,0.0
2026,boys,300H,qualified,at_large_combined,redwood-empire,0,4,0.0
2026,boys,300H,qualified,at_large_combined,tri-valley,4,4,1.0
2026,boys,300H,qualified,at_large_standard,bay-shore,0,1,0.0
2026,boys,300H,qualified,at_large_standard,class-a,0,1,0.0
2026,boys,300H,qualified,at_large_standard,redwood-empire,0,1,0.0
2026,boys,300H,qualified,at_large_standard,tri-valley,1,1,1.0
2026,boys,300H,qualified,next_best_mark,bay-shore,0,3,0.0
2026,boys,300H,qualified,next_best_mark,class-a,0,3,0.0
2026,boys,300H,qualified,next_best_mark,redwood-empire,0,3,0.0
2026,boys,300H,qualified,next_best_mark,tri-valley,3,3,1.0
2026,boys,3200,declared,at_large_combined,bay-shore,2,3,0.6667
2026,boys,3200,declared,at_large_combined,class-a,0,3,0.0
2026,boys,3200,declared,at_large_combined,redwood-empire,0,3,0.0
2026,boys,3200,declared,at_large_combined,tri-valley,1,3,0.3333
2026,boys,3200,declared,at_large_standard,bay-shore,0,0,
2026,boys,3200,declared,at_large_standard,class-a,0,0,
2026,boys,3200,declared,at_large_standard,redwood-empire,0,0,
2026,boys,3200,declared,at_large_standard,tri-valley,0,0,
2026,boys,3200,declared,next_best_mark,bay-shore,2,3,0.6667
2026,boys,3200,declared,next_best_mark,class-a,0,3,0.0
2026,boys,3200,declared,next_best_mark,redwood-empire,0,3,0.0
2026,boys,3200,declared,next_best_mark,tri-valley,1,3,0.3333
2026,boys,3200,qualified,at_large_combined,bay-shore,2,3,0.6667
2026,boys,3200,qualified,at_large_combined,class-a,0,3,0.0
2026,boys,3200,qualified,at_large_combined,redwood-empire,0,3,0.0
2026,boys,3200,qualified,at_large_combined,tri-valley,1,3,0.3333
2026,boys,3200,qualified,at_large_standard,bay-shore,0,0,
2026,boys,3200,qualified,at_large_standard,class-a,0,0,
2026,boys,3200,qualified,at_large_standard,redwood-empire,0,0,
2026,boys,3200,qualified,at_large_standard,tri-valley,0,0,
2026,boys,3200,qualified,next_best_mark,bay-shore,2,3,0.6667
2026,boys,3200,qualified,next_best_mark,class-a,0,3,0.0
2026,boys,3200,qualified,next_best_mark,redwood-empire,0,3,0.0
2026,boys,3200,qualified,next_best_mark,tri-valley,1,3,0.3333
2026,boys,400,declared,at_large_combined,bay-shore,0,3,0.0
2026,boys,400,declared,at_large_combined,class-a,0,3,0.0
2026,boys,400,declared,at_large_combined,redwood-empire,0,3,0.0
2026,boys,400,declared,at_large_combined,tri-valley,3,3,1.0
2026,boys,400,declared,at_large_standard,bay-shore,0,0,
2026,boys,400,declared,at_large_standard,class-a,0,0,
2026,boys,400,declared,at_large_standard,redwood-empire,0,0,
2026,boys,400,declared,at_large_standard,tri-valley,0,0,
2026,boys,400,declared,next_best_mark,bay-shore,0,3,0.0
2026,boys,400,declared,next_best_mark,class-a,0,3,0.0
2026,boys,400,declared,next_best_mark,redwood-empire,0,3,0.0
2026,boys,400,declared,next_best_mark,tri-valley,3,3,1.0
2026,boys,400,qualified,at_large_combined,bay-shore,0,4,0.0
2026,boys,400,qualified,at_large_combined,class-a,0,4,0.0
2026,boys,400,qualified,at_large_combined,redwood-empire,1,4,0.25
2026,boys,400,qualified,at_large_combined,tri-valley,3,4,0.75
2026,boys,400,qualified,at_large_standard,bay-shore,0,1,0.0
2026,boys,400,qualified,at_large_standard,class-a,0,1,0.0
2026,boys,400,qualified,at_large_standard,redwood-empire,1,1,1.0
2026,boys,400,qualified,at_large_standard,tri-valley,0,1,0.0
2026,boys,400,qualified,next_best_mark,bay-shore,0,3,0.0
2026,boys,400,qualified,next_best_mark,class-a,0,3,0.0
2026,boys,400,qualified,next_best_mark,redwood-empire,0,3,0.0
2026,boys,400,qualified,next_best_mark,tri-valley,3,3,1.0
2026,boys,4x100,declared,at_large_combined,bay-shore,0,3,0.0
2026,boys,4x100,declared,at_large_combined,class-a,0,3,0.0
2026,boys,4x100,declared,at_large_combined,redwood-empire,0,3,0.0
2026,boys,4x100,declared,at_large_combined,tri-valley,3,3,1.0
2026,boys,4x100,declared,at_large_standard,bay-shore,0,0,
2026,boys,4x100,declared,at_large_standard,class-a,0,0,
2026,boys,4x100,declared,at_large_standard,redwood-empire,0,0,
2026,boys,4x100,declared,at_large_standard,tri-valley,0,0,
2026,boys,4x100,declared,next_best_mark,bay-shore,0,3,0.0
2026,boys,4x100,declared,next_best_mark,class-a,0,3,0.0
2026,boys,4x100,declared,next_best_mark,redwood-empire,0,3,0.0
2026,boys,4x100,declared,next_best_mark,tri-valley,3,3,1.0
2026,boys,4x100,qualified,at_large_combined,bay-shore,0,3,0.0
2026,boys,4x100,qualified,at_large_combined,class-a,0,3,0.0
2026,boys,4x100,qualified,at_large_combined,redwood-empire,0,3,0.0
2026,boys,4x100,qualified,at_large_combined,tri-valley,3,3,1.0
2026,boys,4x100,qualified,at_large_standard,bay-shore,0,0,
2026,boys,4x100,qualified,at_large_standard,class-a,0,0,
2026,boys,4x100,qualified,at_large_standard,redwood-empire,0,0,
2026,boys,4x100,qualified,at_large_standard,tri-valley,0,0,
2026,boys,4x100,qualified,next_best_mark,bay-shore,0,3,0.0
2026,boys,4x100,qualified,next_best_mark,class-a,0,3,0.0
2026,boys,4x100,qualified,next_best_mark,redwood-empire,0,3,0.0
2026,boys,4x100,qualified,next_best_mark,tri-valley,3,3,1.0
2026,boys,4x400,declared,at_large_combined,bay-shore,0,3,0.0
2026,boys,4x400,declared,at_large_combined,class-a,0,3,0.0
2026,boys,4x400,declared,at_large_combined,redwood-empire,0,3,0.0
2026,boys,4x400,declared,at_large_combined,tri-valley,3,3,1.0
2026,boys,4x400,declared,at_large_standard,bay-shore,0,0,
2026,boys,4x400,declared,at_large_standard,class-a,0,0,
2026,boys,4x400,declared,at_large_standard,redwood-empire,0,0,
2026,boys,4x400,declared,at_large_standard,tri-valley,0,0,
2026,boys,4x400,declared,next_best_mark,bay-shore,0,3,0.0
2026,boys,4x400,declared,next_best_mark,class-a,0,3,0.0
2026,boys,4x400,declared,next_best_mark,redwood-empire,0,3,0.0
2026,boys,4x400,declared,next_best_mark,tri-valley,3,3,1.0
2026,boys,4x400,qualified,at_large_combined,bay-shore,0,3,0.0
2026,boys,4x400,qualified,at_large_combined,class-a,0,3,0.0
2026,boys,4x400,qualified,at_large_combined,redwood-empire,0,3,0.0
2026,boys,4x400,qualified,at_large_combined,tri-valley,3,3,1.0
2026,boys,4x400,qualified,at_large_standard,bay-shore,0,0,
2026,boys,4x400,qualified,at_large_standard,class-a,0,0,
2026,boys,4x400,qualified,at_large_standard,redwood-empire,0,0,
2026,boys,4x400,qualified,at_large_standard,tri-valley,0,0,
2026,boys,4x400,qualified,next_best_mark,bay-shore,0,3,0.0
2026,boys,4x400,qualified,next_best_mark,class-a,0,3,0.0
2026,boys,4x400,qualified,next_best_mark,redwood-empire,0,3,0.0
2026,boys,4x400,qualified,next_best_mark,tri-valley,3,3,1.0
2026,boys,800,declared,at_large_combined,bay-shore,0,8,0.0
2026,boys,800,declared,at_large_combined,class-a,0,8,0.0
2026,boys,800,declared,at_large_combined,redwood-empire,3,8,0.375
2026,boys,800,declared,at_large_combined,tri-valley,5,8,0.625
2026,boys,800,declared,at_large_standard,bay-shore,0,5,0.0
2026,boys,800,declared,at_large_standard,class-a,0,5,0.0
2026,boys,800,declared,at_large_standard,redwood-empire,2,5,0.4
2026,boys,800,declared,at_large_standard,tri-valley,3,5,0.6
2026,boys,800,declared,next_best_mark,bay-shore,0,3,0.0
2026,boys,800,declared,next_best_mark,class-a,0,3,0.0
2026,boys,800,declared,next_best_mark,redwood-empire,1,3,0.3333
2026,boys,800,declared,next_best_mark,tri-valley,2,3,0.6667
2026,boys,800,qualified,at_large_combined,bay-shore,0,11,0.0
2026,boys,800,qualified,at_large_combined,class-a,0,11,0.0
2026,boys,800,qualified,at_large_combined,redwood-empire,5,11,0.4545
2026,boys,800,qualified,at_large_combined,tri-valley,6,11,0.5455
2026,boys,800,qualified,at_large_standard,bay-shore,0,8,0.0
2026,boys,800,qualified,at_large_standard,class-a,0,8,0.0
2026,boys,800,qualified,at_large_standard,redwood-empire,4,8,0.5
2026,boys,800,qualified,at_large_standard,tri-valley,4,8,0.5
2026,boys,800,qualified,next_best_mark,bay-shore,0,3,0.0
2026,boys,800,qualified,next_best_mark,class-a,0,3,0.0
2026,boys,800,qualified,next_best_mark,redwood-empire,1,3,0.3333
2026,boys,800,qualified,next_best_mark,tri-valley,2,3,0.6667
2026,boys,DT,declared,at_large_combined,bay-shore,0,3,0.0
2026,boys,DT,declared,at_large_combined,class-a,0,3,0.0
2026,boys,DT,declared,at_large_combined,redwood-empire,1,3,0.3333
2026,boys,DT,declared,at_large_combined,tri-valley,2,3,0.6667
2026,boys,DT,declared,at_large_standard,bay-shore,0,0,
2026,boys,DT,declared,at_large_standard,class-a,0,0,
2026,boys,DT,declared,at_large_standard,redwood-empire,0,0,
2026,boys,DT,declared,at_large_standard,tri-valley,0,0,
2026,boys,DT,declared,next_best_mark,bay-shore,0,3,0.0
2026,boys,DT,declared,next_best_mark,class-a,0,3,0.0
2026,boys,DT,declared,next_best_mark,redwood-empire,1,3,0.3333
2026,boys,DT,declared,next_best_mark,tri-valley,2,3,0.6667
2026,boys,DT,qualified,at_large_combined,bay-shore,0,3,0.0
2026,boys,DT,qualified,at_large_combined,class-a,0,3,0.0
2026,boys,DT,qualified,at_large_combined,redwood-empire,0,3,0.0
2026,boys,DT,qualified,at_large_combined,tri-valley,3,3,1.0
2026,boys,DT,qualified,at_large_standard,bay-shore,0,0,
2026,boys,DT,qualified,at_large_standard,class-a,0,0,
2026,boys,DT,qualified,at_large_standard,redwood-empire,0,0,
2026,boys,DT,qualified,at_large_standard,tri-valley,0,0,
2026,boys,DT,qualified,next_best_mark,bay-shore,0,3,0.0
2026,boys,DT,qualified,next_best_mark,class-a,0,3,0.0
2026,boys,DT,qualified,next_best_mark,redwood-empire,0,3,0.0
2026,boys,DT,qualified,next_best_mark,tri-valley,3,3,1.0
2026,boys,HJ,declared,at_large_combined,bay-shore,0,3,0.0
2026,boys,HJ,declared,at_large_combined,class-a,0,3,0.0
2026,boys,HJ,declared,at_large_combined,redwood-empire,0,3,0.0
2026,boys,HJ,declared,at_large_combined,tri-valley,3,3,1.0
2026,boys,HJ,declared,at_large_standard,bay-shore,0,0,
2026,boys,HJ,declared,at_large_standard,class-a,0,0,
2026,boys,HJ,declared,at_large_standard,redwood-empire,0,0,
2026,boys,HJ,declared,at_large_standard,tri-valley,0,0,
2026,boys,HJ,declared,next_best_mark,bay-shore,0,3,0.0
2026,boys,HJ,declared,next_best_mark,class-a,0,3,0.0
2026,boys,HJ,declared,next_best_mark,redwood-empire,0,3,0.0
2026,boys,HJ,declared,next_best_mark,tri-valley,3,3,1.0
2026,boys,HJ,qualified,at_large_combined,bay-shore,0,3,0.0
2026,boys,HJ,qualified,at_large_combined,class-a,0,3,0.0
2026,boys,HJ,qualified,at_large_combined,redwood-empire,0,3,0.0
2026,boys,HJ,qualified,at_large_combined,tri-valley,3,3,1.0
2026,boys,HJ,qualified,at_large_standard,bay-shore,0,0,
2026,boys,HJ,qualified,at_large_standard,class-a,0,0,
2026,boys,HJ,qualified,at_large_standard,redwood-empire,0,0,
2026,boys,HJ,qualified,at_large_standard,tri-valley,0,0,
2026,boys,HJ,qualified,next_best_mark,bay-shore,0,3,0.0
2026,boys,HJ,qualified,next_best_mark,class-a,0,3,0.0
2026,boys,HJ,qualified,next_best_mark,redwood-empire,0,3,0.0
2026,boys,HJ,qualified,next_best_mark,tri-valley,3,3,1.0
2026,boys,LJ,declared,at_large_combined,bay-shore,0,5,0.0
2026,boys,LJ,declared,at_large_combined,class-a,1,5,0.2
2026,boys,LJ,declared,at_large_combined,redwood-empire,1,5,0.2
2026,boys,LJ,declared,at_large_combined,tri-valley,3,5,0.6
2026,boys,LJ,declared,at_large_standard,bay-shore,0,0,
2026,boys,LJ,declared,at_large_standard,class-a,0,0,
2026,boys,LJ,declared,at_large_standard,redwood-empire,0,0,
2026,boys,LJ,declared,at_large_standard,tri-valley,0,0,
2026,boys,LJ,declared,next_best_mark,bay-shore,0,5,0.0
2026,boys,LJ,declared,next_best_mark,class-a,1,5,0.2
2026,boys,LJ,declared,next_best_mark,redwood-empire,1,5,0.2
2026,boys,LJ,declared,next_best_mark,tri-valley,3,5,0.6
2026,boys,LJ,qualified,at_large_combined,bay-shore,1,3,0.3333
2026,boys,LJ,qualified,at_large_combined,class-a,0,3,0.0
2026,boys,LJ,qualified,at_large_combined,redwood-empire,0,3,0.0
2026,boys,LJ,qualified,at_large_combined,tri-valley,2,3,0.6667
2026,boys,LJ,qualified,at_large_standard,bay-shore,0,0,
2026,boys,LJ,qualified,at_large_standard,class-a,0,0,
2026,boys,LJ,qualified,at_large_standard,redwood-empire,0,0,
2026,boys,LJ,qualified,at_large_standard,tri-valley,0,0,
2026,boys,LJ,qualified,next_best_mark,bay-shore,1,3,0.3333
2026,boys,LJ,qualified,next_best_mark,class-a,0,3,0.0
2026,boys,LJ,qualified,next_best_mark,redwood-empire,0,3,0.0
2026,boys,LJ,qualified,next_best_mark,tri-valley,2,3,0.6667
2026,boys,PV,declared,at_large_combined,bay-shore,0,4,0.0
2026,boys,PV,declared,at_large_combined,class-a,0,4,0.0
2026,boys,PV,declared,at_large_combined,redwood-empire,0,4,0.0
2026,boys,PV,declared,at_large_combined,tri-valley,4,4,1.0
2026,boys,PV,declared,at_large_standard,bay-shore,0,0,
2026,boys,PV,declared,at_large_standard,class-a,0,0,
2026,boys,PV,declared,at_large_standard,redwood-empire,0,0,
2026,boys,PV,declared,at_large_standard,tri-valley,0,0,
2026,boys,PV,declared,next_best_mark,bay-shore,0,4,0.0
2026,boys,PV,declared,next_best_mark,class-a,0,4,0.0
2026,boys,PV,declared,next_best_mark,redwood-empire,0,4,0.0
2026,boys,PV,declared,next_best_mark,tri-valley,4,4,1.0
2026,boys,PV,qualified,at_large_combined,bay-shore,0,4,0.0
2026,boys,PV,qualified,at_large_combined,class-a,0,4,0.0
2026,boys,PV,qualified,at_large_combined,redwood-empire,0,4,0.0
2026,boys,PV,qualified,at_large_combined,tri-valley,4,4,1.0
2026,boys,PV,qualified,at_large_standard,bay-shore,0,0,
2026,boys,PV,qualified,at_large_standard,class-a,0,0,
2026,boys,PV,qualified,at_large_standard,redwood-empire,0,0,
2026,boys,PV,qualified,at_large_standard,tri-valley,0,0,
2026,boys,PV,qualified,next_best_mark,bay-shore,0,4,0.0
2026,boys,PV,qualified,next_best_mark,class-a,0,4,0.0
2026,boys,PV,qualified,next_best_mark,redwood-empire,0,4,0.0
2026,boys,PV,qualified,next_best_mark,tri-valley,4,4,1.0
2026,boys,SP,declared,at_large_combined,bay-shore,0,3,0.0
2026,boys,SP,declared,at_large_combined,class-a,0,3,0.0
2026,boys,SP,declared,at_large_combined,redwood-empire,0,3,0.0
2026,boys,SP,declared,at_large_combined,tri-valley,3,3,1.0
2026,boys,SP,declared,at_large_standard,bay-shore,0,0,
2026,boys,SP,declared,at_large_standard,class-a,0,0,
2026,boys,SP,declared,at_large_standard,redwood-empire,0,0,
2026,boys,SP,declared,at_large_standard,tri-valley,0,0,
2026,boys,SP,declared,next_best_mark,bay-shore,0,3,0.0
2026,boys,SP,declared,next_best_mark,class-a,0,3,0.0
2026,boys,SP,declared,next_best_mark,redwood-empire,0,3,0.0
2026,boys,SP,declared,next_best_mark,tri-valley,3,3,1.0
2026,boys,SP,qualified,at_large_combined,bay-shore,0,3,0.0
2026,boys,SP,qualified,at_large_combined,class-a,0,3,0.0
2026,boys,SP,qualified,at_large_combined,redwood-empire,0,3,0.0
2026,boys,SP,qualified,at_large_combined,tri-valley,3,3,1.0
2026,boys,SP,qualified,at_large_standard,bay-shore,0,0,
2026,boys,SP,qualified,at_large_standard,class-a,0,0,
2026,boys,SP,qualified,at_large_standard,redwood-empire,0,0,
2026,boys,SP,qualified,at_large_standard,tri-valley,0,0,
2026,boys,SP,qualified,next_best_mark,bay-shore,0,3,0.0
2026,boys,SP,qualified,next_best_mark,class-a,0,3,0.0
2026,boys,SP,qualified,next_best_mark,redwood-empire,0,3,0.0
2026,boys,SP,qualified,next_best_mark,tri-valley,3,3,1.0
2026,boys,TJ,declared,at_large_combined,bay-shore,0,3,0.0
2026,boys,TJ,declared,at_large_combined,class-a,0,3,0.0
2026,boys,TJ,declared,at_large_combined,redwood-empire,2,3,0.6667
2026,boys,TJ,declared,at_large_combined,tri-valley,1,3,0.3333
2026,boys,TJ,declared,at_large_standard,bay-shore,0,0,
2026,boys,TJ,declared,at_large_standard,class-a,0,0,
2026,boys,TJ,declared,at_large_standard,redwood-empire,0,0,
2026,boys,TJ,declared,at_large_standard,tri-valley,0,0,
2026,boys,TJ,declared,next_best_mark,bay-shore,0,3,0.0
2026,boys,TJ,declared,next_best_mark,class-a,0,3,0.0
2026,boys,TJ,declared,next_best_mark,redwood-empire,2,3,0.6667
2026,boys,TJ,declared,next_best_mark,tri-valley,1,3,0.3333
2026,boys,TJ,qualified,at_large_combined,bay-shore,0,3,0.0
2026,boys,TJ,qualified,at_large_combined,class-a,0,3,0.0
2026,boys,TJ,qualified,at_large_combined,redwood-empire,2,3,0.6667
2026,boys,TJ,qualified,at_large_combined,tri-valley,1,3,0.3333
2026,boys,TJ,qualified,at_large_standard,bay-shore,0,0,
2026,boys,TJ,qualified,at_large_standard,class-a,0,0,
2026,boys,TJ,qualified,at_large_standard,redwood-empire,0,0,
2026,boys,TJ,qualified,at_large_standard,tri-valley,0,0,
2026,boys,TJ,qualified,next_best_mark,bay-shore,0,3,0.0
2026,boys,TJ,qualified,next_best_mark,class-a,0,3,0.0
2026,boys,TJ,qualified,next_best_mark,redwood-empire,2,3,0.6667
2026,boys,TJ,qualified,next_best_mark,tri-valley,1,3,0.3333
2026,girls,100,declared,at_large_combined,bay-shore,2,3,0.6667
2026,girls,100,declared,at_large_combined,class-a,0,3,0.0
2026,girls,100,declared,at_large_combined,redwood-empire,0,3,0.0
2026,girls,100,declared,at_large_combined,tri-valley,1,3,0.3333
2026,girls,100,declared,at_large_standard,bay-shore,0,0,
2026,girls,100,declared,at_large_standard,class-a,0,0,
2026,girls,100,declared,at_large_standard,redwood-empire,0,0,
2026,girls,100,declared,at_large_standard,tri-valley,0,0,
2026,girls,100,declared,next_best_mark,bay-shore,2,3,0.6667
2026,girls,100,declared,next_best_mark,class-a,0,3,0.0
2026,girls,100,declared,next_best_mark,redwood-empire,0,3,0.0
2026,girls,100,declared,next_best_mark,tri-valley,1,3,0.3333
2026,girls,100,qualified,at_large_combined,bay-shore,2,3,0.6667
2026,girls,100,qualified,at_large_combined,class-a,0,3,0.0
2026,girls,100,qualified,at_large_combined,redwood-empire,0,3,0.0
2026,girls,100,qualified,at_large_combined,tri-valley,1,3,0.3333
2026,girls,100,qualified,at_large_standard,bay-shore,0,0,
2026,girls,100,qualified,at_large_standard,class-a,0,0,
2026,girls,100,qualified,at_large_standard,redwood-empire,0,0,
2026,girls,100,qualified,at_large_standard,tri-valley,0,0,
2026,girls,100,qualified,next_best_mark,bay-shore,2,3,0.6667
2026,girls,100,qualified,next_best_mark,class-a,0,3,0.0
2026,girls,100,qualified,next_best_mark,redwood-empire,0,3,0.0
2026,girls,100,qualified,next_best_mark,tri-valley,1,3,0.3333
2026,girls,100H,declared,at_large_combined,bay-shore,0,3,0.0
2026,girls,100H,declared,at_large_combined,class-a,0,3,0.0
2026,girls,100H,declared,at_large_combined,redwood-empire,0,3,0.0
2026,girls,100H,declared,at_large_combined,tri-valley,3,3,1.0
2026,girls,100H,declared,at_large_standard,bay-shore,0,0,
2026,girls,100H,declared,at_large_standard,class-a,0,0,
2026,girls,100H,declared,at_large_standard,redwood-empire,0,0,
2026,girls,100H,declared,at_large_standard,tri-valley,0,0,
2026,girls,100H,declared,next_best_mark,bay-shore,0,3,0.0
2026,girls,100H,declared,next_best_mark,class-a,0,3,0.0
2026,girls,100H,declared,next_best_mark,redwood-empire,0,3,0.0
2026,girls,100H,declared,next_best_mark,tri-valley,3,3,1.0
2026,girls,100H,qualified,at_large_combined,bay-shore,0,3,0.0
2026,girls,100H,qualified,at_large_combined,class-a,0,3,0.0
2026,girls,100H,qualified,at_large_combined,redwood-empire,0,3,0.0
2026,girls,100H,qualified,at_large_combined,tri-valley,3,3,1.0
2026,girls,100H,qualified,at_large_standard,bay-shore,0,0,
2026,girls,100H,qualified,at_large_standard,class-a,0,0,
2026,girls,100H,qualified,at_large_standard,redwood-empire,0,0,
2026,girls,100H,qualified,at_large_standard,tri-valley,0,0,
2026,girls,100H,qualified,next_best_mark,bay-shore,0,3,0.0
2026,girls,100H,qualified,next_best_mark,class-a,0,3,0.0
2026,girls,100H,qualified,next_best_mark,redwood-empire,0,3,0.0
2026,girls,100H,qualified,next_best_mark,tri-valley,3,3,1.0
2026,girls,1600,declared,at_large_combined,bay-shore,0,9,0.0
2026,girls,1600,declared,at_large_combined,class-a,1,9,0.1111
2026,girls,1600,declared,at_large_combined,redwood-empire,2,9,0.2222
2026,girls,1600,declared,at_large_combined,tri-valley,6,9,0.6667
2026,girls,1600,declared,at_large_standard,bay-shore,0,6,0.0
2026,girls,1600,declared,at_large_standard,class-a,1,6,0.1667
2026,girls,1600,declared,at_large_standard,redwood-empire,0,6,0.0
2026,girls,1600,declared,at_large_standard,tri-valley,5,6,0.8333
2026,girls,1600,declared,next_best_mark,bay-shore,0,3,0.0
2026,girls,1600,declared,next_best_mark,class-a,0,3,0.0
2026,girls,1600,declared,next_best_mark,redwood-empire,2,3,0.6667
2026,girls,1600,declared,next_best_mark,tri-valley,1,3,0.3333
2026,girls,1600,qualified,at_large_combined,bay-shore,0,10,0.0
2026,girls,1600,qualified,at_large_combined,class-a,2,10,0.2
2026,girls,1600,qualified,at_large_combined,redwood-empire,2,10,0.2
2026,girls,1600,qualified,at_large_combined,tri-valley,6,10,0.6
2026,girls,1600,qualified,at_large_standard,bay-shore,0,7,0.0
2026,girls,1600,qualified,at_large_standard,class-a,1,7,0.1429
2026,girls,1600,qualified,at_large_standard,redwood-empire,0,7,0.0
2026,girls,1600,qualified,at_large_standard,tri-valley,6,7,0.8571
2026,girls,1600,qualified,next_best_mark,bay-shore,0,3,0.0
2026,girls,1600,qualified,next_best_mark,class-a,1,3,0.3333
2026,girls,1600,qualified,next_best_mark,redwood-empire,2,3,0.6667
2026,girls,1600,qualified,next_best_mark,tri-valley,0,3,0.0
2026,girls,200,declared,at_large_combined,bay-shore,2,3,0.6667
2026,girls,200,declared,at_large_combined,class-a,0,3,0.0
2026,girls,200,declared,at_large_combined,redwood-empire,0,3,0.0
2026,girls,200,declared,at_large_combined,tri-valley,1,3,0.3333
2026,girls,200,declared,at_large_standard,bay-shore,0,0,
2026,girls,200,declared,at_large_standard,class-a,0,0,
2026,girls,200,declared,at_large_standard,redwood-empire,0,0,
2026,girls,200,declared,at_large_standard,tri-valley,0,0,
2026,girls,200,declared,next_best_mark,bay-shore,2,3,0.6667
2026,girls,200,declared,next_best_mark,class-a,0,3,0.0
2026,girls,200,declared,next_best_mark,redwood-empire,0,3,0.0
2026,girls,200,declared,next_best_mark,tri-valley,1,3,0.3333
2026,girls,200,qualified,at_large_combined,bay-shore,1,3,0.3333
2026,girls,200,qualified,at_large_combined,class-a,0,3,0.0
2026,girls,200,qualified,at_large_combined,redwood-empire,0,3,0.0
2026,girls,200,qualified,at_large_combined,tri-valley,2,3,0.6667
2026,girls,200,qualified,at_large_standard,bay-shore,0,0,
2026,girls,200,qualified,at_large_standard,class-a,0,0,
2026,girls,200,qualified,at_large_standard,redwood-empire,0,0,
2026,girls,200,qualified,at_large_standard,tri-valley,0,0,
2026,girls,200,qualified,next_best_mark,bay-shore,1,3,0.3333
2026,girls,200,qualified,next_best_mark,class-a,0,3,0.0
2026,girls,200,qualified,next_best_mark,redwood-empire,0,3,0.0
2026,girls,200,qualified,next_best_mark,tri-valley,2,3,0.6667
2026,girls,300H,declared,at_large_combined,bay-shore,0,6,0.0
2026,girls,300H,declared,at_large_combined,class-a,0,6,0.0
2026,girls,300H,declared,at_large_combined,redwood-empire,0,6,0.0
2026,girls,300H,declared,at_large_combined,tri-valley,6,6,1.0
2026,girls,300H,declared,at_large_standard,bay-shore,0,3,0.0
2026,girls,300H,declared,at_large_standard,class-a,0,3,0.0
2026,girls,300H,declared,at_large_standard,redwood-empire,0,3,0.0
2026,girls,300H,declared,at_large_standard,tri-valley,3,3,1.0
2026,girls,300H,declared,next_best_mark,bay-shore,0,3,0.0
2026,girls,300H,declared,next_best_mark,class-a,0,3,0.0
2026,girls,300H,declared,next_best_mark,redwood-empire,0,3,0.0
2026,girls,300H,declared,next_best_mark,tri-valley,3,3,1.0
2026,girls,300H,qualified,at_large_combined,bay-shore,0,6,0.0
2026,girls,300H,qualified,at_large_combined,class-a,0,6,0.0
2026,girls,300H,qualified,at_large_combined,redwood-empire,0,6,0.0
2026,girls,300H,qualified,at_large_combined,tri-valley,6,6,1.0
2026,girls,300H,qualified,at_large_standard,bay-shore,0,3,0.0
2026,girls,300H,qualified,at_large_standard,class-a,0,3,0.0
2026,girls,300H,qualified,at_large_standard,redwood-empire,0,3,0.0
2026,girls,300H,qualified,at_large_standard,tri-valley,3,3,1.0
2026,girls,300H,qualified,next_best_mark,bay-shore,0,3,0.0
2026,girls,300H,qualified,next_best_mark,class-a,0,3,0.0
2026,girls,300H,qualified,next_best_mark,redwood-empire,0,3,0.0
2026,girls,300H,qualified,next_best_mark,tri-valley,3,3,1.0
2026,girls,3200,declared,at_large_combined,bay-shore,0,3,0.0
2026,girls,3200,declared,at_large_combined,class-a,1,3,0.3333
2026,girls,3200,declared,at_large_combined,redwood-empire,0,3,0.0
2026,girls,3200,declared,at_large_combined,tri-valley,2,3,0.6667
2026,girls,3200,declared,at_large_standard,bay-shore,0,0,
2026,girls,3200,declared,at_large_standard,class-a,0,0,
2026,girls,3200,declared,at_large_standard,redwood-empire,0,0,
2026,girls,3200,declared,at_large_standard,tri-valley,0,0,
2026,girls,3200,declared,next_best_mark,bay-shore,0,3,0.0
2026,girls,3200,declared,next_best_mark,class-a,1,3,0.3333
2026,girls,3200,declared,next_best_mark,redwood-empire,0,3,0.0
2026,girls,3200,declared,next_best_mark,tri-valley,2,3,0.6667
2026,girls,3200,qualified,at_large_combined,bay-shore,0,3,0.0
2026,girls,3200,qualified,at_large_combined,class-a,0,3,0.0
2026,girls,3200,qualified,at_large_combined,redwood-empire,0,3,0.0
2026,girls,3200,qualified,at_large_combined,tri-valley,3,3,1.0
2026,girls,3200,qualified,at_large_standard,bay-shore,0,0,
2026,girls,3200,qualified,at_large_standard,class-a,0,0,
2026,girls,3200,qualified,at_large_standard,redwood-empire,0,0,
2026,girls,3200,qualified,at_large_standard,tri-valley,0,0,
2026,girls,3200,qualified,next_best_mark,bay-shore,0,3,0.0
2026,girls,3200,qualified,next_best_mark,class-a,0,3,0.0
2026,girls,3200,qualified,next_best_mark,redwood-empire,0,3,0.0
2026,girls,3200,qualified,next_best_mark,tri-valley,3,3,1.0
2026,girls,400,declared,at_large_combined,bay-shore,0,3,0.0
2026,girls,400,declared,at_large_combined,class-a,0,3,0.0
2026,girls,400,declared,at_large_combined,redwood-empire,0,3,0.0
2026,girls,400,declared,at_large_combined,tri-valley,3,3,1.0
2026,girls,400,declared,at_large_standard,bay-shore,0,0,
2026,girls,400,declared,at_large_standard,class-a,0,0,
2026,girls,400,declared,at_large_standard,redwood-empire,0,0,
2026,girls,400,declared,at_large_standard,tri-valley,0,0,
2026,girls,400,declared,next_best_mark,bay-shore,0,3,0.0
2026,girls,400,declared,next_best_mark,class-a,0,3,0.0
2026,girls,400,declared,next_best_mark,redwood-empire,0,3,0.0
2026,girls,400,declared,next_best_mark,tri-valley,3,3,1.0
2026,girls,400,qualified,at_large_combined,bay-shore,0,3,0.0
2026,girls,400,qualified,at_large_combined,class-a,0,3,0.0
2026,girls,400,qualified,at_large_combined,redwood-empire,0,3,0.0
2026,girls,400,qualified,at_large_combined,tri-valley,3,3,1.0
2026,girls,400,qualified,at_large_standard,bay-shore,0,0,
2026,girls,400,qualified,at_large_standard,class-a,0,0,
2026,girls,400,qualified,at_large_standard,redwood-empire,0,0,
2026,girls,400,qualified,at_large_standard,tri-valley,0,0,
2026,girls,400,qualified,next_best_mark,bay-shore,0,3,0.0
2026,girls,400,qualified,next_best_mark,class-a,0,3,0.0
2026,girls,400,qualified,next_best_mark,redwood-empire,0,3,0.0
2026,girls,400,qualified,next_best_mark,tri-valley,3,3,1.0
2026,girls,4x100,declared,at_large_combined,bay-shore,0,3,0.0
2026,girls,4x100,declared,at_large_combined,class-a,0,3,0.0
2026,girls,4x100,declared,at_large_combined,redwood-empire,0,3,0.0
2026,girls,4x100,declared,at_large_combined,tri-valley,3,3,1.0
2026,girls,4x100,declared,at_large_standard,bay-shore,0,0,
2026,girls,4x100,declared,at_large_standard,class-a,0,0,
2026,girls,4x100,declared,at_large_standard,redwood-empire,0,0,
2026,girls,4x100,declared,at_large_standard,tri-valley,0,0,
2026,girls,4x100,declared,next_best_mark,bay-shore,0,3,0.0
2026,girls,4x100,declared,next_best_mark,class-a,0,3,0.0
2026,girls,4x100,declared,next_best_mark,redwood-empire,0,3,0.0
2026,girls,4x100,declared,next_best_mark,tri-valley,3,3,1.0
2026,girls,4x100,qualified,at_large_combined,bay-shore,0,3,0.0
2026,girls,4x100,qualified,at_large_combined,class-a,0,3,0.0
2026,girls,4x100,qualified,at_large_combined,redwood-empire,0,3,0.0
2026,girls,4x100,qualified,at_large_combined,tri-valley,3,3,1.0
2026,girls,4x100,qualified,at_large_standard,bay-shore,0,0,
2026,girls,4x100,qualified,at_large_standard,class-a,0,0,
2026,girls,4x100,qualified,at_large_standard,redwood-empire,0,0,
2026,girls,4x100,qualified,at_large_standard,tri-valley,0,0,
2026,girls,4x100,qualified,next_best_mark,bay-shore,0,3,0.0
2026,girls,4x100,qualified,next_best_mark,class-a,0,3,0.0
2026,girls,4x100,qualified,next_best_mark,redwood-empire,0,3,0.0
2026,girls,4x100,qualified,next_best_mark,tri-valley,3,3,1.0
2026,girls,4x400,declared,at_large_combined,bay-shore,0,3,0.0
2026,girls,4x400,declared,at_large_combined,class-a,0,3,0.0
2026,girls,4x400,declared,at_large_combined,redwood-empire,1,3,0.3333
2026,girls,4x400,declared,at_large_combined,tri-valley,2,3,0.6667
2026,girls,4x400,declared,at_large_standard,bay-shore,0,0,
2026,girls,4x400,declared,at_large_standard,class-a,0,0,
2026,girls,4x400,declared,at_large_standard,redwood-empire,0,0,
2026,girls,4x400,declared,at_large_standard,tri-valley,0,0,
2026,girls,4x400,declared,next_best_mark,bay-shore,0,3,0.0
2026,girls,4x400,declared,next_best_mark,class-a,0,3,0.0
2026,girls,4x400,declared,next_best_mark,redwood-empire,1,3,0.3333
2026,girls,4x400,declared,next_best_mark,tri-valley,2,3,0.6667
2026,girls,4x400,qualified,at_large_combined,bay-shore,0,3,0.0
2026,girls,4x400,qualified,at_large_combined,class-a,0,3,0.0
2026,girls,4x400,qualified,at_large_combined,redwood-empire,0,3,0.0
2026,girls,4x400,qualified,at_large_combined,tri-valley,3,3,1.0
2026,girls,4x400,qualified,at_large_standard,bay-shore,0,0,
2026,girls,4x400,qualified,at_large_standard,class-a,0,0,
2026,girls,4x400,qualified,at_large_standard,redwood-empire,0,0,
2026,girls,4x400,qualified,at_large_standard,tri-valley,0,0,
2026,girls,4x400,qualified,next_best_mark,bay-shore,0,3,0.0
2026,girls,4x400,qualified,next_best_mark,class-a,0,3,0.0
2026,girls,4x400,qualified,next_best_mark,redwood-empire,0,3,0.0
2026,girls,4x400,qualified,next_best_mark,tri-valley,3,3,1.0
2026,girls,800,declared,at_large_combined,bay-shore,0,3,0.0
2026,girls,800,declared,at_large_combined,class-a,0,3,0.0
2026,girls,800,declared,at_large_combined,redwood-empire,0,3,0.0
2026,girls,800,declared,at_large_combined,tri-valley,3,3,1.0
2026,girls,800,declared,at_large_standard,bay-shore,0,0,
2026,girls,800,declared,at_large_standard,class-a,0,0,
2026,girls,800,declared,at_large_standard,redwood-empire,0,0,
2026,girls,800,declared,at_large_standard,tri-valley,0,0,
2026,girls,800,declared,next_best_mark,bay-shore,0,3,0.0
2026,girls,800,declared,next_best_mark,class-a,0,3,0.0
2026,girls,800,declared,next_best_mark,redwood-empire,0,3,0.0
2026,girls,800,declared,next_best_mark,tri-valley,3,3,1.0
2026,girls,800,qualified,at_large_combined,bay-shore,0,4,0.0
2026,girls,800,qualified,at_large_combined,class-a,1,4,0.25
2026,girls,800,qualified,at_large_combined,redwood-empire,0,4,0.0
2026,girls,800,qualified,at_large_combined,tri-valley,3,4,0.75
2026,girls,800,qualified,at_large_standard,bay-shore,0,1,0.0
2026,girls,800,qualified,at_large_standard,class-a,0,1,0.0
2026,girls,800,qualified,at_large_standard,redwood-empire,0,1,0.0
2026,girls,800,qualified,at_large_standard,tri-valley,1,1,1.0
2026,girls,800,qualified,next_best_mark,bay-shore,0,3,0.0
2026,girls,800,qualified,next_best_mark,class-a,1,3,0.3333
2026,girls,800,qualified,next_best_mark,redwood-empire,0,3,0.0
2026,girls,800,qualified,next_best_mark,tri-valley,2,3,0.6667
2026,girls,DT,declared,at_large_combined,bay-shore,0,3,0.0
2026,girls,DT,declared,at_large_combined,class-a,0,3,0.0
2026,girls,DT,declared,at_large_combined,redwood-empire,1,3,0.3333
2026,girls,DT,declared,at_large_combined,tri-valley,2,3,0.6667
2026,girls,DT,declared,at_large_standard,bay-shore,0,0,
2026,girls,DT,declared,at_large_standard,class-a,0,0,
2026,girls,DT,declared,at_large_standard,redwood-empire,0,0,
2026,girls,DT,declared,at_large_standard,tri-valley,0,0,
2026,girls,DT,declared,next_best_mark,bay-shore,0,3,0.0
2026,girls,DT,declared,next_best_mark,class-a,0,3,0.0
2026,girls,DT,declared,next_best_mark,redwood-empire,1,3,0.3333
2026,girls,DT,declared,next_best_mark,tri-valley,2,3,0.6667
2026,girls,DT,qualified,at_large_combined,bay-shore,0,3,0.0
2026,girls,DT,qualified,at_large_combined,class-a,0,3,0.0
2026,girls,DT,qualified,at_large_combined,redwood-empire,2,3,0.6667
2026,girls,DT,qualified,at_large_combined,tri-valley,1,3,0.3333
2026,girls,DT,qualified,at_large_standard,bay-shore,0,0,
2026,girls,DT,qualified,at_large_standard,class-a,0,0,
2026,girls,DT,qualified,at_large_standard,redwood-empire,0,0,
2026,girls,DT,qualified,at_large_standard,tri-valley,0,0,
2026,girls,DT,qualified,next_best_mark,bay-shore,0,3,0.0
2026,girls,DT,qualified,next_best_mark,class-a,0,3,0.0
2026,girls,DT,qualified,next_best_mark,redwood-empire,2,3,0.6667
2026,girls,DT,qualified,next_best_mark,tri-valley,1,3,0.3333
2026,girls,HJ,declared,at_large_combined,bay-shore,0,5,0.0
2026,girls,HJ,declared,at_large_combined,class-a,0,5,0.0
2026,girls,HJ,declared,at_large_combined,redwood-empire,3,5,0.6
2026,girls,HJ,declared,at_large_combined,tri-valley,2,5,0.4
2026,girls,HJ,declared,at_large_standard,bay-shore,0,0,
2026,girls,HJ,declared,at_large_standard,class-a,0,0,
2026,girls,HJ,declared,at_large_standard,redwood-empire,0,0,
2026,girls,HJ,declared,at_large_standard,tri-valley,0,0,
2026,girls,HJ,declared,next_best_mark,bay-shore,0,5,0.0
2026,girls,HJ,declared,next_best_mark,class-a,0,5,0.0
2026,girls,HJ,declared,next_best_mark,redwood-empire,3,5,0.6
2026,girls,HJ,declared,next_best_mark,tri-valley,2,5,0.4
2026,girls,HJ,qualified,at_large_combined,bay-shore,0,5,0.0
2026,girls,HJ,qualified,at_large_combined,class-a,0,5,0.0
2026,girls,HJ,qualified,at_large_combined,redwood-empire,3,5,0.6
2026,girls,HJ,qualified,at_large_combined,tri-valley,2,5,0.4
2026,girls,HJ,qualified,at_large_standard,bay-shore,0,0,
2026,girls,HJ,qualified,at_large_standard,class-a,0,0,
2026,girls,HJ,qualified,at_large_standard,redwood-empire,0,0,
2026,girls,HJ,qualified,at_large_standard,tri-valley,0,0,
2026,girls,HJ,qualified,next_best_mark,bay-shore,0,5,0.0
2026,girls,HJ,qualified,next_best_mark,class-a,0,5,0.0
2026,girls,HJ,qualified,next_best_mark,redwood-empire,3,5,0.6
2026,girls,HJ,qualified,next_best_mark,tri-valley,2,5,0.4
2026,girls,LJ,declared,at_large_combined,bay-shore,2,3,0.6667
2026,girls,LJ,declared,at_large_combined,class-a,0,3,0.0
2026,girls,LJ,declared,at_large_combined,redwood-empire,1,3,0.3333
2026,girls,LJ,declared,at_large_combined,tri-valley,0,3,0.0
2026,girls,LJ,declared,at_large_standard,bay-shore,0,0,
2026,girls,LJ,declared,at_large_standard,class-a,0,0,
2026,girls,LJ,declared,at_large_standard,redwood-empire,0,0,
2026,girls,LJ,declared,at_large_standard,tri-valley,0,0,
2026,girls,LJ,declared,next_best_mark,bay-shore,2,3,0.6667
2026,girls,LJ,declared,next_best_mark,class-a,0,3,0.0
2026,girls,LJ,declared,next_best_mark,redwood-empire,1,3,0.3333
2026,girls,LJ,declared,next_best_mark,tri-valley,0,3,0.0
2026,girls,LJ,qualified,at_large_combined,bay-shore,2,3,0.6667
2026,girls,LJ,qualified,at_large_combined,class-a,0,3,0.0
2026,girls,LJ,qualified,at_large_combined,redwood-empire,1,3,0.3333
2026,girls,LJ,qualified,at_large_combined,tri-valley,0,3,0.0
2026,girls,LJ,qualified,at_large_standard,bay-shore,0,0,
2026,girls,LJ,qualified,at_large_standard,class-a,0,0,
2026,girls,LJ,qualified,at_large_standard,redwood-empire,0,0,
2026,girls,LJ,qualified,at_large_standard,tri-valley,0,0,
2026,girls,LJ,qualified,next_best_mark,bay-shore,2,3,0.6667
2026,girls,LJ,qualified,next_best_mark,class-a,0,3,0.0
2026,girls,LJ,qualified,next_best_mark,redwood-empire,1,3,0.3333
2026,girls,LJ,qualified,next_best_mark,tri-valley,0,3,0.0
2026,girls,PV,declared,at_large_combined,bay-shore,0,6,0.0
2026,girls,PV,declared,at_large_combined,class-a,0,6,0.0
2026,girls,PV,declared,at_large_combined,redwood-empire,1,6,0.1667
2026,girls,PV,declared,at_large_combined,tri-valley,5,6,0.8333
2026,girls,PV,declared,at_large_standard,bay-shore,0,0,
2026,girls,PV,declared,at_large_standard,class-a,0,0,
2026,girls,PV,declared,at_large_standard,redwood-empire,0,0,
2026,girls,PV,declared,at_large_standard,tri-valley,0,0,
2026,girls,PV,declared,next_best_mark,bay-shore,0,6,0.0
2026,girls,PV,declared,next_best_mark,class-a,0,6,0.0
2026,girls,PV,declared,next_best_mark,redwood-empire,1,6,0.1667
2026,girls,PV,declared,next_best_mark,tri-valley,5,6,0.8333
2026,girls,PV,qualified,at_large_combined,bay-shore,0,7,0.0
2026,girls,PV,qualified,at_large_combined,class-a,0,7,0.0
2026,girls,PV,qualified,at_large_combined,redwood-empire,2,7,0.2857
2026,girls,PV,qualified,at_large_combined,tri-valley,5,7,0.7143
2026,girls,PV,qualified,at_large_standard,bay-shore,0,0,
2026,girls,PV,qualified,at_large_standard,class-a,0,0,
2026,girls,PV,qualified,at_large_standard,redwood-empire,0,0,
2026,girls,PV,qualified,at_large_standard,tri-valley,0,0,
2026,girls,PV,qualified,next_best_mark,bay-shore,0,7,0.0
2026,girls,PV,qualified,next_best_mark,class-a,0,7,0.0
2026,girls,PV,qualified,next_best_mark,redwood-empire,2,7,0.2857
2026,girls,PV,qualified,next_best_mark,tri-valley,5,7,0.7143
2026,girls,SP,declared,at_large_combined,bay-shore,2,3,0.6667
2026,girls,SP,declared,at_large_combined,class-a,0,3,0.0
2026,girls,SP,declared,at_large_combined,redwood-empire,0,3,0.0
2026,girls,SP,declared,at_large_combined,tri-valley,1,3,0.3333
2026,girls,SP,declared,at_large_standard,bay-shore,0,0,
2026,girls,SP,declared,at_large_standard,class-a,0,0,
2026,girls,SP,declared,at_large_standard,redwood-empire,0,0,
2026,girls,SP,declared,at_large_standard,tri-valley,0,0,
2026,girls,SP,declared,next_best_mark,bay-shore,2,3,0.6667
2026,girls,SP,declared,next_best_mark,class-a,0,3,0.0
2026,girls,SP,declared,next_best_mark,redwood-empire,0,3,0.0
2026,girls,SP,declared,next_best_mark,tri-valley,1,3,0.3333
2026,girls,SP,qualified,at_large_combined,bay-shore,2,3,0.6667
2026,girls,SP,qualified,at_large_combined,class-a,0,3,0.0
2026,girls,SP,qualified,at_large_combined,redwood-empire,0,3,0.0
2026,girls,SP,qualified,at_large_combined,tri-valley,1,3,0.3333
2026,girls,SP,qualified,at_large_standard,bay-shore,0,0,
2026,girls,SP,qualified,at_large_standard,class-a,0,0,
2026,girls,SP,qualified,at_large_standard,redwood-empire,0,0,
2026,girls,SP,qualified,at_large_standard,tri-valley,0,0,
2026,girls,SP,qualified,next_best_mark,bay-shore,2,3,0.6667
2026,girls,SP,qualified,next_best_mark,class-a,0,3,0.0
2026,girls,SP,qualified,next_best_mark,redwood-empire,0,3,0.0
2026,girls,SP,qualified,next_best_mark,tri-valley,1,3,0.3333
2026,girls,TJ,declared,at_large_combined,bay-shore,2,3,0.6667
2026,girls,TJ,declared,at_large_combined,class-a,0,3,0.0
2026,girls,TJ,declared,at_large_combined,redwood-empire,0,3,0.0
2026,girls,TJ,declared,at_large_combined,tri-valley,1,3,0.3333
2026,girls,TJ,declared,at_large_standard,bay-shore,0,0,
2026,girls,TJ,declared,at_large_standard,class-a,0,0,
2026,girls,TJ,declared,at_large_standard,redwood-empire,0,0,
2026,girls,TJ,declared,at_large_standard,tri-valley,0,0,
2026,girls,TJ,declared,next_best_mark,bay-shore,2,3,0.6667
2026,girls,TJ,declared,next_best_mark,class-a,0,3,0.0
2026,girls,TJ,declared,next_best_mark,redwood-empire,0,3,0.0
2026,girls,TJ,declared,next_best_mark,tri-valley,1,3,0.3333
2026,girls,TJ,qualified,at_large_combined,bay-shore,2,3,0.6667
2026,girls,TJ,qualified,at_large_combined,class-a,0,3,0.0
2026,girls,TJ,qualified,at_large_combined,redwood-empire,1,3,0.3333
2026,girls,TJ,qualified,at_large_combined,tri-valley,0,3,0.0
2026,girls,TJ,qualified,at_large_standard,bay-shore,0,0,
2026,girls,TJ,qualified,at_large_standard,class-a,0,0,
2026,girls,TJ,qualified,at_large_standard,redwood-empire,0,0,
2026,girls,TJ,qualified,at_large_standard,tri-valley,0,0,
2026,girls,TJ,qualified,next_best_mark,bay-shore,2,3,0.6667
2026,girls,TJ,qualified,next_best_mark,class-a,0,3,0.0
2026,girls,TJ,qualified,next_best_mark,redwood-empire,1,3,0.3333
2026,girls,TJ,qualified,next_best_mark,tri-valley,0,3,0.0
