season,gender,event_group,area,area_place,entries,made_final_count,median_moc_place
2022,girls,sprints_hurdles,tri-valley,1,4,,
2022,girls,sprints_hurdles,tri-valley,2,4,,
2022,girls,sprints_hurdles,tri-valley,3,4,,
2022,girls,sprints_hurdles,tri-valley,4,4,,
2022,girls,sprints_hurdles,tri-valley,5,3,,
2022,girls,sprints_hurdles,tri-valley,6,4,,
2022,girls,sprints_hurdles,tri-valley,7,3,,
2022,girls,sprints_hurdles,tri-valley,8,4,,
2022,girls,sprints_hurdles,tri-valley,9,4,,
2022,girls,sprints_hurdles,tri-valley,10,1,,
2022,girls,sprints_hurdles,tri-valley,11,0,,
2022,girls,sprints_hurdles,tri-valley,12,0,,
2022,girls,sprints_hurdles,tri-valley,5-6,7,2,11.0
2022,girls,sprints_hurdles,tri-valley,7-8,7,1,15.0
2022,girls,sprints_hurdles,bay-shore,1,4,,
2022,girls,sprints_hurdles,bay-shore,2,4,,
2022,girls,sprints_hurdles,bay-shore,3,4,,
2022,girls,sprints_hurdles,bay-shore,4,4,,
2022,girls,sprints_hurdles,bay-shore,5,4,,
2022,girls,sprints_hurdles,bay-shore,6,4,,
2022,girls,sprints_hurdles,bay-shore,7,1,,
2022,girls,sprints_hurdles,bay-shore,8,0,,
2022,girls,sprints_hurdles,bay-shore,9,0,,
2022,girls,sprints_hurdles,bay-shore,10,0,,
2022,girls,sprints_hurdles,bay-shore,11,0,,
2022,girls,sprints_hurdles,bay-shore,12,0,,
2022,girls,sprints_hurdles,bay-shore,5-6,8,0,19.5
2022,girls,sprints_hurdles,bay-shore,7-8,1,,
2022,girls,sprints_hurdles,redwood-empire,1,4,,
2022,girls,sprints_hurdles,redwood-empire,2,4,,
2022,girls,sprints_hurdles,redwood-empire,3,3,,
2022,girls,sprints_hurdles,redwood-empire,4,3,,
2022,girls,sprints_hurdles,redwood-empire,5,3,,
2022,girls,sprints_hurdles,redwood-empire,6,3,,
2022,girls,sprints_hurdles,redwood-empire,7,0,,
2022,girls,sprints_hurdles,redwood-empire,8,1,,
2022,girls,sprints_hurdles,redwood-empire,9,1,,
2022,girls,sprints_hurdles,redwood-empire,10,0,,
2022,girls,sprints_hurdles,redwood-empire,11,0,,
2022,girls,sprints_hurdles,redwood-empire,12,0,,
2022,girls,sprints_hurdles,redwood-empire,5-6,6,0,20.5
2022,girls,sprints_hurdles,redwood-empire,7-8,1,,
2022,girls,sprints_hurdles,class-a,1,4,,
2022,girls,sprints_hurdles,class-a,2,4,,
2022,girls,sprints_hurdles,class-a,3,4,,
2022,girls,sprints_hurdles,class-a,4,0,,
2022,girls,sprints_hurdles,class-a,5,0,,
2022,girls,sprints_hurdles,class-a,6,0,,
2022,girls,sprints_hurdles,class-a,7,0,,
2022,girls,sprints_hurdles,class-a,8,0,,
2022,girls,sprints_hurdles,class-a,9,0,,
2022,girls,sprints_hurdles,class-a,10,0,,
2022,girls,sprints_hurdles,class-a,11,0,,
2022,girls,sprints_hurdles,class-a,12,0,,
2022,girls,sprints_hurdles,class-a,5-6,0,,
2022,girls,sprints_hurdles,class-a,7-8,0,,
2022,girls,sprints_hurdles,bay-shore+redwood-empire,1,8,,
2022,girls,sprints_hurdles,bay-shore+redwood-empire,2,8,,
2022,girls,sprints_hurdles,bay-shore+redwood-empire,3,7,,
2022,girls,sprints_hurdles,bay-shore+redwood-empire,4,7,,
2022,girls,sprints_hurdles,bay-shore+redwood-empire,5,7,,
2022,girls,sprints_hurdles,bay-shore+redwood-empire,6,7,,
2022,girls,sprints_hurdles,bay-shore+redwood-empire,7,1,,
2022,girls,sprints_hurdles,bay-shore+redwood-empire,8,1,,
2022,girls,sprints_hurdles,bay-shore+redwood-empire,9,1,,
2022,girls,sprints_hurdles,bay-shore+redwood-empire,10,0,,
2022,girls,sprints_hurdles,bay-shore+redwood-empire,11,0,,
2022,girls,sprints_hurdles,bay-shore+redwood-empire,12,0,,
2022,girls,sprints_hurdles,bay-shore+redwood-empire,5-6,14,0,20.5
2022,girls,sprints_hurdles,bay-shore+redwood-empire,7-8,2,,
2022,girls,400_800,tri-valley,1,2,,
2022,girls,400_800,tri-valley,2,2,,
2022,girls,400_800,tri-valley,3,2,,
2022,girls,400_800,tri-valley,4,2,,
2022,girls,400_800,tri-valley,5,2,,
2022,girls,400_800,tri-valley,6,2,,
2022,girls,400_800,tri-valley,7,2,,
2022,girls,400_800,tri-valley,8,1,,
2022,girls,400_800,tri-valley,9,2,,
2022,girls,400_800,tri-valley,10,1,,
2022,girls,400_800,tri-valley,11,0,,
2022,girls,400_800,tri-valley,12,0,,
2022,girls,400_800,tri-valley,5-6,4,,
2022,girls,400_800,tri-valley,7-8,3,,
2022,girls,400_800,bay-shore,1,2,,
2022,girls,400_800,bay-shore,2,2,,
2022,girls,400_800,bay-shore,3,1,,
2022,girls,400_800,bay-shore,4,2,,
2022,girls,400_800,bay-shore,5,0,,
2022,girls,400_800,bay-shore,6,2,,
2022,girls,400_800,bay-shore,7,2,,
2022,girls,400_800,bay-shore,8,1,,
2022,girls,400_800,bay-shore,9,0,,
2022,girls,400_800,bay-shore,10,0,,
2022,girls,400_800,bay-shore,11,0,,
2022,girls,400_800,bay-shore,12,0,,
2022,girls,400_800,bay-shore,5-6,2,,
2022,girls,400_800,bay-shore,7-8,3,,
2022,girls,400_800,redwood-empire,1,1,,
2022,girls,400_800,redwood-empire,2,1,,
2022,girls,400_800,redwood-empire,3,2,,
2022,girls,400_800,redwood-empire,4,1,,
2022,girls,400_800,redwood-empire,5,2,,
2022,girls,400_800,redwood-empire,6,1,,
2022,girls,400_800,redwood-empire,7,0,,
2022,girls,400_800,redwood-empire,8,1,,
2022,girls,400_800,redwood-empire,9,0,,
2022,girls,400_800,redwood-empire,10,0,,
2022,girls,400_800,redwood-empire,11,0,,
2022,girls,400_800,redwood-empire,12,0,,
2022,girls,400_800,redwood-empire,5-6,3,,
2022,girls,400_800,redwood-empire,7-8,1,,
2022,girls,400_800,class-a,1,2,,
2022,girls,400_800,class-a,2,2,,
2022,girls,400_800,class-a,3,1,,
2022,girls,400_800,class-a,4,1,,
2022,girls,400_800,class-a,5,0,,
2022,girls,400_800,class-a,6,0,,
2022,girls,400_800,class-a,7,0,,
2022,girls,400_800,class-a,8,0,,
2022,girls,400_800,class-a,9,0,,
2022,girls,400_800,class-a,10,0,,
2022,girls,400_800,class-a,11,0,,
2022,girls,400_800,class-a,12,0,,
2022,girls,400_800,class-a,5-6,0,,
2022,girls,400_800,class-a,7-8,0,,
2022,girls,400_800,bay-shore+redwood-empire,1,3,,
2022,girls,400_800,bay-shore+redwood-empire,2,3,,
2022,girls,400_800,bay-shore+redwood-empire,3,3,,
2022,girls,400_800,bay-shore+redwood-empire,4,3,,
2022,girls,400_800,bay-shore+redwood-empire,5,2,,
2022,girls,400_800,bay-shore+redwood-empire,6,3,,
2022,girls,400_800,bay-shore+redwood-empire,7,2,,
2022,girls,400_800,bay-shore+redwood-empire,8,2,,
2022,girls,400_800,bay-shore+redwood-empire,9,0,,
2022,girls,400_800,bay-shore+redwood-empire,10,0,,
2022,girls,400_800,bay-shore+redwood-empire,11,0,,
2022,girls,400_800,bay-shore+redwood-empire,12,0,,
2022,girls,400_800,bay-shore+redwood-empire,5-6,5,,
2022,girls,400_800,bay-shore+redwood-empire,7-8,4,,
2022,girls,distance,tri-valley,1,2,,
2022,girls,distance,tri-valley,2,1,,
2022,girls,distance,tri-valley,3,2,,
2022,girls,distance,tri-valley,4,1,,
2022,girls,distance,tri-valley,5,2,,
2022,girls,distance,tri-valley,6,2,,
2022,girls,distance,tri-valley,7,2,,
2022,girls,distance,tri-valley,8,1,,
2022,girls,distance,tri-valley,9,0,,
2022,girls,distance,tri-valley,10,0,,
2022,girls,distance,tri-valley,11,0,,
2022,girls,distance,tri-valley,12,0,,
2022,girls,distance,tri-valley,5-6,4,,
2022,girls,distance,tri-valley,7-8,3,,
2022,girls,distance,bay-shore,1,2,,
2022,girls,distance,bay-shore,2,1,,
2022,girls,distance,bay-shore,3,2,,
2022,girls,distance,bay-shore,4,2,,
2022,girls,distance,bay-shore,5,2,,
2022,girls,distance,bay-shore,6,1,,
2022,girls,distance,bay-shore,7,1,,
2022,girls,distance,bay-shore,8,1,,
2022,girls,distance,bay-shore,9,0,,
2022,girls,distance,bay-shore,10,0,,
2022,girls,distance,bay-shore,11,0,,
2022,girls,distance,bay-shore,12,0,,
2022,girls,distance,bay-shore,5-6,3,,
2022,girls,distance,bay-shore,7-8,2,,
2022,girls,distance,redwood-empire,1,1,,
2022,girls,distance,redwood-empire,2,2,,
2022,girls,distance,redwood-empire,3,2,,
2022,girls,distance,redwood-empire,4,2,,
2022,girls,distance,redwood-empire,5,2,,
2022,girls,distance,redwood-empire,6,2,,
2022,girls,distance,redwood-empire,7,1,,
2022,girls,distance,redwood-empire,8,0,,
2022,girls,distance,redwood-empire,9,1,,
2022,girls,distance,redwood-empire,10,0,,
2022,girls,distance,redwood-empire,11,0,,
2022,girls,distance,redwood-empire,12,0,,
2022,girls,distance,redwood-empire,5-6,4,,
2022,girls,distance,redwood-empire,7-8,1,,
2022,girls,distance,class-a,1,1,,
2022,girls,distance,class-a,2,1,,
2022,girls,distance,class-a,3,2,,
2022,girls,distance,class-a,4,1,,
2022,girls,distance,class-a,5,1,,
2022,girls,distance,class-a,6,0,,
2022,girls,distance,class-a,7,1,,
2022,girls,distance,class-a,8,1,,
2022,girls,distance,class-a,9,0,,
2022,girls,distance,class-a,10,0,,
2022,girls,distance,class-a,11,0,,
2022,girls,distance,class-a,12,0,,
2022,girls,distance,class-a,5-6,1,,
2022,girls,distance,class-a,7-8,2,,
2022,girls,distance,bay-shore+redwood-empire,1,3,,
2022,girls,distance,bay-shore+redwood-empire,2,3,,
2022,girls,distance,bay-shore+redwood-empire,3,4,,
2022,girls,distance,bay-shore+redwood-empire,4,4,,
2022,girls,distance,bay-shore+redwood-empire,5,4,,
2022,girls,distance,bay-shore+redwood-empire,6,3,,
2022,girls,distance,bay-shore+redwood-empire,7,2,,
2022,girls,distance,bay-shore+redwood-empire,8,1,,
2022,girls,distance,bay-shore+redwood-empire,9,1,,
2022,girls,distance,bay-shore+redwood-empire,10,0,,
2022,girls,distance,bay-shore+redwood-empire,11,0,,
2022,girls,distance,bay-shore+redwood-empire,12,0,,
2022,girls,distance,bay-shore+redwood-empire,5-6,7,,
2022,girls,distance,bay-shore+redwood-empire,7-8,3,,
2022,girls,jumps,tri-valley,1,4,,
2022,girls,jumps,tri-valley,2,4,,
2022,girls,jumps,tri-valley,3,3,,
2022,girls,jumps,tri-valley,4,4,,
2022,girls,jumps,tri-valley,5,5,1,13.0
2022,girls,jumps,tri-valley,6,3,,
2022,girls,jumps,tri-valley,7,3,,
2022,girls,jumps,tri-valley,8,3,,
2022,girls,jumps,tri-valley,9,0,,
2022,girls,jumps,tri-valley,10,0,,
2022,girls,jumps,tri-valley,11,0,,
2022,girls,jumps,tri-valley,12,0,,
2022,girls,jumps,tri-valley,5-6,8,2,14.0
2022,girls,jumps,tri-valley,7-8,6,0,11.5
2022,girls,jumps,bay-shore,1,4,,
2022,girls,jumps,bay-shore,2,3,,
2022,girls,jumps,bay-shore,3,4,,
2022,girls,jumps,bay-shore,4,4,,
2022,girls,jumps,bay-shore,5,4,,
2022,girls,jumps,bay-shore,6,3,,
2022,girls,jumps,bay-shore,7,2,,
2022,girls,jumps,bay-shore,8,1,,
2022,girls,jumps,bay-shore,9,1,,
2022,girls,jumps,bay-shore,10,0,,
2022,girls,jumps,bay-shore,11,0,,
2022,girls,jumps,bay-shore,12,0,,
2022,girls,jumps,bay-shore,5-6,7,0,21.0
2022,girls,jumps,bay-shore,7-8,3,,
2022,girls,jumps,redwood-empire,1,4,,
2022,girls,jumps,redwood-empire,2,4,,
2022,girls,jumps,redwood-empire,3,3,,
2022,girls,jumps,redwood-empire,4,5,2,11.0
2022,girls,jumps,redwood-empire,5,1,,
2022,girls,jumps,redwood-empire,6,3,,
2022,girls,jumps,redwood-empire,7,3,,
2022,girls,jumps,redwood-empire,8,1,,
2022,girls,jumps,redwood-empire,9,0,,
2022,girls,jumps,redwood-empire,10,1,,
2022,girls,jumps,redwood-empire,11,0,,
2022,girls,jumps,redwood-empire,12,0,,
2022,girls,jumps,redwood-empire,5-6,4,,
2022,girls,jumps,redwood-empire,7-8,4,,
2022,girls,jumps,class-a,1,4,,
2022,girls,jumps,class-a,2,4,,
2022,girls,jumps,class-a,3,4,,
2022,girls,jumps,class-a,4,0,,
2022,girls,jumps,class-a,5,0,,
2022,girls,jumps,class-a,6,0,,
2022,girls,jumps,class-a,7,0,,
2022,girls,jumps,class-a,8,0,,
2022,girls,jumps,class-a,9,0,,
2022,girls,jumps,class-a,10,0,,
2022,girls,jumps,class-a,11,0,,
2022,girls,jumps,class-a,12,0,,
2022,girls,jumps,class-a,5-6,0,,
2022,girls,jumps,class-a,7-8,0,,
2022,girls,jumps,bay-shore+redwood-empire,1,8,,
2022,girls,jumps,bay-shore+redwood-empire,2,7,,
2022,girls,jumps,bay-shore+redwood-empire,3,7,,
2022,girls,jumps,bay-shore+redwood-empire,4,9,,
2022,girls,jumps,bay-shore+redwood-empire,5,5,,
2022,girls,jumps,bay-shore+redwood-empire,6,6,,
2022,girls,jumps,bay-shore+redwood-empire,7,5,,
2022,girls,jumps,bay-shore+redwood-empire,8,2,,
2022,girls,jumps,bay-shore+redwood-empire,9,1,,
2022,girls,jumps,bay-shore+redwood-empire,10,1,,
2022,girls,jumps,bay-shore+redwood-empire,11,0,,
2022,girls,jumps,bay-shore+redwood-empire,12,0,,
2022,girls,jumps,bay-shore+redwood-empire,5-6,11,,
2022,girls,jumps,bay-shore+redwood-empire,7-8,7,,
2022,girls,throws,tri-valley,1,2,,
2022,girls,throws,tri-valley,2,2,,
2022,girls,throws,tri-valley,3,2,,
2022,girls,throws,tri-valley,4,2,,
2022,girls,throws,tri-valley,5,2,,
2022,girls,throws,tri-valley,6,1,,
2022,girls,throws,tri-valley,7,2,,
2022,girls,throws,tri-valley,8,2,,
2022,girls,throws,tri-valley,9,2,,
2022,girls,throws,tri-valley,10,0,,
2022,girls,throws,tri-valley,11,0,,
2022,girls,throws,tri-valley,12,0,,
2022,girls,throws,tri-valley,5-6,3,,
2022,girls,throws,tri-valley,7-8,4,,
2022,girls,throws,bay-shore,1,2,,
2022,girls,throws,bay-shore,2,0,,
2022,girls,throws,bay-shore,3,2,,
2022,girls,throws,bay-shore,4,1,,
2022,girls,throws,bay-shore,5,1,,
2022,girls,throws,bay-shore,6,2,,
2022,girls,throws,bay-shore,7,1,,
2022,girls,throws,bay-shore,8,0,,
2022,girls,throws,bay-shore,9,0,,
2022,girls,throws,bay-shore,10,0,,
2022,girls,throws,bay-shore,11,0,,
2022,girls,throws,bay-shore,12,0,,
2022,girls,throws,bay-shore,5-6,3,,
2022,girls,throws,bay-shore,7-8,1,,
2022,girls,throws,redwood-empire,1,0,,
2022,girls,throws,redwood-empire,2,2,,
2022,girls,throws,redwood-empire,3,2,,
2022,girls,throws,redwood-empire,4,2,,
2022,girls,throws,redwood-empire,5,2,,
2022,girls,throws,redwood-empire,6,2,,
2022,girls,throws,redwood-empire,7,0,,
2022,girls,throws,redwood-empire,8,0,,
2022,girls,throws,redwood-empire,9,0,,
2022,girls,throws,redwood-empire,10,0,,
2022,girls,throws,redwood-empire,11,0,,
2022,girls,throws,redwood-empire,12,0,,
2022,girls,throws,redwood-empire,5-6,4,,
2022,girls,throws,redwood-empire,7-8,0,,
2022,girls,throws,class-a,1,2,,
2022,girls,throws,class-a,2,2,,
2022,girls,throws,class-a,3,1,,
2022,girls,throws,class-a,4,0,,
2022,girls,throws,class-a,5,0,,
2022,girls,throws,class-a,6,0,,
2022,girls,throws,class-a,7,0,,
2022,girls,throws,class-a,8,0,,
2022,girls,throws,class-a,9,0,,
2022,girls,throws,class-a,10,0,,
2022,girls,throws,class-a,11,0,,
2022,girls,throws,class-a,12,0,,
2022,girls,throws,class-a,5-6,0,,
2022,girls,throws,class-a,7-8,0,,
2022,girls,throws,bay-shore+redwood-empire,1,2,,
2022,girls,throws,bay-shore+redwood-empire,2,2,,
2022,girls,throws,bay-shore+redwood-empire,3,4,,
2022,girls,throws,bay-shore+redwood-empire,4,3,,
2022,girls,throws,bay-shore+redwood-empire,5,3,,
2022,girls,throws,bay-shore+redwood-empire,6,4,,
2022,girls,throws,bay-shore+redwood-empire,7,1,,
2022,girls,throws,bay-shore+redwood-empire,8,0,,
2022,girls,throws,bay-shore+redwood-empire,9,0,,
2022,girls,throws,bay-shore+redwood-empire,10,0,,
2022,girls,throws,bay-shore+redwood-empire,11,0,,
2022,girls,throws,bay-shore+redwood-empire,12,0,,
2022,girls,throws,bay-shore+redwood-empire,5-6,7,,
2022,girls,throws,bay-shore+redwood-empire,7-8,1,,
2022,girls,relays,tri-valley,1,2,,
2022,girls,relays,tri-valley,2,2,,
2022,girls,relays,tri-valley,3,2,,
2022,girls,relays,tri-valley,4,2,,
2022,girls,relays,tri-valley,5,2,,
2022,girls,relays,tri-valley,6,2,,
2022,girls,relays,tri-valley,7,2,,
2022,girls,relays,tri-valley,8,2,,
2022,girls,relays,tri-valley,9,2,,
2022,girls,relays,tri-valley,10,0,,
2022,girls,relays,tri-valley,11,0,,
2022,girls,relays,tri-valley,12,0,,
2022,girls,relays,tri-valley,5-6,4,,
2022,girls,relays,tri-valley,7-8,4,,
2022,girls,relays,bay-shore,1,2,,
2022,girls,relays,bay-shore,2,2,,
2022,girls,relays,bay-shore,3,2,,
2022,girls,relays,bay-shore,4,2,,
2022,girls,relays,bay-shore,5,2,,
2022,girls,relays,bay-shore,6,2,,
2022,girls,relays,bay-shore,7,0,,
2022,girls,relays,bay-shore,8,0,,
2022,girls,relays,bay-shore,9,0,,
2022,girls,relays,bay-shore,10,0,,
2022,girls,relays,bay-shore,11,0,,
2022,girls,relays,bay-shore,12,0,,
2022,girls,relays,bay-shore,5-6,4,,
2022,girls,relays,bay-shore,7-8,0,,
2022,girls,relays,redwood-empire,1,2,,
2022,girls,relays,redwood-empire,2,1,,
2022,girls,relays,redwood-empire,3,1,,
2022,girls,relays,redwood-empire,4,2,,
2022,girls,relays,redwood-empire,5,2,,
2022,girls,relays,redwood-empire,6,1,,
2022,girls,relays,redwood-empire,7,1,,
2022,girls,relays,redwood-empire,8,1,,
2022,girls,relays,redwood-empire,9,0,,
2022,girls,relays,redwood-empire,10,0,,
2022,girls,relays,redwood-empire,11,0,,
2022,girls,relays,redwood-empire,12,0,,
2022,girls,relays,redwood-empire,5-6,3,,
2022,girls,relays,redwood-empire,7-8,2,,
2022,girls,relays,class-a,1,2,,
2022,girls,relays,class-a,2,2,,
2022,girls,relays,class-a,3,2,,
2022,girls,relays,class-a,4,0,,
2022,girls,relays,class-a,5,0,,
2022,girls,relays,class-a,6,0,,
2022,girls,relays,class-a,7,0,,
2022,girls,relays,class-a,8,0,,
2022,girls,relays,class-a,9,0,,
2022,girls,relays,class-a,10,0,,
2022,girls,relays,class-a,11,0,,
2022,girls,relays,class-a,12,0,,
2022,girls,relays,class-a,5-6,0,,
2022,girls,relays,class-a,7-8,0,,
2022,girls,relays,bay-shore+redwood-empire,1,4,,
2022,girls,relays,bay-shore+redwood-empire,2,3,,
2022,girls,relays,bay-shore+redwood-empire,3,3,,
2022,girls,relays,bay-shore+redwood-empire,4,4,,
2022,girls,relays,bay-shore+redwood-empire,5,4,,
2022,girls,relays,bay-shore+redwood-empire,6,3,,
2022,girls,relays,bay-shore+redwood-empire,7,1,,
2022,girls,relays,bay-shore+redwood-empire,8,1,,
2022,girls,relays,bay-shore+redwood-empire,9,0,,
2022,girls,relays,bay-shore+redwood-empire,10,0,,
2022,girls,relays,bay-shore+redwood-empire,11,0,,
2022,girls,relays,bay-shore+redwood-empire,12,0,,
2022,girls,relays,bay-shore+redwood-empire,5-6,7,,
2022,girls,relays,bay-shore+redwood-empire,7-8,2,,
2022,girls,all,tri-valley,1,16,15,1.5
2022,girls,all,tri-valley,2,15,13,3.0
2022,girls,all,tri-valley,3,15,13,5.0
2022,girls,all,tri-valley,4,15,11,5.0
2022,girls,all,tri-valley,5,16,6,11.5
2022,girls,all,tri-valley,6,14,5,11.0
2022,girls,all,tri-valley,7,14,1,13.0
2022,girls,all,tri-valley,8,13,6,9.0
2022,girls,all,tri-valley,9,10,3,14.5
2022,girls,all,tri-valley,10,2,,
2022,girls,all,tri-valley,11,0,,
2022,girls,all,tri-valley,12,0,,
2022,girls,all,tri-valley,5-6,30,11,11.0
2022,girls,all,tri-valley,7-8,27,7,11.0
2022,girls,all,bay-shore,1,16,10,5.0
2022,girls,all,bay-shore,2,12,6,8.5
2022,girls,all,bay-shore,3,15,6,11.0
2022,girls,all,bay-shore,4,15,1,16.0
2022,girls,all,bay-shore,5,13,0,21.0
2022,girls,all,bay-shore,6,14,0,21.5
2022,girls,all,bay-shore,7,7,0,18.5
2022,girls,all,bay-shore,8,3,,
2022,girls,all,bay-shore,9,1,,
2022,girls,all,bay-shore,10,0,,
2022,girls,all,bay-shore,11,0,,
2022,girls,all,bay-shore,12,0,,
2022,girls,all,bay-shore,5-6,27,0,21.0
2022,girls,all,bay-shore,7-8,10,0,19.0
2022,girls,all,redwood-empire,1,12,9,6.0
2022,girls,all,redwood-empire,2,14,8,5.5
2022,girls,all,redwood-empire,3,13,5,10.0
2022,girls,all,redwood-empire,4,15,2,14.0
2022,girls,all,redwood-empire,5,12,1,17.0
2022,girls,all,redwood-empire,6,12,1,16.5
2022,girls,all,redwood-empire,7,5,0,12.0
2022,girls,all,redwood-empire,8,4,,
2022,girls,all,redwood-empire,9,2,,
2022,girls,all,redwood-empire,10,1,,
2022,girls,all,redwood-empire,11,0,,
2022,girls,all,redwood-empire,12,0,,
2022,girls,all,redwood-empire,5-6,24,2,16.5
2022,girls,all,redwood-empire,7-8,9,1,17.0
2022,girls,all,class-a,1,15,2,11.0
2022,girls,all,class-a,2,15,2,17.0
2022,girls,all,class-a,3,14,1,18.5
2022,girls,all,class-a,4,2,,
2022,girls,all,class-a,5,1,,
2022,girls,all,class-a,6,0,,
2022,girls,all,class-a,7,1,,
2022,girls,all,class-a,8,1,,
2022,girls,all,class-a,9,0,,
2022,girls,all,class-a,10,0,,
2022,girls,all,class-a,11,0,,
2022,girls,all,class-a,12,0,,
2022,girls,all,class-a,5-6,1,,
2022,girls,all,class-a,7-8,2,,
2022,girls,all,bay-shore+redwood-empire,1,28,19,6.0
2022,girls,all,bay-shore+redwood-empire,2,26,14,6.0
2022,girls,all,bay-shore+redwood-empire,3,28,11,10.0
2022,girls,all,bay-shore+redwood-empire,4,30,3,16.0
2022,girls,all,bay-shore+redwood-empire,5,25,1,19.0
2022,girls,all,bay-shore+redwood-empire,6,26,1,21.0
2022,girls,all,bay-shore+redwood-empire,7,12,0,17.0
2022,girls,all,bay-shore+redwood-empire,8,7,,
2022,girls,all,bay-shore+redwood-empire,9,3,,
2022,girls,all,bay-shore+redwood-empire,10,1,,
2022,girls,all,bay-shore+redwood-empire,11,0,,
2022,girls,all,bay-shore+redwood-empire,12,0,,
2022,girls,all,bay-shore+redwood-empire,5-6,51,2,19.5
2022,girls,all,bay-shore+redwood-empire,7-8,19,1,18.0
2022,boys,sprints_hurdles,tri-valley,1,4,,
2022,boys,sprints_hurdles,tri-valley,2,4,,
2022,boys,sprints_hurdles,tri-valley,3,4,,
2022,boys,sprints_hurdles,tri-valley,4,3,,
2022,boys,sprints_hurdles,tri-valley,5,4,,
2022,boys,sprints_hurdles,tri-valley,6,3,,
2022,boys,sprints_hurdles,tri-valley,7,6,1,14.5
2022,boys,sprints_hurdles,tri-valley,8,3,,
2022,boys,sprints_hurdles,tri-valley,9,0,,
2022,boys,sprints_hurdles,tri-valley,10,2,,
2022,boys,sprints_hurdles,tri-valley,11,1,,
2022,boys,sprints_hurdles,tri-valley,12,0,,
2022,boys,sprints_hurdles,tri-valley,5-6,7,2,15.0
2022,boys,sprints_hurdles,tri-valley,7-8,9,1,16.0
2022,boys,sprints_hurdles,bay-shore,1,4,,
2022,boys,sprints_hurdles,bay-shore,2,4,,
2022,boys,sprints_hurdles,bay-shore,3,4,,
2022,boys,sprints_hurdles,bay-shore,4,4,,
2022,boys,sprints_hurdles,bay-shore,5,4,,
2022,boys,sprints_hurdles,bay-shore,6,3,,
2022,boys,sprints_hurdles,bay-shore,7,1,,
2022,boys,sprints_hurdles,bay-shore,8,1,,
2022,boys,sprints_hurdles,bay-shore,9,0,,
2022,boys,sprints_hurdles,bay-shore,10,0,,
2022,boys,sprints_hurdles,bay-shore,11,0,,
2022,boys,sprints_hurdles,bay-shore,12,0,,
2022,boys,sprints_hurdles,bay-shore,5-6,7,0,18.0
2022,boys,sprints_hurdles,bay-shore,7-8,2,,
2022,boys,sprints_hurdles,redwood-empire,1,3,,
2022,boys,sprints_hurdles,redwood-empire,2,3,,
2022,boys,sprints_hurdles,redwood-empire,3,4,,
2022,boys,sprints_hurdles,redwood-empire,4,4,,
2022,boys,sprints_hurdles,redwood-empire,5,3,,
2022,boys,sprints_hurdles,redwood-empire,6,3,,
2022,boys,sprints_hurdles,redwood-empire,7,2,,
2022,boys,sprints_hurdles,redwood-empire,8,0,,
2022,boys,sprints_hurdles,redwood-empire,9,0,,
2022,boys,sprints_hurdles,redwood-empire,10,0,,
2022,boys,sprints_hurdles,redwood-empire,11,0,,
2022,boys,sprints_hurdles,redwood-empire,12,0,,
2022,boys,sprints_hurdles,redwood-empire,5-6,6,0,20.0
2022,boys,sprints_hurdles,redwood-empire,7-8,2,,
2022,boys,sprints_hurdles,class-a,1,4,,
2022,boys,sprints_hurdles,class-a,2,3,,
2022,boys,sprints_hurdles,class-a,3,3,,
2022,boys,sprints_hurdles,class-a,4,0,,
2022,boys,sprints_hurdles,class-a,5,0,,
2022,boys,sprints_hurdles,class-a,6,0,,
2022,boys,sprints_hurdles,class-a,7,0,,
2022,boys,sprints_hurdles,class-a,8,0,,
2022,boys,sprints_hurdles,class-a,9,0,,
2022,boys,sprints_hurdles,class-a,10,0,,
2022,boys,sprints_hurdles,class-a,11,0,,
2022,boys,sprints_hurdles,class-a,12,0,,
2022,boys,sprints_hurdles,class-a,5-6,0,,
2022,boys,sprints_hurdles,class-a,7-8,0,,
2022,boys,sprints_hurdles,bay-shore+redwood-empire,1,7,,
2022,boys,sprints_hurdles,bay-shore+redwood-empire,2,7,,
2022,boys,sprints_hurdles,bay-shore+redwood-empire,3,8,,
2022,boys,sprints_hurdles,bay-shore+redwood-empire,4,8,,
2022,boys,sprints_hurdles,bay-shore+redwood-empire,5,7,,
2022,boys,sprints_hurdles,bay-shore+redwood-empire,6,6,,
2022,boys,sprints_hurdles,bay-shore+redwood-empire,7,3,,
2022,boys,sprints_hurdles,bay-shore+redwood-empire,8,1,,
2022,boys,sprints_hurdles,bay-shore+redwood-empire,9,0,,
2022,boys,sprints_hurdles,bay-shore+redwood-empire,10,0,,
2022,boys,sprints_hurdles,bay-shore+redwood-empire,11,0,,
2022,boys,sprints_hurdles,bay-shore+redwood-empire,12,0,,
2022,boys,sprints_hurdles,bay-shore+redwood-empire,5-6,13,0,19.0
2022,boys,sprints_hurdles,bay-shore+redwood-empire,7-8,4,,
2022,boys,400_800,tri-valley,1,2,,
2022,boys,400_800,tri-valley,2,2,,
2022,boys,400_800,tri-valley,3,2,,
2022,boys,400_800,tri-valley,4,2,,
2022,boys,400_800,tri-valley,5,2,,
2022,boys,400_800,tri-valley,6,2,,
2022,boys,400_800,tri-valley,7,2,,
2022,boys,400_800,tri-valley,8,2,,
2022,boys,400_800,tri-valley,9,1,,
2022,boys,400_800,tri-valley,10,0,,
2022,boys,400_800,tri-valley,11,0,,
2022,boys,400_800,tri-valley,12,0,,
2022,boys,400_800,tri-valley,5-6,4,,
2022,boys,400_800,tri-valley,7-8,4,,
2022,boys,400_800,bay-shore,1,2,,
2022,boys,400_800,bay-shore,2,2,,
2022,boys,400_800,bay-shore,3,2,,
2022,boys,400_800,bay-shore,4,2,,
2022,boys,400_800,bay-shore,5,2,,
2022,boys,400_800,bay-shore,6,2,,
2022,boys,400_800,bay-shore,7,0,,
2022,boys,400_800,bay-shore,8,0,,
2022,boys,400_800,bay-shore,9,0,,
2022,boys,400_800,bay-shore,10,0,,
2022,boys,400_800,bay-shore,11,0,,
2022,boys,400_800,bay-shore,12,0,,
2022,boys,400_800,bay-shore,5-6,4,,
2022,boys,400_800,bay-shore,7-8,0,,
2022,boys,400_800,redwood-empire,1,2,,
2022,boys,400_800,redwood-empire,2,2,,
2022,boys,400_800,redwood-empire,3,2,,
2022,boys,400_800,redwood-empire,4,2,,
2022,boys,400_800,redwood-empire,5,1,,
2022,boys,400_800,redwood-empire,6,2,,
2022,boys,400_800,redwood-empire,7,1,,
2022,boys,400_800,redwood-empire,8,0,,
2022,boys,400_800,redwood-empire,9,0,,
2022,boys,400_800,redwood-empire,10,0,,
2022,boys,400_800,redwood-empire,11,0,,
2022,boys,400_800,redwood-empire,12,0,,
2022,boys,400_800,redwood-empire,5-6,3,,
2022,boys,400_800,redwood-empire,7-8,1,,
2022,boys,400_800,class-a,1,1,,
2022,boys,400_800,class-a,2,2,,
2022,boys,400_800,class-a,3,2,,
2022,boys,400_800,class-a,4,1,,
2022,boys,400_800,class-a,5,0,,
2022,boys,400_800,class-a,6,0,,
2022,boys,400_800,class-a,7,0,,
2022,boys,400_800,class-a,8,0,,
2022,boys,400_800,class-a,9,0,,
2022,boys,400_800,class-a,10,0,,
2022,boys,400_800,class-a,11,0,,
2022,boys,400_800,class-a,12,0,,
2022,boys,400_800,class-a,5-6,0,,
2022,boys,400_800,class-a,7-8,0,,
2022,boys,400_800,bay-shore+redwood-empire,1,4,,
2022,boys,400_800,bay-shore+redwood-empire,2,4,,
2022,boys,400_800,bay-shore+redwood-empire,3,4,,
2022,boys,400_800,bay-shore+redwood-empire,4,4,,
2022,boys,400_800,bay-shore+redwood-empire,5,3,,
2022,boys,400_800,bay-shore+redwood-empire,6,4,,
2022,boys,400_800,bay-shore+redwood-empire,7,1,,
2022,boys,400_800,bay-shore+redwood-empire,8,0,,
2022,boys,400_800,bay-shore+redwood-empire,9,0,,
2022,boys,400_800,bay-shore+redwood-empire,10,0,,
2022,boys,400_800,bay-shore+redwood-empire,11,0,,
2022,boys,400_800,bay-shore+redwood-empire,12,0,,
2022,boys,400_800,bay-shore+redwood-empire,5-6,7,,
2022,boys,400_800,bay-shore+redwood-empire,7-8,1,,
2022,boys,distance,tri-valley,1,2,,
2022,boys,distance,tri-valley,2,2,,
2022,boys,distance,tri-valley,3,2,,
2022,boys,distance,tri-valley,4,1,,
2022,boys,distance,tri-valley,5,2,,
2022,boys,distance,tri-valley,6,2,,
2022,boys,distance,tri-valley,7,2,,
2022,boys,distance,tri-valley,8,2,,
2022,boys,distance,tri-valley,9,1,,
2022,boys,distance,tri-valley,10,1,,
2022,boys,distance,tri-valley,11,0,,
2022,boys,distance,tri-valley,12,0,,
2022,boys,distance,tri-valley,5-6,4,,
2022,boys,distance,tri-valley,7-8,4,,
2022,boys,distance,bay-shore,1,2,,
2022,boys,distance,bay-shore,2,2,,
2022,boys,distance,bay-shore,3,1,,
2022,boys,distance,bay-shore,4,2,,
2022,boys,distance,bay-shore,5,1,,
2022,boys,distance,bay-shore,6,2,,
2022,boys,distance,bay-shore,7,1,,
2022,boys,distance,bay-shore,8,1,,
2022,boys,distance,bay-shore,9,0,,
2022,boys,distance,bay-shore,10,0,,
2022,boys,distance,bay-shore,11,0,,
2022,boys,distance,bay-shore,12,0,,
2022,boys,distance,bay-shore,5-6,3,,
2022,boys,distance,bay-shore,7-8,2,,
2022,boys,distance,redwood-empire,1,2,,
2022,boys,distance,redwood-empire,2,2,,
2022,boys,distance,redwood-empire,3,2,,
2022,boys,distance,redwood-empire,4,2,,
2022,boys,distance,redwood-empire,5,2,,
2022,boys,distance,redwood-empire,6,2,,
2022,boys,distance,redwood-empire,7,0,,
2022,boys,distance,redwood-empire,8,0,,
2022,boys,distance,redwood-empire,9,0,,
2022,boys,distance,redwood-empire,10,0,,
2022,boys,distance,redwood-empire,11,0,,
2022,boys,distance,redwood-empire,12,0,,
2022,boys,distance,redwood-empire,5-6,4,,
2022,boys,distance,redwood-empire,7-8,0,,
2022,boys,distance,class-a,1,2,,
2022,boys,distance,class-a,2,2,,
2022,boys,distance,class-a,3,1,,
2022,boys,distance,class-a,4,1,,
2022,boys,distance,class-a,5,0,,
2022,boys,distance,class-a,6,0,,
2022,boys,distance,class-a,7,0,,
2022,boys,distance,class-a,8,0,,
2022,boys,distance,class-a,9,0,,
2022,boys,distance,class-a,10,0,,
2022,boys,distance,class-a,11,0,,
2022,boys,distance,class-a,12,0,,
2022,boys,distance,class-a,5-6,0,,
2022,boys,distance,class-a,7-8,0,,
2022,boys,distance,bay-shore+redwood-empire,1,4,,
2022,boys,distance,bay-shore+redwood-empire,2,4,,
2022,boys,distance,bay-shore+redwood-empire,3,3,,
2022,boys,distance,bay-shore+redwood-empire,4,4,,
2022,boys,distance,bay-shore+redwood-empire,5,3,,
2022,boys,distance,bay-shore+redwood-empire,6,4,,
2022,boys,distance,bay-shore+redwood-empire,7,1,,
2022,boys,distance,bay-shore+redwood-empire,8,1,,
2022,boys,distance,bay-shore+redwood-empire,9,0,,
2022,boys,distance,bay-shore+redwood-empire,10,0,,
2022,boys,distance,bay-shore+redwood-empire,11,0,,
2022,boys,distance,bay-shore+redwood-empire,12,0,,
2022,boys,distance,bay-shore+redwood-empire,5-6,7,,
2022,boys,distance,bay-shore+redwood-empire,7-8,2,,
2022,boys,jumps,tri-valley,1,4,,
2022,boys,jumps,tri-valley,2,4,,
2022,boys,jumps,tri-valley,3,5,3,6.5
2022,boys,jumps,tri-valley,4,3,,
2022,boys,jumps,tri-valley,5,4,,
2022,boys,jumps,tri-valley,6,2,,
2022,boys,jumps,tri-valley,7,5,2,9.5
2022,boys,jumps,tri-valley,8,3,,
2022,boys,jumps,tri-valley,9,1,,
2022,boys,jumps,tri-valley,10,2,,
2022,boys,jumps,tri-valley,11,0,,
2022,boys,jumps,tri-valley,12,0,,
2022,boys,jumps,tri-valley,5-6,6,0,16.5
2022,boys,jumps,tri-valley,7-8,8,4,8.0
2022,boys,jumps,bay-shore,1,4,,
2022,boys,jumps,bay-shore,2,4,,
2022,boys,jumps,bay-shore,3,3,,
2022,boys,jumps,bay-shore,4,4,,
2022,boys,jumps,bay-shore,5,4,,
2022,boys,jumps,bay-shore,6,4,,
2022,boys,jumps,bay-shore,7,1,,
2022,boys,jumps,bay-shore,8,0,,
2022,boys,jumps,bay-shore,9,0,,
2022,boys,jumps,bay-shore,10,0,,
2022,boys,jumps,bay-shore,11,0,,
2022,boys,jumps,bay-shore,12,0,,
2022,boys,jumps,bay-shore,5-6,8,2,10.0
2022,boys,jumps,bay-shore,7-8,1,,
2022,boys,jumps,redwood-empire,1,4,,
2022,boys,jumps,redwood-empire,2,4,,
2022,boys,jumps,redwood-empire,3,4,,
2022,boys,jumps,redwood-empire,4,4,,
2022,boys,jumps,redwood-empire,5,3,,
2022,boys,jumps,redwood-empire,6,3,,
2022,boys,jumps,redwood-empire,7,3,,
2022,boys,jumps,redwood-empire,8,0,,
2022,boys,jumps,redwood-empire,9,0,,
2022,boys,jumps,redwood-empire,10,0,,
2022,boys,jumps,redwood-empire,11,0,,
2022,boys,jumps,redwood-empire,12,0,,
2022,boys,jumps,redwood-empire,5-6,6,3,10.0
2022,boys,jumps,redwood-empire,7-8,3,,
2022,boys,jumps,class-a,1,4,,
2022,boys,jumps,class-a,2,3,,
2022,boys,jumps,class-a,3,2,,
2022,boys,jumps,class-a,4,2,,
2022,boys,jumps,class-a,5,1,,
2022,boys,jumps,class-a,6,0,,
2022,boys,jumps,class-a,7,0,,
2022,boys,jumps,class-a,8,0,,
2022,boys,jumps,class-a,9,0,,
2022,boys,jumps,class-a,10,0,,
2022,boys,jumps,class-a,11,0,,
2022,boys,jumps,class-a,12,0,,
2022,boys,jumps,class-a,5-6,1,,
2022,boys,jumps,class-a,7-8,0,,
2022,boys,jumps,bay-shore+redwood-empire,1,8,,
2022,boys,jumps,bay-shore+redwood-empire,2,8,,
2022,boys,jumps,bay-shore+redwood-empire,3,7,,
2022,boys,jumps,bay-shore+redwood-empire,4,8,,
2022,boys,jumps,bay-shore+redwood-empire,5,7,,
2022,boys,jumps,bay-shore+redwood-empire,6,7,,
2022,boys,jumps,bay-shore+redwood-empire,7,4,,
2022,boys,jumps,bay-shore+redwood-empire,8,0,,
2022,boys,jumps,bay-shore+redwood-empire,9,0,,
2022,boys,jumps,bay-shore+redwood-empire,10,0,,
2022,boys,jumps,bay-shore+redwood-empire,11,0,,
2022,boys,jumps,bay-shore+redwood-empire,12,0,,
2022,boys,jumps,bay-shore+redwood-empire,5-6,14,5,10.0
2022,boys,jumps,bay-shore+redwood-empire,7-8,4,,
2022,boys,throws,tri-valley,1,2,,
2022,boys,throws,tri-valley,2,2,,
2022,boys,throws,tri-valley,3,2,,
2022,boys,throws,tri-valley,4,2,,
2022,boys,throws,tri-valley,5,2,,
2022,boys,throws,tri-valley,6,2,,
2022,boys,throws,tri-valley,7,0,,
2022,boys,throws,tri-valley,8,0,,
2022,boys,throws,tri-valley,9,0,,
2022,boys,throws,tri-valley,10,0,,
2022,boys,throws,tri-valley,11,0,,
2022,boys,throws,tri-valley,12,0,,
2022,boys,throws,tri-valley,5-6,4,,
2022,boys,throws,tri-valley,7-8,0,,
2022,boys,throws,bay-shore,1,2,,
2022,boys,throws,bay-shore,2,2,,
2022,boys,throws,bay-shore,3,2,,
2022,boys,throws,bay-shore,4,2,,
2022,boys,throws,bay-shore,5,2,,
2022,boys,throws,bay-shore,6,1,,
2022,boys,throws,bay-shore,7,1,,
2022,boys,throws,bay-shore,8,0,,
2022,boys,throws,bay-shore,9,0,,
2022,boys,throws,bay-shore,10,0,,
2022,boys,throws,bay-shore,11,0,,
2022,boys,throws,bay-shore,12,0,,
2022,boys,throws,bay-shore,5-6,3,,
2022,boys,throws,bay-shore,7-8,1,,
2022,boys,throws,redwood-empire,1,2,,
2022,boys,throws,redwood-empire,2,2,,
2022,boys,throws,redwood-empire,3,2,,
2022,boys,throws,redwood-empire,4,2,,
2022,boys,throws,redwood-empire,5,2,,
2022,boys,throws,redwood-empire,6,2,,
2022,boys,throws,redwood-empire,7,1,,
2022,boys,throws,redwood-empire,8,2,,
2022,boys,throws,redwood-empire,9,2,,
2022,boys,throws,redwood-empire,10,0,,
2022,boys,throws,redwood-empire,11,0,,
2022,boys,throws,redwood-empire,12,0,,
2022,boys,throws,redwood-empire,5-6,4,,
2022,boys,throws,redwood-empire,7-8,3,,
2022,boys,throws,class-a,1,2,,
2022,boys,throws,class-a,2,2,,
2022,boys,throws,class-a,3,2,,
2022,boys,throws,class-a,4,0,,
2022,boys,throws,class-a,5,0,,
2022,boys,throws,class-a,6,0,,
2022,boys,throws,class-a,7,0,,
2022,boys,throws,class-a,8,0,,
2022,boys,throws,class-a,9,0,,
2022,boys,throws,class-a,10,0,,
2022,boys,throws,class-a,11,0,,
2022,boys,throws,class-a,12,0,,
2022,boys,throws,class-a,5-6,0,,
2022,boys,throws,class-a,7-8,0,,
2022,boys,throws,bay-shore+redwood-empire,1,4,,
2022,boys,throws,bay-shore+redwood-empire,2,4,,
2022,boys,throws,bay-shore+redwood-empire,3,4,,
2022,boys,throws,bay-shore+redwood-empire,4,4,,
2022,boys,throws,bay-shore+redwood-empire,5,4,,
2022,boys,throws,bay-shore+redwood-empire,6,3,,
2022,boys,throws,bay-shore+redwood-empire,7,2,,
2022,boys,throws,bay-shore+redwood-empire,8,2,,
2022,boys,throws,bay-shore+redwood-empire,9,2,,
2022,boys,throws,bay-shore+redwood-empire,10,0,,
2022,boys,throws,bay-shore+redwood-empire,11,0,,
2022,boys,throws,bay-shore+redwood-empire,12,0,,
2022,boys,throws,bay-shore+redwood-empire,5-6,7,,
2022,boys,throws,bay-shore+redwood-empire,7-8,4,,
2022,boys,relays,tri-valley,1,2,,
2022,boys,relays,tri-valley,2,2,,
2022,boys,relays,tri-valley,3,2,,
2022,boys,relays,tri-valley,4,2,,
2022,boys,relays,tri-valley,5,2,,
2022,boys,relays,tri-valley,6,1,,
2022,boys,relays,tri-valley,7,1,,
2022,boys,relays,tri-valley,8,1,,
2022,boys,relays,tri-valley,9,1,,
2022,boys,relays,tri-valley,10,0,,
2022,boys,relays,tri-valley,11,0,,
2022,boys,relays,tri-valley,12,0,,
2022,boys,relays,tri-valley,5-6,3,,
2022,boys,relays,tri-valley,7-8,2,,
2022,boys,relays,bay-shore,1,2,,
2022,boys,relays,bay-shore,2,2,,
2022,boys,relays,bay-shore,3,2,,
2022,boys,relays,bay-shore,4,2,,
2022,boys,relays,bay-shore,5,2,,
2022,boys,relays,bay-shore,6,2,,
2022,boys,relays,bay-shore,7,1,,
2022,boys,relays,bay-shore,8,1,,
2022,boys,relays,bay-shore,9,1,,
2022,boys,relays,bay-shore,10,0,,
2022,boys,relays,bay-shore,11,0,,
2022,boys,relays,bay-shore,12,0,,
2022,boys,relays,bay-shore,5-6,4,,
2022,boys,relays,bay-shore,7-8,2,,
2022,boys,relays,redwood-empire,1,2,,
2022,boys,relays,redwood-empire,2,2,,
2022,boys,relays,redwood-empire,3,2,,
2022,boys,relays,redwood-empire,4,2,,
2022,boys,relays,redwood-empire,5,2,,
2022,boys,relays,redwood-empire,6,2,,
2022,boys,relays,redwood-empire,7,0,,
2022,boys,relays,redwood-empire,8,0,,
2022,boys,relays,redwood-empire,9,0,,
2022,boys,relays,redwood-empire,10,0,,
2022,boys,relays,redwood-empire,11,0,,
2022,boys,relays,redwood-empire,12,0,,
2022,boys,relays,redwood-empire,5-6,4,,
2022,boys,relays,redwood-empire,7-8,0,,
2022,boys,relays,class-a,1,1,,
2022,boys,relays,class-a,2,2,,
2022,boys,relays,class-a,3,2,,
2022,boys,relays,class-a,4,0,,
2022,boys,relays,class-a,5,0,,
2022,boys,relays,class-a,6,0,,
2022,boys,relays,class-a,7,0,,
2022,boys,relays,class-a,8,0,,
2022,boys,relays,class-a,9,0,,
2022,boys,relays,class-a,10,0,,
2022,boys,relays,class-a,11,0,,
2022,boys,relays,class-a,12,0,,
2022,boys,relays,class-a,5-6,0,,
2022,boys,relays,class-a,7-8,0,,
2022,boys,relays,bay-shore+redwood-empire,1,4,,
2022,boys,relays,bay-shore+redwood-empire,2,4,,
2022,boys,relays,bay-shore+redwood-empire,3,4,,
2022,boys,relays,bay-shore+redwood-empire,4,4,,
2022,boys,relays,bay-shore+redwood-empire,5,4,,
2022,boys,relays,bay-shore+redwood-empire,6,4,,
2022,boys,relays,bay-shore+redwood-empire,7,1,,
2022,boys,relays,bay-shore+redwood-empire,8,1,,
2022,boys,relays,bay-shore+redwood-empire,9,1,,
2022,boys,relays,bay-shore+redwood-empire,10,0,,
2022,boys,relays,bay-shore+redwood-empire,11,0,,
2022,boys,relays,bay-shore+redwood-empire,12,0,,
2022,boys,relays,bay-shore+redwood-empire,5-6,8,,
2022,boys,relays,bay-shore+redwood-empire,7-8,2,,
2022,boys,all,tri-valley,1,16,15,3.0
2022,boys,all,tri-valley,2,16,13,4.5
2022,boys,all,tri-valley,3,17,14,5.5
2022,boys,all,tri-valley,4,13,7,7.0
2022,boys,all,tri-valley,5,16,4,12.0
2022,boys,all,tri-valley,6,12,2,14.0
2022,boys,all,tri-valley,7,16,5,12.0
2022,boys,all,tri-valley,8,11,3,10.5
2022,boys,all,tri-valley,9,4,,
2022,boys,all,tri-valley,10,5,1,16.0
2022,boys,all,tri-valley,11,1,,
2022,boys,all,tri-valley,12,0,,
2022,boys,all,tri-valley,5-6,28,6,12.0
2022,boys,all,tri-valley,7-8,27,8,11.0
2022,boys,all,bay-shore,1,16,14,1.5
2022,boys,all,bay-shore,2,16,9,7.0
2022,boys,all,bay-shore,3,14,1,13.0
2022,boys,all,bay-shore,4,16,6,10.0
2022,boys,all,bay-shore,5,15,1,14.0
2022,boys,all,bay-shore,6,14,1,15.5
2022,boys,all,bay-shore,7,5,1,14.0
2022,boys,all,bay-shore,8,3,,
2022,boys,all,bay-shore,9,1,,
2022,boys,all,bay-shore,10,0,,
2022,boys,all,bay-shore,11,0,,
2022,boys,all,bay-shore,12,0,,
2022,boys,all,bay-shore,5-6,29,2,15.0
2022,boys,all,bay-shore,7-8,8,1,14.0
2022,boys,all,redwood-empire,1,15,9,7.0
2022,boys,all,redwood-empire,2,15,7,9.0
2022,boys,all,redwood-empire,3,16,4,11.5
2022,boys,all,redwood-empire,4,16,3,16.0
2022,boys,all,redwood-empire,5,13,2,14.0
2022,boys,all,redwood-empire,6,14,2,18.5
2022,boys,all,redwood-empire,7,7,1,15.0
2022,boys,all,redwood-empire,8,2,,
2022,boys,all,redwood-empire,9,2,,
2022,boys,all,redwood-empire,10,0,,
2022,boys,all,redwood-empire,11,0,,
2022,boys,all,redwood-empire,12,0,,
2022,boys,all,redwood-empire,5-6,27,4,14.0
2022,boys,all,redwood-empire,7-8,9,3,15.0
2022,boys,all,class-a,1,14,3,16.5
2022,boys,all,class-a,2,14,1,20.0
2022,boys,all,class-a,3,12,0,18.5
2022,boys,all,class-a,4,4,,
2022,boys,all,class-a,5,1,,
2022,boys,all,class-a,6,0,,
2022,boys,all,class-a,7,0,,
2022,boys,all,class-a,8,0,,
2022,boys,all,class-a,9,0,,
2022,boys,all,class-a,10,0,,
2022,boys,all,class-a,11,0,,
2022,boys,all,class-a,12,0,,
2022,boys,all,class-a,5-6,1,,
2022,boys,all,class-a,7-8,0,,
2022,boys,all,bay-shore+redwood-empire,1,31,23,5.0
2022,boys,all,bay-shore+redwood-empire,2,31,16,7.0
2022,boys,all,bay-shore+redwood-empire,3,30,5,13.0
2022,boys,all,bay-shore+redwood-empire,4,32,9,13.0
2022,boys,all,bay-shore+redwood-empire,5,28,3,14.0
2022,boys,all,bay-shore+redwood-empire,6,28,3,16.5
2022,boys,all,bay-shore+redwood-empire,7,12,2,15.0
2022,boys,all,bay-shore+redwood-empire,8,5,,
2022,boys,all,bay-shore+redwood-empire,9,3,,
2022,boys,all,bay-shore+redwood-empire,10,0,,
2022,boys,all,bay-shore+redwood-empire,11,0,,
2022,boys,all,bay-shore+redwood-empire,12,0,,
2022,boys,all,bay-shore+redwood-empire,5-6,56,6,14.5
2022,boys,all,bay-shore+redwood-empire,7-8,17,4,14.0
2022,all,sprints_hurdles,tri-valley,1,8,8,1.5
2022,all,sprints_hurdles,tri-valley,2,8,7,4.5
2022,all,sprints_hurdles,tri-valley,3,8,7,4.0
2022,all,sprints_hurdles,tri-valley,4,7,5,6.0
2022,all,sprints_hurdles,tri-valley,5,7,4,8.0
2022,all,sprints_hurdles,tri-valley,6,7,0,17.0
2022,all,sprints_hurdles,tri-valley,7,9,1,16.0
2022,all,sprints_hurdles,tri-valley,8,7,1,15.0
2022,all,sprints_hurdles,tri-valley,9,4,,
2022,all,sprints_hurdles,tri-valley,10,3,,
2022,all,sprints_hurdles,tri-valley,11,1,,
2022,all,sprints_hurdles,tri-valley,12,0,,
2022,all,sprints_hurdles,tri-valley,5-6,14,4,11.0
2022,all,sprints_hurdles,tri-valley,7-8,16,2,15.5
2022,all,sprints_hurdles,bay-shore,1,8,7,6.0
2022,all,sprints_hurdles,bay-shore,2,8,3,10.0
2022,all,sprints_hurdles,bay-shore,3,8,3,11.0
2022,all,sprints_hurdles,bay-shore,4,8,3,10.0
2022,all,sprints_hurdles,bay-shore,5,8,0,17.5
2022,all,sprints_hurdles,bay-shore,6,7,0,20.0
2022,all,sprints_hurdles,bay-shore,7,2,,
2022,all,sprints_hurdles,bay-shore,8,1,,
2022,all,sprints_hurdles,bay-shore,9,0,,
2022,all,sprints_hurdles,bay-shore,10,0,,
2022,all,sprints_hurdles,bay-shore,11,0,,
2022,all,sprints_hurdles,bay-shore,12,0,,
2022,all,sprints_hurdles,bay-shore,5-6,15,0,18.0
2022,all,sprints_hurdles,bay-shore,7-8,3,,
2022,all,sprints_hurdles,redwood-empire,1,7,5,5.0
2022,all,sprints_hurdles,redwood-empire,2,7,2,10.0
2022,all,sprints_hurdles,redwood-empire,3,7,1,13.5
2022,all,sprints_hurdles,redwood-empire,4,7,1,18.0
2022,all,sprints_hurdles,redwood-empire,5,6,0,14.0
2022,all,sprints_hurdles,redwood-empire,6,6,0,21.5
2022,all,sprints_hurdles,redwood-empire,7,2,,
2022,all,sprints_hurdles,redwood-empire,8,1,,
2022,all,sprints_hurdles,redwood-empire,9,1,,
2022,all,sprints_hurdles,redwood-empire,10,0,,
2022,all,sprints_hurdles,redwood-empire,11,0,,
2022,all,sprints_hurdles,redwood-empire,12,0,,
2022,all,sprints_hurdles,redwood-empire,5-6,12,0,20.0
2022,all,sprints_hurdles,redwood-empire,7-8,3,,
2022,all,sprints_hurdles,class-a,1,8,1,13.0
2022,all,sprints_hurdles,class-a,2,7,2,19.0
2022,all,sprints_hurdles,class-a,3,7,0,19.0
2022,all,sprints_hurdles,class-a,4,0,,
2022,all,sprints_hurdles,class-a,5,0,,
2022,all,sprints_hurdles,class-a,6,0,,
2022,all,sprints_hurdles,class-a,7,0,,
2022,all,sprints_hurdles,class-a,8,0,,
2022,all,sprints_hurdles,class-a,9,0,,
2022,all,sprints_hurdles,class-a,10,0,,
2022,all,sprints_hurdles,class-a,11,0,,
2022,all,sprints_hurdles,class-a,12,0,,
2022,all,sprints_hurdles,class-a,5-6,0,,
2022,all,sprints_hurdles,class-a,7-8,0,,
2022,all,sprints_hurdles,bay-shore+redwood-empire,1,15,12,5.0
2022,all,sprints_hurdles,bay-shore+redwood-empire,2,15,5,10.0
2022,all,sprints_hurdles,bay-shore+redwood-empire,3,15,4,12.0
2022,all,sprints_hurdles,bay-shore+redwood-empire,4,15,4,14.0
2022,all,sprints_hurdles,bay-shore+redwood-empire,5,14,0,17.0
2022,all,sprints_hurdles,bay-shore+redwood-empire,6,13,0,21.0
2022,all,sprints_hurdles,bay-shore+redwood-empire,7,4,,
2022,all,sprints_hurdles,bay-shore+redwood-empire,8,2,,
2022,all,sprints_hurdles,bay-shore+redwood-empire,9,1,,
2022,all,sprints_hurdles,bay-shore+redwood-empire,10,0,,
2022,all,sprints_hurdles,bay-shore+redwood-empire,11,0,,
2022,all,sprints_hurdles,bay-shore+redwood-empire,12,0,,
2022,all,sprints_hurdles,bay-shore+redwood-empire,5-6,27,0,20.0
2022,all,sprints_hurdles,bay-shore+redwood-empire,7-8,6,,
2022,all,400_800,tri-valley,1,4,,
2022,all,400_800,tri-valley,2,4,,
2022,all,400_800,tri-valley,3,4,,
2022,all,400_800,tri-valley,4,4,,
2022,all,400_800,tri-valley,5,4,,
2022,all,400_800,tri-valley,6,4,,
2022,all,400_800,tri-valley,7,4,,
2022,all,400_800,tri-valley,8,3,,
2022,all,400_800,tri-valley,9,3,,
2022,all,400_800,tri-valley,10,1,,
2022,all,400_800,tri-valley,11,0,,
2022,all,400_800,tri-valley,12,0,,
2022,all,400_800,tri-valley,5-6,8,4,9.5
2022,all,400_800,tri-valley,7-8,7,2,10.0
2022,all,400_800,bay-shore,1,4,,
2022,all,400_800,bay-shore,2,4,,
2022,all,400_800,bay-shore,3,3,,
2022,all,400_800,bay-shore,4,4,,
2022,all,400_800,bay-shore,5,2,,
2022,all,400_800,bay-shore,6,4,,
2022,all,400_800,bay-shore,7,2,,
2022,all,400_800,bay-shore,8,1,,
2022,all,400_800,bay-shore,9,0,,
2022,all,400_800,bay-shore,10,0,,
2022,all,400_800,bay-shore,11,0,,
2022,all,400_800,bay-shore,12,0,,
2022,all,400_800,bay-shore,5-6,6,0,16.0
2022,all,400_800,bay-shore,7-8,3,,
2022,all,400_800,redwood-empire,1,3,,
2022,all,400_800,redwood-empire,2,3,,
2022,all,400_800,redwood-empire,3,4,,
2022,all,400_800,redwood-empire,4,3,,
2022,all,400_800,redwood-empire,5,3,,
2022,all,400_800,redwood-empire,6,3,,
2022,all,400_800,redwood-empire,7,1,,
2022,all,400_800,redwood-empire,8,1,,
2022,all,400_800,redwood-empire,9,0,,
2022,all,400_800,redwood-empire,10,0,,
2022,all,400_800,redwood-empire,11,0,,
2022,all,400_800,redwood-empire,12,0,,
2022,all,400_800,redwood-empire,5-6,6,0,20.5
2022,all,400_800,redwood-empire,7-8,2,,
2022,all,400_800,class-a,1,3,,
2022,all,400_800,class-a,2,4,,
2022,all,400_800,class-a,3,3,,
2022,all,400_800,class-a,4,2,,
2022,all,400_800,class-a,5,0,,
2022,all,400_800,class-a,6,0,,
2022,all,400_800,class-a,7,0,,
2022,all,400_800,class-a,8,0,,
2022,all,400_800,class-a,9,0,,
2022,all,400_800,class-a,10,0,,
2022,all,400_800,class-a,11,0,,
2022,all,400_800,class-a,12,0,,
2022,all,400_800,class-a,5-6,0,,
2022,all,400_800,class-a,7-8,0,,
2022,all,400_800,bay-shore+redwood-empire,1,7,,
2022,all,400_800,bay-shore+redwood-empire,2,7,,
2022,all,400_800,bay-shore+redwood-empire,3,7,,
2022,all,400_800,bay-shore+redwood-empire,4,7,,
2022,all,400_800,bay-shore+redwood-empire,5,5,,
2022,all,400_800,bay-shore+redwood-empire,6,7,,
2022,all,400_800,bay-shore+redwood-empire,7,3,,
2022,all,400_800,bay-shore+redwood-empire,8,2,,
2022,all,400_800,bay-shore+redwood-empire,9,0,,
2022,all,400_800,bay-shore+redwood-empire,10,0,,
2022,all,400_800,bay-shore+redwood-empire,11,0,,
2022,all,400_800,bay-shore+redwood-empire,12,0,,
2022,all,400_800,bay-shore+redwood-empire,5-6,12,0,18.0
2022,all,400_800,bay-shore+redwood-empire,7-8,5,,
2022,all,distance,tri-valley,1,4,,
2022,all,distance,tri-valley,2,3,,
2022,all,distance,tri-valley,3,4,,
2022,all,distance,tri-valley,4,2,,
2022,all,distance,tri-valley,5,4,,
2022,all,distance,tri-valley,6,4,,
2022,all,distance,tri-valley,7,4,,
2022,all,distance,tri-valley,8,3,,
2022,all,distance,tri-valley,9,1,,
2022,all,distance,tri-valley,10,1,,
2022,all,distance,tri-valley,11,0,,
2022,all,distance,tri-valley,12,0,,
2022,all,distance,tri-valley,5-6,8,1,11.5
2022,all,distance,tri-valley,7-8,7,3,10.0
2022,all,distance,bay-shore,1,4,,
2022,all,distance,bay-shore,2,3,,
2022,all,distance,bay-shore,3,3,,
2022,all,distance,bay-shore,4,4,,
2022,all,distance,bay-shore,5,3,,
2022,all,distance,bay-shore,6,3,,
2022,all,distance,bay-shore,7,2,,
2022,all,distance,bay-shore,8,2,,
2022,all,distance,bay-shore,9,0,,
2022,all,distance,bay-shore,10,0,,
2022,all,distance,bay-shore,11,0,,
2022,all,distance,bay-shore,12,0,,
2022,all,distance,bay-shore,5-6,6,0,18.0
2022,all,distance,bay-shore,7-8,4,,
2022,all,distance,redwood-empire,1,3,,
2022,all,distance,redwood-empire,2,4,,
2022,all,distance,redwood-empire,3,4,,
2022,all,distance,redwood-empire,4,4,,
2022,all,distance,redwood-empire,5,4,,
2022,all,distance,redwood-empire,6,4,,
2022,all,distance,redwood-empire,7,1,,
2022,all,distance,redwood-empire,8,0,,
2022,all,distance,redwood-empire,9,1,,
2022,all,distance,redwood-empire,10,0,,
2022,all,distance,redwood-empire,11,0,,
2022,all,distance,redwood-empire,12,0,,
2022,all,distance,redwood-empire,5-6,8,0,18.5
2022,all,distance,redwood-empire,7-8,1,,
2022,all,distance,class-a,1,3,,
2022,all,distance,class-a,2,3,,
2022,all,distance,class-a,3,3,,
2022,all,distance,class-a,4,2,,
2022,all,distance,class-a,5,1,,
2022,all,distance,class-a,6,0,,
2022,all,distance,class-a,7,1,,
2022,all,distance,class-a,8,1,,
2022,all,distance,class-a,9,0,,
2022,all,distance,class-a,10,0,,
2022,all,distance,class-a,11,0,,
2022,all,distance,class-a,12,0,,
2022,all,distance,class-a,5-6,1,,
2022,all,distance,class-a,7-8,2,,
2022,all,distance,bay-shore+redwood-empire,1,7,,
2022,all,distance,bay-shore+redwood-empire,2,7,,
2022,all,distance,bay-shore+redwood-empire,3,7,,
2022,all,distance,bay-shore+redwood-empire,4,8,,
2022,all,distance,bay-shore+redwood-empire,5,7,,
2022,all,distance,bay-shore+redwood-empire,6,7,,
2022,all,distance,bay-shore+redwood-empire,7,3,,
2022,all,distance,bay-shore+redwood-empire,8,2,,
2022,all,distance,bay-shore+redwood-empire,9,1,,
2022,all,distance,bay-shore+redwood-empire,10,0,,
2022,all,distance,bay-shore+redwood-empire,11,0,,
2022,all,distance,bay-shore+redwood-empire,12,0,,
2022,all,distance,bay-shore+redwood-empire,5-6,14,0,18.5
2022,all,distance,bay-shore+redwood-empire,7-8,5,,
2022,all,jumps,tri-valley,1,8,8,2.0
2022,all,jumps,tri-valley,2,8,8,3.0
2022,all,jumps,tri-valley,3,8,5,7.0
2022,all,jumps,tri-valley,4,7,4,9.0
2022,all,jumps,tri-valley,5,9,1,13.5
2022,all,jumps,tri-valley,6,5,1,15.5
2022,all,jumps,tri-valley,7,8,2,11.0
2022,all,jumps,tri-valley,8,6,2,9.0
2022,all,jumps,tri-valley,9,1,,
2022,all,jumps,tri-valley,10,2,,
2022,all,jumps,tri-valley,11,0,,
2022,all,jumps,tri-valley,12,0,,
2022,all,jumps,tri-valley,5-6,14,2,14.5
2022,all,jumps,tri-valley,7-8,14,4,11.0
2022,all,jumps,bay-shore,1,8,6,2.0
2022,all,jumps,bay-shore,2,7,2,14.0
2022,all,jumps,bay-shore,3,7,2,12.5
2022,all,jumps,bay-shore,4,8,0,16.5
2022,all,jumps,bay-shore,5,8,1,19.0
2022,all,jumps,bay-shore,6,7,1,19.0
2022,all,jumps,bay-shore,7,3,,
2022,all,jumps,bay-shore,8,1,,
2022,all,jumps,bay-shore,9,1,,
2022,all,jumps,bay-shore,10,0,,
2022,all,jumps,bay-shore,11,0,,
2022,all,jumps,bay-shore,12,0,,
2022,all,jumps,bay-shore,5-6,15,2,19.0
2022,all,jumps,bay-shore,7-8,4,,
2022,all,jumps,redwood-empire,1,8,6,6.5
2022,all,jumps,redwood-empire,2,8,5,4.5
2022,all,jumps,redwood-empire,3,7,3,9.0
2022,all,jumps,redwood-empire,4,9,3,11.0
2022,all,jumps,redwood-empire,5,4,,
2022,all,jumps,redwood-empire,6,6,1,12.5
2022,all,jumps,redwood-empire,7,6,1,12.0
2022,all,jumps,redwood-empire,8,1,,
2022,all,jumps,redwood-empire,9,0,,
2022,all,jumps,redwood-empire,10,1,,
2022,all,jumps,redwood-empire,11,0,,
2022,all,jumps,redwood-empire,12,0,,
2022,all,jumps,redwood-empire,5-6,10,4,11.5
2022,all,jumps,redwood-empire,7-8,7,2,9.0
2022,all,jumps,class-a,1,8,2,11.0
2022,all,jumps,class-a,2,7,1,16.5
2022,all,jumps,class-a,3,6,0,15.5
2022,all,jumps,class-a,4,2,,
2022,all,jumps,class-a,5,1,,
2022,all,jumps,class-a,6,0,,
2022,all,jumps,class-a,7,0,,
2022,all,jumps,class-a,8,0,,
2022,all,jumps,class-a,9,0,,
2022,all,jumps,class-a,10,0,,
2022,all,jumps,class-a,11,0,,
2022,all,jumps,class-a,12,0,,
2022,all,jumps,class-a,5-6,1,,
2022,all,jumps,class-a,7-8,0,,
2022,all,jumps,bay-shore+redwood-empire,1,16,12,4.5
2022,all,jumps,bay-shore+redwood-empire,2,15,7,7.5
2022,all,jumps,bay-shore+redwood-empire,3,14,5,10.0
2022,all,jumps,bay-shore+redwood-empire,4,17,3,15.0
2022,all,jumps,bay-shore+redwood-empire,5,12,,
2022,all,jumps,bay-shore+redwood-empire,6,13,2,14.0
2022,all,jumps,bay-shore+redwood-empire,7,9,,
2022,all,jumps,bay-shore+redwood-empire,8,2,,
2022,all,jumps,bay-shore+redwood-empire,9,1,,
2022,all,jumps,bay-shore+redwood-empire,10,1,,
2022,all,jumps,bay-shore+redwood-empire,11,0,,
2022,all,jumps,bay-shore+redwood-empire,12,0,,
2022,all,jumps,bay-shore+redwood-empire,5-6,25,6,13.0
2022,all,jumps,bay-shore+redwood-empire,7-8,11,,
2022,all,throws,tri-valley,1,4,,
2022,all,throws,tri-valley,2,4,,
2022,all,throws,tri-valley,3,4,,
2022,all,throws,tri-valley,4,4,,
2022,all,throws,tri-valley,5,4,,
2022,all,throws,tri-valley,6,3,,
2022,all,throws,tri-valley,7,2,,
2022,all,throws,tri-valley,8,2,,
2022,all,throws,tri-valley,9,2,,
2022,all,throws,tri-valley,10,0,,
2022,all,throws,tri-valley,11,0,,
2022,all,throws,tri-valley,12,0,,
2022,all,throws,tri-valley,5-6,7,3,10.0
2022,all,throws,tri-valley,7-8,4,,
2022,all,throws,bay-shore,1,4,,
2022,all,throws,bay-shore,2,2,,
2022,all,throws,bay-shore,3,4,,
2022,all,throws,bay-shore,4,3,,
2022,all,throws,bay-shore,5,3,,
2022,all,throws,bay-shore,6,3,,
2022,all,throws,bay-shore,7,2,,
2022,all,throws,bay-shore,8,0,,
2022,all,throws,bay-shore,9,0,,
2022,all,throws,bay-shore,10,0,,
2022,all,throws,bay-shore,11,0,,
2022,all,throws,bay-shore,12,0,,
2022,all,throws,bay-shore,5-6,6,0,21.0
2022,all,throws,bay-shore,7-8,2,,
2022,all,throws,redwood-empire,1,2,,
2022,all,throws,redwood-empire,2,4,,
2022,all,throws,redwood-empire,3,4,,
2022,all,throws,redwood-empire,4,4,,
2022,all,throws,redwood-empire,5,4,,
2022,all,throws,redwood-empire,6,4,,
2022,all,throws,redwood-empire,7,1,,
2022,all,throws,redwood-empire,8,2,,
2022,all,throws,redwood-empire,9,2,,
2022,all,throws,redwood-empire,10,0,,
2022,all,throws,redwood-empire,11,0,,
2022,all,throws,redwood-empire,12,0,,
2022,all,throws,redwood-empire,5-6,8,2,12.0
2022,all,throws,redwood-empire,7-8,3,,
2022,all,throws,class-a,1,4,,
2022,all,throws,class-a,2,4,,
2022,all,throws,class-a,3,3,,
2022,all,throws,class-a,4,0,,
2022,all,throws,class-a,5,0,,
2022,all,throws,class-a,6,0,,
2022,all,throws,class-a,7,0,,
2022,all,throws,class-a,8,0,,
2022,all,throws,class-a,9,0,,
2022,all,throws,class-a,10,0,,
2022,all,throws,class-a,11,0,,
2022,all,throws,class-a,12,0,,
2022,all,throws,class-a,5-6,0,,
2022,all,throws,class-a,7-8,0,,
2022,all,throws,bay-shore+redwood-empire,1,6,,
2022,all,throws,bay-shore+redwood-empire,2,6,,
2022,all,throws,bay-shore+redwood-empire,3,8,,
2022,all,throws,bay-shore+redwood-empire,4,7,,
2022,all,throws,bay-shore+redwood-empire,5,7,,
2022,all,throws,bay-shore+redwood-empire,6,7,,
2022,all,throws,bay-shore+redwood-empire,7,3,,
2022,all,throws,bay-shore+redwood-empire,8,2,,
2022,all,throws,bay-shore+redwood-empire,9,2,,
2022,all,throws,bay-shore+redwood-empire,10,0,,
2022,all,throws,bay-shore+redwood-empire,11,0,,
2022,all,throws,bay-shore+redwood-empire,12,0,,
2022,all,throws,bay-shore+redwood-empire,5-6,14,2,15.0
2022,all,throws,bay-shore+redwood-empire,7-8,5,,
2022,all,relays,tri-valley,1,4,,
2022,all,relays,tri-valley,2,4,,
2022,all,relays,tri-valley,3,4,,
2022,all,relays,tri-valley,4,4,,
2022,all,relays,tri-valley,5,4,,
2022,all,relays,tri-valley,6,3,,
2022,all,relays,tri-valley,7,3,,
2022,all,relays,tri-valley,8,3,,
2022,all,relays,tri-valley,9,3,,
2022,all,relays,tri-valley,10,0,,
2022,all,relays,tri-valley,11,0,,
2022,all,relays,tri-valley,12,0,,
2022,all,relays,tri-valley,5-6,7,3,9.0
2022,all,relays,tri-valley,7-8,6,1,11.0
2022,all,relays,bay-shore,1,4,,
2022,all,relays,bay-shore,2,4,,
2022,all,relays,bay-shore,3,4,,
2022,all,relays,bay-shore,4,4,,
2022,all,relays,bay-shore,5,4,,
2022,all,relays,bay-shore,6,4,,
2022,all,relays,bay-shore,7,1,,
2022,all,relays,bay-shore,8,1,,
2022,all,relays,bay-shore,9,1,,
2022,all,relays,bay-shore,10,0,,
2022,all,relays,bay-shore,11,0,,
2022,all,relays,bay-shore,12,0,,
2022,all,relays,bay-shore,5-6,8,0,17.0
2022,all,relays,bay-shore,7-8,2,,
2022,all,relays,redwood-empire,1,4,,
2022,all,relays,redwood-empire,2,3,,
2022,all,relays,redwood-empire,3,3,,
2022,all,relays,redwood-empire,4,4,,
2022,all,relays,redwood-empire,5,4,,
2022,all,relays,redwood-empire,6,3,,
2022,all,relays,redwood-empire,7,1,,
2022,all,relays,redwood-empire,8,1,,
2022,all,relays,redwood-empire,9,0,,
2022,all,relays,redwood-empire,10,0,,
2022,all,relays,redwood-empire,11,0,,
2022,all,relays,redwood-empire,12,0,,
2022,all,relays,redwood-empire,5-6,7,0,17.0
2022,all,relays,redwood-empire,7-8,2,,
2022,all,relays,class-a,1,3,,
2022,all,relays,class-a,2,4,,
2022,all,relays,class-a,3,4,,
2022,all,relays,class-a,4,0,,
2022,all,relays,class-a,5,0,,
2022,all,relays,class-a,6,0,,
2022,all,relays,class-a,7,0,,
2022,all,relays,class-a,8,0,,
2022,all,relays,class-a,9,0,,
2022,all,relays,class-a,10,0,,
2022,all,relays,class-a,11,0,,
2022,all,relays,class-a,12,0,,
2022,all,relays,class-a,5-6,0,,
2022,all,relays,class-a,7-8,0,,
2022,all,relays,bay-shore+redwood-empire,1,8,,
2022,all,relays,bay-shore+redwood-empire,2,7,,
2022,all,relays,bay-shore+redwood-empire,3,7,,
2022,all,relays,bay-shore+redwood-empire,4,8,,
2022,all,relays,bay-shore+redwood-empire,5,8,,
2022,all,relays,bay-shore+redwood-empire,6,7,,
2022,all,relays,bay-shore+redwood-empire,7,2,,
2022,all,relays,bay-shore+redwood-empire,8,2,,
2022,all,relays,bay-shore+redwood-empire,9,1,,
2022,all,relays,bay-shore+redwood-empire,10,0,,
2022,all,relays,bay-shore+redwood-empire,11,0,,
2022,all,relays,bay-shore+redwood-empire,12,0,,
2022,all,relays,bay-shore+redwood-empire,5-6,15,0,17.0
2022,all,relays,bay-shore+redwood-empire,7-8,4,,
2022,all,all,tri-valley,1,32,30,3.0
2022,all,all,tri-valley,2,31,26,4.0
2022,all,all,tri-valley,3,32,27,5.0
2022,all,all,tri-valley,4,28,18,6.5
2022,all,all,tri-valley,5,32,10,12.0
2022,all,all,tri-valley,6,26,7,11.0
2022,all,all,tri-valley,7,30,6,12.5
2022,all,all,tri-valley,8,24,9,10.0
2022,all,all,tri-valley,9,14,4,14.0
2022,all,all,tri-valley,10,7,1,16.0
2022,all,all,tri-valley,11,1,,
2022,all,all,tri-valley,12,0,,
2022,all,all,tri-valley,5-6,58,17,11.5
2022,all,all,tri-valley,7-8,54,15,11.0
2022,all,all,bay-shore,1,32,24,4.0
2022,all,all,bay-shore,2,28,15,7.0
2022,all,all,bay-shore,3,29,7,12.0
2022,all,all,bay-shore,4,31,7,16.0
2022,all,all,bay-shore,5,28,1,18.0
2022,all,all,bay-shore,6,28,1,19.0
2022,all,all,bay-shore,7,12,1,16.0
2022,all,all,bay-shore,8,6,0,18.5
2022,all,all,bay-shore,9,2,,
2022,all,all,bay-shore,10,0,,
2022,all,all,bay-shore,11,0,,
2022,all,all,bay-shore,12,0,,
2022,all,all,bay-shore,5-6,56,2,18.0
2022,all,all,bay-shore,7-8,18,1,17.0
2022,all,all,redwood-empire,1,27,18,6.5
2022,all,all,redwood-empire,2,29,15,7.0
2022,all,all,redwood-empire,3,29,9,10.0
2022,all,all,redwood-empire,4,31,5,14.0
2022,all,all,redwood-empire,5,25,3,14.0
2022,all,all,redwood-empire,6,26,3,17.5
2022,all,all,redwood-empire,7,12,1,15.0
2022,all,all,redwood-empire,8,6,3,14.0
2022,all,all,redwood-empire,9,4,,
2022,all,all,redwood-empire,10,1,,
2022,all,all,redwood-empire,11,0,,
2022,all,all,redwood-empire,12,0,,
2022,all,all,redwood-empire,5-6,51,6,16.0
2022,all,all,redwood-empire,7-8,18,4,15.0
2022,all,all,class-a,1,29,5,12.0
2022,all,all,class-a,2,29,3,18.5
2022,all,all,class-a,3,26,1,18.5
2022,all,all,class-a,4,6,0,18.5
2022,all,all,class-a,5,2,,
2022,all,all,class-a,6,0,,
2022,all,all,class-a,7,1,,
2022,all,all,class-a,8,1,,
2022,all,all,class-a,9,0,,
2022,all,all,class-a,10,0,,
2022,all,all,class-a,11,0,,
2022,all,all,class-a,12,0,,
2022,all,all,class-a,5-6,2,,
2022,all,all,class-a,7-8,2,,
2022,all,all,bay-shore+redwood-empire,1,59,42,5.0
2022,all,all,bay-shore+redwood-empire,2,57,30,7.0
2022,all,all,bay-shore+redwood-empire,3,58,16,12.0
2022,all,all,bay-shore+redwood-empire,4,62,12,14.5
2022,all,all,bay-shore+redwood-empire,5,53,4,17.0
2022,all,all,bay-shore+redwood-empire,6,54,4,18.5
2022,all,all,bay-shore+redwood-empire,7,24,2,15.0
2022,all,all,bay-shore+redwood-empire,8,12,3,18.5
2022,all,all,bay-shore+redwood-empire,9,6,,
2022,all,all,bay-shore+redwood-empire,10,1,,
2022,all,all,bay-shore+redwood-empire,11,0,,
2022,all,all,bay-shore+redwood-empire,12,0,,
2022,all,all,bay-shore+redwood-empire,5-6,107,8,18.0
2022,all,all,bay-shore+redwood-empire,7-8,36,5,16.0
2023,girls,sprints_hurdles,tri-valley,1,4,,
2023,girls,sprints_hurdles,tri-valley,2,3,,
2023,girls,sprints_hurdles,tri-valley,3,3,,
2023,girls,sprints_hurdles,tri-valley,4,4,,
2023,girls,sprints_hurdles,tri-valley,5,4,,
2023,girls,sprints_hurdles,tri-valley,6,4,,
2023,girls,sprints_hurdles,tri-valley,7,4,,
2023,girls,sprints_hurdles,tri-valley,8,3,,
2023,girls,sprints_hurdles,tri-valley,9,4,,
2023,girls,sprints_hurdles,tri-valley,10,1,,
2023,girls,sprints_hurdles,tri-valley,11,1,,
2023,girls,sprints_hurdles,tri-valley,12,0,,
2023,girls,sprints_hurdles,tri-valley,5-6,8,2,11.5
2023,girls,sprints_hurdles,tri-valley,7-8,7,1,13.0
2023,girls,sprints_hurdles,bay-shore,1,4,,
2023,girls,sprints_hurdles,bay-shore,2,4,,
2023,girls,sprints_hurdles,bay-shore,3,4,,
2023,girls,sprints_hurdles,bay-shore,4,4,,
2023,girls,sprints_hurdles,bay-shore,5,4,,
2023,girls,sprints_hurdles,bay-shore,6,4,,
2023,girls,sprints_hurdles,bay-shore,7,0,,
2023,girls,sprints_hurdles,bay-shore,8,0,,
2023,girls,sprints_hurdles,bay-shore,9,0,,
2023,girls,sprints_hurdles,bay-shore,10,0,,
2023,girls,sprints_hurdles,bay-shore,11,0,,
2023,girls,sprints_hurdles,bay-shore,12,0,,
2023,girls,sprints_hurdles,bay-shore,5-6,8,0,20.5
2023,girls,sprints_hurdles,bay-shore,7-8,0,,
2023,girls,sprints_hurdles,redwood-empire,1,4,,
2023,girls,sprints_hurdles,redwood-empire,2,4,,
2023,girls,sprints_hurdles,redwood-empire,3,4,,
2023,girls,sprints_hurdles,redwood-empire,4,3,,
2023,girls,sprints_hurdles,redwood-empire,5,4,,
2023,girls,sprints_hurdles,redwood-empire,6,3,,
2023,girls,sprints_hurdles,redwood-empire,7,2,,
2023,girls,sprints_hurdles,redwood-empire,8,0,,
2023,girls,sprints_hurdles,redwood-empire,9,0,,
2023,girls,sprints_hurdles,redwood-empire,10,0,,
2023,girls,sprints_hurdles,redwood-empire,11,0,,
2023,girls,sprints_hurdles,redwood-empire,12,0,,
2023,girls,sprints_hurdles,redwood-empire,5-6,7,0,16.0
2023,girls,sprints_hurdles,redwood-empire,7-8,2,,
2023,girls,sprints_hurdles,class-a,1,4,,
2023,girls,sprints_hurdles,class-a,2,4,,
2023,girls,sprints_hurdles,class-a,3,4,,
2023,girls,sprints_hurdles,class-a,4,0,,
2023,girls,sprints_hurdles,class-a,5,0,,
2023,girls,sprints_hurdles,class-a,6,0,,
2023,girls,sprints_hurdles,class-a,7,0,,
2023,girls,sprints_hurdles,class-a,8,0,,
2023,girls,sprints_hurdles,class-a,9,0,,
2023,girls,sprints_hurdles,class-a,10,0,,
2023,girls,sprints_hurdles,class-a,11,0,,
2023,girls,sprints_hurdles,class-a,12,0,,
2023,girls,sprints_hurdles,class-a,5-6,0,,
2023,girls,sprints_hurdles,class-a,7-8,0,,
2023,girls,sprints_hurdles,bay-shore+redwood-empire,1,8,,
2023,girls,sprints_hurdles,bay-shore+redwood-empire,2,8,,
2023,girls,sprints_hurdles,bay-shore+redwood-empire,3,8,,
2023,girls,sprints_hurdles,bay-shore+redwood-empire,4,7,,
2023,girls,sprints_hurdles,bay-shore+redwood-empire,5,8,,
2023,girls,sprints_hurdles,bay-shore+redwood-empire,6,7,,
2023,girls,sprints_hurdles,bay-shore+redwood-empire,7,2,,
2023,girls,sprints_hurdles,bay-shore+redwood-empire,8,0,,
2023,girls,sprints_hurdles,bay-shore+redwood-empire,9,0,,
2023,girls,sprints_hurdles,bay-shore+redwood-empire,10,0,,
2023,girls,sprints_hurdles,bay-shore+redwood-empire,11,0,,
2023,girls,sprints_hurdles,bay-shore+redwood-empire,12,0,,
2023,girls,sprints_hurdles,bay-shore+redwood-empire,5-6,15,0,20.0
2023,girls,sprints_hurdles,bay-shore+redwood-empire,7-8,2,,
2023,girls,400_800,tri-valley,1,1,,
2023,girls,400_800,tri-valley,2,2,,
2023,girls,400_800,tri-valley,3,2,,
2023,girls,400_800,tri-valley,4,2,,
2023,girls,400_800,tri-valley,5,2,,
2023,girls,400_800,tri-valley,6,1,,
2023,girls,400_800,tri-valley,7,1,,
2023,girls,400_800,tri-valley,8,1,,
2023,girls,400_800,tri-valley,9,1,,
2023,girls,400_800,tri-valley,10,1,,
2023,girls,400_800,tri-valley,11,1,,
2023,girls,400_800,tri-valley,12,2,,
2023,girls,400_800,tri-valley,5-6,3,,
2023,girls,400_800,tri-valley,7-8,2,,
2023,girls,400_800,bay-shore,1,2,,
2023,girls,400_800,bay-shore,2,2,,
2023,girls,400_800,bay-shore,3,2,,
2023,girls,400_800,bay-shore,4,1,,
2023,girls,400_800,bay-shore,5,1,,
2023,girls,400_800,bay-shore,6,2,,
2023,girls,400_800,bay-shore,7,2,,
2023,girls,400_800,bay-shore,8,0,,
2023,girls,400_800,bay-shore,9,0,,
2023,girls,400_800,bay-shore,10,0,,
2023,girls,400_800,bay-shore,11,0,,
2023,girls,400_800,bay-shore,12,0,,
2023,girls,400_800,bay-shore,5-6,3,,
2023,girls,400_800,bay-shore,7-8,2,,
2023,girls,400_800,redwood-empire,1,2,,
2023,girls,400_800,redwood-empire,2,2,,
2023,girls,400_800,redwood-empire,3,2,,
2023,girls,400_800,redwood-empire,4,2,,
2023,girls,400_800,redwood-empire,5,2,,
2023,girls,400_800,redwood-empire,6,2,,
2023,girls,400_800,redwood-empire,7,0,,
2023,girls,400_800,redwood-empire,8,0,,
2023,girls,400_800,redwood-empire,9,0,,
2023,girls,400_800,redwood-empire,10,0,,
2023,girls,400_800,redwood-empire,11,0,,
2023,girls,400_800,redwood-empire,12,0,,
2023,girls,400_800,redwood-empire,5-6,4,,
2023,girls,400_800,redwood-empire,7-8,0,,
2023,girls,400_800,class-a,1,1,,
2023,girls,400_800,class-a,2,2,,
2023,girls,400_800,class-a,3,1,,
2023,girls,400_800,class-a,4,1,,
2023,girls,400_800,class-a,5,1,,
2023,girls,400_800,class-a,6,0,,
2023,girls,400_800,class-a,7,0,,
2023,girls,400_800,class-a,8,0,,
2023,girls,400_800,class-a,9,0,,
2023,girls,400_800,class-a,10,0,,
2023,girls,400_800,class-a,11,0,,
2023,girls,400_800,class-a,12,0,,
2023,girls,400_800,class-a,5-6,1,,
2023,girls,400_800,class-a,7-8,0,,
2023,girls,400_800,bay-shore+redwood-empire,1,4,,
2023,girls,400_800,bay-shore+redwood-empire,2,4,,
2023,girls,400_800,bay-shore+redwood-empire,3,4,,
2023,girls,400_800,bay-shore+redwood-empire,4,3,,
2023,girls,400_800,bay-shore+redwood-empire,5,3,,
2023,girls,400_800,bay-shore+redwood-empire,6,4,,
2023,girls,400_800,bay-shore+redwood-empire,7,2,,
2023,girls,400_800,bay-shore+redwood-empire,8,0,,
2023,girls,400_800,bay-shore+redwood-empire,9,0,,
2023,girls,400_800,bay-shore+redwood-empire,10,0,,
2023,girls,400_800,bay-shore+redwood-empire,11,0,,
2023,girls,400_800,bay-shore+redwood-empire,12,0,,
2023,girls,400_800,bay-shore+redwood-empire,5-6,7,,
2023,girls,400_800,bay-shore+redwood-empire,7-8,2,,
2023,girls,distance,tri-valley,1,2,,
2023,girls,distance,tri-valley,2,2,,
2023,girls,distance,tri-valley,3,2,,
2023,girls,distance,tri-valley,4,2,,
2023,girls,distance,tri-valley,5,1,,
2023,girls,distance,tri-valley,6,1,,
2023,girls,distance,tri-valley,7,1,,
2023,girls,distance,tri-valley,8,2,,
2023,girls,distance,tri-valley,9,2,,
2023,girls,distance,tri-valley,10,1,,
2023,girls,distance,tri-valley,11,0,,
2023,girls,distance,tri-valley,12,0,,
2023,girls,distance,tri-valley,5-6,2,,
2023,girls,distance,tri-valley,7-8,3,,
2023,girls,distance,bay-shore,1,1,,
2023,girls,distance,bay-shore,2,2,,
2023,girls,distance,bay-shore,3,2,,
2023,girls,distance,bay-shore,4,2,,
2023,girls,distance,bay-shore,5,2,,
2023,girls,distance,bay-shore,6,2,,
2023,girls,distance,bay-shore,7,0,,
2023,girls,distance,bay-shore,8,1,,
2023,girls,distance,bay-shore,9,0,,
2023,girls,distance,bay-shore,10,0,,
2023,girls,distance,bay-shore,11,0,,
2023,girls,distance,bay-shore,12,0,,
2023,girls,distance,bay-shore,5-6,4,,
2023,girls,distance,bay-shore,7-8,1,,
2023,girls,distance,redwood-empire,1,2,,
2023,girls,distance,redwood-empire,2,2,,
2023,girls,distance,redwood-empire,3,1,,
2023,girls,distance,redwood-empire,4,2,,
2023,girls,distance,redwood-empire,5,2,,
2023,girls,distance,redwood-empire,6,2,,
2023,girls,distance,redwood-empire,7,1,,
2023,girls,distance,redwood-empire,8,0,,
2023,girls,distance,redwood-empire,9,0,,
2023,girls,distance,redwood-empire,10,0,,
2023,girls,distance,redwood-empire,11,0,,
2023,girls,distance,redwood-empire,12,0,,
2023,girls,distance,redwood-empire,5-6,4,,
2023,girls,distance,redwood-empire,7-8,1,,
2023,girls,distance,class-a,1,1,,
2023,girls,distance,class-a,2,2,,
2023,girls,distance,class-a,3,1,,
2023,girls,distance,class-a,4,1,,
2023,girls,distance,class-a,5,1,,
2023,girls,distance,class-a,6,1,,
2023,girls,distance,class-a,7,0,,
2023,girls,distance,class-a,8,0,,
2023,girls,distance,class-a,9,0,,
2023,girls,distance,class-a,10,0,,
2023,girls,distance,class-a,11,0,,
2023,girls,distance,class-a,12,0,,
2023,girls,distance,class-a,5-6,2,,
2023,girls,distance,class-a,7-8,0,,
2023,girls,distance,bay-shore+redwood-empire,1,3,,
2023,girls,distance,bay-shore+redwood-empire,2,4,,
2023,girls,distance,bay-shore+redwood-empire,3,3,,
2023,girls,distance,bay-shore+redwood-empire,4,4,,
2023,girls,distance,bay-shore+redwood-empire,5,4,,
2023,girls,distance,bay-shore+redwood-empire,6,4,,
2023,girls,distance,bay-shore+redwood-empire,7,1,,
2023,girls,distance,bay-shore+redwood-empire,8,1,,
2023,girls,distance,bay-shore+redwood-empire,9,0,,
2023,girls,distance,bay-shore+redwood-empire,10,0,,
2023,girls,distance,bay-shore+redwood-empire,11,0,,
2023,girls,distance,bay-shore+redwood-empire,12,0,,
2023,girls,distance,bay-shore+redwood-empire,5-6,8,,
2023,girls,distance,bay-shore+redwood-empire,7-8,2,,
2023,girls,jumps,tri-valley,1,4,,
2023,girls,jumps,tri-valley,2,4,,
2023,girls,jumps,tri-valley,3,4,,
2023,girls,jumps,tri-valley,4,4,,
2023,girls,jumps,tri-valley,5,5,1,21.0
2023,girls,jumps,tri-valley,6,2,,
2023,girls,jumps,tri-valley,7,4,,
2023,girls,jumps,tri-valley,8,0,,
2023,girls,jumps,tri-valley,9,0,,
2023,girls,jumps,tri-valley,10,0,,
2023,girls,jumps,tri-valley,11,0,,
2023,girls,jumps,tri-valley,12,0,,
2023,girls,jumps,tri-valley,5-6,7,1,20.0
2023,girls,jumps,tri-valley,7-8,4,,
2023,girls,jumps,bay-shore,1,4,,
2023,girls,jumps,bay-shore,2,5,4,6.0
2023,girls,jumps,bay-shore,3,3,,
2023,girls,jumps,bay-shore,4,5,1,16.0
2023,girls,jumps,bay-shore,5,3,,
2023,girls,jumps,bay-shore,6,3,,
2023,girls,jumps,bay-shore,7,3,,
2023,girls,jumps,bay-shore,8,3,,
2023,girls,jumps,bay-shore,9,1,,
2023,girls,jumps,bay-shore,10,0,,
2023,girls,jumps,bay-shore,11,0,,
2023,girls,jumps,bay-shore,12,0,,
2023,girls,jumps,bay-shore,5-6,6,1,19.5
2023,girls,jumps,bay-shore,7-8,6,0,14.0
2023,girls,jumps,redwood-empire,1,4,,
2023,girls,jumps,redwood-empire,2,3,,
2023,girls,jumps,redwood-empire,3,4,,
2023,girls,jumps,redwood-empire,4,4,,
2023,girls,jumps,redwood-empire,5,4,,
2023,girls,jumps,redwood-empire,6,4,,
2023,girls,jumps,redwood-empire,7,4,,
2023,girls,jumps,redwood-empire,8,2,,
2023,girls,jumps,redwood-empire,9,3,,
2023,girls,jumps,redwood-empire,10,0,,
2023,girls,jumps,redwood-empire,11,0,,
2023,girls,jumps,redwood-empire,12,0,,
2023,girls,jumps,redwood-empire,5-6,8,0,17.5
2023,girls,jumps,redwood-empire,7-8,6,3,11.5
2023,girls,jumps,class-a,1,4,,
2023,girls,jumps,class-a,2,4,,
2023,girls,jumps,class-a,3,4,,
2023,girls,jumps,class-a,4,0,,
2023,girls,jumps,class-a,5,0,,
2023,girls,jumps,class-a,6,0,,
2023,girls,jumps,class-a,7,0,,
2023,girls,jumps,class-a,8,0,,
2023,girls,jumps,class-a,9,0,,
2023,girls,jumps,class-a,10,0,,
2023,girls,jumps,class-a,11,0,,
2023,girls,jumps,class-a,12,0,,
2023,girls,jumps,class-a,5-6,0,,
2023,girls,jumps,class-a,7-8,0,,
2023,girls,jumps,bay-shore+redwood-empire,1,8,,
2023,girls,jumps,bay-shore+redwood-empire,2,8,,
2023,girls,jumps,bay-shore+redwood-empire,3,7,,
2023,girls,jumps,bay-shore+redwood-empire,4,9,,
2023,girls,jumps,bay-shore+redwood-empire,5,7,,
2023,girls,jumps,bay-shore+redwood-empire,6,7,,
2023,girls,jumps,bay-shore+redwood-empire,7,7,,
2023,girls,jumps,bay-shore+redwood-empire,8,5,,
2023,girls,jumps,bay-shore+redwood-empire,9,4,,
2023,girls,jumps,bay-shore+redwood-empire,10,0,,
2023,girls,jumps,bay-shore+redwood-empire,11,0,,
2023,girls,jumps,bay-shore+redwood-empire,12,0,,
2023,girls,jumps,bay-shore+redwood-empire,5-6,14,1,18.0
2023,girls,jumps,bay-shore+redwood-empire,7-8,12,3,14.0
2023,girls,throws,tri-valley,1,2,,
2023,girls,throws,tri-valley,2,2,,
2023,girls,throws,tri-valley,3,2,,
2023,girls,throws,tri-valley,4,2,,
2023,girls,throws,tri-valley,5,2,,
2023,girls,throws,tri-valley,6,2,,
2023,girls,throws,tri-valley,7,2,,
2023,girls,throws,tri-valley,8,0,,
2023,girls,throws,tri-valley,9,1,,
2023,girls,throws,tri-valley,10,0,,
2023,girls,throws,tri-valley,11,0,,
2023,girls,throws,tri-valley,12,0,,
2023,girls,throws,tri-valley,5-6,4,,
2023,girls,throws,tri-valley,7-8,2,,
2023,girls,throws,bay-shore,1,1,,
2023,girls,throws,bay-shore,2,2,,
2023,girls,throws,bay-shore,3,2,,
2023,girls,throws,bay-shore,4,1,,
2023,girls,throws,bay-shore,5,0,,
2023,girls,throws,bay-shore,6,2,,
2023,girls,throws,bay-shore,7,0,,
2023,girls,throws,bay-shore,8,0,,
2023,girls,throws,bay-shore,9,0,,
2023,girls,throws,bay-shore,10,0,,
2023,girls,throws,bay-shore,11,0,,
2023,girls,throws,bay-shore,12,0,,
2023,girls,throws,bay-shore,5-6,2,,
2023,girls,throws,bay-shore,7-8,0,,
2023,girls,throws,redwood-empire,1,2,,
2023,girls,throws,redwood-empire,2,1,,
2023,girls,throws,redwood-empire,3,2,,
2023,girls,throws,redwood-empire,4,2,,
2023,girls,throws,redwood-empire,5,2,,
2023,girls,throws,redwood-empire,6,2,,
2023,girls,throws,redwood-empire,7,1,,
2023,girls,throws,redwood-empire,8,1,,
2023,girls,throws,redwood-empire,9,0,,
2023,girls,throws,redwood-empire,10,0,,
2023,girls,throws,redwood-empire,11,0,,
2023,girls,throws,redwood-empire,12,0,,
2023,girls,throws,redwood-empire,5-6,4,,
2023,girls,throws,redwood-empire,7-8,2,,
2023,girls,throws,class-a,1,2,,
2023,girls,throws,class-a,2,1,,
2023,girls,throws,class-a,3,2,,
2023,girls,throws,class-a,4,0,,
2023,girls,throws,class-a,5,0,,
2023,girls,throws,class-a,6,0,,
2023,girls,throws,class-a,7,0,,
2023,girls,throws,class-a,8,0,,
2023,girls,throws,class-a,9,0,,
2023,girls,throws,class-a,10,0,,
2023,girls,throws,class-a,11,0,,
2023,girls,throws,class-a,12,0,,
2023,girls,throws,class-a,5-6,0,,
2023,girls,throws,class-a,7-8,0,,
2023,girls,throws,bay-shore+redwood-empire,1,3,,
2023,girls,throws,bay-shore+redwood-empire,2,3,,
2023,girls,throws,bay-shore+redwood-empire,3,4,,
2023,girls,throws,bay-shore+redwood-empire,4,3,,
2023,girls,throws,bay-shore+redwood-empire,5,2,,
2023,girls,throws,bay-shore+redwood-empire,6,4,,
2023,girls,throws,bay-shore+redwood-empire,7,1,,
2023,girls,throws,bay-shore+redwood-empire,8,1,,
2023,girls,throws,bay-shore+redwood-empire,9,0,,
2023,girls,throws,bay-shore+redwood-empire,10,0,,
2023,girls,throws,bay-shore+redwood-empire,11,0,,
2023,girls,throws,bay-shore+redwood-empire,12,0,,
2023,girls,throws,bay-shore+redwood-empire,5-6,6,,
2023,girls,throws,bay-shore+redwood-empire,7-8,2,,
2023,girls,relays,tri-valley,1,2,,
2023,girls,relays,tri-valley,2,2,,
2023,girls,relays,tri-valley,3,2,,
2023,girls,relays,tri-valley,4,2,,
2023,girls,relays,tri-valley,5,2,,
2023,girls,relays,tri-valley,6,2,,
2023,girls,relays,tri-valley,7,2,,
2023,girls,relays,tri-valley,8,2,,
2023,girls,relays,tri-valley,9,2,,
2023,girls,relays,tri-valley,10,0,,
2023,girls,relays,tri-valley,11,0,,
2023,girls,relays,tri-valley,12,0,,
2023,girls,relays,tri-valley,5-6,4,,
2023,girls,relays,tri-valley,7-8,4,,
2023,girls,relays,bay-shore,1,2,,
2023,girls,relays,bay-shore,2,1,,
2023,girls,relays,bay-shore,3,2,,
2023,girls,relays,bay-shore,4,2,,
2023,girls,relays,bay-shore,5,1,,
2023,girls,relays,bay-shore,6,2,,
2023,girls,relays,bay-shore,7,1,,
2023,girls,relays,bay-shore,8,0,,
2023,girls,relays,bay-shore,9,0,,
2023,girls,relays,bay-shore,10,0,,
2023,girls,relays,bay-shore,11,0,,
2023,girls,relays,bay-shore,12,0,,
2023,girls,relays,bay-shore,5-6,3,,
2023,girls,relays,bay-shore,7-8,1,,
2023,girls,relays,redwood-empire,1,2,,
2023,girls,relays,redwood-empire,2,2,,
2023,girls,relays,redwood-empire,3,1,,
2023,girls,relays,redwood-empire,4,2,,
2023,girls,relays,redwood-empire,5,2,,
2023,girls,relays,redwood-empire,6,2,,
2023,girls,relays,redwood-empire,7,0,,
2023,girls,relays,redwood-empire,8,0,,
2023,girls,relays,redwood-empire,9,0,,
2023,girls,relays,redwood-empire,10,0,,
2023,girls,relays,redwood-empire,11,0,,
2023,girls,relays,redwood-empire,12,0,,
2023,girls,relays,redwood-empire,5-6,4,,
2023,girls,relays,redwood-empire,7-8,0,,
2023,girls,relays,class-a,1,2,,
2023,girls,relays,class-a,2,2,,
2023,girls,relays,class-a,3,2,,
2023,girls,relays,class-a,4,0,,
2023,girls,relays,class-a,5,0,,
2023,girls,relays,class-a,6,0,,
2023,girls,relays,class-a,7,0,,
2023,girls,relays,class-a,8,0,,
2023,girls,relays,class-a,9,0,,
2023,girls,relays,class-a,10,0,,
2023,girls,relays,class-a,11,0,,
2023,girls,relays,class-a,12,0,,
2023,girls,relays,class-a,5-6,0,,
2023,girls,relays,class-a,7-8,0,,
2023,girls,relays,bay-shore+redwood-empire,1,4,,
2023,girls,relays,bay-shore+redwood-empire,2,3,,
2023,girls,relays,bay-shore+redwood-empire,3,3,,
2023,girls,relays,bay-shore+redwood-empire,4,4,,
2023,girls,relays,bay-shore+redwood-empire,5,3,,
2023,girls,relays,bay-shore+redwood-empire,6,4,,
2023,girls,relays,bay-shore+redwood-empire,7,1,,
2023,girls,relays,bay-shore+redwood-empire,8,0,,
2023,girls,relays,bay-shore+redwood-empire,9,0,,
2023,girls,relays,bay-shore+redwood-empire,10,0,,
2023,girls,relays,bay-shore+redwood-empire,11,0,,
2023,girls,relays,bay-shore+redwood-empire,12,0,,
2023,girls,relays,bay-shore+redwood-empire,5-6,7,,
2023,girls,relays,bay-shore+redwood-empire,7-8,1,,
2023,girls,all,tri-valley,1,15,15,2.0
2023,girls,all,tri-valley,2,15,11,7.0
2023,girls,all,tri-valley,3,15,11,4.0
2023,girls,all,tri-valley,4,16,9,7.0
2023,girls,all,tri-valley,5,16,7,9.5
2023,girls,all,tri-valley,6,12,3,10.0
2023,girls,all,tri-valley,7,14,2,12.0
2023,girls,all,tri-valley,8,8,1,14.0
2023,girls,all,tri-valley,9,10,0,15.0
2023,girls,all,tri-valley,10,3,,
2023,girls,all,tri-valley,11,2,,
2023,girls,all,tri-valley,12,2,,
2023,girls,all,tri-valley,5-6,28,10,10.0
2023,girls,all,tri-valley,7-8,22,3,13.0
2023,girls,all,bay-shore,1,14,11,4.5
2023,girls,all,bay-shore,2,16,7,11.5
2023,girls,all,bay-shore,3,15,2,14.0
2023,girls,all,bay-shore,4,15,2,17.0
2023,girls,all,bay-shore,5,11,1,20.0
2023,girls,all,bay-shore,6,15,1,21.0
2023,girls,all,bay-shore,7,6,0,18.5
2023,girls,all,bay-shore,8,4,,
2023,girls,all,bay-shore,9,1,,
2023,girls,all,bay-shore,10,0,,
2023,girls,all,bay-shore,11,0,,
2023,girls,all,bay-shore,12,0,,
2023,girls,all,bay-shore,5-6,26,2,21.0
2023,girls,all,bay-shore,7-8,10,0,18.0
2023,girls,all,redwood-empire,1,16,12,3.5
2023,girls,all,redwood-empire,2,14,10,6.5
2023,girls,all,redwood-empire,3,14,4,12.0
2023,girls,all,redwood-empire,4,15,2,13.0
2023,girls,all,redwood-empire,5,16,0,16.5
2023,girls,all,redwood-empire,6,15,1,18.0
2023,girls,all,redwood-empire,7,8,2,16.5
2023,girls,all,redwood-empire,8,3,,
2023,girls,all,redwood-empire,9,3,,
2023,girls,all,redwood-empire,10,0,,
2023,girls,all,redwood-empire,11,0,,
2023,girls,all,redwood-empire,12,0,,
2023,girls,all,redwood-empire,5-6,31,1,18.0
2023,girls,all,redwood-empire,7-8,11,3,16.0
2023,girls,all,class-a,1,14,7,7.0
2023,girls,all,class-a,2,15,8,9.0
2023,girls,all,class-a,3,14,0,21.0
2023,girls,all,class-a,4,2,,
2023,girls,all,class-a,5,2,,
2023,girls,all,class-a,6,1,,
2023,girls,all,class-a,7,0,,
2023,girls,all,class-a,8,0,,
2023,girls,all,class-a,9,0,,
2023,girls,all,class-a,10,0,,
2023,girls,all,class-a,11,0,,
2023,girls,all,class-a,12,0,,
2023,girls,all,class-a,5-6,3,,
2023,girls,all,class-a,7-8,0,,
2023,girls,all,bay-shore+redwood-empire,1,30,23,4.0
2023,girls,all,bay-shore+redwood-empire,2,30,17,7.5
2023,girls,all,bay-shore+redwood-empire,3,29,6,13.0
2023,girls,all,bay-shore+redwood-empire,4,30,4,15.0
2023,girls,all,bay-shore+redwood-empire,5,27,1,18.5
2023,girls,all,bay-shore+redwood-empire,6,30,2,19.0
2023,girls,all,bay-shore+redwood-empire,7,14,2,17.0
2023,girls,all,bay-shore+redwood-empire,8,7,,
2023,girls,all,bay-shore+redwood-empire,9,4,,
2023,girls,all,bay-shore+redwood-empire,10,0,,
2023,girls,all,bay-shore+redwood-empire,11,0,,
2023,girls,all,bay-shore+redwood-empire,12,0,,
2023,girls,all,bay-shore+redwood-empire,5-6,57,3,19.0
2023,girls,all,bay-shore+redwood-empire,7-8,21,3,17.0
2023,boys,sprints_hurdles,tri-valley,1,4,,
2023,boys,sprints_hurdles,tri-valley,2,4,,
2023,boys,sprints_hurdles,tri-valley,3,3,,
2023,boys,sprints_hurdles,tri-valley,4,4,,
2023,boys,sprints_hurdles,tri-valley,5,5,3,6.0
2023,boys,sprints_hurdles,tri-valley,6,3,,
2023,boys,sprints_hurdles,tri-valley,7,3,,
2023,boys,sprints_hurdles,tri-valley,8,3,,
2023,boys,sprints_hurdles,tri-valley,9,2,,
2023,boys,sprints_hurdles,tri-valley,10,3,,
2023,boys,sprints_hurdles,tri-valley,11,1,,
2023,boys,sprints_hurdles,tri-valley,12,1,,
2023,boys,sprints_hurdles,tri-valley,5-6,8,4,8.0
2023,boys,sprints_hurdles,tri-valley,7-8,6,1,17.0
2023,boys,sprints_hurdles,bay-shore,1,4,,
2023,boys,sprints_hurdles,bay-shore,2,3,,
2023,boys,sprints_hurdles,bay-shore,3,4,,
2023,boys,sprints_hurdles,bay-shore,4,2,,
2023,boys,sprints_hurdles,bay-shore,5,2,,
2023,boys,sprints_hurdles,bay-shore,6,2,,
2023,boys,sprints_hurdles,bay-shore,7,3,,
2023,boys,sprints_hurdles,bay-shore,8,1,,
2023,boys,sprints_hurdles,bay-shore,9,0,,
2023,boys,sprints_hurdles,bay-shore,10,0,,
2023,boys,sprints_hurdles,bay-shore,11,0,,
2023,boys,sprints_hurdles,bay-shore,12,0,,
2023,boys,sprints_hurdles,bay-shore,5-6,4,,
2023,boys,sprints_hurdles,bay-shore,7-8,4,,
2023,boys,sprints_hurdles,redwood-empire,1,3,,
2023,boys,sprints_hurdles,redwood-empire,2,4,,
2023,boys,sprints_hurdles,redwood-empire,3,4,,
2023,boys,sprints_hurdles,redwood-empire,4,3,,
2023,boys,sprints_hurdles,redwood-empire,5,4,,
2023,boys,sprints_hurdles,redwood-empire,6,4,,
2023,boys,sprints_hurdles,redwood-empire,7,1,,
2023,boys,sprints_hurdles,redwood-empire,8,1,,
2023,boys,sprints_hurdles,redwood-empire,9,0,,
2023,boys,sprints_hurdles,redwood-empire,10,0,,
2023,boys,sprints_hurdles,redwood-empire,11,0,,
2023,boys,sprints_hurdles,redwood-empire,12,0,,
2023,boys,sprints_hurdles,redwood-empire,5-6,8,1,16.0
2023,boys,sprints_hurdles,redwood-empire,7-8,2,,
2023,boys,sprints_hurdles,class-a,1,4,,
2023,boys,sprints_hurdles,class-a,2,4,,
2023,boys,sprints_hurdles,class-a,3,3,,
2023,boys,sprints_hurdles,class-a,4,2,,
2023,boys,sprints_hurdles,class-a,5,0,,
2023,boys,sprints_hurdles,class-a,6,0,,
2023,boys,sprints_hurdles,class-a,7,0,,
2023,boys,sprints_hurdles,class-a,8,0,,
2023,boys,sprints_hurdles,class-a,9,0,,
2023,boys,sprints_hurdles,class-a,10,0,,
2023,boys,sprints_hurdles,class-a,11,0,,
2023,boys,sprints_hurdles,class-a,12,0,,
2023,boys,sprints_hurdles,class-a,5-6,0,,
2023,boys,sprints_hurdles,class-a,7-8,0,,
2023,boys,sprints_hurdles,bay-shore+redwood-empire,1,7,,
2023,boys,sprints_hurdles,bay-shore+redwood-empire,2,7,,
2023,boys,sprints_hurdles,bay-shore+redwood-empire,3,8,,
2023,boys,sprints_hurdles,bay-shore+redwood-empire,4,5,,
2023,boys,sprints_hurdles,bay-shore+redwood-empire,5,6,,
2023,boys,sprints_hurdles,bay-shore+redwood-empire,6,6,,
2023,boys,sprints_hurdles,bay-shore+redwood-empire,7,4,,
2023,boys,sprints_hurdles,bay-shore+redwood-empire,8,2,,
2023,boys,sprints_hurdles,bay-shore+redwood-empire,9,0,,
2023,boys,sprints_hurdles,bay-shore+redwood-empire,10,0,,
2023,boys,sprints_hurdles,bay-shore+redwood-empire,11,0,,
2023,boys,sprints_hurdles,bay-shore+redwood-empire,12,0,,
2023,boys,sprints_hurdles,bay-shore+redwood-empire,5-6,12,,
2023,boys,sprints_hurdles,bay-shore+redwood-empire,7-8,6,,
2023,boys,400_800,tri-valley,1,2,,
2023,boys,400_800,tri-valley,2,2,,
2023,boys,400_800,tri-valley,3,2,,
2023,boys,400_800,tri-valley,4,2,,
2023,boys,400_800,tri-valley,5,2,,
2023,boys,400_800,tri-valley,6,1,,
2023,boys,400_800,tri-valley,7,2,,
2023,boys,400_800,tri-valley,8,2,,
2023,boys,400_800,tri-valley,9,1,,
2023,boys,400_800,tri-valley,10,1,,
2023,boys,400_800,tri-valley,11,0,,
2023,boys,400_800,tri-valley,12,0,,
2023,boys,400_800,tri-valley,5-6,3,,
2023,boys,400_800,tri-valley,7-8,4,,
2023,boys,400_800,bay-shore,1,1,,
2023,boys,400_800,bay-shore,2,1,,
2023,boys,400_800,bay-shore,3,2,,
2023,boys,400_800,bay-shore,4,2,,
2023,boys,400_800,bay-shore,5,1,,
2023,boys,400_800,bay-shore,6,2,,
2023,boys,400_800,bay-shore,7,2,,
2023,boys,400_800,bay-shore,8,1,,
2023,boys,400_800,bay-shore,9,0,,
2023,boys,400_800,bay-shore,10,0,,
2023,boys,400_800,bay-shore,11,0,,
2023,boys,400_800,bay-shore,12,0,,
2023,boys,400_800,bay-shore,5-6,3,,
2023,boys,400_800,bay-shore,7-8,3,,
2023,boys,400_800,redwood-empire,1,2,,
2023,boys,400_800,redwood-empire,2,2,,
2023,boys,400_800,redwood-empire,3,2,,
2023,boys,400_800,redwood-empire,4,2,,
2023,boys,400_800,redwood-empire,5,2,,
2023,boys,400_800,redwood-empire,6,2,,
2023,boys,400_800,redwood-empire,7,0,,
2023,boys,400_800,redwood-empire,8,0,,
2023,boys,400_800,redwood-empire,9,0,,
2023,boys,400_800,redwood-empire,10,0,,
2023,boys,400_800,redwood-empire,11,0,,
2023,boys,400_800,redwood-empire,12,0,,
2023,boys,400_800,redwood-empire,5-6,4,,
2023,boys,400_800,redwood-empire,7-8,0,,
2023,boys,400_800,class-a,1,2,,
2023,boys,400_800,class-a,2,2,,
2023,boys,400_800,class-a,3,2,,
2023,boys,400_800,class-a,4,1,,
2023,boys,400_800,class-a,5,0,,
2023,boys,400_800,class-a,6,0,,
2023,boys,400_800,class-a,7,0,,
2023,boys,400_800,class-a,8,0,,
2023,boys,400_800,class-a,9,0,,
2023,boys,400_800,class-a,10,0,,
2023,boys,400_800,class-a,11,0,,
2023,boys,400_800,class-a,12,0,,
2023,boys,400_800,class-a,5-6,0,,
2023,boys,400_800,class-a,7-8,0,,
2023,boys,400_800,bay-shore+redwood-empire,1,3,,
2023,boys,400_800,bay-shore+redwood-empire,2,3,,
2023,boys,400_800,bay-shore+redwood-empire,3,4,,
2023,boys,400_800,bay-shore+redwood-empire,4,4,,
2023,boys,400_800,bay-shore+redwood-empire,5,3,,
2023,boys,400_800,bay-shore+redwood-empire,6,4,,
2023,boys,400_800,bay-shore+redwood-empire,7,2,,
2023,boys,400_800,bay-shore+redwood-empire,8,1,,
2023,boys,400_800,bay-shore+redwood-empire,9,0,,
2023,boys,400_800,bay-shore+redwood-empire,10,0,,
2023,boys,400_800,bay-shore+redwood-empire,11,0,,
2023,boys,400_800,bay-shore+redwood-empire,12,0,,
2023,boys,400_800,bay-shore+redwood-empire,5-6,7,,
2023,boys,400_800,bay-shore+redwood-empire,7-8,3,,
2023,boys,distance,tri-valley,1,2,,
2023,boys,distance,tri-valley,2,1,,
2023,boys,distance,tri-valley,3,2,,
2023,boys,distance,tri-valley,4,2,,
2023,boys,distance,tri-valley,5,2,,
2023,boys,distance,tri-valley,6,1,,
2023,boys,distance,tri-valley,7,2,,
2023,boys,distance,tri-valley,8,2,,
2023,boys,distance,tri-valley,9,1,,
2023,boys,distance,tri-valley,10,1,,
2023,boys,distance,tri-valley,11,1,,
2023,boys,distance,tri-valley,12,1,,
2023,boys,distance,tri-valley,5-6,3,,
2023,boys,distance,tri-valley,7-8,4,,
2023,boys,distance,bay-shore,1,2,,
2023,boys,distance,bay-shore,2,2,,
2023,boys,distance,bay-shore,3,2,,
2023,boys,distance,bay-shore,4,2,,
2023,boys,distance,bay-shore,5,2,,
2023,boys,distance,bay-shore,6,2,,
2023,boys,distance,bay-shore,7,0,,
2023,boys,distance,bay-shore,8,0,,
2023,boys,distance,bay-shore,9,0,,
2023,boys,distance,bay-shore,10,0,,
2023,boys,distance,bay-shore,11,0,,
2023,boys,distance,bay-shore,12,0,,
2023,boys,distance,bay-shore,5-6,4,,
2023,boys,distance,bay-shore,7-8,0,,
2023,boys,distance,redwood-empire,1,1,,
2023,boys,distance,redwood-empire,2,2,,
2023,boys,distance,redwood-empire,3,2,,
2023,boys,distance,redwood-empire,4,2,,
2023,boys,distance,redwood-empire,5,2,,
2023,boys,distance,redwood-empire,6,2,,
2023,boys,distance,redwood-empire,7,1,,
2023,boys,distance,redwood-empire,8,0,,
2023,boys,distance,redwood-empire,9,0,,
2023,boys,distance,redwood-empire,10,0,,
2023,boys,distance,redwood-empire,11,0,,
2023,boys,distance,redwood-empire,12,0,,
2023,boys,distance,redwood-empire,5-6,4,,
2023,boys,distance,redwood-empire,7-8,1,,
2023,boys,distance,class-a,1,1,,
2023,boys,distance,class-a,2,1,,
2023,boys,distance,class-a,3,2,,
2023,boys,distance,class-a,4,1,,
2023,boys,distance,class-a,5,1,,
2023,boys,distance,class-a,6,0,,
2023,boys,distance,class-a,7,0,,
2023,boys,distance,class-a,8,0,,
2023,boys,distance,class-a,9,0,,
2023,boys,distance,class-a,10,0,,
2023,boys,distance,class-a,11,0,,
2023,boys,distance,class-a,12,0,,
2023,boys,distance,class-a,5-6,1,,
2023,boys,distance,class-a,7-8,0,,
2023,boys,distance,bay-shore+redwood-empire,1,3,,
2023,boys,distance,bay-shore+redwood-empire,2,4,,
2023,boys,distance,bay-shore+redwood-empire,3,4,,
2023,boys,distance,bay-shore+redwood-empire,4,4,,
2023,boys,distance,bay-shore+redwood-empire,5,4,,
2023,boys,distance,bay-shore+redwood-empire,6,4,,
2023,boys,distance,bay-shore+redwood-empire,7,1,,
2023,boys,distance,bay-shore+redwood-empire,8,0,,
2023,boys,distance,bay-shore+redwood-empire,9,0,,
2023,boys,distance,bay-shore+redwood-empire,10,0,,
2023,boys,distance,bay-shore+redwood-empire,11,0,,
2023,boys,distance,bay-shore+redwood-empire,12,0,,
2023,boys,distance,bay-shore+redwood-empire,5-6,8,,
2023,boys,distance,bay-shore+redwood-empire,7-8,1,,
2023,boys,jumps,tri-valley,1,4,,
2023,boys,jumps,tri-valley,2,3,,
2023,boys,jumps,tri-valley,3,4,,
2023,boys,jumps,tri-valley,4,4,,
2023,boys,jumps,tri-valley,5,4,,
2023,boys,jumps,tri-valley,6,4,,
2023,boys,jumps,tri-valley,7,1,,
2023,boys,jumps,tri-valley,8,2,,
2023,boys,jumps,tri-valley,9,0,,
2023,boys,jumps,tri-valley,10,0,,
2023,boys,jumps,tri-valley,11,0,,
2023,boys,jumps,tri-valley,12,0,,
2023,boys,jumps,tri-valley,5-6,8,3,10.0
2023,boys,jumps,tri-valley,7-8,3,,
2023,boys,jumps,bay-shore,1,4,,
2023,boys,jumps,bay-shore,2,4,,
2023,boys,jumps,bay-shore,3,4,,
2023,boys,jumps,bay-shore,4,3,,
2023,boys,jumps,bay-shore,5,3,,
2023,boys,jumps,bay-shore,6,2,,
2023,boys,jumps,bay-shore,7,2,,
2023,boys,jumps,bay-shore,8,2,,
2023,boys,jumps,bay-shore,9,1,,
2023,boys,jumps,bay-shore,10,0,,
2023,boys,jumps,bay-shore,11,0,,
2023,boys,jumps,bay-shore,12,0,,
2023,boys,jumps,bay-shore,5-6,5,1,12.0
2023,boys,jumps,bay-shore,7-8,4,,
2023,boys,jumps,redwood-empire,1,2,,
2023,boys,jumps,redwood-empire,2,4,,
2023,boys,jumps,redwood-empire,3,4,,
2023,boys,jumps,redwood-empire,4,4,,
2023,boys,jumps,redwood-empire,5,4,,
2023,boys,jumps,redwood-empire,6,3,,
2023,boys,jumps,redwood-empire,7,3,,
2023,boys,jumps,redwood-empire,8,1,,
2023,boys,jumps,redwood-empire,9,0,,
2023,boys,jumps,redwood-empire,10,0,,
2023,boys,jumps,redwood-empire,11,0,,
2023,boys,jumps,redwood-empire,12,0,,
2023,boys,jumps,redwood-empire,5-6,7,1,13.0
2023,boys,jumps,redwood-empire,7-8,4,,
2023,boys,jumps,class-a,1,4,,
2023,boys,jumps,class-a,2,3,,
2023,boys,jumps,class-a,3,2,,
2023,boys,jumps,class-a,4,0,,
2023,boys,jumps,class-a,5,0,,
2023,boys,jumps,class-a,6,0,,
2023,boys,jumps,class-a,7,0,,
2023,boys,jumps,class-a,8,0,,
2023,boys,jumps,class-a,9,0,,
2023,boys,jumps,class-a,10,0,,
2023,boys,jumps,class-a,11,0,,
2023,boys,jumps,class-a,12,0,,
2023,boys,jumps,class-a,5-6,0,,
2023,boys,jumps,class-a,7-8,0,,
2023,boys,jumps,bay-shore+redwood-empire,1,6,,
2023,boys,jumps,bay-shore+redwood-empire,2,8,,
2023,boys,jumps,bay-shore+redwood-empire,3,8,,
2023,boys,jumps,bay-shore+redwood-empire,4,7,,
2023,boys,jumps,bay-shore+redwood-empire,5,7,,
2023,boys,jumps,bay-shore+redwood-empire,6,5,,
2023,boys,jumps,bay-shore+redwood-empire,7,5,,
2023,boys,jumps,bay-shore+redwood-empire,8,3,,
2023,boys,jumps,bay-shore+redwood-empire,9,1,,
2023,boys,jumps,bay-shore+redwood-empire,10,0,,
2023,boys,jumps,bay-shore+redwood-empire,11,0,,
2023,boys,jumps,bay-shore+redwood-empire,12,0,,
2023,boys,jumps,bay-shore+redwood-empire,5-6,12,2,13.0
2023,boys,jumps,bay-shore+redwood-empire,7-8,8,,
2023,boys,throws,tri-valley,1,2,,
2023,boys,throws,tri-valley,2,2,,
2023,boys,throws,tri-valley,3,1,,
2023,boys,throws,tri-valley,4,2,,
2023,boys,throws,tri-valley,5,2,,
2023,boys,throws,tri-valley,6,2,,
2023,boys,throws,tri-valley,7,1,,
2023,boys,throws,tri-valley,8,1,,
2023,boys,throws,tri-valley,9,0,,
2023,boys,throws,tri-valley,10,0,,
2023,boys,throws,tri-valley,11,0,,
2023,boys,throws,tri-valley,12,0,,
2023,boys,throws,tri-valley,5-6,4,,
2023,boys,throws,tri-valley,7-8,2,,
2023,boys,throws,bay-shore,1,2,,
2023,boys,throws,bay-shore,2,2,,
2023,boys,throws,bay-shore,3,2,,
2023,boys,throws,bay-shore,4,2,,
2023,boys,throws,bay-shore,5,2,,
2023,boys,throws,bay-shore,6,2,,
2023,boys,throws,bay-shore,7,0,,
2023,boys,throws,bay-shore,8,0,,
2023,boys,throws,bay-shore,9,0,,
2023,boys,throws,bay-shore,10,0,,
2023,boys,throws,bay-shore,11,0,,
2023,boys,throws,bay-shore,12,0,,
2023,boys,throws,bay-shore,5-6,4,,
2023,boys,throws,bay-shore,7-8,0,,
2023,boys,throws,redwood-empire,1,2,,
2023,boys,throws,redwood-empire,2,2,,
2023,boys,throws,redwood-empire,3,2,,
2023,boys,throws,redwood-empire,4,2,,
2023,boys,throws,redwood-empire,5,1,,
2023,boys,throws,redwood-empire,6,2,,
2023,boys,throws,redwood-empire,7,2,,
2023,boys,throws,redwood-empire,8,1,,
2023,boys,throws,redwood-empire,9,1,,
2023,boys,throws,redwood-empire,10,1,,
2023,boys,throws,redwood-empire,11,0,,
2023,boys,throws,redwood-empire,12,0,,
2023,boys,throws,redwood-empire,5-6,3,,
2023,boys,throws,redwood-empire,7-8,3,,
2023,boys,throws,class-a,1,2,,
2023,boys,throws,class-a,2,2,,
2023,boys,throws,class-a,3,0,,
2023,boys,throws,class-a,4,1,,
2023,boys,throws,class-a,5,0,,
2023,boys,throws,class-a,6,0,,
2023,boys,throws,class-a,7,0,,
2023,boys,throws,class-a,8,0,,
2023,boys,throws,class-a,9,0,,
2023,boys,throws,class-a,10,0,,
2023,boys,throws,class-a,11,0,,
2023,boys,throws,class-a,12,0,,
2023,boys,throws,class-a,5-6,0,,
2023,boys,throws,class-a,7-8,0,,
2023,boys,throws,bay-shore+redwood-empire,1,4,,
2023,boys,throws,bay-shore+redwood-empire,2,4,,
2023,boys,throws,bay-shore+redwood-empire,3,4,,
2023,boys,throws,bay-shore+redwood-empire,4,4,,
2023,boys,throws,bay-shore+redwood-empire,5,3,,
2023,boys,throws,bay-shore+redwood-empire,6,4,,
2023,boys,throws,bay-shore+redwood-empire,7,2,,
2023,boys,throws,bay-shore+redwood-empire,8,1,,
2023,boys,throws,bay-shore+redwood-empire,9,1,,
2023,boys,throws,bay-shore+redwood-empire,10,1,,
2023,boys,throws,bay-shore+redwood-empire,11,0,,
2023,boys,throws,bay-shore+redwood-empire,12,0,,
2023,boys,throws,bay-shore+redwood-empire,5-6,7,,
2023,boys,throws,bay-shore+redwood-empire,7-8,3,,
2023,boys,relays,tri-valley,1,2,,
2023,boys,relays,tri-valley,2,2,,
2023,boys,relays,tri-valley,3,2,,
2023,boys,relays,tri-valley,4,2,,
2023,boys,relays,tri-valley,5,2,,
2023,boys,relays,tri-valley,6,2,,
2023,boys,relays,tri-valley,7,2,,
2023,boys,relays,tri-valley,8,2,,
2023,boys,relays,tri-valley,9,2,,
2023,boys,relays,tri-valley,10,1,,
2023,boys,relays,tri-valley,11,0,,
2023,boys,relays,tri-valley,12,0,,
2023,boys,relays,tri-valley,5-6,4,,
2023,boys,relays,tri-valley,7-8,4,,
2023,boys,relays,bay-shore,1,2,,
2023,boys,relays,bay-shore,2,2,,
2023,boys,relays,bay-shore,3,2,,
2023,boys,relays,bay-shore,4,2,,
2023,boys,relays,bay-shore,5,2,,
2023,boys,relays,bay-shore,6,2,,
2023,boys,relays,bay-shore,7,0,,
2023,boys,relays,bay-shore,8,0,,
2023,boys,relays,bay-shore,9,0,,
2023,boys,relays,bay-shore,10,0,,
2023,boys,relays,bay-shore,11,0,,
2023,boys,relays,bay-shore,12,0,,
2023,boys,relays,bay-shore,5-6,4,,
2023,boys,relays,bay-shore,7-8,0,,
2023,boys,relays,redwood-empire,1,2,,
2023,boys,relays,redwood-empire,2,2,,
2023,boys,relays,redwood-empire,3,2,,
2023,boys,relays,redwood-empire,4,2,,
2023,boys,relays,redwood-empire,5,2,,
2023,boys,relays,redwood-empire,6,2,,
2023,boys,relays,redwood-empire,7,0,,
2023,boys,relays,redwood-empire,8,0,,
2023,boys,relays,redwood-empire,9,0,,
2023,boys,relays,redwood-empire,10,0,,
2023,boys,relays,redwood-empire,11,0,,
2023,boys,relays,redwood-empire,12,0,,
2023,boys,relays,redwood-empire,5-6,4,,
2023,boys,relays,redwood-empire,7-8,0,,
2023,boys,relays,class-a,1,2,,
2023,boys,relays,class-a,2,2,,
2023,boys,relays,class-a,3,1,,
2023,boys,relays,class-a,4,1,,
2023,boys,relays,class-a,5,0,,
2023,boys,relays,class-a,6,0,,
2023,boys,relays,class-a,7,0,,
2023,boys,relays,class-a,8,0,,
2023,boys,relays,class-a,9,0,,
2023,boys,relays,class-a,10,0,,
2023,boys,relays,class-a,11,0,,
2023,boys,relays,class-a,12,0,,
2023,boys,relays,class-a,5-6,0,,
2023,boys,relays,class-a,7-8,0,,
2023,boys,relays,bay-shore+redwood-empire,1,4,,
2023,boys,relays,bay-shore+redwood-empire,2,4,,
2023,boys,relays,bay-shore+redwood-empire,3,4,,
2023,boys,relays,bay-shore+redwood-empire,4,4,,
2023,boys,relays,bay-shore+redwood-empire,5,4,,
2023,boys,relays,bay-shore+redwood-empire,6,4,,
2023,boys,relays,bay-shore+redwood-empire,7,0,,
2023,boys,relays,bay-shore+redwood-empire,8,0,,
2023,boys,relays,bay-shore+redwood-empire,9,0,,
2023,boys,relays,bay-shore+redwood-empire,10,0,,
2023,boys,relays,bay-shore+redwood-empire,11,0,,
2023,boys,relays,bay-shore+redwood-empire,12,0,,
2023,boys,relays,bay-shore+redwood-empire,5-6,8,,
2023,boys,relays,bay-shore+redwood-empire,7-8,0,,
2023,boys,all,tri-valley,1,16,16,1.5
2023,boys,all,tri-valley,2,14,12,4.5
2023,boys,all,tri-valley,3,14,7,7.0
2023,boys,all,tri-valley,4,16,10,6.0
2023,boys,all,tri-valley,5,17,11,8.0
2023,boys,all,tri-valley,6,13,3,10.0
2023,boys,all,tri-valley,7,11,2,16.0
2023,boys,all,tri-valley,8,12,1,15.5
2023,boys,all,tri-valley,9,6,0,18.0
2023,boys,all,tri-valley,10,6,0,18.5
2023,boys,all,tri-valley,11,2,,
2023,boys,all,tri-valley,12,2,,
2023,boys,all,tri-valley,5-6,30,14,8.5
2023,boys,all,tri-valley,7-8,23,3,16.0
2023,boys,all,bay-shore,1,15,12,3.0
2023,boys,all,bay-shore,2,14,9,5.0
2023,boys,all,bay-shore,3,16,6,9.5
2023,boys,all,bay-shore,4,13,1,13.0
2023,boys,all,bay-shore,5,12,1,15.0
2023,boys,all,bay-shore,6,12,1,14.0
2023,boys,all,bay-shore,7,7,0,17.0
2023,boys,all,bay-shore,8,4,,
2023,boys,all,bay-shore,9,1,,
2023,boys,all,bay-shore,10,0,,
2023,boys,all,bay-shore,11,0,,
2023,boys,all,bay-shore,12,0,,
2023,boys,all,bay-shore,5-6,24,2,14.5
2023,boys,all,bay-shore,7-8,11,2,17.0
2023,boys,all,redwood-empire,1,12,6,5.0
2023,boys,all,redwood-empire,2,16,8,9.0
2023,boys,all,redwood-empire,3,16,4,14.0
2023,boys,all,redwood-empire,4,15,1,13.0
2023,boys,all,redwood-empire,5,15,2,16.5
2023,boys,all,redwood-empire,6,15,2,16.0
2023,boys,all,redwood-empire,7,7,0,15.0
2023,boys,all,redwood-empire,8,3,,
2023,boys,all,redwood-empire,9,1,,
2023,boys,all,redwood-empire,10,1,,
2023,boys,all,redwood-empire,11,0,,
2023,boys,all,redwood-empire,12,0,,
2023,boys,all,redwood-empire,5-6,30,4,16.0
2023,boys,all,redwood-empire,7-8,10,0,15.0
2023,boys,all,class-a,1,15,7,10.0
2023,boys,all,class-a,2,14,2,15.5
2023,boys,all,class-a,3,10,0,22.0
2023,boys,all,class-a,4,6,0,21.0
2023,boys,all,class-a,5,1,,
2023,boys,all,class-a,6,0,,
2023,boys,all,class-a,7,0,,
2023,boys,all,class-a,8,0,,
2023,boys,all,class-a,9,0,,
2023,boys,all,class-a,10,0,,
2023,boys,all,class-a,11,0,,
2023,boys,all,class-a,12,0,,
2023,boys,all,class-a,5-6,1,,
2023,boys,all,class-a,7-8,0,,
2023,boys,all,bay-shore+redwood-empire,1,27,18,3.0
2023,boys,all,bay-shore+redwood-empire,2,30,17,7.0
2023,boys,all,bay-shore+redwood-empire,3,32,10,12.0
2023,boys,all,bay-shore+redwood-empire,4,28,2,13.0
2023,boys,all,bay-shore+redwood-empire,5,27,3,16.0
2023,boys,all,bay-shore+redwood-empire,6,27,3,16.0
2023,boys,all,bay-shore+redwood-empire,7,14,0,16.0
2023,boys,all,bay-shore+redwood-empire,8,7,,
2023,boys,all,bay-shore+redwood-empire,9,2,,
2023,boys,all,bay-shore+redwood-empire,10,1,,
2023,boys,all,bay-shore+redwood-empire,11,0,,
2023,boys,all,bay-shore+redwood-empire,12,0,,
2023,boys,all,bay-shore+redwood-empire,5-6,54,6,16.0
2023,boys,all,bay-shore+redwood-empire,7-8,21,2,15.5
2023,all,sprints_hurdles,tri-valley,1,8,8,1.0
2023,all,sprints_hurdles,tri-valley,2,7,5,6.0
2023,all,sprints_hurdles,tri-valley,3,6,3,7.0
2023,all,sprints_hurdles,tri-valley,4,8,4,6.0
2023,all,sprints_hurdles,tri-valley,5,9,4,8.0
2023,all,sprints_hurdles,tri-valley,6,7,2,10.0
2023,all,sprints_hurdles,tri-valley,7,7,0,16.5
2023,all,sprints_hurdles,tri-valley,8,6,2,12.0
2023,all,sprints_hurdles,tri-valley,9,6,0,15.5
2023,all,sprints_hurdles,tri-valley,10,4,,
2023,all,sprints_hurdles,tri-valley,11,2,,
2023,all,sprints_hurdles,tri-valley,12,1,,
2023,all,sprints_hurdles,tri-valley,5-6,16,6,9.5
2023,all,sprints_hurdles,tri-valley,7-8,13,2,14.5
2023,all,sprints_hurdles,bay-shore,1,8,6,4.5
2023,all,sprints_hurdles,bay-shore,2,7,4,5.0
2023,all,sprints_hurdles,bay-shore,3,8,0,12.5
2023,all,sprints_hurdles,bay-shore,4,6,1,13.0
2023,all,sprints_hurdles,bay-shore,5,6,0,20.0
2023,all,sprints_hurdles,bay-shore,6,6,1,21.5
2023,all,sprints_hurdles,bay-shore,7,3,,
2023,all,sprints_hurdles,bay-shore,8,1,,
2023,all,sprints_hurdles,bay-shore,9,0,,
2023,all,sprints_hurdles,bay-shore,10,0,,
2023,all,sprints_hurdles,bay-shore,11,0,,
2023,all,sprints_hurdles,bay-shore,12,0,,
2023,all,sprints_hurdles,bay-shore,5-6,12,1,20.5
2023,all,sprints_hurdles,bay-shore,7-8,4,,
2023,all,sprints_hurdles,redwood-empire,1,7,3,11.0
2023,all,sprints_hurdles,redwood-empire,2,8,5,7.0
2023,all,sprints_hurdles,redwood-empire,3,8,1,14.0
2023,all,sprints_hurdles,redwood-empire,4,6,1,10.0
2023,all,sprints_hurdles,redwood-empire,5,8,1,14.0
2023,all,sprints_hurdles,redwood-empire,6,7,0,20.0
2023,all,sprints_hurdles,redwood-empire,7,3,,
2023,all,sprints_hurdles,redwood-empire,8,1,,
2023,all,sprints_hurdles,redwood-empire,9,0,,
2023,all,sprints_hurdles,redwood-empire,10,0,,
2023,all,sprints_hurdles,redwood-empire,11,0,,
2023,all,sprints_hurdles,redwood-empire,12,0,,
2023,all,sprints_hurdles,redwood-empire,5-6,15,1,16.0
2023,all,sprints_hurdles,redwood-empire,7-8,4,,
2023,all,sprints_hurdles,class-a,1,8,3,9.0
2023,all,sprints_hurdles,class-a,2,8,3,10.5
2023,all,sprints_hurdles,class-a,3,7,0,22.0
2023,all,sprints_hurdles,class-a,4,2,,
2023,all,sprints_hurdles,class-a,5,0,,
2023,all,sprints_hurdles,class-a,6,0,,
2023,all,sprints_hurdles,class-a,7,0,,
2023,all,sprints_hurdles,class-a,8,0,,
2023,all,sprints_hurdles,class-a,9,0,,
2023,all,sprints_hurdles,class-a,10,0,,
2023,all,sprints_hurdles,class-a,11,0,,
2023,all,sprints_hurdles,class-a,12,0,,
2023,all,sprints_hurdles,class-a,5-6,0,,
2023,all,sprints_hurdles,class-a,7-8,0,,
2023,all,sprints_hurdles,bay-shore+redwood-empire,1,15,9,6.0
2023,all,sprints_hurdles,bay-shore+redwood-empire,2,15,9,6.0
2023,all,sprints_hurdles,bay-shore+redwood-empire,3,16,1,13.0
2023,all,sprints_hurdles,bay-shore+redwood-empire,4,12,2,10.0
2023,all,sprints_hurdles,bay-shore+redwood-empire,5,14,1,16.0
2023,all,sprints_hurdles,bay-shore+redwood-empire,6,13,1,20.0
2023,all,sprints_hurdles,bay-shore+redwood-empire,7,6,,
2023,all,sprints_hurdles,bay-shore+redwood-empire,8,2,,
2023,all,sprints_hurdles,bay-shore+redwood-empire,9,0,,
2023,all,sprints_hurdles,bay-shore+redwood-empire,10,0,,
2023,all,sprints_hurdles,bay-shore+redwood-empire,11,0,,
2023,all,sprints_hurdles,bay-shore+redwood-empire,12,0,,
2023,all,sprints_hurdles,bay-shore+redwood-empire,5-6,27,2,18.5
2023,all,sprints_hurdles,bay-shore+redwood-empire,7-8,8,,
2023,all,400_800,tri-valley,1,3,,
2023,all,400_800,tri-valley,2,4,,
2023,all,400_800,tri-valley,3,4,,
2023,all,400_800,tri-valley,4,4,,
2023,all,400_800,tri-valley,5,4,,
2023,all,400_800,tri-valley,6,2,,
2023,all,400_800,tri-valley,7,3,,
2023,all,400_800,tri-valley,8,3,,
2023,all,400_800,tri-valley,9,2,,
2023,all,400_800,tri-valley,10,2,,
2023,all,400_800,tri-valley,11,1,,
2023,all,400_800,tri-valley,12,2,,
2023,all,400_800,tri-valley,5-6,6,4,8.0
2023,all,400_800,tri-valley,7-8,6,1,15.5
2023,all,400_800,bay-shore,1,3,,
2023,all,400_800,bay-shore,2,3,,
2023,all,400_800,bay-shore,3,4,,
2023,all,400_800,bay-shore,4,3,,
2023,all,400_800,bay-shore,5,2,,
2023,all,400_800,bay-shore,6,4,,
2023,all,400_800,bay-shore,7,4,,
2023,all,400_800,bay-shore,8,1,,
2023,all,400_800,bay-shore,9,0,,
2023,all,400_800,bay-shore,10,0,,
2023,all,400_800,bay-shore,11,0,,
2023,all,400_800,bay-shore,12,0,,
2023,all,400_800,bay-shore,5-6,6,0,14.0
2023,all,400_800,bay-shore,7-8,5,0,21.0
2023,all,400_800,redwood-empire,1,4,,
2023,all,400_800,redwood-empire,2,4,,
2023,all,400_800,redwood-empire,3,4,,
2023,all,400_800,redwood-empire,4,4,,
2023,all,400_800,redwood-empire,5,4,,
2023,all,400_800,redwood-empire,6,4,,
2023,all,400_800,redwood-empire,7,0,,
2023,all,400_800,redwood-empire,8,0,,
2023,all,400_800,redwood-empire,9,0,,
2023,all,400_800,redwood-empire,10,0,,
2023,all,400_800,redwood-empire,11,0,,
2023,all,400_800,redwood-empire,12,0,,
2023,all,400_800,redwood-empire,5-6,8,0,19.5
2023,all,400_800,redwood-empire,7-8,0,,
2023,all,400_800,class-a,1,3,,
2023,all,400_800,class-a,2,4,,
2023,all,400_800,class-a,3,3,,
2023,all,400_800,class-a,4,2,,
2023,all,400_800,class-a,5,1,,
2023,all,400_800,class-a,6,0,,
2023,all,400_800,class-a,7,0,,
2023,all,400_800,class-a,8,0,,
2023,all,400_800,class-a,9,0,,
2023,all,400_800,class-a,10,0,,
2023,all,400_800,class-a,11,0,,
2023,all,400_800,class-a,12,0,,
2023,all,400_800,class-a,5-6,1,,
2023,all,400_800,class-a,7-8,0,,
2023,all,400_800,bay-shore+redwood-empire,1,7,,
2023,all,400_800,bay-shore+redwood-empire,2,7,,
2023,all,400_800,bay-shore+redwood-empire,3,8,,
2023,all,400_800,bay-shore+redwood-empire,4,7,,
2023,all,400_800,bay-shore+redwood-empire,5,6,,
2023,all,400_800,bay-shore+redwood-empire,6,8,,
2023,all,400_800,bay-shore+redwood-empire,7,4,,
2023,all,400_800,bay-shore+redwood-empire,8,1,,
2023,all,400_800,bay-shore+redwood-empire,9,0,,
2023,all,400_800,bay-shore+redwood-empire,10,0,,
2023,all,400_800,bay-shore+redwood-empire,11,0,,
2023,all,400_800,bay-shore+redwood-empire,12,0,,
2023,all,400_800,bay-shore+redwood-empire,5-6,14,0,19.0
2023,all,400_800,bay-shore+redwood-empire,7-8,5,,
2023,all,distance,tri-valley,1,4,,
2023,all,distance,tri-valley,2,3,,
2023,all,distance,tri-valley,3,4,,
2023,all,distance,tri-valley,4,4,,
2023,all,distance,tri-valley,5,3,,
2023,all,distance,tri-valley,6,2,,
2023,all,distance,tri-valley,7,3,,
2023,all,distance,tri-valley,8,4,,
2023,all,distance,tri-valley,9,3,,
2023,all,distance,tri-valley,10,2,,
2023,all,distance,tri-valley,11,1,,
2023,all,distance,tri-valley,12,1,,
2023,all,distance,tri-valley,5-6,5,3,8.0
2023,all,distance,tri-valley,7-8,7,1,15.0
2023,all,distance,bay-shore,1,3,,
2023,all,distance,bay-shore,2,4,,
2023,all,distance,bay-shore,3,4,,
2023,all,distance,bay-shore,4,4,,
2023,all,distance,bay-shore,5,4,,
2023,all,distance,bay-shore,6,4,,
2023,all,distance,bay-shore,7,0,,
2023,all,distance,bay-shore,8,1,,
2023,all,distance,bay-shore,9,0,,
2023,all,distance,bay-shore,10,0,,
2023,all,distance,bay-shore,11,0,,
2023,all,distance,bay-shore,12,0,,
2023,all,distance,bay-shore,5-6,8,0,20.0
2023,all,distance,bay-shore,7-8,1,,
2023,all,distance,redwood-empire,1,3,,
2023,all,distance,redwood-empire,2,4,,
2023,all,distance,redwood-empire,3,3,,
2023,all,distance,redwood-empire,4,4,,
2023,all,distance,redwood-empire,5,4,,
2023,all,distance,redwood-empire,6,4,,
2023,all,distance,redwood-empire,7,2,,
2023,all,distance,redwood-empire,8,0,,
2023,all,distance,redwood-empire,9,0,,
2023,all,distance,redwood-empire,10,0,,
2023,all,distance,redwood-empire,11,0,,
2023,all,distance,redwood-empire,12,0,,
2023,all,distance,redwood-empire,5-6,8,0,17.5
2023,all,distance,redwood-empire,7-8,2,,
2023,all,distance,class-a,1,2,,
2023,all,distance,class-a,2,3,,
2023,all,distance,class-a,3,3,,
2023,all,distance,class-a,4,2,,
2023,all,distance,class-a,5,2,,
2023,all,distance,class-a,6,1,,
2023,all,distance,class-a,7,0,,
2023,all,distance,class-a,8,0,,
2023,all,distance,class-a,9,0,,
2023,all,distance,class-a,10,0,,
2023,all,distance,class-a,11,0,,
2023,all,distance,class-a,12,0,,
2023,all,distance,class-a,5-6,3,,
2023,all,distance,class-a,7-8,0,,
2023,all,distance,bay-shore+redwood-empire,1,6,,
2023,all,distance,bay-shore+redwood-empire,2,8,,
2023,all,distance,bay-shore+redwood-empire,3,7,,
2023,all,distance,bay-shore+redwood-empire,4,8,,
2023,all,distance,bay-shore+redwood-empire,5,8,,
2023,all,distance,bay-shore+redwood-empire,6,8,,
2023,all,distance,bay-shore+redwood-empire,7,2,,
2023,all,distance,bay-shore+redwood-empire,8,1,,
2023,all,distance,bay-shore+redwood-empire,9,0,,
2023,all,distance,bay-shore+redwood-empire,10,0,,
2023,all,distance,bay-shore+redwood-empire,11,0,,
2023,all,distance,bay-shore+redwood-empire,12,0,,
2023,all,distance,bay-shore+redwood-empire,5-6,16,0,19.0
2023,all,distance,bay-shore+redwood-empire,7-8,3,,
2023,all,jumps,tri-valley,1,8,8,2.0
2023,all,jumps,tri-valley,2,7,6,8.0
2023,all,jumps,tri-valley,3,8,4,7.0
2023,all,jumps,tri-valley,4,8,4,9.0
2023,all,jumps,tri-valley,5,9,3,15.0
2023,all,jumps,tri-valley,6,6,1,12.0
2023,all,jumps,tri-valley,7,5,0,19.0
2023,all,jumps,tri-valley,8,2,,
2023,all,jumps,tri-valley,9,0,,
2023,all,jumps,tri-valley,10,0,,
2023,all,jumps,tri-valley,11,0,,
2023,all,jumps,tri-valley,12,0,,
2023,all,jumps,tri-valley,5-6,15,4,14.0
2023,all,jumps,tri-valley,7-8,7,0,17.0
2023,all,jumps,bay-shore,1,8,6,3.0
2023,all,jumps,bay-shore,2,9,7,6.0
2023,all,jumps,bay-shore,3,7,6,7.0
2023,all,jumps,bay-shore,4,8,1,15.0
2023,all,jumps,bay-shore,5,6,1,16.5
2023,all,jumps,bay-shore,6,5,1,18.0
2023,all,jumps,bay-shore,7,5,0,15.5
2023,all,jumps,bay-shore,8,5,1,13.0
2023,all,jumps,bay-shore,9,2,,
2023,all,jumps,bay-shore,10,0,,
2023,all,jumps,bay-shore,11,0,,
2023,all,jumps,bay-shore,12,0,,
2023,all,jumps,bay-shore,5-6,11,2,18.0
2023,all,jumps,bay-shore,7-8,10,1,15.0
2023,all,jumps,redwood-empire,1,6,4,3.0
2023,all,jumps,redwood-empire,2,7,5,7.0
2023,all,jumps,redwood-empire,3,8,4,8.5
2023,all,jumps,redwood-empire,4,8,1,12.0
2023,all,jumps,redwood-empire,5,8,1,13.5
2023,all,jumps,redwood-empire,6,7,0,16.0
2023,all,jumps,redwood-empire,7,7,2,13.0
2023,all,jumps,redwood-empire,8,3,,
2023,all,jumps,redwood-empire,9,3,,
2023,all,jumps,redwood-empire,10,0,,
2023,all,jumps,redwood-empire,11,0,,
2023,all,jumps,redwood-empire,12,0,,
2023,all,jumps,redwood-empire,5-6,15,1,14.0
2023,all,jumps,redwood-empire,7-8,10,3,11.5
2023,all,jumps,class-a,1,8,2,14.5
2023,all,jumps,class-a,2,7,3,12.0
2023,all,jumps,class-a,3,6,0,19.5
2023,all,jumps,class-a,4,0,,
2023,all,jumps,class-a,5,0,,
2023,all,jumps,class-a,6,0,,
2023,all,jumps,class-a,7,0,,
2023,all,jumps,class-a,8,0,,
2023,all,jumps,class-a,9,0,,
2023,all,jumps,class-a,10,0,,
2023,all,jumps,class-a,11,0,,
2023,all,jumps,class-a,12,0,,
2023,all,jumps,class-a,5-6,0,,
2023,all,jumps,class-a,7-8,0,,
2023,all,jumps,bay-shore+redwood-empire,1,14,10,3.0
2023,all,jumps,bay-shore+redwood-empire,2,16,12,6.0
2023,all,jumps,bay-shore+redwood-empire,3,15,10,7.0
2023,all,jumps,bay-shore+redwood-empire,4,16,2,12.5
2023,all,jumps,bay-shore+redwood-empire,5,14,2,13.5
2023,all,jumps,bay-shore+redwood-empire,6,12,1,17.0
2023,all,jumps,bay-shore+redwood-empire,7,12,2,15.0
2023,all,jumps,bay-shore+redwood-empire,8,8,,
2023,all,jumps,bay-shore+redwood-empire,9,5,,
2023,all,jumps,bay-shore+redwood-empire,10,0,,
2023,all,jumps,bay-shore+redwood-empire,11,0,,
2023,all,jumps,bay-shore+redwood-empire,12,0,,
2023,all,jumps,bay-shore+redwood-empire,5-6,26,3,15.0
2023,all,jumps,bay-shore+redwood-empire,7-8,20,4,13.0
2023,all,throws,tri-valley,1,4,,
2023,all,throws,tri-valley,2,4,,
2023,all,throws,tri-valley,3,3,,
2023,all,throws,tri-valley,4,4,,
2023,all,throws,tri-valley,5,4,,
2023,all,throws,tri-valley,6,4,,
2023,all,throws,tri-valley,7,3,,
2023,all,throws,tri-valley,8,1,,
2023,all,throws,tri-valley,9,1,,
2023,all,throws,tri-valley,10,0,,
2023,all,throws,tri-valley,11,0,,
2023,all,throws,tri-valley,12,0,,
2023,all,throws,tri-valley,5-6,8,4,9.5
2023,all,throws,tri-valley,7-8,4,,
2023,all,throws,bay-shore,1,3,,
2023,all,throws,bay-shore,2,4,,
2023,all,throws,bay-shore,3,4,,
2023,all,throws,bay-shore,4,3,,
2023,all,throws,bay-shore,5,2,,
2023,all,throws,bay-shore,6,4,,
2023,all,throws,bay-shore,7,0,,
2023,all,throws,bay-shore,8,0,,
2023,all,throws,bay-shore,9,0,,
2023,all,throws,bay-shore,10,0,,
2023,all,throws,bay-shore,11,0,,
2023,all,throws,bay-shore,12,0,,
2023,all,throws,bay-shore,5-6,6,0,18.0
2023,all,throws,bay-shore,7-8,0,,
2023,all,throws,redwood-empire,1,4,,
2023,all,throws,redwood-empire,2,3,,
2023,all,throws,redwood-empire,3,4,,
2023,all,throws,redwood-empire,4,4,,
2023,all,throws,redwood-empire,5,3,,
2023,all,throws,redwood-empire,6,4,,
2023,all,throws,redwood-empire,7,3,,
2023,all,throws,redwood-empire,8,2,,
2023,all,throws,redwood-empire,9,1,,
2023,all,throws,redwood-empire,10,1,,
2023,all,throws,redwood-empire,11,0,,
2023,all,throws,redwood-empire,12,0,,
2023,all,throws,redwood-empire,5-6,7,3,10.0
2023,all,throws,redwood-empire,7-8,5,0,19.0
2023,all,throws,class-a,1,4,,
2023,all,throws,class-a,2,3,,
2023,all,throws,class-a,3,2,,
2023,all,throws,class-a,4,1,,
2023,all,throws,class-a,5,0,,
2023,all,throws,class-a,6,0,,
2023,all,throws,class-a,7,0,,
2023,all,throws,class-a,8,0,,
2023,all,throws,class-a,9,0,,
2023,all,throws,class-a,10,0,,
2023,all,throws,class-a,11,0,,
2023,all,throws,class-a,12,0,,
2023,all,throws,class-a,5-6,0,,
2023,all,throws,class-a,7-8,0,,
2023,all,throws,bay-shore+redwood-empire,1,7,,
2023,all,throws,bay-shore+redwood-empire,2,7,,
2023,all,throws,bay-shore+redwood-empire,3,8,,
2023,all,throws,bay-shore+redwood-empire,4,7,,
2023,all,throws,bay-shore+redwood-empire,5,5,,
2023,all,throws,bay-shore+redwood-empire,6,8,,
2023,all,throws,bay-shore+redwood-empire,7,3,,
2023,all,throws,bay-shore+redwood-empire,8,2,,
2023,all,throws,bay-shore+redwood-empire,9,1,,
2023,all,throws,bay-shore+redwood-empire,10,1,,
2023,all,throws,bay-shore+redwood-empire,11,0,,
2023,all,throws,bay-shore+redwood-empire,12,0,,
2023,all,throws,bay-shore+redwood-empire,5-6,13,3,14.0
2023,all,throws,bay-shore+redwood-empire,7-8,5,,
2023,all,relays,tri-valley,1,4,,
2023,all,relays,tri-valley,2,4,,
2023,all,relays,tri-valley,3,4,,
2023,all,relays,tri-valley,4,4,,
2023,all,relays,tri-valley,5,4,,
2023,all,relays,tri-valley,6,4,,
2023,all,relays,tri-valley,7,4,,
2023,all,relays,tri-valley,8,4,,
2023,all,relays,tri-valley,9,4,,
2023,all,relays,tri-valley,10,1,,
2023,all,relays,tri-valley,11,0,,
2023,all,relays,tri-valley,12,0,,
2023,all,relays,tri-valley,5-6,8,3,9.0
2023,all,relays,tri-valley,7-8,8,0,12.0
2023,all,relays,bay-shore,1,4,,
2023,all,relays,bay-shore,2,3,,
2023,all,relays,bay-shore,3,4,,
2023,all,relays,bay-shore,4,4,,
2023,all,relays,bay-shore,5,3,,
2023,all,relays,bay-shore,6,4,,
2023,all,relays,bay-shore,7,1,,
2023,all,relays,bay-shore,8,0,,
2023,all,relays,bay-shore,9,0,,
2023,all,relays,bay-shore,10,0,,
2023,all,relays,bay-shore,11,0,,
2023,all,relays,bay-shore,12,0,,
2023,all,relays,bay-shore,5-6,7,1,21.0
2023,all,relays,bay-shore,7-8,1,,
2023,all,relays,redwood-empire,1,4,,
2023,all,relays,redwood-empire,2,4,,
2023,all,relays,redwood-empire,3,3,,
2023,all,relays,redwood-empire,4,4,,
2023,all,relays,redwood-empire,5,4,,
2023,all,relays,redwood-empire,6,4,,
2023,all,relays,redwood-empire,7,0,,
2023,all,relays,redwood-empire,8,0,,
2023,all,relays,redwood-empire,9,0,,
2023,all,relays,redwood-empire,10,0,,
2023,all,relays,redwood-empire,11,0,,
2023,all,relays,redwood-empire,12,0,,
2023,all,relays,redwood-empire,5-6,8,0,19.0
2023,all,relays,redwood-empire,7-8,0,,
2023,all,relays,class-a,1,4,,
2023,all,relays,class-a,2,4,,
2023,all,relays,class-a,3,3,,
2023,all,relays,class-a,4,1,,
2023,all,relays,class-a,5,0,,
2023,all,relays,class-a,6,0,,
2023,all,relays,class-a,7,0,,
2023,all,relays,class-a,8,0,,
2023,all,relays,class-a,9,0,,
2023,all,relays,class-a,10,0,,
2023,all,relays,class-a,11,0,,
2023,all,relays,class-a,12,0,,
2023,all,relays,class-a,5-6,0,,
2023,all,relays,class-a,7-8,0,,
2023,all,relays,bay-shore+redwood-empire,1,8,,
2023,all,relays,bay-shore+redwood-empire,2,7,,
2023,all,relays,bay-shore+redwood-empire,3,7,,
2023,all,relays,bay-shore+redwood-empire,4,8,,
2023,all,relays,bay-shore+redwood-empire,5,7,,
2023,all,relays,bay-shore+redwood-empire,6,8,,
2023,all,relays,bay-shore+redwood-empire,7,1,,
2023,all,relays,bay-shore+redwood-empire,8,0,,
2023,all,relays,bay-shore+redwood-empire,9,0,,
2023,all,relays,bay-shore+redwood-empire,10,0,,
2023,all,relays,bay-shore+redwood-empire,11,0,,
2023,all,relays,bay-shore+redwood-empire,12,0,,
2023,all,relays,bay-shore+redwood-empire,5-6,15,1,19.0
2023,all,relays,bay-shore+redwood-empire,7-8,1,,
2023,all,all,tri-valley,1,31,31,2.0
2023,all,all,tri-valley,2,29,23,6.0
2023,all,all,tri-valley,3,29,18,6.0
2023,all,all,tri-valley,4,32,19,6.0
2023,all,all,tri-valley,5,33,18,8.0
2023,all,all,tri-valley,6,25,6,10.0
2023,all,all,tri-valley,7,25,4,12.5
2023,all,all,tri-valley,8,20,2,14.5
2023,all,all,tri-valley,9,16,0,17.0
2023,all,all,tri-valley,10,9,0,16.0
2023,all,all,tri-valley,11,4,,
2023,all,all,tri-valley,12,4,,
2023,all,all,tri-valley,5-6,58,24,10.0
2023,all,all,tri-valley,7-8,45,6,14.0
2023,all,all,bay-shore,1,29,23,3.0
2023,all,all,bay-shore,2,30,16,6.0
2023,all,all,bay-shore,3,31,8,13.0
2023,all,all,bay-shore,4,28,3,15.5
2023,all,all,bay-shore,5,23,2,20.0
2023,all,all,bay-shore,6,27,2,18.0
2023,all,all,bay-shore,7,13,0,17.5
2023,all,all,bay-shore,8,8,2,16.0
2023,all,all,bay-shore,9,2,,
2023,all,all,bay-shore,10,0,,
2023,all,all,bay-shore,11,0,,
2023,all,all,bay-shore,12,0,,
2023,all,all,bay-shore,5-6,50,4,19.5
2023,all,all,bay-shore,7-8,21,2,17.5
2023,all,all,redwood-empire,1,28,18,4.0
2023,all,all,redwood-empire,2,30,18,8.0
2023,all,all,redwood-empire,3,30,8,12.0
2023,all,all,redwood-empire,4,30,3,13.0
2023,all,all,redwood-empire,5,31,2,16.5
2023,all,all,redwood-empire,6,30,3,17.5
2023,all,all,redwood-empire,7,15,2,16.0
2023,all,all,redwood-empire,8,6,1,13.0
2023,all,all,redwood-empire,9,4,,
2023,all,all,redwood-empire,10,1,,
2023,all,all,redwood-empire,11,0,,
2023,all,all,redwood-empire,12,0,,
2023,all,all,redwood-empire,5-6,61,5,17.0
2023,all,all,redwood-empire,7-8,21,3,15.0
2023,all,all,class-a,1,29,14,8.0
2023,all,all,class-a,2,29,10,12.0
2023,all,all,class-a,3,24,0,21.0
2023,all,all,class-a,4,8,2,19.5
2023,all,all,class-a,5,3,,
2023,all,all,class-a,6,1,,
2023,all,all,class-a,7,0,,
2023,all,all,class-a,8,0,,
2023,all,all,class-a,9,0,,
2023,all,all,class-a,10,0,,
2023,all,all,class-a,11,0,,
2023,all,all,class-a,12,0,,
2023,all,all,class-a,5-6,4,,
2023,all,all,class-a,7-8,0,,
2023,all,all,bay-shore+redwood-empire,1,57,41,4.0
2023,all,all,bay-shore+redwood-empire,2,60,34,7.0
2023,all,all,bay-shore+redwood-empire,3,61,16,12.5
2023,all,all,bay-shore+redwood-empire,4,58,6,14.5
2023,all,all,bay-shore+redwood-empire,5,54,4,17.0
2023,all,all,bay-shore+redwood-empire,6,57,5,18.0
2023,all,all,bay-shore+redwood-empire,7,28,2,17.0
2023,all,all,bay-shore+redwood-empire,8,14,3,14.0
2023,all,all,bay-shore+redwood-empire,9,6,,
2023,all,all,bay-shore+redwood-empire,10,1,,
2023,all,all,bay-shore+redwood-empire,11,0,,
2023,all,all,bay-shore+redwood-empire,12,0,,
2023,all,all,bay-shore+redwood-empire,5-6,111,9,18.0
2023,all,all,bay-shore+redwood-empire,7-8,42,5,16.0
2024,girls,sprints_hurdles,tri-valley,1,5,5,2.0
2024,girls,sprints_hurdles,tri-valley,2,3,,
2024,girls,sprints_hurdles,tri-valley,3,4,,
2024,girls,sprints_hurdles,tri-valley,4,4,,
2024,girls,sprints_hurdles,tri-valley,5,4,,
2024,girls,sprints_hurdles,tri-valley,6,4,,
2024,girls,sprints_hurdles,tri-valley,7,4,,
2024,girls,sprints_hurdles,tri-valley,8,2,,
2024,girls,sprints_hurdles,tri-valley,9,3,,
2024,girls,sprints_hurdles,tri-valley,10,0,,
2024,girls,sprints_hurdles,tri-valley,11,0,,
2024,girls,sprints_hurdles,tri-valley,12,0,,
2024,girls,sprints_hurdles,tri-valley,5-6,8,4,8.5
2024,girls,sprints_hurdles,tri-valley,7-8,6,0,14.5
2024,girls,sprints_hurdles,bay-shore,1,4,,
2024,girls,sprints_hurdles,bay-shore,2,4,,
2024,girls,sprints_hurdles,bay-shore,3,4,,
2024,girls,sprints_hurdles,bay-shore,4,4,,
2024,girls,sprints_hurdles,bay-shore,5,4,,
2024,girls,sprints_hurdles,bay-shore,6,4,,
2024,girls,sprints_hurdles,bay-shore,7,0,,
2024,girls,sprints_hurdles,bay-shore,8,0,,
2024,girls,sprints_hurdles,bay-shore,9,0,,
2024,girls,sprints_hurdles,bay-shore,10,0,,
2024,girls,sprints_hurdles,bay-shore,11,0,,
2024,girls,sprints_hurdles,bay-shore,12,0,,
2024,girls,sprints_hurdles,bay-shore,5-6,8,0,19.0
2024,girls,sprints_hurdles,bay-shore,7-8,0,,
2024,girls,sprints_hurdles,redwood-empire,1,4,,
2024,girls,sprints_hurdles,redwood-empire,2,4,,
2024,girls,sprints_hurdles,redwood-empire,3,4,,
2024,girls,sprints_hurdles,redwood-empire,4,4,,
2024,girls,sprints_hurdles,redwood-empire,5,4,,
2024,girls,sprints_hurdles,redwood-empire,6,3,,
2024,girls,sprints_hurdles,redwood-empire,7,1,,
2024,girls,sprints_hurdles,redwood-empire,8,0,,
2024,girls,sprints_hurdles,redwood-empire,9,0,,
2024,girls,sprints_hurdles,redwood-empire,10,0,,
2024,girls,sprints_hurdles,redwood-empire,11,0,,
2024,girls,sprints_hurdles,redwood-empire,12,0,,
2024,girls,sprints_hurdles,redwood-empire,5-6,7,0,22.0
2024,girls,sprints_hurdles,redwood-empire,7-8,1,,
2024,girls,sprints_hurdles,class-a,1,4,,
2024,girls,sprints_hurdles,class-a,2,3,,
2024,girls,sprints_hurdles,class-a,3,4,,
2024,girls,sprints_hurdles,class-a,4,2,,
2024,girls,sprints_hurdles,class-a,5,1,,
2024,girls,sprints_hurdles,class-a,6,0,,
2024,girls,sprints_hurdles,class-a,7,0,,
2024,girls,sprints_hurdles,class-a,8,0,,
2024,girls,sprints_hurdles,class-a,9,0,,
2024,girls,sprints_hurdles,class-a,10,0,,
2024,girls,sprints_hurdles,class-a,11,0,,
2024,girls,sprints_hurdles,class-a,12,0,,
2024,girls,sprints_hurdles,class-a,5-6,1,,
2024,girls,sprints_hurdles,class-a,7-8,0,,
2024,girls,sprints_hurdles,bay-shore+redwood-empire,1,8,,
2024,girls,sprints_hurdles,bay-shore+redwood-empire,2,8,,
2024,girls,sprints_hurdles,bay-shore+redwood-empire,3,8,,
2024,girls,sprints_hurdles,bay-shore+redwood-empire,4,8,,
2024,girls,sprints_hurdles,bay-shore+redwood-empire,5,8,,
2024,girls,sprints_hurdles,bay-shore+redwood-empire,6,7,,
2024,girls,sprints_hurdles,bay-shore+redwood-empire,7,1,,
2024,girls,sprints_hurdles,bay-shore+redwood-empire,8,0,,
2024,girls,sprints_hurdles,bay-shore+redwood-empire,9,0,,
2024,girls,sprints_hurdles,bay-shore+redwood-empire,10,0,,
2024,girls,sprints_hurdles,bay-shore+redwood-empire,11,0,,
2024,girls,sprints_hurdles,bay-shore+redwood-empire,12,0,,
2024,girls,sprints_hurdles,bay-shore+redwood-empire,5-6,15,0,20.0
2024,girls,sprints_hurdles,bay-shore+redwood-empire,7-8,1,,
2024,girls,400_800,tri-valley,1,2,,
2024,girls,400_800,tri-valley,2,2,,
2024,girls,400_800,tri-valley,3,2,,
2024,girls,400_800,tri-valley,4,2,,
2024,girls,400_800,tri-valley,5,2,,
2024,girls,400_800,tri-valley,6,2,,
2024,girls,400_800,tri-valley,7,1,,
2024,girls,400_800,tri-valley,8,1,,
2024,girls,400_800,tri-valley,9,1,,
2024,girls,400_800,tri-valley,10,1,,
2024,girls,400_800,tri-valley,11,1,,
2024,girls,400_800,tri-valley,12,1,,
2024,girls,400_800,tri-valley,5-6,4,,
2024,girls,400_800,tri-valley,7-8,2,,
2024,girls,400_800,bay-shore,1,2,,
2024,girls,400_800,bay-shore,2,1,,
2024,girls,400_800,bay-shore,3,2,,
2024,girls,400_800,bay-shore,4,2,,
2024,girls,400_800,bay-shore,5,1,,
2024,girls,400_800,bay-shore,6,2,,
2024,girls,400_800,bay-shore,7,1,,
2024,girls,400_800,bay-shore,8,1,,
2024,girls,400_800,bay-shore,9,0,,
2024,girls,400_800,bay-shore,10,0,,
2024,girls,400_800,bay-shore,11,0,,
2024,girls,400_800,bay-shore,12,0,,
2024,girls,400_800,bay-shore,5-6,3,,
2024,girls,400_800,bay-shore,7-8,2,,
2024,girls,400_800,redwood-empire,1,2,,
2024,girls,400_800,redwood-empire,2,2,,
2024,girls,400_800,redwood-empire,3,2,,
2024,girls,400_800,redwood-empire,4,2,,
2024,girls,400_800,redwood-empire,5,1,,
2024,girls,400_800,redwood-empire,6,2,,
2024,girls,400_800,redwood-empire,7,1,,
2024,girls,400_800,redwood-empire,8,0,,
2024,girls,400_800,redwood-empire,9,0,,
2024,girls,400_800,redwood-empire,10,0,,
2024,girls,400_800,redwood-empire,11,0,,
2024,girls,400_800,redwood-empire,12,0,,
2024,girls,400_800,redwood-empire,5-6,3,,
2024,girls,400_800,redwood-empire,7-8,1,,
2024,girls,400_800,class-a,1,1,,
2024,girls,400_800,class-a,2,2,,
2024,girls,400_800,class-a,3,1,,
2024,girls,400_800,class-a,4,1,,
2024,girls,400_800,class-a,5,1,,
2024,girls,400_800,class-a,6,1,,
2024,girls,400_800,class-a,7,0,,
2024,girls,400_800,class-a,8,0,,
2024,girls,400_800,class-a,9,0,,
2024,girls,400_800,class-a,10,0,,
2024,girls,400_800,class-a,11,0,,
2024,girls,400_800,class-a,12,0,,
2024,girls,400_800,class-a,5-6,2,,
2024,girls,400_800,class-a,7-8,0,,
2024,girls,400_800,bay-shore+redwood-empire,1,4,,
2024,girls,400_800,bay-shore+redwood-empire,2,3,,
2024,girls,400_800,bay-shore+redwood-empire,3,4,,
2024,girls,400_800,bay-shore+redwood-empire,4,4,,
2024,girls,400_800,bay-shore+redwood-empire,5,2,,
2024,girls,400_800,bay-shore+redwood-empire,6,4,,
2024,girls,400_800,bay-shore+redwood-empire,7,2,,
2024,girls,400_800,bay-shore+redwood-empire,8,1,,
2024,girls,400_800,bay-shore+redwood-empire,9,0,,
2024,girls,400_800,bay-shore+redwood-empire,10,0,,
2024,girls,400_800,bay-shore+redwood-empire,11,0,,
2024,girls,400_800,bay-shore+redwood-empire,12,0,,
2024,girls,400_800,bay-shore+redwood-empire,5-6,6,,
2024,girls,400_800,bay-shore+redwood-empire,7-8,3,,
2024,girls,distance,tri-valley,1,2,,
2024,girls,distance,tri-valley,2,2,,
2024,girls,distance,tri-valley,3,1,,
2024,girls,distance,tri-valley,4,2,,
2024,girls,distance,tri-valley,5,1,,
2024,girls,distance,tri-valley,6,1,,
2024,girls,distance,tri-valley,7,2,,
2024,girls,distance,tri-valley,8,2,,
2024,girls,distance,tri-valley,9,1,,
2024,girls,distance,tri-valley,10,1,,
2024,girls,distance,tri-valley,11,1,,
2024,girls,distance,tri-valley,12,1,,
2024,girls,distance,tri-valley,5-6,2,,
2024,girls,distance,tri-valley,7-8,4,,
2024,girls,distance,bay-shore,1,2,,
2024,girls,distance,bay-shore,2,2,,
2024,girls,distance,bay-shore,3,2,,
2024,girls,distance,bay-shore,4,2,,
2024,girls,distance,bay-shore,5,2,,
2024,girls,distance,bay-shore,6,1,,
2024,girls,distance,bay-shore,7,0,,
2024,girls,distance,bay-shore,8,1,,
2024,girls,distance,bay-shore,9,0,,
2024,girls,distance,bay-shore,10,0,,
2024,girls,distance,bay-shore,11,0,,
2024,girls,distance,bay-shore,12,0,,
2024,girls,distance,bay-shore,5-6,3,,
2024,girls,distance,bay-shore,7-8,1,,
2024,girls,distance,redwood-empire,1,1,,
2024,girls,distance,redwood-empire,2,2,,
2024,girls,distance,redwood-empire,3,2,,
2024,girls,distance,redwood-empire,4,2,,
2024,girls,distance,redwood-empire,5,1,,
2024,girls,distance,redwood-empire,6,2,,
2024,girls,distance,redwood-empire,7,1,,
2024,girls,distance,redwood-empire,8,1,,
2024,girls,distance,redwood-empire,9,0,,
2024,girls,distance,redwood-empire,10,0,,
2024,girls,distance,redwood-empire,11,0,,
2024,girls,distance,redwood-empire,12,0,,
2024,girls,distance,redwood-empire,5-6,3,,
2024,girls,distance,redwood-empire,7-8,2,,
2024,girls,distance,class-a,1,2,,
2024,girls,distance,class-a,2,1,,
2024,girls,distance,class-a,3,2,,
2024,girls,distance,class-a,4,2,,
2024,girls,distance,class-a,5,0,,
2024,girls,distance,class-a,6,1,,
2024,girls,distance,class-a,7,0,,
2024,girls,distance,class-a,8,0,,
2024,girls,distance,class-a,9,0,,
2024,girls,distance,class-a,10,0,,
2024,girls,distance,class-a,11,0,,
2024,girls,distance,class-a,12,0,,
2024,girls,distance,class-a,5-6,1,,
2024,girls,distance,class-a,7-8,0,,
2024,girls,distance,bay-shore+redwood-empire,1,3,,
2024,girls,distance,bay-shore+redwood-empire,2,4,,
2024,girls,distance,bay-shore+redwood-empire,3,4,,
2024,girls,distance,bay-shore+redwood-empire,4,4,,
2024,girls,distance,bay-shore+redwood-empire,5,3,,
2024,girls,distance,bay-shore+redwood-empire,6,3,,
2024,girls,distance,bay-shore+redwood-empire,7,1,,
2024,girls,distance,bay-shore+redwood-empire,8,2,,
2024,girls,distance,bay-shore+redwood-empire,9,0,,
2024,girls,distance,bay-shore+redwood-empire,10,0,,
2024,girls,distance,bay-shore+redwood-empire,11,0,,
2024,girls,distance,bay-shore+redwood-empire,12,0,,
2024,girls,distance,bay-shore+redwood-empire,5-6,6,,
2024,girls,distance,bay-shore+redwood-empire,7-8,3,,
2024,girls,jumps,tri-valley,1,3,,
2024,girls,jumps,tri-valley,2,4,,
2024,girls,jumps,tri-valley,3,4,,
2024,girls,jumps,tri-valley,4,5,3,8.0
2024,girls,jumps,tri-valley,5,3,,
2024,girls,jumps,tri-valley,6,4,,
2024,girls,jumps,tri-valley,7,2,,
2024,girls,jumps,tri-valley,8,1,,
2024,girls,jumps,tri-valley,9,2,,
2024,girls,jumps,tri-valley,10,1,,
2024,girls,jumps,tri-valley,11,0,,
2024,girls,jumps,tri-valley,12,0,,
2024,girls,jumps,tri-valley,5-6,7,3,12.0
2024,girls,jumps,tri-valley,7-8,3,,
2024,girls,jumps,bay-shore,1,3,,
2024,girls,jumps,bay-shore,2,5,3,4.0
2024,girls,jumps,bay-shore,3,3,,
2024,girls,jumps,bay-shore,4,4,,
2024,girls,jumps,bay-shore,5,3,,
2024,girls,jumps,bay-shore,6,4,,
2024,girls,jumps,bay-shore,7,2,,
2024,girls,jumps,bay-shore,8,2,,
2024,girls,jumps,bay-shore,9,1,,
2024,girls,jumps,bay-shore,10,0,,
2024,girls,jumps,bay-shore,11,0,,
2024,girls,jumps,bay-shore,12,0,,
2024,girls,jumps,bay-shore,5-6,7,2,16.0
2024,girls,jumps,bay-shore,7-8,4,,
2024,girls,jumps,redwood-empire,1,4,,
2024,girls,jumps,redwood-empire,2,4,,
2024,girls,jumps,redwood-empire,3,3,,
2024,girls,jumps,redwood-empire,4,4,,
2024,girls,jumps,redwood-empire,5,4,,
2024,girls,jumps,redwood-empire,6,3,,
2024,girls,jumps,redwood-empire,7,2,,
2024,girls,jumps,redwood-empire,8,1,,
2024,girls,jumps,redwood-empire,9,3,,
2024,girls,jumps,redwood-empire,10,0,,
2024,girls,jumps,redwood-empire,11,0,,
2024,girls,jumps,redwood-empire,12,0,,
2024,girls,jumps,redwood-empire,5-6,7,1,17.0
2024,girls,jumps,redwood-empire,7-8,3,,
2024,girls,jumps,class-a,1,4,,
2024,girls,jumps,class-a,2,3,,
2024,girls,jumps,class-a,3,2,,
2024,girls,jumps,class-a,4,0,,
2024,girls,jumps,class-a,5,0,,
2024,girls,jumps,class-a,6,1,,
2024,girls,jumps,class-a,7,0,,
2024,girls,jumps,class-a,8,0,,
2024,girls,jumps,class-a,9,0,,
2024,girls,jumps,class-a,10,0,,
2024,girls,jumps,class-a,11,0,,
2024,girls,jumps,class-a,12,0,,
2024,girls,jumps,class-a,5-6,1,,
2024,girls,jumps,class-a,7-8,0,,
2024,girls,jumps,bay-shore+redwood-empire,1,7,,
2024,girls,jumps,bay-shore+redwood-empire,2,9,,
2024,girls,jumps,bay-shore+redwood-empire,3,6,,
2024,girls,jumps,bay-shore+redwood-empire,4,8,,
2024,girls,jumps,bay-shore+redwood-empire,5,7,,
2024,girls,jumps,bay-shore+redwood-empire,6,7,,
2024,girls,jumps,bay-shore+redwood-empire,7,4,,
2024,girls,jumps,bay-shore+redwood-empire,8,3,,
2024,girls,jumps,bay-shore+redwood-empire,9,4,,
2024,girls,jumps,bay-shore+redwood-empire,10,0,,
2024,girls,jumps,bay-shore+redwood-empire,11,0,,
2024,girls,jumps,bay-shore+redwood-empire,12,0,,
2024,girls,jumps,bay-shore+redwood-empire,5-6,14,3,17.0
2024,girls,jumps,bay-shore+redwood-empire,7-8,7,,
2024,girls,throws,tri-valley,1,2,,
2024,girls,throws,tri-valley,2,2,,
2024,girls,throws,tri-valley,3,2,,
2024,girls,throws,tri-valley,4,2,,
2024,girls,throws,tri-valley,5,2,,
2024,girls,throws,tri-valley,6,2,,
2024,girls,throws,tri-valley,7,1,,
2024,girls,throws,tri-valley,8,0,,
2024,girls,throws,tri-valley,9,1,,
2024,girls,throws,tri-valley,10,0,,
2024,girls,throws,tri-valley,11,0,,
2024,girls,throws,tri-valley,12,0,,
2024,girls,throws,tri-valley,5-6,4,,
2024,girls,throws,tri-valley,7-8,1,,
2024,girls,throws,bay-shore,1,1,,
2024,girls,throws,bay-shore,2,2,,
2024,girls,throws,bay-shore,3,2,,
2024,girls,throws,bay-shore,4,1,,
2024,girls,throws,bay-shore,5,3,,
2024,girls,throws,bay-shore,6,0,,
2024,girls,throws,bay-shore,7,0,,
2024,girls,throws,bay-shore,8,0,,
2024,girls,throws,bay-shore,9,0,,
2024,girls,throws,bay-shore,10,0,,
2024,girls,throws,bay-shore,11,0,,
2024,girls,throws,bay-shore,12,0,,
2024,girls,throws,bay-shore,5-6,3,,
2024,girls,throws,bay-shore,7-8,0,,
2024,girls,throws,redwood-empire,1,2,,
2024,girls,throws,redwood-empire,2,2,,
2024,girls,throws,redwood-empire,3,2,,
2024,girls,throws,redwood-empire,4,2,,
2024,girls,throws,redwood-empire,5,2,,
2024,girls,throws,redwood-empire,6,2,,
2024,girls,throws,redwood-empire,7,1,,
2024,girls,throws,redwood-empire,8,1,,
2024,girls,throws,redwood-empire,9,1,,
2024,girls,throws,redwood-empire,10,0,,
2024,girls,throws,redwood-empire,11,0,,
2024,girls,throws,redwood-empire,12,0,,
2024,girls,throws,redwood-empire,5-6,4,,
2024,girls,throws,redwood-empire,7-8,2,,
2024,girls,throws,class-a,1,2,,
2024,girls,throws,class-a,2,2,,
2024,girls,throws,class-a,3,2,,
2024,girls,throws,class-a,4,0,,
2024,girls,throws,class-a,5,0,,
2024,girls,throws,class-a,6,0,,
2024,girls,throws,class-a,7,0,,
2024,girls,throws,class-a,8,0,,
2024,girls,throws,class-a,9,0,,
2024,girls,throws,class-a,10,0,,
2024,girls,throws,class-a,11,0,,
2024,girls,throws,class-a,12,0,,
2024,girls,throws,class-a,5-6,0,,
2024,girls,throws,class-a,7-8,0,,
2024,girls,throws,bay-shore+redwood-empire,1,3,,
2024,girls,throws,bay-shore+redwood-empire,2,4,,
2024,girls,throws,bay-shore+redwood-empire,3,4,,
2024,girls,throws,bay-shore+redwood-empire,4,3,,
2024,girls,throws,bay-shore+redwood-empire,5,5,,
2024,girls,throws,bay-shore+redwood-empire,6,2,,
2024,girls,throws,bay-shore+redwood-empire,7,1,,
2024,girls,throws,bay-shore+redwood-empire,8,1,,
2024,girls,throws,bay-shore+redwood-empire,9,1,,
2024,girls,throws,bay-shore+redwood-empire,10,0,,
2024,girls,throws,bay-shore+redwood-empire,11,0,,
2024,girls,throws,bay-shore+redwood-empire,12,0,,
2024,girls,throws,bay-shore+redwood-empire,5-6,7,,
2024,girls,throws,bay-shore+redwood-empire,7-8,2,,
2024,girls,relays,tri-valley,1,2,,
2024,girls,relays,tri-valley,2,2,,
2024,girls,relays,tri-valley,3,2,,
2024,girls,relays,tri-valley,4,2,,
2024,girls,relays,tri-valley,5,2,,
2024,girls,relays,tri-valley,6,2,,
2024,girls,relays,tri-valley,7,2,,
2024,girls,relays,tri-valley,8,2,,
2024,girls,relays,tri-valley,9,2,,
2024,girls,relays,tri-valley,10,0,,
2024,girls,relays,tri-valley,11,0,,
2024,girls,relays,tri-valley,12,0,,
2024,girls,relays,tri-valley,5-6,4,,
2024,girls,relays,tri-valley,7-8,4,,
2024,girls,relays,bay-shore,1,2,,
2024,girls,relays,bay-shore,2,2,,
2024,girls,relays,bay-shore,3,2,,
2024,girls,relays,bay-shore,4,2,,
2024,girls,relays,bay-shore,5,2,,
2024,girls,relays,bay-shore,6,2,,
2024,girls,relays,bay-shore,7,0,,
2024,girls,relays,bay-shore,8,0,,
2024,girls,relays,bay-shore,9,0,,
2024,girls,relays,bay-shore,10,0,,
2024,girls,relays,bay-shore,11,0,,
2024,girls,relays,bay-shore,12,0,,
2024,girls,relays,bay-shore,5-6,4,,
2024,girls,relays,bay-shore,7-8,0,,
2024,girls,relays,redwood-empire,1,2,,
2024,girls,relays,redwood-empire,2,2,,
2024,girls,relays,redwood-empire,3,2,,
2024,girls,relays,redwood-empire,4,2,,
2024,girls,relays,redwood-empire,5,2,,
2024,girls,relays,redwood-empire,6,2,,
2024,girls,relays,redwood-empire,7,0,,
2024,girls,relays,redwood-empire,8,0,,
2024,girls,relays,redwood-empire,9,0,,
2024,girls,relays,redwood-empire,10,0,,
2024,girls,relays,redwood-empire,11,0,,
2024,girls,relays,redwood-empire,12,0,,
2024,girls,relays,redwood-empire,5-6,4,,
2024,girls,relays,redwood-empire,7-8,0,,
2024,girls,relays,class-a,1,2,,
2024,girls,relays,class-a,2,2,,
2024,girls,relays,class-a,3,2,,
2024,girls,relays,class-a,4,0,,
2024,girls,relays,class-a,5,0,,
2024,girls,relays,class-a,6,0,,
2024,girls,relays,class-a,7,0,,
2024,girls,relays,class-a,8,0,,
2024,girls,relays,class-a,9,0,,
2024,girls,relays,class-a,10,0,,
2024,girls,relays,class-a,11,0,,
2024,girls,relays,class-a,12,0,,
2024,girls,relays,class-a,5-6,0,,
2024,girls,relays,class-a,7-8,0,,
2024,girls,relays,bay-shore+redwood-empire,1,4,,
2024,girls,relays,bay-shore+redwood-empire,2,4,,
2024,girls,relays,bay-shore+redwood-empire,3,4,,
2024,girls,relays,bay-shore+redwood-empire,4,4,,
2024,girls,relays,bay-shore+redwood-empire,5,4,,
2024,girls,relays,bay-shore+redwood-empire,6,4,,
2024,girls,relays,bay-shore+redwood-empire,7,0,,
2024,girls,relays,bay-shore+redwood-empire,8,0,,
2024,girls,relays,bay-shore+redwood-empire,9,0,,
2024,girls,relays,bay-shore+redwood-empire,10,0,,
2024,girls,relays,bay-shore+redwood-empire,11,0,,
2024,girls,relays,bay-shore+redwood-empire,12,0,,
2024,girls,relays,bay-shore+redwood-empire,5-6,8,,
2024,girls,relays,bay-shore+redwood-empire,7-8,0,,
2024,girls,all,tri-valley,1,16,16,2.0
2024,girls,all,tri-valley,2,15,13,3.0
2024,girls,all,tri-valley,3,15,12,5.0
2024,girls,all,tri-valley,4,17,10,8.0
2024,girls,all,tri-valley,5,14,7,8.5
2024,girls,all,tri-valley,6,15,7,8.0
2024,girls,all,tri-valley,7,12,3,12.5
2024,girls,all,tri-valley,8,8,0,14.5
2024,girls,all,tri-valley,9,10,0,14.5
2024,girls,all,tri-valley,10,3,,
2024,girls,all,tri-valley,11,2,,
2024,girls,all,tri-valley,12,2,,
2024,girls,all,tri-valley,5-6,29,14,8.0
2024,girls,all,tri-valley,7-8,20,3,13.5
2024,girls,all,bay-shore,1,14,6,10.0
2024,girls,all,bay-shore,2,16,6,10.0
2024,girls,all,bay-shore,3,15,5,12.5
2024,girls,all,bay-shore,4,15,0,19.0
2024,girls,all,bay-shore,5,15,2,18.0
2024,girls,all,bay-shore,6,13,0,20.0
2024,girls,all,bay-shore,7,3,,
2024,girls,all,bay-shore,8,4,,
2024,girls,all,bay-shore,9,1,,
2024,girls,all,bay-shore,10,0,,
2024,girls,all,bay-shore,11,0,,
2024,girls,all,bay-shore,12,0,,
2024,girls,all,bay-shore,5-6,28,2,19.0
2024,girls,all,bay-shore,7-8,7,0,22.0
2024,girls,all,redwood-empire,1,15,9,7.0
2024,girls,all,redwood-empire,2,16,7,9.5
2024,girls,all,redwood-empire,3,15,3,13.0
2024,girls,all,redwood-empire,4,16,1,17.0
2024,girls,all,redwood-empire,5,14,0,20.0
2024,girls,all,redwood-empire,6,14,2,20.5
2024,girls,all,redwood-empire,7,6,0,22.0
2024,girls,all,redwood-empire,8,3,,
2024,girls,all,redwood-empire,9,4,,
2024,girls,all,redwood-empire,10,0,,
2024,girls,all,redwood-empire,11,0,,
2024,girls,all,redwood-empire,12,0,,
2024,girls,all,redwood-empire,5-6,28,2,20.5
2024,girls,all,redwood-empire,7-8,9,0,18.0
2024,girls,all,class-a,1,15,11,4.0
2024,girls,all,class-a,2,13,5,11.0
2024,girls,all,class-a,3,13,3,12.0
2024,girls,all,class-a,4,5,0,16.0
2024,girls,all,class-a,5,2,,
2024,girls,all,class-a,6,3,,
2024,girls,all,class-a,7,0,,
2024,girls,all,class-a,8,0,,
2024,girls,all,class-a,9,0,,
2024,girls,all,class-a,10,0,,
2024,girls,all,class-a,11,0,,
2024,girls,all,class-a,12,0,,
2024,girls,all,class-a,5-6,5,0,21.0
2024,girls,all,class-a,7-8,0,,
2024,girls,all,bay-shore+redwood-empire,1,29,15,8.0
2024,girls,all,bay-shore+redwood-empire,2,32,13,10.0
2024,girls,all,bay-shore+redwood-empire,3,30,8,13.0
2024,girls,all,bay-shore+redwood-empire,4,31,1,17.0
2024,girls,all,bay-shore+redwood-empire,5,29,2,18.0
2024,girls,all,bay-shore+redwood-empire,6,27,2,20.0
2024,girls,all,bay-shore+redwood-empire,7,9,,
2024,girls,all,bay-shore+redwood-empire,8,7,,
2024,girls,all,bay-shore+redwood-empire,9,5,,
2024,girls,all,bay-shore+redwood-empire,10,0,,
2024,girls,all,bay-shore+redwood-empire,11,0,,
2024,girls,all,bay-shore+redwood-empire,12,0,,
2024,girls,all,bay-shore+redwood-empire,5-6,56,4,19.5
2024,girls,all,bay-shore+redwood-empire,7-8,16,0,21.5
2024,boys,sprints_hurdles,tri-valley,1,4,,
2024,boys,sprints_hurdles,tri-valley,2,4,,
2024,boys,sprints_hurdles,tri-valley,3,4,,
2024,boys,sprints_hurdles,tri-valley,4,4,,
2024,boys,sprints_hurdles,tri-valley,5,4,,
2024,boys,sprints_hurdles,tri-valley,6,4,,
2024,boys,sprints_hurdles,tri-valley,7,4,,
2024,boys,sprints_hurdles,tri-valley,8,4,,
2024,boys,sprints_hurdles,tri-valley,9,4,,
2024,boys,sprints_hurdles,tri-valley,10,0,,
2024,boys,sprints_hurdles,tri-valley,11,3,,
2024,boys,sprints_hurdles,tri-valley,12,0,,
2024,boys,sprints_hurdles,tri-valley,5-6,8,4,6.0
2024,boys,sprints_hurdles,tri-valley,7-8,8,2,12.5
2024,boys,sprints_hurdles,bay-shore,1,4,,
2024,boys,sprints_hurdles,bay-shore,2,4,,
2024,boys,sprints_hurdles,bay-shore,3,2,,
2024,boys,sprints_hurdles,bay-shore,4,2,,
2024,boys,sprints_hurdles,bay-shore,5,4,,
2024,boys,sprints_hurdles,bay-shore,6,4,,
2024,boys,sprints_hurdles,bay-shore,7,1,,
2024,boys,sprints_hurdles,bay-shore,8,1,,
2024,boys,sprints_hurdles,bay-shore,9,0,,
2024,boys,sprints_hurdles,bay-shore,10,1,,
2024,boys,sprints_hurdles,bay-shore,11,0,,
2024,boys,sprints_hurdles,bay-shore,12,0,,
2024,boys,sprints_hurdles,bay-shore,5-6,8,2,12.5
2024,boys,sprints_hurdles,bay-shore,7-8,2,,
2024,boys,sprints_hurdles,redwood-empire,1,4,,
2024,boys,sprints_hurdles,redwood-empire,2,3,,
2024,boys,sprints_hurdles,redwood-empire,3,4,,
2024,boys,sprints_hurdles,redwood-empire,4,4,,
2024,boys,sprints_hurdles,redwood-empire,5,4,,
2024,boys,sprints_hurdles,redwood-empire,6,4,,
2024,boys,sprints_hurdles,redwood-empire,7,0,,
2024,boys,sprints_hurdles,redwood-empire,8,0,,
2024,boys,sprints_hurdles,redwood-empire,9,0,,
2024,boys,sprints_hurdles,redwood-empire,10,0,,
2024,boys,sprints_hurdles,redwood-empire,11,0,,
2024,boys,sprints_hurdles,redwood-empire,12,0,,
2024,boys,sprints_hurdles,redwood-empire,5-6,8,0,19.0
2024,boys,sprints_hurdles,redwood-empire,7-8,0,,
2024,boys,sprints_hurdles,class-a,1,4,,
2024,boys,sprints_hurdles,class-a,2,4,,
2024,boys,sprints_hurdles,class-a,3,4,,
2024,boys,sprints_hurdles,class-a,4,0,,
2024,boys,sprints_hurdles,class-a,5,0,,
2024,boys,sprints_hurdles,class-a,6,0,,
2024,boys,sprints_hurdles,class-a,7,0,,
2024,boys,sprints_hurdles,class-a,8,0,,
2024,boys,sprints_hurdles,class-a,9,0,,
2024,boys,sprints_hurdles,class-a,10,0,,
2024,boys,sprints_hurdles,class-a,11,0,,
2024,boys,sprints_hurdles,class-a,12,0,,
2024,boys,sprints_hurdles,class-a,5-6,0,,
2024,boys,sprints_hurdles,class-a,7-8,0,,
2024,boys,sprints_hurdles,bay-shore+redwood-empire,1,8,,
2024,boys,sprints_hurdles,bay-shore+redwood-empire,2,7,,
2024,boys,sprints_hurdles,bay-shore+redwood-empire,3,6,,
2024,boys,sprints_hurdles,bay-shore+redwood-empire,4,6,,
2024,boys,sprints_hurdles,bay-shore+redwood-empire,5,8,,
2024,boys,sprints_hurdles,bay-shore+redwood-empire,6,8,,
2024,boys,sprints_hurdles,bay-shore+redwood-empire,7,1,,
2024,boys,sprints_hurdles,bay-shore+redwood-empire,8,1,,
2024,boys,sprints_hurdles,bay-shore+redwood-empire,9,0,,
2024,boys,sprints_hurdles,bay-shore+redwood-empire,10,1,,
2024,boys,sprints_hurdles,bay-shore+redwood-empire,11,0,,
2024,boys,sprints_hurdles,bay-shore+redwood-empire,12,0,,
2024,boys,sprints_hurdles,bay-shore+redwood-empire,5-6,16,2,16.5
2024,boys,sprints_hurdles,bay-shore+redwood-empire,7-8,2,,
2024,boys,400_800,tri-valley,1,1,,
2024,boys,400_800,tri-valley,2,2,,
2024,boys,400_800,tri-valley,3,2,,
2024,boys,400_800,tri-valley,4,2,,
2024,boys,400_800,tri-valley,5,2,,
2024,boys,400_800,tri-valley,6,2,,
2024,boys,400_800,tri-valley,7,1,,
2024,boys,400_800,tri-valley,8,2,,
2024,boys,400_800,tri-valley,9,2,,
2024,boys,400_800,tri-valley,10,1,,
2024,boys,400_800,tri-valley,11,1,,
2024,boys,400_800,tri-valley,12,1,,
2024,boys,400_800,tri-valley,5-6,4,,
2024,boys,400_800,tri-valley,7-8,3,,
2024,boys,400_800,bay-shore,1,2,,
2024,boys,400_800,bay-shore,2,1,,
2024,boys,400_800,bay-shore,3,1,,
2024,boys,400_800,bay-shore,4,2,,
2024,boys,400_800,bay-shore,5,1,,
2024,boys,400_800,bay-shore,6,3,,
2024,boys,400_800,bay-shore,7,1,,
2024,boys,400_800,bay-shore,8,1,,
2024,boys,400_800,bay-shore,9,0,,
2024,boys,400_800,bay-shore,10,0,,
2024,boys,400_800,bay-shore,11,0,,
2024,boys,400_800,bay-shore,12,0,,
2024,boys,400_800,bay-shore,5-6,4,,
2024,boys,400_800,bay-shore,7-8,2,,
2024,boys,400_800,redwood-empire,1,2,,
2024,boys,400_800,redwood-empire,2,1,,
2024,boys,400_800,redwood-empire,3,2,,
2024,boys,400_800,redwood-empire,4,2,,
2024,boys,400_800,redwood-empire,5,2,,
2024,boys,400_800,redwood-empire,6,0,,
2024,boys,400_800,redwood-empire,7,1,,
2024,boys,400_800,redwood-empire,8,1,,
2024,boys,400_800,redwood-empire,9,0,,
2024,boys,400_800,redwood-empire,10,0,,
2024,boys,400_800,redwood-empire,11,0,,
2024,boys,400_800,redwood-empire,12,0,,
2024,boys,400_800,redwood-empire,5-6,2,,
2024,boys,400_800,redwood-empire,7-8,2,,
2024,boys,400_800,class-a,1,2,,
2024,boys,400_800,class-a,2,2,,
2024,boys,400_800,class-a,3,2,,
2024,boys,400_800,class-a,4,1,,
2024,boys,400_800,class-a,5,1,,
2024,boys,400_800,class-a,6,1,,
2024,boys,400_800,class-a,7,0,,
2024,boys,400_800,class-a,8,0,,
2024,boys,400_800,class-a,9,0,,
2024,boys,400_800,class-a,10,0,,
2024,boys,400_800,class-a,11,0,,
2024,boys,400_800,class-a,12,0,,
2024,boys,400_800,class-a,5-6,2,,
2024,boys,400_800,class-a,7-8,0,,
2024,boys,400_800,bay-shore+redwood-empire,1,4,,
2024,boys,400_800,bay-shore+redwood-empire,2,2,,
2024,boys,400_800,bay-shore+redwood-empire,3,3,,
2024,boys,400_800,bay-shore+redwood-empire,4,4,,
2024,boys,400_800,bay-shore+redwood-empire,5,3,,
2024,boys,400_800,bay-shore+redwood-empire,6,3,,
2024,boys,400_800,bay-shore+redwood-empire,7,2,,
2024,boys,400_800,bay-shore+redwood-empire,8,2,,
2024,boys,400_800,bay-shore+redwood-empire,9,0,,
2024,boys,400_800,bay-shore+redwood-empire,10,0,,
2024,boys,400_800,bay-shore+redwood-empire,11,0,,
2024,boys,400_800,bay-shore+redwood-empire,12,0,,
2024,boys,400_800,bay-shore+redwood-empire,5-6,6,,
2024,boys,400_800,bay-shore+redwood-empire,7-8,4,,
2024,boys,distance,tri-valley,1,2,,
2024,boys,distance,tri-valley,2,2,,
2024,boys,distance,tri-valley,3,2,,
2024,boys,distance,tri-valley,4,2,,
2024,boys,distance,tri-valley,5,2,,
2024,boys,distance,tri-valley,6,2,,
2024,boys,distance,tri-valley,7,2,,
2024,boys,distance,tri-valley,8,2,,
2024,boys,distance,tri-valley,9,1,,
2024,boys,distance,tri-valley,10,1,,
2024,boys,distance,tri-valley,11,1,,
2024,boys,distance,tri-valley,12,0,,
2024,boys,distance,tri-valley,5-6,4,,
2024,boys,distance,tri-valley,7-8,4,,
2024,boys,distance,bay-shore,1,1,,
2024,boys,distance,bay-shore,2,2,,
2024,boys,distance,bay-shore,3,2,,
2024,boys,distance,bay-shore,4,2,,
2024,boys,distance,bay-shore,5,2,,
2024,boys,distance,bay-shore,6,2,,
2024,boys,distance,bay-shore,7,1,,
2024,boys,distance,bay-shore,8,1,,
2024,boys,distance,bay-shore,9,0,,
2024,boys,distance,bay-shore,10,0,,
2024,boys,distance,bay-shore,11,0,,
2024,boys,distance,bay-shore,12,0,,
2024,boys,distance,bay-shore,5-6,4,,
2024,boys,distance,bay-shore,7-8,2,,
2024,boys,distance,redwood-empire,1,2,,
2024,boys,distance,redwood-empire,2,2,,
2024,boys,distance,redwood-empire,3,2,,
2024,boys,distance,redwood-empire,4,2,,
2024,boys,distance,redwood-empire,5,2,,
2024,boys,distance,redwood-empire,6,2,,
2024,boys,distance,redwood-empire,7,0,,
2024,boys,distance,redwood-empire,8,0,,
2024,boys,distance,redwood-empire,9,0,,
2024,boys,distance,redwood-empire,10,0,,
2024,boys,distance,redwood-empire,11,0,,
2024,boys,distance,redwood-empire,12,0,,
2024,boys,distance,redwood-empire,5-6,4,,
2024,boys,distance,redwood-empire,7-8,0,,
2024,boys,distance,class-a,1,1,,
2024,boys,distance,class-a,2,1,,
2024,boys,distance,class-a,3,2,,
2024,boys,distance,class-a,4,1,,
2024,boys,distance,class-a,5,1,,
2024,boys,distance,class-a,6,1,,
2024,boys,distance,class-a,7,0,,
2024,boys,distance,class-a,8,0,,
2024,boys,distance,class-a,9,0,,
2024,boys,distance,class-a,10,0,,
2024,boys,distance,class-a,11,0,,
2024,boys,distance,class-a,12,0,,
2024,boys,distance,class-a,5-6,2,,
2024,boys,distance,class-a,7-8,0,,
2024,boys,distance,bay-shore+redwood-empire,1,3,,
2024,boys,distance,bay-shore+redwood-empire,2,4,,
2024,boys,distance,bay-shore+redwood-empire,3,4,,
2024,boys,distance,bay-shore+redwood-empire,4,4,,
2024,boys,distance,bay-shore+redwood-empire,5,4,,
2024,boys,distance,bay-shore+redwood-empire,6,4,,
2024,boys,distance,bay-shore+redwood-empire,7,1,,
2024,boys,distance,bay-shore+redwood-empire,8,1,,
2024,boys,distance,bay-shore+redwood-empire,9,0,,
2024,boys,distance,bay-shore+redwood-empire,10,0,,
2024,boys,distance,bay-shore+redwood-empire,11,0,,
2024,boys,distance,bay-shore+redwood-empire,12,0,,
2024,boys,distance,bay-shore+redwood-empire,5-6,8,,
2024,boys,distance,bay-shore+redwood-empire,7-8,2,,
2024,boys,jumps,tri-valley,1,4,,
2024,boys,jumps,tri-valley,2,3,,
2024,boys,jumps,tri-valley,3,4,,
2024,boys,jumps,tri-valley,4,3,,
2024,boys,jumps,tri-valley,5,4,,
2024,boys,jumps,tri-valley,6,4,,
2024,boys,jumps,tri-valley,7,4,,
2024,boys,jumps,tri-valley,8,3,,
2024,boys,jumps,tri-valley,9,2,,
2024,boys,jumps,tri-valley,10,1,,
2024,boys,jumps,tri-valley,11,0,,
2024,boys,jumps,tri-valley,12,0,,
2024,boys,jumps,tri-valley,5-6,8,6,8.5
2024,boys,jumps,tri-valley,7-8,7,1,14.0
2024,boys,jumps,bay-shore,1,4,,
2024,boys,jumps,bay-shore,2,4,,
2024,boys,jumps,bay-shore,3,3,,
2024,boys,jumps,bay-shore,4,4,,
2024,boys,jumps,bay-shore,5,4,,
2024,boys,jumps,bay-shore,6,2,,
2024,boys,jumps,bay-shore,7,2,,
2024,boys,jumps,bay-shore,8,2,,
2024,boys,jumps,bay-shore,9,0,,
2024,boys,jumps,bay-shore,10,0,,
2024,boys,jumps,bay-shore,11,0,,
2024,boys,jumps,bay-shore,12,0,,
2024,boys,jumps,bay-shore,5-6,6,1,12.0
2024,boys,jumps,bay-shore,7-8,4,,
2024,boys,jumps,redwood-empire,1,4,,
2024,boys,jumps,redwood-empire,2,3,,
2024,boys,jumps,redwood-empire,3,4,,
2024,boys,jumps,redwood-empire,4,4,,
2024,boys,jumps,redwood-empire,5,2,,
2024,boys,jumps,redwood-empire,6,2,,
2024,boys,jumps,redwood-empire,7,3,,
2024,boys,jumps,redwood-empire,8,1,,
2024,boys,jumps,redwood-empire,9,0,,
2024,boys,jumps,redwood-empire,10,0,,
2024,boys,jumps,redwood-empire,11,0,,
2024,boys,jumps,redwood-empire,12,0,,
2024,boys,jumps,redwood-empire,5-6,4,,
2024,boys,jumps,redwood-empire,7-8,4,,
2024,boys,jumps,class-a,1,4,,
2024,boys,jumps,class-a,2,3,,
2024,boys,jumps,class-a,3,4,,
2024,boys,jumps,class-a,4,1,,
2024,boys,jumps,class-a,5,0,,
2024,boys,jumps,class-a,6,0,,
2024,boys,jumps,class-a,7,0,,
2024,boys,jumps,class-a,8,0,,
2024,boys,jumps,class-a,9,0,,
2024,boys,jumps,class-a,10,0,,
2024,boys,jumps,class-a,11,0,,
2024,boys,jumps,class-a,12,0,,
2024,boys,jumps,class-a,5-6,0,,
2024,boys,jumps,class-a,7-8,0,,
2024,boys,jumps,bay-shore+redwood-empire,1,8,,
2024,boys,jumps,bay-shore+redwood-empire,2,7,,
2024,boys,jumps,bay-shore+redwood-empire,3,7,,
2024,boys,jumps,bay-shore+redwood-empire,4,8,,
2024,boys,jumps,bay-shore+redwood-empire,5,6,,
2024,boys,jumps,bay-shore+redwood-empire,6,4,,
2024,boys,jumps,bay-shore+redwood-empire,7,5,,
2024,boys,jumps,bay-shore+redwood-empire,8,3,,
2024,boys,jumps,bay-shore+redwood-empire,9,0,,
2024,boys,jumps,bay-shore+redwood-empire,10,0,,
2024,boys,jumps,bay-shore+redwood-empire,11,0,,
2024,boys,jumps,bay-shore+redwood-empire,12,0,,
2024,boys,jumps,bay-shore+redwood-empire,5-6,10,,
2024,boys,jumps,bay-shore+redwood-empire,7-8,8,,
2024,boys,throws,tri-valley,1,2,,
2024,boys,throws,tri-valley,2,2,,
2024,boys,throws,tri-valley,3,2,,
2024,boys,throws,tri-valley,4,2,,
2024,boys,throws,tri-valley,5,2,,
2024,boys,throws,tri-valley,6,2,,
2024,boys,throws,tri-valley,7,1,,
2024,boys,throws,tri-valley,8,1,,
2024,boys,throws,tri-valley,9,0,,
2024,boys,throws,tri-valley,10,0,,
2024,boys,throws,tri-valley,11,0,,
2024,boys,throws,tri-valley,12,0,,
2024,boys,throws,tri-valley,5-6,4,,
2024,boys,throws,tri-valley,7-8,2,,
2024,boys,throws,bay-shore,1,2,,
2024,boys,throws,bay-shore,2,2,,
2024,boys,throws,bay-shore,3,2,,
2024,boys,throws,bay-shore,4,2,,
2024,boys,throws,bay-shore,5,2,,
2024,boys,throws,bay-shore,6,2,,
2024,boys,throws,bay-shore,7,1,,
2024,boys,throws,bay-shore,8,0,,
2024,boys,throws,bay-shore,9,0,,
2024,boys,throws,bay-shore,10,0,,
2024,boys,throws,bay-shore,11,0,,
2024,boys,throws,bay-shore,12,0,,
2024,boys,throws,bay-shore,5-6,4,,
2024,boys,throws,bay-shore,7-8,1,,
2024,boys,throws,redwood-empire,1,2,,
2024,boys,throws,redwood-empire,2,2,,
2024,boys,throws,redwood-empire,3,2,,
2024,boys,throws,redwood-empire,4,2,,
2024,boys,throws,redwood-empire,5,2,,
2024,boys,throws,redwood-empire,6,2,,
2024,boys,throws,redwood-empire,7,2,,
2024,boys,throws,redwood-empire,8,1,,
2024,boys,throws,redwood-empire,9,0,,
2024,boys,throws,redwood-empire,10,0,,
2024,boys,throws,redwood-empire,11,0,,
2024,boys,throws,redwood-empire,12,0,,
2024,boys,throws,redwood-empire,5-6,4,,
2024,boys,throws,redwood-empire,7-8,3,,
2024,boys,throws,class-a,1,2,,
2024,boys,throws,class-a,2,2,,
2024,boys,throws,class-a,3,2,,
2024,boys,throws,class-a,4,0,,
2024,boys,throws,class-a,5,0,,
2024,boys,throws,class-a,6,0,,
2024,boys,throws,class-a,7,0,,
2024,boys,throws,class-a,8,0,,
2024,boys,throws,class-a,9,0,,
2024,boys,throws,class-a,10,0,,
2024,boys,throws,class-a,11,0,,
2024,boys,throws,class-a,12,0,,
2024,boys,throws,class-a,5-6,0,,
2024,boys,throws,class-a,7-8,0,,
2024,boys,throws,bay-shore+redwood-empire,1,4,,
2024,boys,throws,bay-shore+redwood-empire,2,4,,
2024,boys,throws,bay-shore+redwood-empire,3,4,,
2024,boys,throws,bay-shore+redwood-empire,4,4,,
2024,boys,throws,bay-shore+redwood-empire,5,4,,
2024,boys,throws,bay-shore+redwood-empire,6,4,,
2024,boys,throws,bay-shore+redwood-empire,7,3,,
2024,boys,throws,bay-shore+redwood-empire,8,1,,
2024,boys,throws,bay-shore+redwood-empire,9,0,,
2024,boys,throws,bay-shore+redwood-empire,10,0,,
2024,boys,throws,bay-shore+redwood-empire,11,0,,
2024,boys,throws,bay-shore+redwood-empire,12,0,,
2024,boys,throws,bay-shore+redwood-empire,5-6,8,,
2024,boys,throws,bay-shore+redwood-empire,7-8,4,,
2024,boys,relays,tri-valley,1,2,,
2024,boys,relays,tri-valley,2,2,,
2024,boys,relays,tri-valley,3,2,,
2024,boys,relays,tri-valley,4,2,,
2024,boys,relays,tri-valley,5,2,,
2024,boys,relays,tri-valley,6,2,,
2024,boys,relays,tri-valley,7,2,,
2024,boys,relays,tri-valley,8,2,,
2024,boys,relays,tri-valley,9,1,,
2024,boys,relays,tri-valley,10,0,,
2024,boys,relays,tri-valley,11,0,,
2024,boys,relays,tri-valley,12,0,,
2024,boys,relays,tri-valley,5-6,4,,
2024,boys,relays,tri-valley,7-8,4,,
2024,boys,relays,bay-shore,1,2,,
2024,boys,relays,bay-shore,2,2,,
2024,boys,relays,bay-shore,3,2,,
2024,boys,relays,bay-shore,4,2,,
2024,boys,relays,bay-shore,5,1,,
2024,boys,relays,bay-shore,6,2,,
2024,boys,relays,bay-shore,7,2,,
2024,boys,relays,bay-shore,8,0,,
2024,boys,relays,bay-shore,9,0,,
2024,boys,relays,bay-shore,10,0,,
2024,boys,relays,bay-shore,11,0,,
2024,boys,relays,bay-shore,12,0,,
2024,boys,relays,bay-shore,5-6,3,,
2024,boys,relays,bay-shore,7-8,2,,
2024,boys,relays,redwood-empire,1,2,,
2024,boys,relays,redwood-empire,2,2,,
2024,boys,relays,redwood-empire,3,2,,
2024,boys,relays,redwood-empire,4,1,,
2024,boys,relays,redwood-empire,5,2,,
2024,boys,relays,redwood-empire,6,2,,
2024,boys,relays,redwood-empire,7,1,,
2024,boys,relays,redwood-empire,8,0,,
2024,boys,relays,redwood-empire,9,0,,
2024,boys,relays,redwood-empire,10,0,,
2024,boys,relays,redwood-empire,11,0,,
2024,boys,relays,redwood-empire,12,0,,
2024,boys,relays,redwood-empire,5-6,4,,
2024,boys,relays,redwood-empire,7-8,1,,
2024,boys,relays,class-a,1,2,,
2024,boys,relays,class-a,2,1,,
2024,boys,relays,class-a,3,1,,
2024,boys,relays,class-a,4,2,,
2024,boys,relays,class-a,5,0,,
2024,boys,relays,class-a,6,0,,
2024,boys,relays,class-a,7,0,,
2024,boys,relays,class-a,8,0,,
2024,boys,relays,class-a,9,0,,
2024,boys,relays,class-a,10,0,,
2024,boys,relays,class-a,11,0,,
2024,boys,relays,class-a,12,0,,
2024,boys,relays,class-a,5-6,0,,
2024,boys,relays,class-a,7-8,0,,
2024,boys,relays,bay-shore+redwood-empire,1,4,,
2024,boys,relays,bay-shore+redwood-empire,2,4,,
2024,boys,relays,bay-shore+redwood-empire,3,4,,
2024,boys,relays,bay-shore+redwood-empire,4,3,,
2024,boys,relays,bay-shore+redwood-empire,5,3,,
2024,boys,relays,bay-shore+redwood-empire,6,4,,
2024,boys,relays,bay-shore+redwood-empire,7,3,,
2024,boys,relays,bay-shore+redwood-empire,8,0,,
2024,boys,relays,bay-shore+redwood-empire,9,0,,
2024,boys,relays,bay-shore+redwood-empire,10,0,,
2024,boys,relays,bay-shore+redwood-empire,11,0,,
2024,boys,relays,bay-shore+redwood-empire,12,0,,
2024,boys,relays,bay-shore+redwood-empire,5-6,7,,
2024,boys,relays,bay-shore+redwood-empire,7-8,3,,
2024,boys,all,tri-valley,1,15,14,2.0
2024,boys,all,tri-valley,2,15,9,7.0
2024,boys,all,tri-valley,3,16,9,7.0
2024,boys,all,tri-valley,4,15,6,9.0
2024,boys,all,tri-valley,5,16,7,9.0
2024,boys,all,tri-valley,6,16,9,8.5
2024,boys,all,tri-valley,7,14,4,12.5
2024,boys,all,tri-valley,8,14,2,15.0
2024,boys,all,tri-valley,9,10,0,15.0
2024,boys,all,tri-valley,10,3,,
2024,boys,all,tri-valley,11,5,1,23.0
2024,boys,all,tri-valley,12,1,,
2024,boys,all,tri-valley,5-6,32,16,9.0
2024,boys,all,tri-valley,7-8,28,6,14.0
2024,boys,all,bay-shore,1,15,13,3.0
2024,boys,all,bay-shore,2,15,10,5.5
2024,boys,all,bay-shore,3,12,3,13.0
2024,boys,all,bay-shore,4,14,5,11.5
2024,boys,all,bay-shore,5,14,3,17.5
2024,boys,all,bay-shore,6,15,2,17.0
2024,boys,all,bay-shore,7,8,0,16.0
2024,boys,all,bay-shore,8,5,0,19.0
2024,boys,all,bay-shore,9,0,,
2024,boys,all,bay-shore,10,1,,
2024,boys,all,bay-shore,11,0,,
2024,boys,all,bay-shore,12,0,,
2024,boys,all,bay-shore,5-6,29,5,17.0
2024,boys,all,bay-shore,7-8,13,0,17.0
2024,boys,all,redwood-empire,1,16,12,3.5
2024,boys,all,redwood-empire,2,13,6,12.0
2024,boys,all,redwood-empire,3,16,4,11.5
2024,boys,all,redwood-empire,4,15,2,16.0
2024,boys,all,redwood-empire,5,14,0,21.5
2024,boys,all,redwood-empire,6,12,0,18.0
2024,boys,all,redwood-empire,7,7,1,18.5
2024,boys,all,redwood-empire,8,3,,
2024,boys,all,redwood-empire,9,0,,
2024,boys,all,redwood-empire,10,0,,
2024,boys,all,redwood-empire,11,0,,
2024,boys,all,redwood-empire,12,0,,
2024,boys,all,redwood-empire,5-6,26,0,19.0
2024,boys,all,redwood-empire,7-8,10,1,18.0
2024,boys,all,class-a,1,15,7,8.0
2024,boys,all,class-a,2,13,1,20.0
2024,boys,all,class-a,3,15,0,20.0
2024,boys,all,class-a,4,5,0,22.0
2024,boys,all,class-a,5,2,,
2024,boys,all,class-a,6,2,,
2024,boys,all,class-a,7,0,,
2024,boys,all,class-a,8,0,,
2024,boys,all,class-a,9,0,,
2024,boys,all,class-a,10,0,,
2024,boys,all,class-a,11,0,,
2024,boys,all,class-a,12,0,,
2024,boys,all,class-a,5-6,4,,
2024,boys,all,class-a,7-8,0,,
2024,boys,all,bay-shore+redwood-empire,1,31,25,3.0
2024,boys,all,bay-shore+redwood-empire,2,28,16,7.0
2024,boys,all,bay-shore+redwood-empire,3,28,7,12.0
2024,boys,all,bay-shore+redwood-empire,4,29,7,13.0
2024,boys,all,bay-shore+redwood-empire,5,28,3,19.5
2024,boys,all,bay-shore+redwood-empire,6,27,2,17.0
2024,boys,all,bay-shore+redwood-empire,7,15,1,17.5
2024,boys,all,bay-shore+redwood-empire,8,8,,
2024,boys,all,bay-shore+redwood-empire,9,0,,
2024,boys,all,bay-shore+redwood-empire,10,1,,
2024,boys,all,bay-shore+redwood-empire,11,0,,
2024,boys,all,bay-shore+redwood-empire,12,0,,
2024,boys,all,bay-shore+redwood-empire,5-6,55,5,18.0
2024,boys,all,bay-shore+redwood-empire,7-8,23,1,17.5
2024,all,sprints_hurdles,tri-valley,1,9,8,2.0
2024,all,sprints_hurdles,tri-valley,2,7,6,5.0
2024,all,sprints_hurdles,tri-valley,3,8,7,3.5
2024,all,sprints_hurdles,tri-valley,4,8,2,9.0
2024,all,sprints_hurdles,tri-valley,5,8,3,9.0
2024,all,sprints_hurdles,tri-valley,6,8,5,8.0
2024,all,sprints_hurdles,tri-valley,7,8,1,12.0
2024,all,sprints_hurdles,tri-valley,8,6,1,14.5
2024,all,sprints_hurdles,tri-valley,9,7,0,15.0
2024,all,sprints_hurdles,tri-valley,10,0,,
2024,all,sprints_hurdles,tri-valley,11,3,,
2024,all,sprints_hurdles,tri-valley,12,0,,
2024,all,sprints_hurdles,tri-valley,5-6,16,8,8.0
2024,all,sprints_hurdles,tri-valley,7-8,14,2,13.5
2024,all,sprints_hurdles,bay-shore,1,8,7,7.0
2024,all,sprints_hurdles,bay-shore,2,8,4,7.5
2024,all,sprints_hurdles,bay-shore,3,6,2,14.0
2024,all,sprints_hurdles,bay-shore,4,6,0,13.0
2024,all,sprints_hurdles,bay-shore,5,8,1,14.0
2024,all,sprints_hurdles,bay-shore,6,8,1,17.0
2024,all,sprints_hurdles,bay-shore,7,1,,
2024,all,sprints_hurdles,bay-shore,8,1,,
2024,all,sprints_hurdles,bay-shore,9,0,,
2024,all,sprints_hurdles,bay-shore,10,1,,
2024,all,sprints_hurdles,bay-shore,11,0,,
2024,all,sprints_hurdles,bay-shore,12,0,,
2024,all,sprints_hurdles,bay-shore,5-6,16,2,15.5
2024,all,sprints_hurdles,bay-shore,7-8,2,,
2024,all,sprints_hurdles,redwood-empire,1,8,3,10.0
2024,all,sprints_hurdles,redwood-empire,2,7,1,19.0
2024,all,sprints_hurdles,redwood-empire,3,8,0,15.5
2024,all,sprints_hurdles,redwood-empire,4,8,0,20.0
2024,all,sprints_hurdles,redwood-empire,5,8,0,19.0
2024,all,sprints_hurdles,redwood-empire,6,7,0,20.0
2024,all,sprints_hurdles,redwood-empire,7,1,,
2024,all,sprints_hurdles,redwood-empire,8,0,,
2024,all,sprints_hurdles,redwood-empire,9,0,,
2024,all,sprints_hurdles,redwood-empire,10,0,,
2024,all,sprints_hurdles,redwood-empire,11,0,,
2024,all,sprints_hurdles,redwood-empire,12,0,,
2024,all,sprints_hurdles,redwood-empire,5-6,15,0,19.0
2024,all,sprints_hurdles,redwood-empire,7-8,1,,
2024,all,sprints_hurdles,class-a,1,8,5,2.5
2024,all,sprints_hurdles,class-a,2,7,3,13.0
2024,all,sprints_hurdles,class-a,3,8,1,20.0
2024,all,sprints_hurdles,class-a,4,2,,
2024,all,sprints_hurdles,class-a,5,1,,
2024,all,sprints_hurdles,class-a,6,0,,
2024,all,sprints_hurdles,class-a,7,0,,
2024,all,sprints_hurdles,class-a,8,0,,
2024,all,sprints_hurdles,class-a,9,0,,
2024,all,sprints_hurdles,class-a,10,0,,
2024,all,sprints_hurdles,class-a,11,0,,
2024,all,sprints_hurdles,class-a,12,0,,
2024,all,sprints_hurdles,class-a,5-6,1,,
2024,all,sprints_hurdles,class-a,7-8,0,,
2024,all,sprints_hurdles,bay-shore+redwood-empire,1,16,10,7.0
2024,all,sprints_hurdles,bay-shore+redwood-empire,2,15,5,12.0
2024,all,sprints_hurdles,bay-shore+redwood-empire,3,14,2,15.0
2024,all,sprints_hurdles,bay-shore+redwood-empire,4,14,0,15.0
2024,all,sprints_hurdles,bay-shore+redwood-empire,5,16,1,18.0
2024,all,sprints_hurdles,bay-shore+redwood-empire,6,15,1,19.0
2024,all,sprints_hurdles,bay-shore+redwood-empire,7,2,,
2024,all,sprints_hurdles,bay-shore+redwood-empire,8,1,,
2024,all,sprints_hurdles,bay-shore+redwood-empire,9,0,,
2024,all,sprints_hurdles,bay-shore+redwood-empire,10,1,,
2024,all,sprints_hurdles,bay-shore+redwood-empire,11,0,,
2024,all,sprints_hurdles,bay-shore+redwood-empire,12,0,,
2024,all,sprints_hurdles,bay-shore+redwood-empire,5-6,31,2,18.0
2024,all,sprints_hurdles,bay-shore+redwood-empire,7-8,3,,
2024,all,400_800,tri-valley,1,3,,
2024,all,400_800,tri-valley,2,4,,
2024,all,400_800,tri-valley,3,4,,
2024,all,400_800,tri-valley,4,4,,
2024,all,400_800,tri-valley,5,4,,
2024,all,400_800,tri-valley,6,4,,
2024,all,400_800,tri-valley,7,2,,
2024,all,400_800,tri-valley,8,3,,
2024,all,400_800,tri-valley,9,3,,
2024,all,400_800,tri-valley,10,2,,
2024,all,400_800,tri-valley,11,2,,
2024,all,400_800,tri-valley,12,2,,
2024,all,400_800,tri-valley,5-6,8,5,5.5
2024,all,400_800,tri-valley,7-8,5,1,10.0
2024,all,400_800,bay-shore,1,4,,
2024,all,400_800,bay-shore,2,2,,
2024,all,400_800,bay-shore,3,3,,
2024,all,400_800,bay-shore,4,4,,
2024,all,400_800,bay-shore,5,2,,
2024,all,400_800,bay-shore,6,5,0,21.0
2024,all,400_800,bay-shore,7,2,,
2024,all,400_800,bay-shore,8,2,,
2024,all,400_800,bay-shore,9,0,,
2024,all,400_800,bay-shore,10,0,,
2024,all,400_800,bay-shore,11,0,,
2024,all,400_800,bay-shore,12,0,,
2024,all,400_800,bay-shore,5-6,7,0,21.0
2024,all,400_800,bay-shore,7-8,4,,
2024,all,400_800,redwood-empire,1,4,,
2024,all,400_800,redwood-empire,2,3,,
2024,all,400_800,redwood-empire,3,4,,
2024,all,400_800,redwood-empire,4,4,,
2024,all,400_800,redwood-empire,5,3,,
2024,all,400_800,redwood-empire,6,2,,
2024,all,400_800,redwood-empire,7,2,,
2024,all,400_800,redwood-empire,8,1,,
2024,all,400_800,redwood-empire,9,0,,
2024,all,400_800,redwood-empire,10,0,,
2024,all,400_800,redwood-empire,11,0,,
2024,all,400_800,redwood-empire,12,0,,
2024,all,400_800,redwood-empire,5-6,5,0,22.0
2024,all,400_800,redwood-empire,7-8,3,,
2024,all,400_800,class-a,1,3,,
2024,all,400_800,class-a,2,4,,
2024,all,400_800,class-a,3,3,,
2024,all,400_800,class-a,4,2,,
2024,all,400_800,class-a,5,2,,
2024,all,400_800,class-a,6,2,,
2024,all,400_800,class-a,7,0,,
2024,all,400_800,class-a,8,0,,
2024,all,400_800,class-a,9,0,,
2024,all,400_800,class-a,10,0,,
2024,all,400_800,class-a,11,0,,
2024,all,400_800,class-a,12,0,,
2024,all,400_800,class-a,5-6,4,,
2024,all,400_800,class-a,7-8,0,,
2024,all,400_800,bay-shore+redwood-empire,1,8,,
2024,all,400_800,bay-shore+redwood-empire,2,5,,
2024,all,400_800,bay-shore+redwood-empire,3,7,,
2024,all,400_800,bay-shore+redwood-empire,4,8,,
2024,all,400_800,bay-shore+redwood-empire,5,5,,
2024,all,400_800,bay-shore+redwood-empire,6,7,,
2024,all,400_800,bay-shore+redwood-empire,7,4,,
2024,all,400_800,bay-shore+redwood-empire,8,3,,
2024,all,400_800,bay-shore+redwood-empire,9,0,,
2024,all,400_800,bay-shore+redwood-empire,10,0,,
2024,all,400_800,bay-shore+redwood-empire,11,0,,
2024,all,400_800,bay-shore+redwood-empire,12,0,,
2024,all,400_800,bay-shore+redwood-empire,5-6,12,0,21.0
2024,all,400_800,bay-shore+redwood-empire,7-8,7,,
2024,all,distance,tri-valley,1,4,,
2024,all,distance,tri-valley,2,4,,
2024,all,distance,tri-valley,3,3,,
2024,all,distance,tri-valley,4,4,,
2024,all,distance,tri-valley,5,3,,
2024,all,distance,tri-valley,6,3,,
2024,all,distance,tri-valley,7,4,,
2024,all,distance,tri-valley,8,4,,
2024,all,distance,tri-valley,9,2,,
2024,all,distance,tri-valley,10,2,,
2024,all,distance,tri-valley,11,2,,
2024,all,distance,tri-valley,12,1,,
2024,all,distance,tri-valley,5-6,6,2,9.5
2024,all,distance,tri-valley,7-8,8,3,13.5
2024,all,distance,bay-shore,1,3,,
2024,all,distance,bay-shore,2,4,,
2024,all,distance,bay-shore,3,4,,
2024,all,distance,bay-shore,4,4,,
2024,all,distance,bay-shore,5,4,,
2024,all,distance,bay-shore,6,3,,
2024,all,distance,bay-shore,7,1,,
2024,all,distance,bay-shore,8,2,,
2024,all,distance,bay-shore,9,0,,
2024,all,distance,bay-shore,10,0,,
2024,all,distance,bay-shore,11,0,,
2024,all,distance,bay-shore,12,0,,
2024,all,distance,bay-shore,5-6,7,1,22.0
2024,all,distance,bay-shore,7-8,3,,
2024,all,distance,redwood-empire,1,3,,
2024,all,distance,redwood-empire,2,4,,
2024,all,distance,redwood-empire,3,4,,
2024,all,distance,redwood-empire,4,4,,
2024,all,distance,redwood-empire,5,3,,
2024,all,distance,redwood-empire,6,4,,
2024,all,distance,redwood-empire,7,1,,
2024,all,distance,redwood-empire,8,1,,
2024,all,distance,redwood-empire,9,0,,
2024,all,distance,redwood-empire,10,0,,
2024,all,distance,redwood-empire,11,0,,
2024,all,distance,redwood-empire,12,0,,
2024,all,distance,redwood-empire,5-6,7,0,21.0
2024,all,distance,redwood-empire,7-8,2,,
2024,all,distance,class-a,1,3,,
2024,all,distance,class-a,2,2,,
2024,all,distance,class-a,3,4,,
2024,all,distance,class-a,4,3,,
2024,all,distance,class-a,5,1,,
2024,all,distance,class-a,6,2,,
2024,all,distance,class-a,7,0,,
2024,all,distance,class-a,8,0,,
2024,all,distance,class-a,9,0,,
2024,all,distance,class-a,10,0,,
2024,all,distance,class-a,11,0,,
2024,all,distance,class-a,12,0,,
2024,all,distance,class-a,5-6,3,,
2024,all,distance,class-a,7-8,0,,
2024,all,distance,bay-shore+redwood-empire,1,6,,
2024,all,distance,bay-shore+redwood-empire,2,8,,
2024,all,distance,bay-shore+redwood-empire,3,8,,
2024,all,distance,bay-shore+redwood-empire,4,8,,
2024,all,distance,bay-shore+redwood-empire,5,7,,
2024,all,distance,bay-shore+redwood-empire,6,7,,
2024,all,distance,bay-shore+redwood-empire,7,2,,
2024,all,distance,bay-shore+redwood-empire,8,3,,
2024,all,distance,bay-shore+redwood-empire,9,0,,
2024,all,distance,bay-shore+redwood-empire,10,0,,
2024,all,distance,bay-shore+redwood-empire,11,0,,
2024,all,distance,bay-shore+redwood-empire,12,0,,
2024,all,distance,bay-shore+redwood-empire,5-6,14,1,21.5
2024,all,distance,bay-shore+redwood-empire,7-8,5,,
2024,all,jumps,tri-valley,1,7,7,1.0
2024,all,jumps,tri-valley,2,7,5,6.0
2024,all,jumps,tri-valley,3,8,6,5.5
2024,all,jumps,tri-valley,4,8,5,6.5
2024,all,jumps,tri-valley,5,7,4,9.0
2024,all,jumps,tri-valley,6,8,5,8.5
2024,all,jumps,tri-valley,7,6,0,12.5
2024,all,jumps,tri-valley,8,4,,
2024,all,jumps,tri-valley,9,4,,
2024,all,jumps,tri-valley,10,2,,
2024,all,jumps,tri-valley,11,0,,
2024,all,jumps,tri-valley,12,0,,
2024,all,jumps,tri-valley,5-6,15,9,9.0
2024,all,jumps,tri-valley,7-8,10,1,13.5
2024,all,jumps,bay-shore,1,7,5,4.0
2024,all,jumps,bay-shore,2,9,6,3.5
2024,all,jumps,bay-shore,3,6,2,10.0
2024,all,jumps,bay-shore,4,8,1,14.5
2024,all,jumps,bay-shore,5,7,3,12.0
2024,all,jumps,bay-shore,6,6,0,16.0
2024,all,jumps,bay-shore,7,4,,
2024,all,jumps,bay-shore,8,4,,
2024,all,jumps,bay-shore,9,1,,
2024,all,jumps,bay-shore,10,0,,
2024,all,jumps,bay-shore,11,0,,
2024,all,jumps,bay-shore,12,0,,
2024,all,jumps,bay-shore,5-6,13,3,13.5
2024,all,jumps,bay-shore,7-8,8,0,17.5
2024,all,jumps,redwood-empire,1,8,8,2.5
2024,all,jumps,redwood-empire,2,7,3,10.0
2024,all,jumps,redwood-empire,3,7,2,13.0
2024,all,jumps,redwood-empire,4,8,1,17.5
2024,all,jumps,redwood-empire,5,6,0,17.0
2024,all,jumps,redwood-empire,6,5,1,17.0
2024,all,jumps,redwood-empire,7,5,0,18.5
2024,all,jumps,redwood-empire,8,2,,
2024,all,jumps,redwood-empire,9,3,,
2024,all,jumps,redwood-empire,10,0,,
2024,all,jumps,redwood-empire,11,0,,
2024,all,jumps,redwood-empire,12,0,,
2024,all,jumps,redwood-empire,5-6,11,1,17.0
2024,all,jumps,redwood-empire,7-8,7,0,17.5
2024,all,jumps,class-a,1,8,4,7.0
2024,all,jumps,class-a,2,6,1,19.5
2024,all,jumps,class-a,3,6,0,18.0
2024,all,jumps,class-a,4,1,,
2024,all,jumps,class-a,5,0,,
2024,all,jumps,class-a,6,1,,
2024,all,jumps,class-a,7,0,,
2024,all,jumps,class-a,8,0,,
2024,all,jumps,class-a,9,0,,
2024,all,jumps,class-a,10,0,,
2024,all,jumps,class-a,11,0,,
2024,all,jumps,class-a,12,0,,
2024,all,jumps,class-a,5-6,1,,
2024,all,jumps,class-a,7-8,0,,
2024,all,jumps,bay-shore+redwood-empire,1,15,13,3.0
2024,all,jumps,bay-shore+redwood-empire,2,16,9,7.0
2024,all,jumps,bay-shore+redwood-empire,3,13,4,11.5
2024,all,jumps,bay-shore+redwood-empire,4,16,2,16.5
2024,all,jumps,bay-shore+redwood-empire,5,13,3,13.5
2024,all,jumps,bay-shore+redwood-empire,6,11,1,16.5
2024,all,jumps,bay-shore+redwood-empire,7,9,,
2024,all,jumps,bay-shore+redwood-empire,8,6,,
2024,all,jumps,bay-shore+redwood-empire,9,4,,
2024,all,jumps,bay-shore+redwood-empire,10,0,,
2024,all,jumps,bay-shore+redwood-empire,11,0,,
2024,all,jumps,bay-shore+redwood-empire,12,0,,
2024,all,jumps,bay-shore+redwood-empire,5-6,24,4,15.5
2024,all,jumps,bay-shore+redwood-empire,7-8,15,0,17.5
2024,all,throws,tri-valley,1,4,,
2024,all,throws,tri-valley,2,4,,
2024,all,throws,tri-valley,3,4,,
2024,all,throws,tri-valley,4,4,,
2024,all,throws,tri-valley,5,4,,
2024,all,throws,tri-valley,6,4,,
2024,all,throws,tri-valley,7,2,,
2024,all,throws,tri-valley,8,1,,
2024,all,throws,tri-valley,9,1,,
2024,all,throws,tri-valley,10,0,,
2024,all,throws,tri-valley,11,0,,
2024,all,throws,tri-valley,12,0,,
2024,all,throws,tri-valley,5-6,8,4,10.5
2024,all,throws,tri-valley,7-8,3,,
2024,all,throws,bay-shore,1,3,,
2024,all,throws,bay-shore,2,4,,
2024,all,throws,bay-shore,3,4,,
2024,all,throws,bay-shore,4,3,,
2024,all,throws,bay-shore,5,5,1,18.0
2024,all,throws,bay-shore,6,2,,
2024,all,throws,bay-shore,7,1,,
2024,all,throws,bay-shore,8,0,,
2024,all,throws,bay-shore,9,0,,
2024,all,throws,bay-shore,10,0,,
2024,all,throws,bay-shore,11,0,,
2024,all,throws,bay-shore,12,0,,
2024,all,throws,bay-shore,5-6,7,1,18.0
2024,all,throws,bay-shore,7-8,1,,
2024,all,throws,redwood-empire,1,4,,
2024,all,throws,redwood-empire,2,4,,
2024,all,throws,redwood-empire,3,4,,
2024,all,throws,redwood-empire,4,4,,
2024,all,throws,redwood-empire,5,4,,
2024,all,throws,redwood-empire,6,4,,
2024,all,throws,redwood-empire,7,3,,
2024,all,throws,redwood-empire,8,2,,
2024,all,throws,redwood-empire,9,1,,
2024,all,throws,redwood-empire,10,0,,
2024,all,throws,redwood-empire,11,0,,
2024,all,throws,redwood-empire,12,0,,
2024,all,throws,redwood-empire,5-6,8,1,14.0
2024,all,throws,redwood-empire,7-8,5,1,15.0
2024,all,throws,class-a,1,4,,
2024,all,throws,class-a,2,4,,
2024,all,throws,class-a,3,4,,
2024,all,throws,class-a,4,0,,
2024,all,throws,class-a,5,0,,
2024,all,throws,class-a,6,0,,
2024,all,throws,class-a,7,0,,
2024,all,throws,class-a,8,0,,
2024,all,throws,class-a,9,0,,
2024,all,throws,class-a,10,0,,
2024,all,throws,class-a,11,0,,
2024,all,throws,class-a,12,0,,
2024,all,throws,class-a,5-6,0,,
2024,all,throws,class-a,7-8,0,,
2024,all,throws,bay-shore+redwood-empire,1,7,,
2024,all,throws,bay-shore+redwood-empire,2,8,,
2024,all,throws,bay-shore+redwood-empire,3,8,,
2024,all,throws,bay-shore+redwood-empire,4,7,,
2024,all,throws,bay-shore+redwood-empire,5,9,,
2024,all,throws,bay-shore+redwood-empire,6,6,,
2024,all,throws,bay-shore+redwood-empire,7,4,,
2024,all,throws,bay-shore+redwood-empire,8,2,,
2024,all,throws,bay-shore+redwood-empire,9,1,,
2024,all,throws,bay-shore+redwood-empire,10,0,,
2024,all,throws,bay-shore+redwood-empire,11,0,,
2024,all,throws,bay-shore+redwood-empire,12,0,,
2024,all,throws,bay-shore+redwood-empire,5-6,15,2,18.0
2024,all,throws,bay-shore+redwood-empire,7-8,6,,
2024,all,relays,tri-valley,1,4,,
2024,all,relays,tri-valley,2,4,,
2024,all,relays,tri-valley,3,4,,
2024,all,relays,tri-valley,4,4,,
2024,all,relays,tri-valley,5,4,,
2024,all,relays,tri-valley,6,4,,
2024,all,relays,tri-valley,7,4,,
2024,all,relays,tri-valley,8,4,,
2024,all,relays,tri-valley,9,3,,
2024,all,relays,tri-valley,10,0,,
2024,all,relays,tri-valley,11,0,,
2024,all,relays,tri-valley,12,0,,
2024,all,relays,tri-valley,5-6,8,2,9.0
2024,all,relays,tri-valley,7-8,8,2,14.5
2024,all,relays,bay-shore,1,4,,
2024,all,relays,bay-shore,2,4,,
2024,all,relays,bay-shore,3,4,,
2024,all,relays,bay-shore,4,4,,
2024,all,relays,bay-shore,5,3,,
2024,all,relays,bay-shore,6,4,,
2024,all,relays,bay-shore,7,2,,
2024,all,relays,bay-shore,8,0,,
2024,all,relays,bay-shore,9,0,,
2024,all,relays,bay-shore,10,0,,
2024,all,relays,bay-shore,11,0,,
2024,all,relays,bay-shore,12,0,,
2024,all,relays,bay-shore,5-6,7,0,20.0
2024,all,relays,bay-shore,7-8,2,,
2024,all,relays,redwood-empire,1,4,,
2024,all,relays,redwood-empire,2,4,,
2024,all,relays,redwood-empire,3,4,,
2024,all,relays,redwood-empire,4,3,,
2024,all,relays,redwood-empire,5,4,,
2024,all,relays,redwood-empire,6,4,,
2024,all,relays,redwood-empire,7,1,,
2024,all,relays,redwood-empire,8,0,,
2024,all,relays,redwood-empire,9,0,,
2024,all,relays,redwood-empire,10,0,,
2024,all,relays,redwood-empire,11,0,,
2024,all,relays,redwood-empire,12,0,,
2024,all,relays,redwood-empire,5-6,8,0,21.0
2024,all,relays,redwood-empire,7-8,1,,
2024,all,relays,class-a,1,4,,
2024,all,relays,class-a,2,3,,
2024,all,relays,class-a,3,3,,
2024,all,relays,class-a,4,2,,
2024,all,relays,class-a,5,0,,
2024,all,relays,class-a,6,0,,
2024,all,relays,class-a,7,0,,
2024,all,relays,class-a,8,0,,
2024,all,relays,class-a,9,0,,
2024,all,relays,class-a,10,0,,
2024,all,relays,class-a,11,0,,
2024,all,relays,class-a,12,0,,
2024,all,relays,class-a,5-6,0,,
2024,all,relays,class-a,7-8,0,,
2024,all,relays,bay-shore+redwood-empire,1,8,,
2024,all,relays,bay-shore+redwood-empire,2,8,,
2024,all,relays,bay-shore+redwood-empire,3,8,,
2024,all,relays,bay-shore+redwood-empire,4,7,,
2024,all,relays,bay-shore+redwood-empire,5,7,,
2024,all,relays,bay-shore+redwood-empire,6,8,,
2024,all,relays,bay-shore+redwood-empire,7,3,,
2024,all,relays,bay-shore+redwood-empire,8,0,,
2024,all,relays,bay-shore+redwood-empire,9,0,,
2024,all,relays,bay-shore+redwood-empire,10,0,,
2024,all,relays,bay-shore+redwood-empire,11,0,,
2024,all,relays,bay-shore+redwood-empire,12,0,,
2024,all,relays,bay-shore+redwood-empire,5-6,15,0,20.0
2024,all,relays,bay-shore+redwood-empire,7-8,3,,
2024,all,all,tri-valley,1,31,30,2.0
2024,all,all,tri-valley,2,30,22,4.5
2024,all,all,tri-valley,3,31,21,5.5
2024,all,all,tri-valley,4,32,16,8.5
2024,all,all,tri-valley,5,30,14,9.0
2024,all,all,tri-valley,6,31,16,8.0
2024,all,all,tri-valley,7,26,7,12.5
2024,all,all,tri-valley,8,22,2,15.0
2024,all,all,tri-valley,9,20,0,14.5
2024,all,all,tri-valley,10,6,1,16.0
2024,all,all,tri-valley,11,7,1,21.0
2024,all,all,tri-valley,12,3,,
2024,all,all,tri-valley,5-6,61,30,9.0
2024,all,all,tri-valley,7-8,48,9,14.0
2024,all,all,bay-shore,1,29,19,7.0
2024,all,all,bay-shore,2,31,16,7.0
2024,all,all,bay-shore,3,27,8,13.0
2024,all,all,bay-shore,4,29,5,14.0
2024,all,all,bay-shore,5,29,5,18.0
2024,all,all,bay-shore,6,28,2,18.5
2024,all,all,bay-shore,7,11,0,17.0
2024,all,all,bay-shore,8,9,0,20.0
2024,all,all,bay-shore,9,1,,
2024,all,all,bay-shore,10,1,,
2024,all,all,bay-shore,11,0,,
2024,all,all,bay-shore,12,0,,
2024,all,all,bay-shore,5-6,57,7,18.0
2024,all,all,bay-shore,7-8,20,0,19.5
2024,all,all,redwood-empire,1,31,21,5.0
2024,all,all,redwood-empire,2,29,13,10.0
2024,all,all,redwood-empire,3,31,7,12.0
2024,all,all,redwood-empire,4,31,3,17.0
2024,all,all,redwood-empire,5,28,0,21.0
2024,all,all,redwood-empire,6,26,2,19.0
2024,all,all,redwood-empire,7,13,1,19.5
2024,all,all,redwood-empire,8,6,0,17.0
2024,all,all,redwood-empire,9,4,,
2024,all,all,redwood-empire,10,0,,
2024,all,all,redwood-empire,11,0,,
2024,all,all,redwood-empire,12,0,,
2024,all,all,redwood-empire,5-6,54,2,19.5
2024,all,all,redwood-empire,7-8,19,1,18.0
2024,all,all,class-a,1,30,18,7.0
2024,all,all,class-a,2,26,6,17.0
2024,all,all,class-a,3,28,3,17.0
2024,all,all,class-a,4,10,0,21.0
2024,all,all,class-a,5,4,,
2024,all,all,class-a,6,5,0,23.0
2024,all,all,class-a,7,0,,
2024,all,all,class-a,8,0,,
2024,all,all,class-a,9,0,,
2024,all,all,class-a,10,0,,
2024,all,all,class-a,11,0,,
2024,all,all,class-a,12,0,,
2024,all,all,class-a,5-6,9,0,23.0
2024,all,all,class-a,7-8,0,,
2024,all,all,bay-shore+redwood-empire,1,60,40,5.0
2024,all,all,bay-shore+redwood-empire,2,60,29,9.0
2024,all,all,bay-shore+redwood-empire,3,58,15,12.5
2024,all,all,bay-shore+redwood-empire,4,60,8,16.0
2024,all,all,bay-shore+redwood-empire,5,57,5,19.0
2024,all,all,bay-shore+redwood-empire,6,54,4,19.0
2024,all,all,bay-shore+redwood-empire,7,24,1,19.0
2024,all,all,bay-shore+redwood-empire,8,15,0,18.0
2024,all,all,bay-shore+redwood-empire,9,5,,
2024,all,all,bay-shore+redwood-empire,10,1,,
2024,all,all,bay-shore+redwood-empire,11,0,,
2024,all,all,bay-shore+redwood-empire,12,0,,
2024,all,all,bay-shore+redwood-empire,5-6,111,9,19.0
2024,all,all,bay-shore+redwood-empire,7-8,39,1,18.5
2025,girls,sprints_hurdles,tri-valley,1,4,,
2025,girls,sprints_hurdles,tri-valley,2,4,,
2025,girls,sprints_hurdles,tri-valley,3,4,,
2025,girls,sprints_hurdles,tri-valley,4,4,,
2025,girls,sprints_hurdles,tri-valley,5,4,,
2025,girls,sprints_hurdles,tri-valley,6,4,,
2025,girls,sprints_hurdles,tri-valley,7,3,,
2025,girls,sprints_hurdles,tri-valley,8,1,,
2025,girls,sprints_hurdles,tri-valley,9,3,,
2025,girls,sprints_hurdles,tri-valley,10,2,,
2025,girls,sprints_hurdles,tri-valley,11,2,,
2025,girls,sprints_hurdles,tri-valley,12,1,,
2025,girls,sprints_hurdles,tri-valley,5-6,8,4,8.5
2025,girls,sprints_hurdles,tri-valley,7-8,4,,
2025,girls,sprints_hurdles,bay-shore,1,4,,
2025,girls,sprints_hurdles,bay-shore,2,4,,
2025,girls,sprints_hurdles,bay-shore,3,3,,
2025,girls,sprints_hurdles,bay-shore,4,4,,
2025,girls,sprints_hurdles,bay-shore,5,4,,
2025,girls,sprints_hurdles,bay-shore,6,4,,
2025,girls,sprints_hurdles,bay-shore,7,0,,
2025,girls,sprints_hurdles,bay-shore,8,1,,
2025,girls,sprints_hurdles,bay-shore,9,0,,
2025,girls,sprints_hurdles,bay-shore,10,0,,
2025,girls,sprints_hurdles,bay-shore,11,0,,
2025,girls,sprints_hurdles,bay-shore,12,0,,
2025,girls,sprints_hurdles,bay-shore,5-6,8,0,19.0
2025,girls,sprints_hurdles,bay-shore,7-8,1,,
2025,girls,sprints_hurdles,redwood-empire,1,4,,
2025,girls,sprints_hurdles,redwood-empire,2,3,,
2025,girls,sprints_hurdles,redwood-empire,3,2,,
2025,girls,sprints_hurdles,redwood-empire,4,4,,
2025,girls,sprints_hurdles,redwood-empire,5,3,,
2025,girls,sprints_hurdles,redwood-empire,6,4,,
2025,girls,sprints_hurdles,redwood-empire,7,3,,
2025,girls,sprints_hurdles,redwood-empire,8,2,,
2025,girls,sprints_hurdles,redwood-empire,9,0,,
2025,girls,sprints_hurdles,redwood-empire,10,0,,
2025,girls,sprints_hurdles,redwood-empire,11,0,,
2025,girls,sprints_hurdles,redwood-empire,12,0,,
2025,girls,sprints_hurdles,redwood-empire,5-6,7,0,22.0
2025,girls,sprints_hurdles,redwood-empire,7-8,5,0,23.0
2025,girls,sprints_hurdles,class-a,1,3,,
2025,girls,sprints_hurdles,class-a,2,4,,
2025,girls,sprints_hurdles,class-a,3,4,,
2025,girls,sprints_hurdles,class-a,4,2,,
2025,girls,sprints_hurdles,class-a,5,1,,
2025,girls,sprints_hurdles,class-a,6,0,,
2025,girls,sprints_hurdles,class-a,7,0,,
2025,girls,sprints_hurdles,class-a,8,0,,
2025,girls,sprints_hurdles,class-a,9,0,,
2025,girls,sprints_hurdles,class-a,10,0,,
2025,girls,sprints_hurdles,class-a,11,0,,
2025,girls,sprints_hurdles,class-a,12,0,,
2025,girls,sprints_hurdles,class-a,5-6,1,,
2025,girls,sprints_hurdles,class-a,7-8,0,,
2025,girls,sprints_hurdles,bay-shore+redwood-empire,1,8,,
2025,girls,sprints_hurdles,bay-shore+redwood-empire,2,7,,
2025,girls,sprints_hurdles,bay-shore+redwood-empire,3,5,,
2025,girls,sprints_hurdles,bay-shore+redwood-empire,4,8,,
2025,girls,sprints_hurdles,bay-shore+redwood-empire,5,7,,
2025,girls,sprints_hurdles,bay-shore+redwood-empire,6,8,,
2025,girls,sprints_hurdles,bay-shore+redwood-empire,7,3,,
2025,girls,sprints_hurdles,bay-shore+redwood-empire,8,3,,
2025,girls,sprints_hurdles,bay-shore+redwood-empire,9,0,,
2025,girls,sprints_hurdles,bay-shore+redwood-empire,10,0,,
2025,girls,sprints_hurdles,bay-shore+redwood-empire,11,0,,
2025,girls,sprints_hurdles,bay-shore+redwood-empire,12,0,,
2025,girls,sprints_hurdles,bay-shore+redwood-empire,5-6,15,0,21.0
2025,girls,sprints_hurdles,bay-shore+redwood-empire,7-8,6,,
2025,girls,400_800,tri-valley,1,2,,
2025,girls,400_800,tri-valley,2,1,,
2025,girls,400_800,tri-valley,3,2,,
2025,girls,400_800,tri-valley,4,2,,
2025,girls,400_800,tri-valley,5,1,,
2025,girls,400_800,tri-valley,6,2,,
2025,girls,400_800,tri-valley,7,1,,
2025,girls,400_800,tri-valley,8,2,,
2025,girls,400_800,tri-valley,9,1,,
2025,girls,400_800,tri-valley,10,1,,
2025,girls,400_800,tri-valley,11,1,,
2025,girls,400_800,tri-valley,12,0,,
2025,girls,400_800,tri-valley,5-6,3,,
2025,girls,400_800,tri-valley,7-8,3,,
2025,girls,400_800,bay-shore,1,2,,
2025,girls,400_800,bay-shore,2,2,,
2025,girls,400_800,bay-shore,3,2,,
2025,girls,400_800,bay-shore,4,2,,
2025,girls,400_800,bay-shore,5,2,,
2025,girls,400_800,bay-shore,6,2,,
2025,girls,400_800,bay-shore,7,0,,
2025,girls,400_800,bay-shore,8,0,,
2025,girls,400_800,bay-shore,9,0,,
2025,girls,400_800,bay-shore,10,0,,
2025,girls,400_800,bay-shore,11,0,,
2025,girls,400_800,bay-shore,12,0,,
2025,girls,400_800,bay-shore,5-6,4,,
2025,girls,400_800,bay-shore,7-8,0,,
2025,girls,400_800,redwood-empire,1,2,,
2025,girls,400_800,redwood-empire,2,2,,
2025,girls,400_800,redwood-empire,3,2,,
2025,girls,400_800,redwood-empire,4,2,,
2025,girls,400_800,redwood-empire,5,1,,
2025,girls,400_800,redwood-empire,6,2,,
2025,girls,400_800,redwood-empire,7,1,,
2025,girls,400_800,redwood-empire,8,0,,
2025,girls,400_800,redwood-empire,9,0,,
2025,girls,400_800,redwood-empire,10,0,,
2025,girls,400_800,redwood-empire,11,0,,
2025,girls,400_800,redwood-empire,12,0,,
2025,girls,400_800,redwood-empire,5-6,3,,
2025,girls,400_800,redwood-empire,7-8,1,,
2025,girls,400_800,class-a,1,1,,
2025,girls,400_800,class-a,2,2,,
2025,girls,400_800,class-a,3,2,,
2025,girls,400_800,class-a,4,1,,
2025,girls,400_800,class-a,5,1,,
2025,girls,400_800,class-a,6,1,,
2025,girls,400_800,class-a,7,0,,
2025,girls,400_800,class-a,8,0,,
2025,girls,400_800,class-a,9,0,,
2025,girls,400_800,class-a,10,0,,
2025,girls,400_800,class-a,11,0,,
2025,girls,400_800,class-a,12,0,,
2025,girls,400_800,class-a,5-6,2,,
2025,girls,400_800,class-a,7-8,0,,
2025,girls,400_800,bay-shore+redwood-empire,1,4,,
2025,girls,400_800,bay-shore+redwood-empire,2,4,,
2025,girls,400_800,bay-shore+redwood-empire,3,4,,
2025,girls,400_800,bay-shore+redwood-empire,4,4,,
2025,girls,400_800,bay-shore+redwood-empire,5,3,,
2025,girls,400_800,bay-shore+redwood-empire,6,4,,
2025,girls,400_800,bay-shore+redwood-empire,7,1,,
2025,girls,400_800,bay-shore+redwood-empire,8,0,,
2025,girls,400_800,bay-shore+redwood-empire,9,0,,
2025,girls,400_800,bay-shore+redwood-empire,10,0,,
2025,girls,400_800,bay-shore+redwood-empire,11,0,,
2025,girls,400_800,bay-shore+redwood-empire,12,0,,
2025,girls,400_800,bay-shore+redwood-empire,5-6,7,,
2025,girls,400_800,bay-shore+redwood-empire,7-8,1,,
2025,girls,distance,tri-valley,1,1,,
2025,girls,distance,tri-valley,2,1,,
2025,girls,distance,tri-valley,3,0,,
2025,girls,distance,tri-valley,4,2,,
2025,girls,distance,tri-valley,5,1,,
2025,girls,distance,tri-valley,6,2,,
2025,girls,distance,tri-valley,7,2,,
2025,girls,distance,tri-valley,8,1,,
2025,girls,distance,tri-valley,9,1,,
2025,girls,distance,tri-valley,10,1,,
2025,girls,distance,tri-valley,11,0,,
2025,girls,distance,tri-valley,12,0,,
2025,girls,distance,tri-valley,5-6,3,,
2025,girls,distance,tri-valley,7-8,3,,
2025,girls,distance,bay-shore,1,2,,
2025,girls,distance,bay-shore,2,1,,
2025,girls,distance,bay-shore,3,1,,
2025,girls,distance,bay-shore,4,1,,
2025,girls,distance,bay-shore,5,2,,
2025,girls,distance,bay-shore,6,2,,
2025,girls,distance,bay-shore,7,0,,
2025,girls,distance,bay-shore,8,1,,
2025,girls,distance,bay-shore,9,1,,
2025,girls,distance,bay-shore,10,1,,
2025,girls,distance,bay-shore,11,0,,
2025,girls,distance,bay-shore,12,0,,
2025,girls,distance,bay-shore,5-6,4,,
2025,girls,distance,bay-shore,7-8,1,,
2025,girls,distance,redwood-empire,1,2,,
2025,girls,distance,redwood-empire,2,2,,
2025,girls,distance,redwood-empire,3,2,,
2025,girls,distance,redwood-empire,4,2,,
2025,girls,distance,redwood-empire,5,2,,
2025,girls,distance,redwood-empire,6,2,,
2025,girls,distance,redwood-empire,7,2,,
2025,girls,distance,redwood-empire,8,2,,
2025,girls,distance,redwood-empire,9,1,,
2025,girls,distance,redwood-empire,10,0,,
2025,girls,distance,redwood-empire,11,0,,
2025,girls,distance,redwood-empire,12,0,,
2025,girls,distance,redwood-empire,5-6,4,,
2025,girls,distance,redwood-empire,7-8,4,,
2025,girls,distance,class-a,1,2,,
2025,girls,distance,class-a,2,2,,
2025,girls,distance,class-a,3,2,,
2025,girls,distance,class-a,4,0,,
2025,girls,distance,class-a,5,0,,
2025,girls,distance,class-a,6,0,,
2025,girls,distance,class-a,7,0,,
2025,girls,distance,class-a,8,0,,
2025,girls,distance,class-a,9,0,,
2025,girls,distance,class-a,10,0,,
2025,girls,distance,class-a,11,0,,
2025,girls,distance,class-a,12,0,,
2025,girls,distance,class-a,5-6,0,,
2025,girls,distance,class-a,7-8,0,,
2025,girls,distance,bay-shore+redwood-empire,1,4,,
2025,girls,distance,bay-shore+redwood-empire,2,3,,
2025,girls,distance,bay-shore+redwood-empire,3,3,,
2025,girls,distance,bay-shore+redwood-empire,4,3,,
2025,girls,distance,bay-shore+redwood-empire,5,4,,
2025,girls,distance,bay-shore+redwood-empire,6,4,,
2025,girls,distance,bay-shore+redwood-empire,7,2,,
2025,girls,distance,bay-shore+redwood-empire,8,3,,
2025,girls,distance,bay-shore+redwood-empire,9,2,,
2025,girls,distance,bay-shore+redwood-empire,10,1,,
2025,girls,distance,bay-shore+redwood-empire,11,0,,
2025,girls,distance,bay-shore+redwood-empire,12,0,,
2025,girls,distance,bay-shore+redwood-empire,5-6,8,,
2025,girls,distance,bay-shore+redwood-empire,7-8,5,,
2025,girls,jumps,tri-valley,1,4,,
2025,girls,jumps,tri-valley,2,4,,
2025,girls,jumps,tri-valley,3,4,,
2025,girls,jumps,tri-valley,4,5,2,13.0
2025,girls,jumps,tri-valley,5,2,,
2025,girls,jumps,tri-valley,6,3,,
2025,girls,jumps,tri-valley,7,2,,
2025,girls,jumps,tri-valley,8,4,,
2025,girls,jumps,tri-valley,9,2,,
2025,girls,jumps,tri-valley,10,0,,
2025,girls,jumps,tri-valley,11,0,,
2025,girls,jumps,tri-valley,12,0,,
2025,girls,jumps,tri-valley,5-6,5,1,11.0
2025,girls,jumps,tri-valley,7-8,6,1,15.0
2025,girls,jumps,bay-shore,1,4,,
2025,girls,jumps,bay-shore,2,3,,
2025,girls,jumps,bay-shore,3,3,,
2025,girls,jumps,bay-shore,4,3,,
2025,girls,jumps,bay-shore,5,4,,
2025,girls,jumps,bay-shore,6,4,,
2025,girls,jumps,bay-shore,7,4,,
2025,girls,jumps,bay-shore,8,0,,
2025,girls,jumps,bay-shore,9,0,,
2025,girls,jumps,bay-shore,10,0,,
2025,girls,jumps,bay-shore,11,0,,
2025,girls,jumps,bay-shore,12,0,,
2025,girls,jumps,bay-shore,5-6,8,2,11.0
2025,girls,jumps,bay-shore,7-8,4,,
2025,girls,jumps,redwood-empire,1,4,,
2025,girls,jumps,redwood-empire,2,4,,
2025,girls,jumps,redwood-empire,3,6,2,9.0
2025,girls,jumps,redwood-empire,4,3,,
2025,girls,jumps,redwood-empire,5,1,,
2025,girls,jumps,redwood-empire,6,5,0,12.0
2025,girls,jumps,redwood-empire,7,1,,
2025,girls,jumps,redwood-empire,8,1,,
2025,girls,jumps,redwood-empire,9,0,,
2025,girls,jumps,redwood-empire,10,0,,
2025,girls,jumps,redwood-empire,11,0,,
2025,girls,jumps,redwood-empire,12,0,,
2025,girls,jumps,redwood-empire,5-6,6,0,13.5
2025,girls,jumps,redwood-empire,7-8,2,,
2025,girls,jumps,class-a,1,3,,
2025,girls,jumps,class-a,2,3,,
2025,girls,jumps,class-a,3,2,,
2025,girls,jumps,class-a,4,2,,
2025,girls,jumps,class-a,5,0,,
2025,girls,jumps,class-a,6,1,,
2025,girls,jumps,class-a,7,0,,
2025,girls,jumps,class-a,8,0,,
2025,girls,jumps,class-a,9,0,,
2025,girls,jumps,class-a,10,0,,
2025,girls,jumps,class-a,11,0,,
2025,girls,jumps,class-a,12,0,,
2025,girls,jumps,class-a,5-6,1,,
2025,girls,jumps,class-a,7-8,0,,
2025,girls,jumps,bay-shore+redwood-empire,1,8,,
2025,girls,jumps,bay-shore+redwood-empire,2,7,,
2025,girls,jumps,bay-shore+redwood-empire,3,9,,
2025,girls,jumps,bay-shore+redwood-empire,4,6,,
2025,girls,jumps,bay-shore+redwood-empire,5,5,,
2025,girls,jumps,bay-shore+redwood-empire,6,9,,
2025,girls,jumps,bay-shore+redwood-empire,7,5,,
2025,girls,jumps,bay-shore+redwood-empire,8,1,,
2025,girls,jumps,bay-shore+redwood-empire,9,0,,
2025,girls,jumps,bay-shore+redwood-empire,10,0,,
2025,girls,jumps,bay-shore+redwood-empire,11,0,,
2025,girls,jumps,bay-shore+redwood-empire,12,0,,
2025,girls,jumps,bay-shore+redwood-empire,5-6,14,2,12.0
2025,girls,jumps,bay-shore+redwood-empire,7-8,6,,
2025,girls,throws,tri-valley,1,2,,
2025,girls,throws,tri-valley,2,2,,
2025,girls,throws,tri-valley,3,2,,
2025,girls,throws,tri-valley,4,2,,
2025,girls,throws,tri-valley,5,2,,
2025,girls,throws,tri-valley,6,2,,
2025,girls,throws,tri-valley,7,2,,
2025,girls,throws,tri-valley,8,1,,
2025,girls,throws,tri-valley,9,0,,
2025,girls,throws,tri-valley,10,0,,
2025,girls,throws,tri-valley,11,0,,
2025,girls,throws,tri-valley,12,0,,
2025,girls,throws,tri-valley,5-6,4,,
2025,girls,throws,tri-valley,7-8,3,,
2025,girls,throws,bay-shore,1,2,,
2025,girls,throws,bay-shore,2,2,,
2025,girls,throws,bay-shore,3,2,,
2025,girls,throws,bay-shore,4,2,,
2025,girls,throws,bay-shore,5,2,,
2025,girls,throws,bay-shore,6,2,,
2025,girls,throws,bay-shore,7,0,,
2025,girls,throws,bay-shore,8,0,,
2025,girls,throws,bay-shore,9,0,,
2025,girls,throws,bay-shore,10,0,,
2025,girls,throws,bay-shore,11,0,,
2025,girls,throws,bay-shore,12,0,,
2025,girls,throws,bay-shore,5-6,4,,
2025,girls,throws,bay-shore,7-8,0,,
2025,girls,throws,redwood-empire,1,2,,
2025,girls,throws,redwood-empire,2,2,,
2025,girls,throws,redwood-empire,3,2,,
2025,girls,throws,redwood-empire,4,2,,
2025,girls,throws,redwood-empire,5,2,,
2025,girls,throws,redwood-empire,6,2,,
2025,girls,throws,redwood-empire,7,2,,
2025,girls,throws,redwood-empire,8,1,,
2025,girls,throws,redwood-empire,9,0,,
2025,girls,throws,redwood-empire,10,0,,
2025,girls,throws,redwood-empire,11,0,,
2025,girls,throws,redwood-empire,12,0,,
2025,girls,throws,redwood-empire,5-6,4,,
2025,girls,throws,redwood-empire,7-8,3,,
2025,girls,throws,class-a,1,2,,
2025,girls,throws,class-a,2,2,,
2025,girls,throws,class-a,3,2,,
2025,girls,throws,class-a,4,0,,
2025,girls,throws,class-a,5,0,,
2025,girls,throws,class-a,6,0,,
2025,girls,throws,class-a,7,0,,
2025,girls,throws,class-a,8,0,,
2025,girls,throws,class-a,9,0,,
2025,girls,throws,class-a,10,0,,
2025,girls,throws,class-a,11,0,,
2025,girls,throws,class-a,12,0,,
2025,girls,throws,class-a,5-6,0,,
2025,girls,throws,class-a,7-8,0,,
2025,girls,throws,bay-shore+redwood-empire,1,4,,
2025,girls,throws,bay-shore+redwood-empire,2,4,,
2025,girls,throws,bay-shore+redwood-empire,3,4,,
2025,girls,throws,bay-shore+redwood-empire,4,4,,
2025,girls,throws,bay-shore+redwood-empire,5,4,,
2025,girls,throws,bay-shore+redwood-empire,6,4,,
2025,girls,throws,bay-shore+redwood-empire,7,2,,
2025,girls,throws,bay-shore+redwood-empire,8,1,,
2025,girls,throws,bay-shore+redwood-empire,9,0,,
2025,girls,throws,bay-shore+redwood-empire,10,0,,
2025,girls,throws,bay-shore+redwood-empire,11,0,,
2025,girls,throws,bay-shore+redwood-empire,12,0,,
2025,girls,throws,bay-shore+redwood-empire,5-6,8,,
2025,girls,throws,bay-shore+redwood-empire,7-8,3,,
2025,girls,relays,tri-valley,1,2,,
2025,girls,relays,tri-valley,2,2,,
2025,girls,relays,tri-valley,3,2,,
2025,girls,relays,tri-valley,4,2,,
2025,girls,relays,tri-valley,5,2,,
2025,girls,relays,tri-valley,6,2,,
2025,girls,relays,tri-valley,7,2,,
2025,girls,relays,tri-valley,8,2,,
2025,girls,relays,tri-valley,9,0,,
2025,girls,relays,tri-valley,10,0,,
2025,girls,relays,tri-valley,11,0,,
2025,girls,relays,tri-valley,12,0,,
2025,girls,relays,tri-valley,5-6,4,,
2025,girls,relays,tri-valley,7-8,4,,
2025,girls,relays,bay-shore,1,2,,
2025,girls,relays,bay-shore,2,2,,
2025,girls,relays,bay-shore,3,2,,
2025,girls,relays,bay-shore,4,2,,
2025,girls,relays,bay-shore,5,1,,
2025,girls,relays,bay-shore,6,2,,
2025,girls,relays,bay-shore,7,2,,
2025,girls,relays,bay-shore,8,0,,
2025,girls,relays,bay-shore,9,0,,
2025,girls,relays,bay-shore,10,0,,
2025,girls,relays,bay-shore,11,0,,
2025,girls,relays,bay-shore,12,0,,
2025,girls,relays,bay-shore,5-6,3,,
2025,girls,relays,bay-shore,7-8,2,,
2025,girls,relays,redwood-empire,1,2,,
2025,girls,relays,redwood-empire,2,2,,
2025,girls,relays,redwood-empire,3,2,,
2025,girls,relays,redwood-empire,4,2,,
2025,girls,relays,redwood-empire,5,2,,
2025,girls,relays,redwood-empire,6,2,,
2025,girls,relays,redwood-empire,7,0,,
2025,girls,relays,redwood-empire,8,0,,
2025,girls,relays,redwood-empire,9,0,,
2025,girls,relays,redwood-empire,10,0,,
2025,girls,relays,redwood-empire,11,0,,
2025,girls,relays,redwood-empire,12,0,,
2025,girls,relays,redwood-empire,5-6,4,,
2025,girls,relays,redwood-empire,7-8,0,,
2025,girls,relays,class-a,1,2,,
2025,girls,relays,class-a,2,2,,
2025,girls,relays,class-a,3,1,,
2025,girls,relays,class-a,4,2,,
2025,girls,relays,class-a,5,0,,
2025,girls,relays,class-a,6,0,,
2025,girls,relays,class-a,7,0,,
2025,girls,relays,class-a,8,0,,
2025,girls,relays,class-a,9,0,,
2025,girls,relays,class-a,10,0,,
2025,girls,relays,class-a,11,0,,
2025,girls,relays,class-a,12,0,,
2025,girls,relays,class-a,5-6,0,,
2025,girls,relays,class-a,7-8,0,,
2025,girls,relays,bay-shore+redwood-empire,1,4,,
2025,girls,relays,bay-shore+redwood-empire,2,4,,
2025,girls,relays,bay-shore+redwood-empire,3,4,,
2025,girls,relays,bay-shore+redwood-empire,4,4,,
2025,girls,relays,bay-shore+redwood-empire,5,3,,
2025,girls,relays,bay-shore+redwood-empire,6,4,,
2025,girls,relays,bay-shore+redwood-empire,7,2,,
2025,girls,relays,bay-shore+redwood-empire,8,0,,
2025,girls,relays,bay-shore+redwood-empire,9,0,,
2025,girls,relays,bay-shore+redwood-empire,10,0,,
2025,girls,relays,bay-shore+redwood-empire,11,0,,
2025,girls,relays,bay-shore+redwood-empire,12,0,,
2025,girls,relays,bay-shore+redwood-empire,5-6,7,,
2025,girls,relays,bay-shore+redwood-empire,7-8,2,,
2025,girls,all,tri-valley,1,15,15,2.0
2025,girls,all,tri-valley,2,14,12,4.0
2025,girls,all,tri-valley,3,14,13,4.0
2025,girls,all,tri-valley,4,17,10,7.0
2025,girls,all,tri-valley,5,12,8,6.0
2025,girls,all,tri-valley,6,15,2,11.5
2025,girls,all,tri-valley,7,12,1,16.0
2025,girls,all,tri-valley,8,11,1,15.0
2025,girls,all,tri-valley,9,7,0,17.0
2025,girls,all,tri-valley,10,4,,
2025,girls,all,tri-valley,11,3,,
2025,girls,all,tri-valley,12,1,,
2025,girls,all,tri-valley,5-6,27,10,10.0
2025,girls,all,tri-valley,7-8,23,2,15.0
2025,girls,all,bay-shore,1,16,9,6.0
2025,girls,all,bay-shore,2,14,8,8.0
2025,girls,all,bay-shore,3,13,3,13.0
2025,girls,all,bay-shore,4,14,3,17.0
2025,girls,all,bay-shore,5,15,2,19.5
2025,girls,all,bay-shore,6,16,0,19.0
2025,girls,all,bay-shore,7,6,1,18.0
2025,girls,all,bay-shore,8,2,,
2025,girls,all,bay-shore,9,1,,
2025,girls,all,bay-shore,10,1,,
2025,girls,all,bay-shore,11,0,,
2025,girls,all,bay-shore,12,0,,
2025,girls,all,bay-shore,5-6,31,2,19.0
2025,girls,all,bay-shore,7-8,8,1,18.0
2025,girls,all,redwood-empire,1,16,12,3.0
2025,girls,all,redwood-empire,2,15,9,7.0
2025,girls,all,redwood-empire,3,16,4,12.0
2025,girls,all,redwood-empire,4,15,3,16.0
2025,girls,all,redwood-empire,5,11,2,16.0
2025,girls,all,redwood-empire,6,17,1,18.0
2025,girls,all,redwood-empire,7,9,0,17.5
2025,girls,all,redwood-empire,8,6,0,20.0
2025,girls,all,redwood-empire,9,1,,
2025,girls,all,redwood-empire,10,0,,
2025,girls,all,redwood-empire,11,0,,
2025,girls,all,redwood-empire,12,0,,
2025,girls,all,redwood-empire,5-6,28,3,17.0
2025,girls,all,redwood-empire,7-8,15,0,18.5
2025,girls,all,class-a,1,13,7,8.0
2025,girls,all,class-a,2,15,3,15.0
2025,girls,all,class-a,3,13,1,14.5
2025,girls,all,class-a,4,7,0,17.5
2025,girls,all,class-a,5,2,,
2025,girls,all,class-a,6,2,,
2025,girls,all,class-a,7,0,,
2025,girls,all,class-a,8,0,,
2025,girls,all,class-a,9,0,,
2025,girls,all,class-a,10,0,,
2025,girls,all,class-a,11,0,,
2025,girls,all,class-a,12,0,,
2025,girls,all,class-a,5-6,4,,
2025,girls,all,class-a,7-8,0,,
2025,girls,all,bay-shore+redwood-empire,1,32,21,6.0
2025,girls,all,bay-shore+redwood-empire,2,29,17,8.0
2025,girls,all,bay-shore+redwood-empire,3,29,7,12.0
2025,girls,all,bay-shore+redwood-empire,4,29,6,16.0
2025,girls,all,bay-shore+redwood-empire,5,26,4,19.0
2025,girls,all,bay-shore+redwood-empire,6,33,1,19.0
2025,girls,all,bay-shore+redwood-empire,7,15,1,17.5
2025,girls,all,bay-shore+redwood-empire,8,8,,
2025,girls,all,bay-shore+redwood-empire,9,2,,
2025,girls,all,bay-shore+redwood-empire,10,1,,
2025,girls,all,bay-shore+redwood-empire,11,0,,
2025,girls,all,bay-shore+redwood-empire,12,0,,
2025,girls,all,bay-shore+redwood-empire,5-6,59,5,19.0
2025,girls,all,bay-shore+redwood-empire,7-8,23,1,18.5
2025,boys,sprints_hurdles,tri-valley,1,4,,
2025,boys,sprints_hurdles,tri-valley,2,4,,
2025,boys,sprints_hurdles,tri-valley,3,4,,
2025,boys,sprints_hurdles,tri-valley,4,4,,
2025,boys,sprints_hurdles,tri-valley,5,4,,
2025,boys,sprints_hurdles,tri-valley,6,2,,
2025,boys,sprints_hurdles,tri-valley,7,4,,
2025,boys,sprints_hurdles,tri-valley,8,4,,
2025,boys,sprints_hurdles,tri-valley,9,3,,
2025,boys,sprints_hurdles,tri-valley,10,2,,
2025,boys,sprints_hurdles,tri-valley,11,2,,
2025,boys,sprints_hurdles,tri-valley,12,2,,
2025,boys,sprints_hurdles,tri-valley,5-6,6,1,10.0
2025,boys,sprints_hurdles,tri-valley,7-8,8,1,13.0
2025,boys,sprints_hurdles,bay-shore,1,4,,
2025,boys,sprints_hurdles,bay-shore,2,3,,
2025,boys,sprints_hurdles,bay-shore,3,4,,
2025,boys,sprints_hurdles,bay-shore,4,3,,
2025,boys,sprints_hurdles,bay-shore,5,5,1,22.0
2025,boys,sprints_hurdles,bay-shore,6,3,,
2025,boys,sprints_hurdles,bay-shore,7,3,,
2025,boys,sprints_hurdles,bay-shore,8,0,,
2025,boys,sprints_hurdles,bay-shore,9,0,,
2025,boys,sprints_hurdles,bay-shore,10,0,,
2025,boys,sprints_hurdles,bay-shore,11,0,,
2025,boys,sprints_hurdles,bay-shore,12,0,,
2025,boys,sprints_hurdles,bay-shore,5-6,8,2,16.5
2025,boys,sprints_hurdles,bay-shore,7-8,3,,
2025,boys,sprints_hurdles,redwood-empire,1,4,,
2025,boys,sprints_hurdles,redwood-empire,2,4,,
2025,boys,sprints_hurdles,redwood-empire,3,4,,
2025,boys,sprints_hurdles,redwood-empire,4,4,,
2025,boys,sprints_hurdles,redwood-empire,5,2,,
2025,boys,sprints_hurdles,redwood-empire,6,4,,
2025,boys,sprints_hurdles,redwood-empire,7,2,,
2025,boys,sprints_hurdles,redwood-empire,8,1,,
2025,boys,sprints_hurdles,redwood-empire,9,0,,
2025,boys,sprints_hurdles,redwood-empire,10,0,,
2025,boys,sprints_hurdles,redwood-empire,11,0,,
2025,boys,sprints_hurdles,redwood-empire,12,0,,
2025,boys,sprints_hurdles,redwood-empire,5-6,6,0,19.5
2025,boys,sprints_hurdles,redwood-empire,7-8,3,,
2025,boys,sprints_hurdles,class-a,1,3,,
2025,boys,sprints_hurdles,class-a,2,3,,
2025,boys,sprints_hurdles,class-a,3,4,,
2025,boys,sprints_hurdles,class-a,4,2,,
2025,boys,sprints_hurdles,class-a,5,0,,
2025,boys,sprints_hurdles,class-a,6,0,,
2025,boys,sprints_hurdles,class-a,7,0,,
2025,boys,sprints_hurdles,class-a,8,0,,
2025,boys,sprints_hurdles,class-a,9,0,,
2025,boys,sprints_hurdles,class-a,10,0,,
2025,boys,sprints_hurdles,class-a,11,0,,
2025,boys,sprints_hurdles,class-a,12,0,,
2025,boys,sprints_hurdles,class-a,5-6,0,,
2025,boys,sprints_hurdles,class-a,7-8,0,,
2025,boys,sprints_hurdles,bay-shore+redwood-empire,1,8,,
2025,boys,sprints_hurdles,bay-shore+redwood-empire,2,7,,
2025,boys,sprints_hurdles,bay-shore+redwood-empire,3,8,,
2025,boys,sprints_hurdles,bay-shore+redwood-empire,4,7,,
2025,boys,sprints_hurdles,bay-shore+redwood-empire,5,7,,
2025,boys,sprints_hurdles,bay-shore+redwood-empire,6,7,,
2025,boys,sprints_hurdles,bay-shore+redwood-empire,7,5,,
2025,boys,sprints_hurdles,bay-shore+redwood-empire,8,1,,
2025,boys,sprints_hurdles,bay-shore+redwood-empire,9,0,,
2025,boys,sprints_hurdles,bay-shore+redwood-empire,10,0,,
2025,boys,sprints_hurdles,bay-shore+redwood-empire,11,0,,
2025,boys,sprints_hurdles,bay-shore+redwood-empire,12,0,,
2025,boys,sprints_hurdles,bay-shore+redwood-empire,5-6,14,2,18.5
2025,boys,sprints_hurdles,bay-shore+redwood-empire,7-8,6,,
2025,boys,400_800,tri-valley,1,1,,
2025,boys,400_800,tri-valley,2,2,,
2025,boys,400_800,tri-valley,3,1,,
2025,boys,400_800,tri-valley,4,2,,
2025,boys,400_800,tri-valley,5,2,,
2025,boys,400_800,tri-valley,6,2,,
2025,boys,400_800,tri-valley,7,1,,
2025,boys,400_800,tri-valley,8,1,,
2025,boys,400_800,tri-valley,9,2,,
2025,boys,400_800,tri-valley,10,1,,
2025,boys,400_800,tri-valley,11,1,,
2025,boys,400_800,tri-valley,12,0,,
2025,boys,400_800,tri-valley,5-6,4,,
2025,boys,400_800,tri-valley,7-8,2,,
2025,boys,400_800,bay-shore,1,2,,
2025,boys,400_800,bay-shore,2,2,,
2025,boys,400_800,bay-shore,3,1,,
2025,boys,400_800,bay-shore,4,1,,
2025,boys,400_800,bay-shore,5,2,,
2025,boys,400_800,bay-shore,6,2,,
2025,boys,400_800,bay-shore,7,1,,
2025,boys,400_800,bay-shore,8,0,,
2025,boys,400_800,bay-shore,9,0,,
2025,boys,400_800,bay-shore,10,0,,
2025,boys,400_800,bay-shore,11,0,,
2025,boys,400_800,bay-shore,12,0,,
2025,boys,400_800,bay-shore,5-6,4,,
2025,boys,400_800,bay-shore,7-8,1,,
2025,boys,400_800,redwood-empire,1,2,,
2025,boys,400_800,redwood-empire,2,0,,
2025,boys,400_800,redwood-empire,3,2,,
2025,boys,400_800,redwood-empire,4,2,,
2025,boys,400_800,redwood-empire,5,2,,
2025,boys,400_800,redwood-empire,6,1,,
2025,boys,400_800,redwood-empire,7,2,,
2025,boys,400_800,redwood-empire,8,0,,
2025,boys,400_800,redwood-empire,9,1,,
2025,boys,400_800,redwood-empire,10,1,,
2025,boys,400_800,redwood-empire,11,0,,
2025,boys,400_800,redwood-empire,12,0,,
2025,boys,400_800,redwood-empire,5-6,3,,
2025,boys,400_800,redwood-empire,7-8,2,,
2025,boys,400_800,class-a,1,1,,
2025,boys,400_800,class-a,2,1,,
2025,boys,400_800,class-a,3,1,,
2025,boys,400_800,class-a,4,0,,
2025,boys,400_800,class-a,5,1,,
2025,boys,400_800,class-a,6,0,,
2025,boys,400_800,class-a,7,1,,
2025,boys,400_800,class-a,8,1,,
2025,boys,400_800,class-a,9,0,,
2025,boys,400_800,class-a,10,0,,
2025,boys,400_800,class-a,11,0,,
2025,boys,400_800,class-a,12,0,,
2025,boys,400_800,class-a,5-6,1,,
2025,boys,400_800,class-a,7-8,2,,
2025,boys,400_800,bay-shore+redwood-empire,1,4,,
2025,boys,400_800,bay-shore+redwood-empire,2,2,,
2025,boys,400_800,bay-shore+redwood-empire,3,3,,
2025,boys,400_800,bay-shore+redwood-empire,4,3,,
2025,boys,400_800,bay-shore+redwood-empire,5,4,,
2025,boys,400_800,bay-shore+redwood-empire,6,3,,
2025,boys,400_800,bay-shore+redwood-empire,7,3,,
2025,boys,400_800,bay-shore+redwood-empire,8,0,,
2025,boys,400_800,bay-shore+redwood-empire,9,1,,
2025,boys,400_800,bay-shore+redwood-empire,10,1,,
2025,boys,400_800,bay-shore+redwood-empire,11,0,,
2025,boys,400_800,bay-shore+redwood-empire,12,0,,
2025,boys,400_800,bay-shore+redwood-empire,5-6,7,,
2025,boys,400_800,bay-shore+redwood-empire,7-8,3,,
2025,boys,distance,tri-valley,1,2,,
2025,boys,distance,tri-valley,2,2,,
2025,boys,distance,tri-valley,3,2,,
2025,boys,distance,tri-valley,4,2,,
2025,boys,distance,tri-valley,5,2,,
2025,boys,distance,tri-valley,6,2,,
2025,boys,distance,tri-valley,7,2,,
2025,boys,distance,tri-valley,8,1,,
2025,boys,distance,tri-valley,9,2,,
2025,boys,distance,tri-valley,10,0,,
2025,boys,distance,tri-valley,11,0,,
2025,boys,distance,tri-valley,12,0,,
2025,boys,distance,tri-valley,5-6,4,,
2025,boys,distance,tri-valley,7-8,3,,
2025,boys,distance,bay-shore,1,2,,
2025,boys,distance,bay-shore,2,2,,
2025,boys,distance,bay-shore,3,2,,
2025,boys,distance,bay-shore,4,2,,
2025,boys,distance,bay-shore,5,2,,
2025,boys,distance,bay-shore,6,2,,
2025,boys,distance,bay-shore,7,0,,
2025,boys,distance,bay-shore,8,0,,
2025,boys,distance,bay-shore,9,0,,
2025,boys,distance,bay-shore,10,0,,
2025,boys,distance,bay-shore,11,0,,
2025,boys,distance,bay-shore,12,0,,
2025,boys,distance,bay-shore,5-6,4,,
2025,boys,distance,bay-shore,7-8,0,,
2025,boys,distance,redwood-empire,1,2,,
2025,boys,distance,redwood-empire,2,2,,
2025,boys,distance,redwood-empire,3,2,,
2025,boys,distance,redwood-empire,4,2,,
2025,boys,distance,redwood-empire,5,2,,
2025,boys,distance,redwood-empire,6,1,,
2025,boys,distance,redwood-empire,7,1,,
2025,boys,distance,redwood-empire,8,1,,
2025,boys,distance,redwood-empire,9,0,,
2025,boys,distance,redwood-empire,10,0,,
2025,boys,distance,redwood-empire,11,0,,
2025,boys,distance,redwood-empire,12,0,,
2025,boys,distance,redwood-empire,5-6,3,,
2025,boys,distance,redwood-empire,7-8,2,,
2025,boys,distance,class-a,1,2,,
2025,boys,distance,class-a,2,2,,
2025,boys,distance,class-a,3,2,,
2025,boys,distance,class-a,4,0,,
2025,boys,distance,class-a,5,0,,
2025,boys,distance,class-a,6,0,,
2025,boys,distance,class-a,7,0,,
2025,boys,distance,class-a,8,0,,
2025,boys,distance,class-a,9,0,,
2025,boys,distance,class-a,10,0,,
2025,boys,distance,class-a,11,0,,
2025,boys,distance,class-a,12,0,,
2025,boys,distance,class-a,5-6,0,,
2025,boys,distance,class-a,7-8,0,,
2025,boys,distance,bay-shore+redwood-empire,1,4,,
2025,boys,distance,bay-shore+redwood-empire,2,4,,
2025,boys,distance,bay-shore+redwood-empire,3,4,,
2025,boys,distance,bay-shore+redwood-empire,4,4,,
2025,boys,distance,bay-shore+redwood-empire,5,4,,
2025,boys,distance,bay-shore+redwood-empire,6,3,,
2025,boys,distance,bay-shore+redwood-empire,7,1,,
2025,boys,distance,bay-shore+redwood-empire,8,1,,
2025,boys,distance,bay-shore+redwood-empire,9,0,,
2025,boys,distance,bay-shore+redwood-empire,10,0,,
2025,boys,distance,bay-shore+redwood-empire,11,0,,
2025,boys,distance,bay-shore+redwood-empire,12,0,,
2025,boys,distance,bay-shore+redwood-empire,5-6,7,,
2025,boys,distance,bay-shore+redwood-empire,7-8,2,,
2025,boys,jumps,tri-valley,1,5,4,1.0
2025,boys,jumps,tri-valley,2,4,,
2025,boys,jumps,tri-valley,3,3,,
2025,boys,jumps,tri-valley,4,4,,
2025,boys,jumps,tri-valley,5,4,,
2025,boys,jumps,tri-valley,6,4,,
2025,boys,jumps,tri-valley,7,4,,
2025,boys,jumps,tri-valley,8,4,,
2025,boys,jumps,tri-valley,9,5,2,13.0
2025,boys,jumps,tri-valley,10,0,,
2025,boys,jumps,tri-valley,11,1,,
2025,boys,jumps,tri-valley,12,1,,
2025,boys,jumps,tri-valley,5-6,8,3,9.0
2025,boys,jumps,tri-valley,7-8,8,0,17.0
2025,boys,jumps,bay-shore,1,3,,
2025,boys,jumps,bay-shore,2,4,,
2025,boys,jumps,bay-shore,3,3,,
2025,boys,jumps,bay-shore,4,4,,
2025,boys,jumps,bay-shore,5,3,,
2025,boys,jumps,bay-shore,6,3,,
2025,boys,jumps,bay-shore,7,2,,
2025,boys,jumps,bay-shore,8,0,,
2025,boys,jumps,bay-shore,9,0,,
2025,boys,jumps,bay-shore,10,0,,
2025,boys,jumps,bay-shore,11,0,,
2025,boys,jumps,bay-shore,12,0,,
2025,boys,jumps,bay-shore,5-6,6,2,9.0
2025,boys,jumps,bay-shore,7-8,2,,
2025,boys,jumps,redwood-empire,1,4,,
2025,boys,jumps,redwood-empire,2,4,,
2025,boys,jumps,redwood-empire,3,3,,
2025,boys,jumps,redwood-empire,4,3,,
2025,boys,jumps,redwood-empire,5,4,,
2025,boys,jumps,redwood-empire,6,5,0,17.5
2025,boys,jumps,redwood-empire,7,1,,
2025,boys,jumps,redwood-empire,8,0,,
2025,boys,jumps,redwood-empire,9,0,,
2025,boys,jumps,redwood-empire,10,0,,
2025,boys,jumps,redwood-empire,11,0,,
2025,boys,jumps,redwood-empire,12,0,,
2025,boys,jumps,redwood-empire,5-6,9,0,16.0
2025,boys,jumps,redwood-empire,7-8,1,,
2025,boys,jumps,class-a,1,4,,
2025,boys,jumps,class-a,2,4,,
2025,boys,jumps,class-a,3,2,,
2025,boys,jumps,class-a,4,0,,
2025,boys,jumps,class-a,5,0,,
2025,boys,jumps,class-a,6,0,,
2025,boys,jumps,class-a,7,0,,
2025,boys,jumps,class-a,8,0,,
2025,boys,jumps,class-a,9,0,,
2025,boys,jumps,class-a,10,0,,
2025,boys,jumps,class-a,11,0,,
2025,boys,jumps,class-a,12,0,,
2025,boys,jumps,class-a,5-6,0,,
2025,boys,jumps,class-a,7-8,0,,
2025,boys,jumps,bay-shore+redwood-empire,1,7,,
2025,boys,jumps,bay-shore+redwood-empire,2,8,,
2025,boys,jumps,bay-shore+redwood-empire,3,6,,
2025,boys,jumps,bay-shore+redwood-empire,4,7,,
2025,boys,jumps,bay-shore+redwood-empire,5,7,,
2025,boys,jumps,bay-shore+redwood-empire,6,8,,
2025,boys,jumps,bay-shore+redwood-empire,7,3,,
2025,boys,jumps,bay-shore+redwood-empire,8,0,,
2025,boys,jumps,bay-shore+redwood-empire,9,0,,
2025,boys,jumps,bay-shore+redwood-empire,10,0,,
2025,boys,jumps,bay-shore+redwood-empire,11,0,,
2025,boys,jumps,bay-shore+redwood-empire,12,0,,
2025,boys,jumps,bay-shore+redwood-empire,5-6,15,2,15.0
2025,boys,jumps,bay-shore+redwood-empire,7-8,3,,
2025,boys,throws,tri-valley,1,2,,
2025,boys,throws,tri-valley,2,2,,
2025,boys,throws,tri-valley,3,2,,
2025,boys,throws,tri-valley,4,2,,
2025,boys,throws,tri-valley,5,2,,
2025,boys,throws,tri-valley,6,2,,
2025,boys,throws,tri-valley,7,2,,
2025,boys,throws,tri-valley,8,2,,
2025,boys,throws,tri-valley,9,1,,
2025,boys,throws,tri-valley,10,0,,
2025,boys,throws,tri-valley,11,0,,
2025,boys,throws,tri-valley,12,0,,
2025,boys,throws,tri-valley,5-6,4,,
2025,boys,throws,tri-valley,7-8,4,,
2025,boys,throws,bay-shore,1,2,,
2025,boys,throws,bay-shore,2,2,,
2025,boys,throws,bay-shore,3,2,,
2025,boys,throws,bay-shore,4,2,,
2025,boys,throws,bay-shore,5,2,,
2025,boys,throws,bay-shore,6,2,,
2025,boys,throws,bay-shore,7,0,,
2025,boys,throws,bay-shore,8,0,,
2025,boys,throws,bay-shore,9,0,,
2025,boys,throws,bay-shore,10,0,,
2025,boys,throws,bay-shore,11,0,,
2025,boys,throws,bay-shore,12,0,,
2025,boys,throws,bay-shore,5-6,4,,
2025,boys,throws,bay-shore,7-8,0,,
2025,boys,throws,redwood-empire,1,2,,
2025,boys,throws,redwood-empire,2,2,,
2025,boys,throws,redwood-empire,3,2,,
2025,boys,throws,redwood-empire,4,2,,
2025,boys,throws,redwood-empire,5,2,,
2025,boys,throws,redwood-empire,6,2,,
2025,boys,throws,redwood-empire,7,1,,
2025,boys,throws,redwood-empire,8,0,,
2025,boys,throws,redwood-empire,9,0,,
2025,boys,throws,redwood-empire,10,0,,
2025,boys,throws,redwood-empire,11,0,,
2025,boys,throws,redwood-empire,12,0,,
2025,boys,throws,redwood-empire,5-6,4,,
2025,boys,throws,redwood-empire,7-8,1,,
2025,boys,throws,class-a,1,2,,
2025,boys,throws,class-a,2,2,,
2025,boys,throws,class-a,3,2,,
2025,boys,throws,class-a,4,0,,
2025,boys,throws,class-a,5,0,,
2025,boys,throws,class-a,6,0,,
2025,boys,throws,class-a,7,0,,
2025,boys,throws,class-a,8,0,,
2025,boys,throws,class-a,9,0,,
2025,boys,throws,class-a,10,0,,
2025,boys,throws,class-a,11,0,,
2025,boys,throws,class-a,12,0,,
2025,boys,throws,class-a,5-6,0,,
2025,boys,throws,class-a,7-8,0,,
2025,boys,throws,bay-shore+redwood-empire,1,4,,
2025,boys,throws,bay-shore+redwood-empire,2,4,,
2025,boys,throws,bay-shore+redwood-empire,3,4,,
2025,boys,throws,bay-shore+redwood-empire,4,4,,
2025,boys,throws,bay-shore+redwood-empire,5,4,,
2025,boys,throws,bay-shore+redwood-empire,6,4,,
2025,boys,throws,bay-shore+redwood-empire,7,1,,
2025,boys,throws,bay-shore+redwood-empire,8,0,,
2025,boys,throws,bay-shore+redwood-empire,9,0,,
2025,boys,throws,bay-shore+redwood-empire,10,0,,
2025,boys,throws,bay-shore+redwood-empire,11,0,,
2025,boys,throws,bay-shore+redwood-empire,12,0,,
2025,boys,throws,bay-shore+redwood-empire,5-6,8,,
2025,boys,throws,bay-shore+redwood-empire,7-8,1,,
2025,boys,relays,tri-valley,1,2,,
2025,boys,relays,tri-valley,2,2,,
2025,boys,relays,tri-valley,3,2,,
2025,boys,relays,tri-valley,4,2,,
2025,boys,relays,tri-valley,5,2,,
2025,boys,relays,tri-valley,6,2,,
2025,boys,relays,tri-valley,7,2,,
2025,boys,relays,tri-valley,8,2,,
2025,boys,relays,tri-valley,9,2,,
2025,boys,relays,tri-valley,10,0,,
2025,boys,relays,tri-valley,11,0,,
2025,boys,relays,tri-valley,12,0,,
2025,boys,relays,tri-valley,5-6,4,,
2025,boys,relays,tri-valley,7-8,4,,
2025,boys,relays,bay-shore,1,2,,
2025,boys,relays,bay-shore,2,2,,
2025,boys,relays,bay-shore,3,2,,
2025,boys,relays,bay-shore,4,2,,
2025,boys,relays,bay-shore,5,2,,
2025,boys,relays,bay-shore,6,2,,
2025,boys,relays,bay-shore,7,0,,
2025,boys,relays,bay-shore,8,0,,
2025,boys,relays,bay-shore,9,0,,
2025,boys,relays,bay-shore,10,0,,
2025,boys,relays,bay-shore,11,0,,
2025,boys,relays,bay-shore,12,0,,
2025,boys,relays,bay-shore,5-6,4,,
2025,boys,relays,bay-shore,7-8,0,,
2025,boys,relays,redwood-empire,1,2,,
2025,boys,relays,redwood-empire,2,2,,
2025,boys,relays,redwood-empire,3,2,,
2025,boys,relays,redwood-empire,4,1,,
2025,boys,relays,redwood-empire,5,0,,
2025,boys,relays,redwood-empire,6,2,,
2025,boys,relays,redwood-empire,7,2,,
2025,boys,relays,redwood-empire,8,1,,
2025,boys,relays,redwood-empire,9,0,,
2025,boys,relays,redwood-empire,10,0,,
2025,boys,relays,redwood-empire,11,0,,
2025,boys,relays,redwood-empire,12,0,,
2025,boys,relays,redwood-empire,5-6,2,,
2025,boys,relays,redwood-empire,7-8,3,,
2025,boys,relays,class-a,1,2,,
2025,boys,relays,class-a,2,1,,
2025,boys,relays,class-a,3,2,,
2025,boys,relays,class-a,4,0,,
2025,boys,relays,class-a,5,0,,
2025,boys,relays,class-a,6,0,,
2025,boys,relays,class-a,7,0,,
2025,boys,relays,class-a,8,0,,
2025,boys,relays,class-a,9,0,,
2025,boys,relays,class-a,10,0,,
2025,boys,relays,class-a,11,0,,
2025,boys,relays,class-a,12,0,,
2025,boys,relays,class-a,5-6,0,,
2025,boys,relays,class-a,7-8,0,,
2025,boys,relays,bay-shore+redwood-empire,1,4,,
2025,boys,relays,bay-shore+redwood-empire,2,4,,
2025,boys,relays,bay-shore+redwood-empire,3,4,,
2025,boys,relays,bay-shore+redwood-empire,4,3,,
2025,boys,relays,bay-shore+redwood-empire,5,2,,
2025,boys,relays,bay-shore+redwood-empire,6,4,,
2025,boys,relays,bay-shore+redwood-empire,7,2,,
2025,boys,relays,bay-shore+redwood-empire,8,1,,
2025,boys,relays,bay-shore+redwood-empire,9,0,,
2025,boys,relays,bay-shore+redwood-empire,10,0,,
2025,boys,relays,bay-shore+redwood-empire,11,0,,
2025,boys,relays,bay-shore+redwood-empire,12,0,,
2025,boys,relays,bay-shore+redwood-empire,5-6,6,,
2025,boys,relays,bay-shore+redwood-empire,7-8,3,,
2025,boys,all,tri-valley,1,16,13,1.0
2025,boys,all,tri-valley,2,16,14,4.0
2025,boys,all,tri-valley,3,14,9,5.0
2025,boys,all,tri-valley,4,16,11,7.0
2025,boys,all,tri-valley,5,16,3,11.0
2025,boys,all,tri-valley,6,14,3,11.0
2025,boys,all,tri-valley,7,15,5,13.0
2025,boys,all,tri-valley,8,14,0,15.0
2025,boys,all,tri-valley,9,15,2,13.5
2025,boys,all,tri-valley,10,3,,
2025,boys,all,tri-valley,11,4,,
2025,boys,all,tri-valley,12,3,,
2025,boys,all,tri-valley,5-6,30,6,11.0
2025,boys,all,tri-valley,7-8,29,5,13.5
2025,boys,all,bay-shore,1,15,11,3.5
2025,boys,all,bay-shore,2,15,10,6.0
2025,boys,all,bay-shore,3,14,6,9.0
2025,boys,all,bay-shore,4,14,2,14.5
2025,boys,all,bay-shore,5,16,3,19.0
2025,boys,all,bay-shore,6,14,3,16.5
2025,boys,all,bay-shore,7,6,0,20.5
2025,boys,all,bay-shore,8,0,,
2025,boys,all,bay-shore,9,0,,
2025,boys,all,bay-shore,10,0,,
2025,boys,all,bay-shore,11,0,,
2025,boys,all,bay-shore,12,0,,
2025,boys,all,bay-shore,5-6,30,6,17.0
2025,boys,all,bay-shore,7-8,6,0,20.5
2025,boys,all,redwood-empire,1,16,10,4.5
2025,boys,all,redwood-empire,2,14,7,9.5
2025,boys,all,redwood-empire,3,15,5,12.0
2025,boys,all,redwood-empire,4,14,1,14.0
2025,boys,all,redwood-empire,5,12,0,15.0
2025,boys,all,redwood-empire,6,15,0,18.0
2025,boys,all,redwood-empire,7,9,0,16.0
2025,boys,all,redwood-empire,8,3,,
2025,boys,all,redwood-empire,9,1,,
2025,boys,all,redwood-empire,10,1,,
2025,boys,all,redwood-empire,11,0,,
2025,boys,all,redwood-empire,12,0,,
2025,boys,all,redwood-empire,5-6,27,0,18.0
2025,boys,all,redwood-empire,7-8,12,0,16.0
2025,boys,all,class-a,1,14,5,14.0
2025,boys,all,class-a,2,13,3,19.0
2025,boys,all,class-a,3,13,1,20.0
2025,boys,all,class-a,4,2,,
2025,boys,all,class-a,5,1,,
2025,boys,all,class-a,6,0,,
2025,boys,all,class-a,7,1,,
2025,boys,all,class-a,8,1,,
2025,boys,all,class-a,9,0,,
2025,boys,all,class-a,10,0,,
2025,boys,all,class-a,11,0,,
2025,boys,all,class-a,12,0,,
2025,boys,all,class-a,5-6,1,,
2025,boys,all,class-a,7-8,2,,
2025,boys,all,bay-shore+redwood-empire,1,31,21,4.0
2025,boys,all,bay-shore+redwood-empire,2,29,17,7.0
2025,boys,all,bay-shore+redwood-empire,3,29,11,11.0
2025,boys,all,bay-shore+redwood-empire,4,28,3,14.5
2025,boys,all,bay-shore+redwood-empire,5,28,3,15.0
2025,boys,all,bay-shore+redwood-empire,6,29,3,18.0
2025,boys,all,bay-shore+redwood-empire,7,15,0,16.0
2025,boys,all,bay-shore+redwood-empire,8,3,,
2025,boys,all,bay-shore+redwood-empire,9,1,,
2025,boys,all,bay-shore+redwood-empire,10,1,,
2025,boys,all,bay-shore+redwood-empire,11,0,,
2025,boys,all,bay-shore+redwood-empire,12,0,,
2025,boys,all,bay-shore+redwood-empire,5-6,57,6,17.5
2025,boys,all,bay-shore+redwood-empire,7-8,18,0,16.5
2025,all,sprints_hurdles,tri-valley,1,8,7,2.0
2025,all,sprints_hurdles,tri-valley,2,8,5,2.5
2025,all,sprints_hurdles,tri-valley,3,8,6,6.5
2025,all,sprints_hurdles,tri-valley,4,8,6,4.5
2025,all,sprints_hurdles,tri-valley,5,8,4,8.0
2025,all,sprints_hurdles,tri-valley,6,6,1,11.0
2025,all,sprints_hurdles,tri-valley,7,7,1,13.0
2025,all,sprints_hurdles,tri-valley,8,5,0,15.0
2025,all,sprints_hurdles,tri-valley,9,6,0,14.0
2025,all,sprints_hurdles,tri-valley,10,4,,
2025,all,sprints_hurdles,tri-valley,11,4,,
2025,all,sprints_hurdles,tri-valley,12,3,,
2025,all,sprints_hurdles,tri-valley,5-6,14,5,10.0
2025,all,sprints_hurdles,tri-valley,7-8,12,1,13.0
2025,all,sprints_hurdles,bay-shore,1,8,7,5.5
2025,all,sprints_hurdles,bay-shore,2,7,4,6.0
2025,all,sprints_hurdles,bay-shore,3,7,4,8.0
2025,all,sprints_hurdles,bay-shore,4,7,2,12.5
2025,all,sprints_hurdles,bay-shore,5,9,1,19.0
2025,all,sprints_hurdles,bay-shore,6,7,1,18.0
2025,all,sprints_hurdles,bay-shore,7,3,,
2025,all,sprints_hurdles,bay-shore,8,1,,
2025,all,sprints_hurdles,bay-shore,9,0,,
2025,all,sprints_hurdles,bay-shore,10,0,,
2025,all,sprints_hurdles,bay-shore,11,0,,
2025,all,sprints_hurdles,bay-shore,12,0,,
2025,all,sprints_hurdles,bay-shore,5-6,16,2,18.0
2025,all,sprints_hurdles,bay-shore,7-8,4,,
2025,all,sprints_hurdles,redwood-empire,1,8,5,6.0
2025,all,sprints_hurdles,redwood-empire,2,7,2,12.0
2025,all,sprints_hurdles,redwood-empire,3,6,0,13.5
2025,all,sprints_hurdles,redwood-empire,4,8,1,16.0
2025,all,sprints_hurdles,redwood-empire,5,5,0,21.0
2025,all,sprints_hurdles,redwood-empire,6,8,0,21.0
2025,all,sprints_hurdles,redwood-empire,7,5,0,23.0
2025,all,sprints_hurdles,redwood-empire,8,3,,
2025,all,sprints_hurdles,redwood-empire,9,0,,
2025,all,sprints_hurdles,redwood-empire,10,0,,
2025,all,sprints_hurdles,redwood-empire,11,0,,
2025,all,sprints_hurdles,redwood-empire,12,0,,
2025,all,sprints_hurdles,redwood-empire,5-6,13,0,21.0
2025,all,sprints_hurdles,redwood-empire,7-8,8,0,22.0
2025,all,sprints_hurdles,class-a,1,6,2,13.0
2025,all,sprints_hurdles,class-a,2,7,2,15.0
2025,all,sprints_hurdles,class-a,3,8,0,20.0
2025,all,sprints_hurdles,class-a,4,4,,
2025,all,sprints_hurdles,class-a,5,1,,
2025,all,sprints_hurdles,class-a,6,0,,
2025,all,sprints_hurdles,class-a,7,0,,
2025,all,sprints_hurdles,class-a,8,0,,
2025,all,sprints_hurdles,class-a,9,0,,
2025,all,sprints_hurdles,class-a,10,0,,
2025,all,sprints_hurdles,class-a,11,0,,
2025,all,sprints_hurdles,class-a,12,0,,
2025,all,sprints_hurdles,class-a,5-6,1,,
2025,all,sprints_hurdles,class-a,7-8,0,,
2025,all,sprints_hurdles,bay-shore+redwood-empire,1,16,12,5.5
2025,all,sprints_hurdles,bay-shore+redwood-empire,2,14,6,10.0
2025,all,sprints_hurdles,bay-shore+redwood-empire,3,13,4,10.0
2025,all,sprints_hurdles,bay-shore+redwood-empire,4,15,3,16.0
2025,all,sprints_hurdles,bay-shore+redwood-empire,5,14,1,21.0
2025,all,sprints_hurdles,bay-shore+redwood-empire,6,15,1,19.0
2025,all,sprints_hurdles,bay-shore+redwood-empire,7,8,,
2025,all,sprints_hurdles,bay-shore+redwood-empire,8,4,,
2025,all,sprints_hurdles,bay-shore+redwood-empire,9,0,,
2025,all,sprints_hurdles,bay-shore+redwood-empire,10,0,,
2025,all,sprints_hurdles,bay-shore+redwood-empire,11,0,,
2025,all,sprints_hurdles,bay-shore+redwood-empire,12,0,,
2025,all,sprints_hurdles,bay-shore+redwood-empire,5-6,29,2,19.5
2025,all,sprints_hurdles,bay-shore+redwood-empire,7-8,12,,
2025,all,400_800,tri-valley,1,3,,
2025,all,400_800,tri-valley,2,3,,
2025,all,400_800,tri-valley,3,3,,
2025,all,400_800,tri-valley,4,4,,
2025,all,400_800,tri-valley,5,3,,
2025,all,400_800,tri-valley,6,4,,
2025,all,400_800,tri-valley,7,2,,
2025,all,400_800,tri-valley,8,3,,
2025,all,400_800,tri-valley,9,3,,
2025,all,400_800,tri-valley,10,2,,
2025,all,400_800,tri-valley,11,2,,
2025,all,400_800,tri-valley,12,0,,
2025,all,400_800,tri-valley,5-6,7,2,9.0
2025,all,400_800,tri-valley,7-8,5,1,12.0
2025,all,400_800,bay-shore,1,4,,
2025,all,400_800,bay-shore,2,4,,
2025,all,400_800,bay-shore,3,3,,
2025,all,400_800,bay-shore,4,3,,
2025,all,400_800,bay-shore,5,4,,
2025,all,400_800,bay-shore,6,4,,
2025,all,400_800,bay-shore,7,1,,
2025,all,400_800,bay-shore,8,0,,
2025,all,400_800,bay-shore,9,0,,
2025,all,400_800,bay-shore,10,0,,
2025,all,400_800,bay-shore,11,0,,
2025,all,400_800,bay-shore,12,0,,
2025,all,400_800,bay-shore,5-6,8,2,18.0
2025,all,400_800,bay-shore,7-8,1,,
2025,all,400_800,redwood-empire,1,4,,
2025,all,400_800,redwood-empire,2,2,,
2025,all,400_800,redwood-empire,3,4,,
2025,all,400_800,redwood-empire,4,4,,
2025,all,400_800,redwood-empire,5,3,,
2025,all,400_800,redwood-empire,6,3,,
2025,all,400_800,redwood-empire,7,3,,
2025,all,400_800,redwood-empire,8,0,,
2025,all,400_800,redwood-empire,9,1,,
2025,all,400_800,redwood-empire,10,1,,
2025,all,400_800,redwood-empire,11,0,,
2025,all,400_800,redwood-empire,12,0,,
2025,all,400_800,redwood-empire,5-6,6,0,16.0
2025,all,400_800,redwood-empire,7-8,3,,
2025,all,400_800,class-a,1,2,,
2025,all,400_800,class-a,2,3,,
2025,all,400_800,class-a,3,3,,
2025,all,400_800,class-a,4,1,,
2025,all,400_800,class-a,5,2,,
2025,all,400_800,class-a,6,1,,
2025,all,400_800,class-a,7,1,,
2025,all,400_800,class-a,8,1,,
2025,all,400_800,class-a,9,0,,
2025,all,400_800,class-a,10,0,,
2025,all,400_800,class-a,11,0,,
2025,all,400_800,class-a,12,0,,
2025,all,400_800,class-a,5-6,3,,
2025,all,400_800,class-a,7-8,2,,
2025,all,400_800,bay-shore+redwood-empire,1,8,,
2025,all,400_800,bay-shore+redwood-empire,2,6,,
2025,all,400_800,bay-shore+redwood-empire,3,7,,
2025,all,400_800,bay-shore+redwood-empire,4,7,,
2025,all,400_800,bay-shore+redwood-empire,5,7,,
2025,all,400_800,bay-shore+redwood-empire,6,7,,
2025,all,400_800,bay-shore+redwood-empire,7,4,,
2025,all,400_800,bay-shore+redwood-empire,8,0,,
2025,all,400_800,bay-shore+redwood-empire,9,1,,
2025,all,400_800,bay-shore+redwood-empire,10,1,,
2025,all,400_800,bay-shore+redwood-empire,11,0,,
2025,all,400_800,bay-shore+redwood-empire,12,0,,
2025,all,400_800,bay-shore+redwood-empire,5-6,14,2,17.0
2025,all,400_800,bay-shore+redwood-empire,7-8,4,,
2025,all,distance,tri-valley,1,3,,
2025,all,distance,tri-valley,2,3,,
2025,all,distance,tri-valley,3,2,,
2025,all,distance,tri-valley,4,4,,
2025,all,distance,tri-valley,5,3,,
2025,all,distance,tri-valley,6,4,,
2025,all,distance,tri-valley,7,4,,
2025,all,distance,tri-valley,8,2,,
2025,all,distance,tri-valley,9,3,,
2025,all,distance,tri-valley,10,1,,
2025,all,distance,tri-valley,11,0,,
2025,all,distance,tri-valley,12,0,,
2025,all,distance,tri-valley,5-6,7,1,16.0
2025,all,distance,tri-valley,7-8,6,0,17.0
2025,all,distance,bay-shore,1,4,,
2025,all,distance,bay-shore,2,3,,
2025,all,distance,bay-shore,3,3,,
2025,all,distance,bay-shore,4,3,,
2025,all,distance,bay-shore,5,4,,
2025,all,distance,bay-shore,6,4,,
2025,all,distance,bay-shore,7,0,,
2025,all,distance,bay-shore,8,1,,
2025,all,distance,bay-shore,9,1,,
2025,all,distance,bay-shore,10,1,,
2025,all,distance,bay-shore,11,0,,
2025,all,distance,bay-shore,12,0,,
2025,all,distance,bay-shore,5-6,8,0,19.5
2025,all,distance,bay-shore,7-8,1,,
2025,all,distance,redwood-empire,1,4,,
2025,all,distance,redwood-empire,2,4,,
2025,all,distance,redwood-empire,3,4,,
2025,all,distance,redwood-empire,4,4,,
2025,all,distance,redwood-empire,5,4,,
2025,all,distance,redwood-empire,6,3,,
2025,all,distance,redwood-empire,7,3,,
2025,all,distance,redwood-empire,8,3,,
2025,all,distance,redwood-empire,9,1,,
2025,all,distance,redwood-empire,10,0,,
2025,all,distance,redwood-empire,11,0,,
2025,all,distance,redwood-empire,12,0,,
2025,all,distance,redwood-empire,5-6,7,2,10.0
2025,all,distance,redwood-empire,7-8,6,0,10.5
2025,all,distance,class-a,1,4,,
2025,all,distance,class-a,2,4,,
2025,all,distance,class-a,3,4,,
2025,all,distance,class-a,4,0,,
2025,all,distance,class-a,5,0,,
2025,all,distance,class-a,6,0,,
2025,all,distance,class-a,7,0,,
2025,all,distance,class-a,8,0,,
2025,all,distance,class-a,9,0,,
2025,all,distance,class-a,10,0,,
2025,all,distance,class-a,11,0,,
2025,all,distance,class-a,12,0,,
2025,all,distance,class-a,5-6,0,,
2025,all,distance,class-a,7-8,0,,
2025,all,distance,bay-shore+redwood-empire,1,8,,
2025,all,distance,bay-shore+redwood-empire,2,7,,
2025,all,distance,bay-shore+redwood-empire,3,7,,
2025,all,distance,bay-shore+redwood-empire,4,7,,
2025,all,distance,bay-shore+redwood-empire,5,8,,
2025,all,distance,bay-shore+redwood-empire,6,7,,
2025,all,distance,bay-shore+redwood-empire,7,3,,
2025,all,distance,bay-shore+redwood-empire,8,4,,
2025,all,distance,bay-shore+redwood-empire,9,2,,
2025,all,distance,bay-shore+redwood-empire,10,1,,
2025,all,distance,bay-shore+redwood-empire,11,0,,
2025,all,distance,bay-shore+redwood-empire,12,0,,
2025,all,distance,bay-shore+redwood-empire,5-6,15,2,18.0
2025,all,distance,bay-shore+redwood-empire,7-8,7,,
2025,all,jumps,tri-valley,1,9,8,2.0
2025,all,jumps,tri-valley,2,8,8,4.5
2025,all,jumps,tri-valley,3,7,4,4.5
2025,all,jumps,tri-valley,4,9,6,6.0
2025,all,jumps,tri-valley,5,6,2,10.0
2025,all,jumps,tri-valley,6,7,2,9.0
2025,all,jumps,tri-valley,7,6,0,17.0
2025,all,jumps,tri-valley,8,8,1,15.0
2025,all,jumps,tri-valley,9,7,2,14.5
2025,all,jumps,tri-valley,10,0,,
2025,all,jumps,tri-valley,11,1,,
2025,all,jumps,tri-valley,12,1,,
2025,all,jumps,tri-valley,5-6,13,4,9.0
2025,all,jumps,tri-valley,7-8,14,1,16.0
2025,all,jumps,bay-shore,1,7,4,2.0
2025,all,jumps,bay-shore,2,7,5,6.0
2025,all,jumps,bay-shore,3,6,2,11.5
2025,all,jumps,bay-shore,4,7,3,15.0
2025,all,jumps,bay-shore,5,7,3,5.0
2025,all,jumps,bay-shore,6,7,1,11.5
2025,all,jumps,bay-shore,7,6,1,16.5
2025,all,jumps,bay-shore,8,0,,
2025,all,jumps,bay-shore,9,0,,
2025,all,jumps,bay-shore,10,0,,
2025,all,jumps,bay-shore,11,0,,
2025,all,jumps,bay-shore,12,0,,
2025,all,jumps,bay-shore,5-6,14,4,10.0
2025,all,jumps,bay-shore,7-8,6,1,16.5
2025,all,jumps,redwood-empire,1,8,5,6.0
2025,all,jumps,redwood-empire,2,8,3,13.0
2025,all,jumps,redwood-empire,3,9,4,9.0
2025,all,jumps,redwood-empire,4,6,0,12.0
2025,all,jumps,redwood-empire,5,5,0,15.0
2025,all,jumps,redwood-empire,6,10,0,17.0
2025,all,jumps,redwood-empire,7,2,,
2025,all,jumps,redwood-empire,8,1,,
2025,all,jumps,redwood-empire,9,0,,
2025,all,jumps,redwood-empire,10,0,,
2025,all,jumps,redwood-empire,11,0,,
2025,all,jumps,redwood-empire,12,0,,
2025,all,jumps,redwood-empire,5-6,15,0,15.0
2025,all,jumps,redwood-empire,7-8,3,,
2025,all,jumps,class-a,1,7,2,13.0
2025,all,jumps,class-a,2,7,1,15.0
2025,all,jumps,class-a,3,4,,
2025,all,jumps,class-a,4,2,,
2025,all,jumps,class-a,5,0,,
2025,all,jumps,class-a,6,1,,
2025,all,jumps,class-a,7,0,,
2025,all,jumps,class-a,8,0,,
2025,all,jumps,class-a,9,0,,
2025,all,jumps,class-a,10,0,,
2025,all,jumps,class-a,11,0,,
2025,all,jumps,class-a,12,0,,
2025,all,jumps,class-a,5-6,1,,
2025,all,jumps,class-a,7-8,0,,
2025,all,jumps,bay-shore+redwood-empire,1,15,9,3.0
2025,all,jumps,bay-shore+redwood-empire,2,15,8,8.0
2025,all,jumps,bay-shore+redwood-empire,3,15,6,9.5
2025,all,jumps,bay-shore+redwood-empire,4,13,3,12.0
2025,all,jumps,bay-shore+redwood-empire,5,12,3,15.0
2025,all,jumps,bay-shore+redwood-empire,6,17,1,14.0
2025,all,jumps,bay-shore+redwood-empire,7,8,,
2025,all,jumps,bay-shore+redwood-empire,8,1,,
2025,all,jumps,bay-shore+redwood-empire,9,0,,
2025,all,jumps,bay-shore+redwood-empire,10,0,,
2025,all,jumps,bay-shore+redwood-empire,11,0,,
2025,all,jumps,bay-shore+redwood-empire,12,0,,
2025,all,jumps,bay-shore+redwood-empire,5-6,29,4,14.5
2025,all,jumps,bay-shore+redwood-empire,7-8,9,,
2025,all,throws,tri-valley,1,4,,
2025,all,throws,tri-valley,2,4,,
2025,all,throws,tri-valley,3,4,,
2025,all,throws,tri-valley,4,4,,
2025,all,throws,tri-valley,5,4,,
2025,all,throws,tri-valley,6,4,,
2025,all,throws,tri-valley,7,4,,
2025,all,throws,tri-valley,8,3,,
2025,all,throws,tri-valley,9,1,,
2025,all,throws,tri-valley,10,0,,
2025,all,throws,tri-valley,11,0,,
2025,all,throws,tri-valley,12,0,,
2025,all,throws,tri-valley,5-6,8,0,13.0
2025,all,throws,tri-valley,7-8,7,2,11.0
2025,all,throws,bay-shore,1,4,,
2025,all,throws,bay-shore,2,4,,
2025,all,throws,bay-shore,3,4,,
2025,all,throws,bay-shore,4,4,,
2025,all,throws,bay-shore,5,4,,
2025,all,throws,bay-shore,6,4,,
2025,all,throws,bay-shore,7,0,,
2025,all,throws,bay-shore,8,0,,
2025,all,throws,bay-shore,9,0,,
2025,all,throws,bay-shore,10,0,,
2025,all,throws,bay-shore,11,0,,
2025,all,throws,bay-shore,12,0,,
2025,all,throws,bay-shore,5-6,8,0,21.0
2025,all,throws,bay-shore,7-8,0,,
2025,all,throws,redwood-empire,1,4,,
2025,all,throws,redwood-empire,2,4,,
2025,all,throws,redwood-empire,3,4,,
2025,all,throws,redwood-empire,4,4,,
2025,all,throws,redwood-empire,5,4,,
2025,all,throws,redwood-empire,6,4,,
2025,all,throws,redwood-empire,7,3,,
2025,all,throws,redwood-empire,8,1,,
2025,all,throws,redwood-empire,9,0,,
2025,all,throws,redwood-empire,10,0,,
2025,all,throws,redwood-empire,11,0,,
2025,all,throws,redwood-empire,12,0,,
2025,all,throws,redwood-empire,5-6,8,1,16.5
2025,all,throws,redwood-empire,7-8,4,,
2025,all,throws,class-a,1,4,,
2025,all,throws,class-a,2,4,,
2025,all,throws,class-a,3,4,,
2025,all,throws,class-a,4,0,,
2025,all,throws,class-a,5,0,,
2025,all,throws,class-a,6,0,,
2025,all,throws,class-a,7,0,,
2025,all,throws,class-a,8,0,,
2025,all,throws,class-a,9,0,,
2025,all,throws,class-a,10,0,,
2025,all,throws,class-a,11,0,,
2025,all,throws,class-a,12,0,,
2025,all,throws,class-a,5-6,0,,
2025,all,throws,class-a,7-8,0,,
2025,all,throws,bay-shore+redwood-empire,1,8,,
2025,all,throws,bay-shore+redwood-empire,2,8,,
2025,all,throws,bay-shore+redwood-empire,3,8,,
2025,all,throws,bay-shore+redwood-empire,4,8,,
2025,all,throws,bay-shore+redwood-empire,5,8,,
2025,all,throws,bay-shore+redwood-empire,6,8,,
2025,all,throws,bay-shore+redwood-empire,7,3,,
2025,all,throws,bay-shore+redwood-empire,8,1,,
2025,all,throws,bay-shore+redwood-empire,9,0,,
2025,all,throws,bay-shore+redwood-empire,10,0,,
2025,all,throws,bay-shore+redwood-empire,11,0,,
2025,all,throws,bay-shore+redwood-empire,12,0,,
2025,all,throws,bay-shore+redwood-empire,5-6,16,1,19.5
2025,all,throws,bay-shore+redwood-empire,7-8,4,,
2025,all,relays,tri-valley,1,4,,
2025,all,relays,tri-valley,2,4,,
2025,all,relays,tri-valley,3,4,,
2025,all,relays,tri-valley,4,4,,
2025,all,relays,tri-valley,5,4,,
2025,all,relays,tri-valley,6,4,,
2025,all,relays,tri-valley,7,4,,
2025,all,relays,tri-valley,8,4,,
2025,all,relays,tri-valley,9,2,,
2025,all,relays,tri-valley,10,0,,
2025,all,relays,tri-valley,11,0,,
2025,all,relays,tri-valley,12,0,,
2025,all,relays,tri-valley,5-6,8,4,8.5
2025,all,relays,tri-valley,7-8,8,2,11.0
2025,all,relays,bay-shore,1,4,,
2025,all,relays,bay-shore,2,4,,
2025,all,relays,bay-shore,3,4,,
2025,all,relays,bay-shore,4,4,,
2025,all,relays,bay-shore,5,3,,
2025,all,relays,bay-shore,6,4,,
2025,all,relays,bay-shore,7,2,,
2025,all,relays,bay-shore,8,0,,
2025,all,relays,bay-shore,9,0,,
2025,all,relays,bay-shore,10,0,,
2025,all,relays,bay-shore,11,0,,
2025,all,relays,bay-shore,12,0,,
2025,all,relays,bay-shore,5-6,7,0,17.0
2025,all,relays,bay-shore,7-8,2,,
2025,all,relays,redwood-empire,1,4,,
2025,all,relays,redwood-empire,2,4,,
2025,all,relays,redwood-empire,3,4,,
2025,all,relays,redwood-empire,4,3,,
2025,all,relays,redwood-empire,5,2,,
2025,all,relays,redwood-empire,6,4,,
2025,all,relays,redwood-empire,7,2,,
2025,all,relays,redwood-empire,8,1,,
2025,all,relays,redwood-empire,9,0,,
2025,all,relays,redwood-empire,10,0,,
2025,all,relays,redwood-empire,11,0,,
2025,all,relays,redwood-empire,12,0,,
2025,all,relays,redwood-empire,5-6,6,0,21.0
2025,all,relays,redwood-empire,7-8,3,,
2025,all,relays,class-a,1,4,,
2025,all,relays,class-a,2,3,,
2025,all,relays,class-a,3,3,,
2025,all,relays,class-a,4,2,,
2025,all,relays,class-a,5,0,,
2025,all,relays,class-a,6,0,,
2025,all,relays,class-a,7,0,,
2025,all,relays,class-a,8,0,,
2025,all,relays,class-a,9,0,,
2025,all,relays,class-a,10,0,,
2025,all,relays,class-a,11,0,,
2025,all,relays,class-a,12,0,,
2025,all,relays,class-a,5-6,0,,
2025,all,relays,class-a,7-8,0,,
2025,all,relays,bay-shore+redwood-empire,1,8,,
2025,all,relays,bay-shore+redwood-empire,2,8,,
2025,all,relays,bay-shore+redwood-empire,3,8,,
2025,all,relays,bay-shore+redwood-empire,4,7,,
2025,all,relays,bay-shore+redwood-empire,5,5,,
2025,all,relays,bay-shore+redwood-empire,6,8,,
2025,all,relays,bay-shore+redwood-empire,7,4,,
2025,all,relays,bay-shore+redwood-empire,8,1,,
2025,all,relays,bay-shore+redwood-empire,9,0,,
2025,all,relays,bay-shore+redwood-empire,10,0,,
2025,all,relays,bay-shore+redwood-empire,11,0,,
2025,all,relays,bay-shore+redwood-empire,12,0,,
2025,all,relays,bay-shore+redwood-empire,5-6,13,0,19.0
2025,all,relays,bay-shore+redwood-empire,7-8,5,,
2025,all,all,tri-valley,1,31,28,2.0
2025,all,all,tri-valley,2,30,26,4.0
2025,all,all,tri-valley,3,28,22,4.0
2025,all,all,tri-valley,4,33,21,7.0
2025,all,all,tri-valley,5,28,11,9.5
2025,all,all,tri-valley,6,29,5,11.0
2025,all,all,tri-valley,7,27,6,13.5
2025,all,all,tri-valley,8,25,1,15.0
2025,all,all,tri-valley,9,22,2,15.0
2025,all,all,tri-valley,10,7,0,16.0
2025,all,all,tri-valley,11,7,0,18.0
2025,all,all,tri-valley,12,4,,
2025,all,all,tri-valley,5-6,57,16,11.0
2025,all,all,tri-valley,7-8,52,7,14.5
2025,all,all,bay-shore,1,31,20,5.0
2025,all,all,bay-shore,2,29,18,7.0
2025,all,all,bay-shore,3,27,9,11.0
2025,all,all,bay-shore,4,28,5,16.0
2025,all,all,bay-shore,5,31,5,19.0
2025,all,all,bay-shore,6,30,3,18.0
2025,all,all,bay-shore,7,12,1,19.5
2025,all,all,bay-shore,8,2,,
2025,all,all,bay-shore,9,1,,
2025,all,all,bay-shore,10,1,,
2025,all,all,bay-shore,11,0,,
2025,all,all,bay-shore,12,0,,
2025,all,all,bay-shore,5-6,61,8,18.5
2025,all,all,bay-shore,7-8,14,1,19.5
2025,all,all,redwood-empire,1,32,22,3.5
2025,all,all,redwood-empire,2,29,16,7.0
2025,all,all,redwood-empire,3,31,9,12.0
2025,all,all,redwood-empire,4,29,4,15.0
2025,all,all,redwood-empire,5,23,2,16.0
2025,all,all,redwood-empire,6,32,1,18.0
2025,all,all,redwood-empire,7,18,0,16.0
2025,all,all,redwood-empire,8,9,0,19.0
2025,all,all,redwood-empire,9,2,,
2025,all,all,redwood-empire,10,1,,
2025,all,all,redwood-empire,11,0,,
2025,all,all,redwood-empire,12,0,,
2025,all,all,redwood-empire,5-6,55,3,18.0
2025,all,all,redwood-empire,7-8,27,0,17.0
2025,all,all,class-a,1,27,12,10.5
2025,all,all,class-a,2,28,6,15.0
2025,all,all,class-a,3,26,2,17.0
2025,all,all,class-a,4,9,0,20.0
2025,all,all,class-a,5,3,,
2025,all,all,class-a,6,2,,
2025,all,all,class-a,7,1,,
2025,all,all,class-a,8,1,,
2025,all,all,class-a,9,0,,
2025,all,all,class-a,10,0,,
2025,all,all,class-a,11,0,,
2025,all,all,class-a,12,0,,
2025,all,all,class-a,5-6,5,0,22.0
2025,all,all,class-a,7-8,2,,
2025,all,all,bay-shore+redwood-empire,1,63,42,4.0
2025,all,all,bay-shore+redwood-empire,2,58,34,7.0
2025,all,all,bay-shore+redwood-empire,3,58,18,12.0
2025,all,all,bay-shore+redwood-empire,4,57,9,15.5
2025,all,all,bay-shore+redwood-empire,5,54,7,16.5
2025,all,all,bay-shore+redwood-empire,6,62,4,18.0
2025,all,all,bay-shore+redwood-empire,7,30,1,17.0
2025,all,all,bay-shore+redwood-empire,8,11,,
2025,all,all,bay-shore+redwood-empire,9,3,,
2025,all,all,bay-shore+redwood-empire,10,2,,
2025,all,all,bay-shore+redwood-empire,11,0,,
2025,all,all,bay-shore+redwood-empire,12,0,,
2025,all,all,bay-shore+redwood-empire,5-6,116,11,18.0
2025,all,all,bay-shore+redwood-empire,7-8,41,1,17.5
2026,girls,sprints_hurdles,tri-valley,1,4,,
2026,girls,sprints_hurdles,tri-valley,2,4,,
2026,girls,sprints_hurdles,tri-valley,3,2,,
2026,girls,sprints_hurdles,tri-valley,4,4,,
2026,girls,sprints_hurdles,tri-valley,5,4,,
2026,girls,sprints_hurdles,tri-valley,6,4,,
2026,girls,sprints_hurdles,tri-valley,7,4,,
2026,girls,sprints_hurdles,tri-valley,8,1,,
2026,girls,sprints_hurdles,tri-valley,9,3,,
2026,girls,sprints_hurdles,tri-valley,10,2,,
2026,girls,sprints_hurdles,tri-valley,11,2,,
2026,girls,sprints_hurdles,tri-valley,12,1,,
2026,girls,sprints_hurdles,tri-valley,5-6,8,2,12.0
2026,girls,sprints_hurdles,tri-valley,7-8,5,2,12.0
2026,girls,sprints_hurdles,bay-shore,1,4,,
2026,girls,sprints_hurdles,bay-shore,2,4,,
2026,girls,sprints_hurdles,bay-shore,3,4,,
2026,girls,sprints_hurdles,bay-shore,4,4,,
2026,girls,sprints_hurdles,bay-shore,5,4,,
2026,girls,sprints_hurdles,bay-shore,6,4,,
2026,girls,sprints_hurdles,bay-shore,7,2,,
2026,girls,sprints_hurdles,bay-shore,8,2,,
2026,girls,sprints_hurdles,bay-shore,9,0,,
2026,girls,sprints_hurdles,bay-shore,10,0,,
2026,girls,sprints_hurdles,bay-shore,11,0,,
2026,girls,sprints_hurdles,bay-shore,12,0,,
2026,girls,sprints_hurdles,bay-shore,5-6,8,2,17.5
2026,girls,sprints_hurdles,bay-shore,7-8,4,,
2026,girls,sprints_hurdles,redwood-empire,1,3,,
2026,girls,sprints_hurdles,redwood-empire,2,3,,
2026,girls,sprints_hurdles,redwood-empire,3,3,,
2026,girls,sprints_hurdles,redwood-empire,4,3,,
2026,girls,sprints_hurdles,redwood-empire,5,4,,
2026,girls,sprints_hurdles,redwood-empire,6,4,,
2026,girls,sprints_hurdles,redwood-empire,7,0,,
2026,girls,sprints_hurdles,redwood-empire,8,1,,
2026,girls,sprints_hurdles,redwood-empire,9,1,,
2026,girls,sprints_hurdles,redwood-empire,10,1,,
2026,girls,sprints_hurdles,redwood-empire,11,0,,
2026,girls,sprints_hurdles,redwood-empire,12,0,,
2026,girls,sprints_hurdles,redwood-empire,5-6,8,0,21.0
2026,girls,sprints_hurdles,redwood-empire,7-8,1,,
2026,girls,sprints_hurdles,class-a,1,2,,
2026,girls,sprints_hurdles,class-a,2,4,,
2026,girls,sprints_hurdles,class-a,3,3,,
2026,girls,sprints_hurdles,class-a,4,2,,
2026,girls,sprints_hurdles,class-a,5,0,,
2026,girls,sprints_hurdles,class-a,6,0,,
2026,girls,sprints_hurdles,class-a,7,0,,
2026,girls,sprints_hurdles,class-a,8,0,,
2026,girls,sprints_hurdles,class-a,9,0,,
2026,girls,sprints_hurdles,class-a,10,0,,
2026,girls,sprints_hurdles,class-a,11,0,,
2026,girls,sprints_hurdles,class-a,12,0,,
2026,girls,sprints_hurdles,class-a,5-6,0,,
2026,girls,sprints_hurdles,class-a,7-8,0,,
2026,girls,sprints_hurdles,bay-shore+redwood-empire,1,7,,
2026,girls,sprints_hurdles,bay-shore+redwood-empire,2,7,,
2026,girls,sprints_hurdles,bay-shore+redwood-empire,3,7,,
2026,girls,sprints_hurdles,bay-shore+redwood-empire,4,7,,
2026,girls,sprints_hurdles,bay-shore+redwood-empire,5,8,,
2026,girls,sprints_hurdles,bay-shore+redwood-empire,6,8,,
2026,girls,sprints_hurdles,bay-shore+redwood-empire,7,2,,
2026,girls,sprints_hurdles,bay-shore+redwood-empire,8,3,,
2026,girls,sprints_hurdles,bay-shore+redwood-empire,9,1,,
2026,girls,sprints_hurdles,bay-shore+redwood-empire,10,1,,
2026,girls,sprints_hurdles,bay-shore+redwood-empire,11,0,,
2026,girls,sprints_hurdles,bay-shore+redwood-empire,12,0,,
2026,girls,sprints_hurdles,bay-shore+redwood-empire,5-6,16,2,21.0
2026,girls,sprints_hurdles,bay-shore+redwood-empire,7-8,5,,
2026,girls,400_800,tri-valley,1,2,,
2026,girls,400_800,tri-valley,2,2,,
2026,girls,400_800,tri-valley,3,2,,
2026,girls,400_800,tri-valley,4,2,,
2026,girls,400_800,tri-valley,5,1,,
2026,girls,400_800,tri-valley,6,2,,
2026,girls,400_800,tri-valley,7,2,,
2026,girls,400_800,tri-valley,8,1,,
2026,girls,400_800,tri-valley,9,2,,
2026,girls,400_800,tri-valley,10,1,,
2026,girls,400_800,tri-valley,11,0,,
2026,girls,400_800,tri-valley,12,0,,
2026,girls,400_800,tri-valley,5-6,3,,
2026,girls,400_800,tri-valley,7-8,3,,
2026,girls,400_800,bay-shore,1,1,,
2026,girls,400_800,bay-shore,2,1,,
2026,girls,400_800,bay-shore,3,2,,
2026,girls,400_800,bay-shore,4,2,,
2026,girls,400_800,bay-shore,5,2,,
2026,girls,400_800,bay-shore,6,2,,
2026,girls,400_800,bay-shore,7,0,,
2026,girls,400_800,bay-shore,8,1,,
2026,girls,400_800,bay-shore,9,1,,
2026,girls,400_800,bay-shore,10,0,,
2026,girls,400_800,bay-shore,11,0,,
2026,girls,400_800,bay-shore,12,0,,
2026,girls,400_800,bay-shore,5-6,4,,
2026,girls,400_800,bay-shore,7-8,1,,
2026,girls,400_800,redwood-empire,1,2,,
2026,girls,400_800,redwood-empire,2,2,,
2026,girls,400_800,redwood-empire,3,1,,
2026,girls,400_800,redwood-empire,4,2,,
2026,girls,400_800,redwood-empire,5,1,,
2026,girls,400_800,redwood-empire,6,2,,
2026,girls,400_800,redwood-empire,7,0,,
2026,girls,400_800,redwood-empire,8,1,,
2026,girls,400_800,redwood-empire,9,0,,
2026,girls,400_800,redwood-empire,10,0,,
2026,girls,400_800,redwood-empire,11,0,,
2026,girls,400_800,redwood-empire,12,0,,
2026,girls,400_800,redwood-empire,5-6,3,,
2026,girls,400_800,redwood-empire,7-8,1,,
2026,girls,400_800,class-a,1,2,,
2026,girls,400_800,class-a,2,1,,
2026,girls,400_800,class-a,3,2,,
2026,girls,400_800,class-a,4,1,,
2026,girls,400_800,class-a,5,0,,
2026,girls,400_800,class-a,6,0,,
2026,girls,400_800,class-a,7,0,,
2026,girls,400_800,class-a,8,0,,
2026,girls,400_800,class-a,9,0,,
2026,girls,400_800,class-a,10,0,,
2026,girls,400_800,class-a,11,0,,
2026,girls,400_800,class-a,12,0,,
2026,girls,400_800,class-a,5-6,0,,
2026,girls,400_800,class-a,7-8,0,,
2026,girls,400_800,bay-shore+redwood-empire,1,3,,
2026,girls,400_800,bay-shore+redwood-empire,2,3,,
2026,girls,400_800,bay-shore+redwood-empire,3,3,,
2026,girls,400_800,bay-shore+redwood-empire,4,4,,
2026,girls,400_800,bay-shore+redwood-empire,5,3,,
2026,girls,400_800,bay-shore+redwood-empire,6,4,,
2026,girls,400_800,bay-shore+redwood-empire,7,0,,
2026,girls,400_800,bay-shore+redwood-empire,8,2,,
2026,girls,400_800,bay-shore+redwood-empire,9,1,,
2026,girls,400_800,bay-shore+redwood-empire,10,0,,
2026,girls,400_800,bay-shore+redwood-empire,11,0,,
2026,girls,400_800,bay-shore+redwood-empire,12,0,,
2026,girls,400_800,bay-shore+redwood-empire,5-6,7,,
2026,girls,400_800,bay-shore+redwood-empire,7-8,2,,
2026,girls,distance,tri-valley,1,2,,
2026,girls,distance,tri-valley,2,1,,
2026,girls,distance,tri-valley,3,2,,
2026,girls,distance,tri-valley,4,2,,
2026,girls,distance,tri-valley,5,2,,
2026,girls,distance,tri-valley,6,2,,
2026,girls,distance,tri-valley,7,2,,
2026,girls,distance,tri-valley,8,2,,
2026,girls,distance,tri-valley,9,2,,
2026,girls,distance,tri-valley,10,1,,
2026,girls,distance,tri-valley,11,1,,
2026,girls,distance,tri-valley,12,1,,
2026,girls,distance,tri-valley,5-6,4,,
2026,girls,distance,tri-valley,7-8,4,,
2026,girls,distance,bay-shore,1,2,,
2026,girls,distance,bay-shore,2,2,,
2026,girls,distance,bay-shore,3,2,,
2026,girls,distance,bay-shore,4,2,,
2026,girls,distance,bay-shore,5,2,,
2026,girls,distance,bay-shore,6,2,,
2026,girls,distance,bay-shore,7,0,,
2026,girls,distance,bay-shore,8,0,,
2026,girls,distance,bay-shore,9,0,,
2026,girls,distance,bay-shore,10,0,,
2026,girls,distance,bay-shore,11,0,,
2026,girls,distance,bay-shore,12,0,,
2026,girls,distance,bay-shore,5-6,4,,
2026,girls,distance,bay-shore,7-8,0,,
2026,girls,distance,redwood-empire,1,2,,
2026,girls,distance,redwood-empire,2,2,,
2026,girls,distance,redwood-empire,3,2,,
2026,girls,distance,redwood-empire,4,2,,
2026,girls,distance,redwood-empire,5,1,,
2026,girls,distance,redwood-empire,6,2,,
2026,girls,distance,redwood-empire,7,2,,
2026,girls,distance,redwood-empire,8,1,,
2026,girls,distance,redwood-empire,9,0,,
2026,girls,distance,redwood-empire,10,0,,
2026,girls,distance,redwood-empire,11,0,,
2026,girls,distance,redwood-empire,12,0,,
2026,girls,distance,redwood-empire,5-6,3,,
2026,girls,distance,redwood-empire,7-8,3,,
2026,girls,distance,class-a,1,0,,
2026,girls,distance,class-a,2,2,,
2026,girls,distance,class-a,3,2,,
2026,girls,distance,class-a,4,2,,
2026,girls,distance,class-a,5,1,,
2026,girls,distance,class-a,6,0,,
2026,girls,distance,class-a,7,0,,
2026,girls,distance,class-a,8,0,,
2026,girls,distance,class-a,9,0,,
2026,girls,distance,class-a,10,0,,
2026,girls,distance,class-a,11,0,,
2026,girls,distance,class-a,12,0,,
2026,girls,distance,class-a,5-6,1,,
2026,girls,distance,class-a,7-8,0,,
2026,girls,distance,bay-shore+redwood-empire,1,4,,
2026,girls,distance,bay-shore+redwood-empire,2,4,,
2026,girls,distance,bay-shore+redwood-empire,3,4,,
2026,girls,distance,bay-shore+redwood-empire,4,4,,
2026,girls,distance,bay-shore+redwood-empire,5,3,,
2026,girls,distance,bay-shore+redwood-empire,6,4,,
2026,girls,distance,bay-shore+redwood-empire,7,2,,
2026,girls,distance,bay-shore+redwood-empire,8,1,,
2026,girls,distance,bay-shore+redwood-empire,9,0,,
2026,girls,distance,bay-shore+redwood-empire,10,0,,
2026,girls,distance,bay-shore+redwood-empire,11,0,,
2026,girls,distance,bay-shore+redwood-empire,12,0,,
2026,girls,distance,bay-shore+redwood-empire,5-6,7,,
2026,girls,distance,bay-shore+redwood-empire,7-8,3,,
2026,girls,jumps,tri-valley,1,3,,
2026,girls,jumps,tri-valley,2,4,,
2026,girls,jumps,tri-valley,3,4,,
2026,girls,jumps,tri-valley,4,3,,
2026,girls,jumps,tri-valley,5,4,,
2026,girls,jumps,tri-valley,6,4,,
2026,girls,jumps,tri-valley,7,4,,
2026,girls,jumps,tri-valley,8,2,,
2026,girls,jumps,tri-valley,9,1,,
2026,girls,jumps,tri-valley,10,1,,
2026,girls,jumps,tri-valley,11,1,,
2026,girls,jumps,tri-valley,12,0,,
2026,girls,jumps,tri-valley,5-6,8,2,14.5
2026,girls,jumps,tri-valley,7-8,6,1,14.0
2026,girls,jumps,bay-shore,1,4,,
2026,girls,jumps,bay-shore,2,4,,
2026,girls,jumps,bay-shore,3,5,2,9.0
2026,girls,jumps,bay-shore,4,3,,
2026,girls,jumps,bay-shore,5,3,,
2026,girls,jumps,bay-shore,6,3,,
2026,girls,jumps,bay-shore,7,2,,
2026,girls,jumps,bay-shore,8,2,,
2026,girls,jumps,bay-shore,9,0,,
2026,girls,jumps,bay-shore,10,0,,
2026,girls,jumps,bay-shore,11,0,,
2026,girls,jumps,bay-shore,12,0,,
2026,girls,jumps,bay-shore,5-6,6,0,15.0
2026,girls,jumps,bay-shore,7-8,4,,
2026,girls,jumps,redwood-empire,1,4,,
2026,girls,jumps,redwood-empire,2,4,,
2026,girls,jumps,redwood-empire,3,4,,
2026,girls,jumps,redwood-empire,4,4,,
2026,girls,jumps,redwood-empire,5,6,1,14.5
2026,girls,jumps,redwood-empire,6,2,,
2026,girls,jumps,redwood-empire,7,2,,
2026,girls,jumps,redwood-empire,8,3,,
2026,girls,jumps,redwood-empire,9,0,,
2026,girls,jumps,redwood-empire,10,0,,
2026,girls,jumps,redwood-empire,11,0,,
2026,girls,jumps,redwood-empire,12,0,,
2026,girls,jumps,redwood-empire,5-6,8,1,14.5
2026,girls,jumps,redwood-empire,7-8,5,0,10.0
2026,girls,jumps,class-a,1,5,0,16.0
2026,girls,jumps,class-a,2,3,,
2026,girls,jumps,class-a,3,4,,
2026,girls,jumps,class-a,4,0,,
2026,girls,jumps,class-a,5,0,,
2026,girls,jumps,class-a,6,0,,
2026,girls,jumps,class-a,7,0,,
2026,girls,jumps,class-a,8,0,,
2026,girls,jumps,class-a,9,0,,
2026,girls,jumps,class-a,10,0,,
2026,girls,jumps,class-a,11,0,,
2026,girls,jumps,class-a,12,0,,
2026,girls,jumps,class-a,5-6,0,,
2026,girls,jumps,class-a,7-8,0,,
2026,girls,jumps,bay-shore+redwood-empire,1,8,,
2026,girls,jumps,bay-shore+redwood-empire,2,8,,
2026,girls,jumps,bay-shore+redwood-empire,3,9,,
2026,girls,jumps,bay-shore+redwood-empire,4,7,,
2026,girls,jumps,bay-shore+redwood-empire,5,9,,
2026,girls,jumps,bay-shore+redwood-empire,6,5,,
2026,girls,jumps,bay-shore+redwood-empire,7,4,,
2026,girls,jumps,bay-shore+redwood-empire,8,5,,
2026,girls,jumps,bay-shore+redwood-empire,9,0,,
2026,girls,jumps,bay-shore+redwood-empire,10,0,,
2026,girls,jumps,bay-shore+redwood-empire,11,0,,
2026,girls,jumps,bay-shore+redwood-empire,12,0,,
2026,girls,jumps,bay-shore+redwood-empire,5-6,14,1,15.0
2026,girls,jumps,bay-shore+redwood-empire,7-8,9,,
2026,girls,throws,tri-valley,1,2,,
2026,girls,throws,tri-valley,2,2,,
2026,girls,throws,tri-valley,3,2,,
2026,girls,throws,tri-valley,4,2,,
2026,girls,throws,tri-valley,5,2,,
2026,girls,throws,tri-valley,6,2,,
2026,girls,throws,tri-valley,7,2,,
2026,girls,throws,tri-valley,8,1,,
2026,girls,throws,tri-valley,9,0,,
2026,girls,throws,tri-valley,10,0,,
2026,girls,throws,tri-valley,11,0,,
2026,girls,throws,tri-valley,12,0,,
2026,girls,throws,tri-valley,5-6,4,,
2026,girls,throws,tri-valley,7-8,3,,
2026,girls,throws,bay-shore,1,2,,
2026,girls,throws,bay-shore,2,2,,
2026,girls,throws,bay-shore,3,2,,
2026,girls,throws,bay-shore,4,2,,
2026,girls,throws,bay-shore,5,2,,
2026,girls,throws,bay-shore,6,2,,
2026,girls,throws,bay-shore,7,1,,
2026,girls,throws,bay-shore,8,1,,
2026,girls,throws,bay-shore,9,0,,
2026,girls,throws,bay-shore,10,0,,
2026,girls,throws,bay-shore,11,0,,
2026,girls,throws,bay-shore,12,0,,
2026,girls,throws,bay-shore,5-6,4,,
2026,girls,throws,bay-shore,7-8,2,,
2026,girls,throws,redwood-empire,1,2,,
2026,girls,throws,redwood-empire,2,2,,
2026,girls,throws,redwood-empire,3,2,,
2026,girls,throws,redwood-empire,4,2,,
2026,girls,throws,redwood-empire,5,2,,
2026,girls,throws,redwood-empire,6,1,,
2026,girls,throws,redwood-empire,7,0,,
2026,girls,throws,redwood-empire,8,2,,
2026,girls,throws,redwood-empire,9,0,,
2026,girls,throws,redwood-empire,10,0,,
2026,girls,throws,redwood-empire,11,0,,
2026,girls,throws,redwood-empire,12,0,,
2026,girls,throws,redwood-empire,5-6,3,,
2026,girls,throws,redwood-empire,7-8,2,,
2026,girls,throws,class-a,1,2,,
2026,girls,throws,class-a,2,2,,
2026,girls,throws,class-a,3,2,,
2026,girls,throws,class-a,4,0,,
2026,girls,throws,class-a,5,0,,
2026,girls,throws,class-a,6,0,,
2026,girls,throws,class-a,7,0,,
2026,girls,throws,class-a,8,0,,
2026,girls,throws,class-a,9,0,,
2026,girls,throws,class-a,10,0,,
2026,girls,throws,class-a,11,0,,
2026,girls,throws,class-a,12,0,,
2026,girls,throws,class-a,5-6,0,,
2026,girls,throws,class-a,7-8,0,,
2026,girls,throws,bay-shore+redwood-empire,1,4,,
2026,girls,throws,bay-shore+redwood-empire,2,4,,
2026,girls,throws,bay-shore+redwood-empire,3,4,,
2026,girls,throws,bay-shore+redwood-empire,4,4,,
2026,girls,throws,bay-shore+redwood-empire,5,4,,
2026,girls,throws,bay-shore+redwood-empire,6,3,,
2026,girls,throws,bay-shore+redwood-empire,7,1,,
2026,girls,throws,bay-shore+redwood-empire,8,3,,
2026,girls,throws,bay-shore+redwood-empire,9,0,,
2026,girls,throws,bay-shore+redwood-empire,10,0,,
2026,girls,throws,bay-shore+redwood-empire,11,0,,
2026,girls,throws,bay-shore+redwood-empire,12,0,,
2026,girls,throws,bay-shore+redwood-empire,5-6,7,,
2026,girls,throws,bay-shore+redwood-empire,7-8,4,,
2026,girls,relays,tri-valley,1,2,,
2026,girls,relays,tri-valley,2,2,,
2026,girls,relays,tri-valley,3,1,,
2026,girls,relays,tri-valley,4,2,,
2026,girls,relays,tri-valley,5,1,,
2026,girls,relays,tri-valley,6,2,,
2026,girls,relays,tri-valley,7,2,,
2026,girls,relays,tri-valley,8,2,,
2026,girls,relays,tri-valley,9,2,,
2026,girls,relays,tri-valley,10,1,,
2026,girls,relays,tri-valley,11,0,,
2026,girls,relays,tri-valley,12,0,,
2026,girls,relays,tri-valley,5-6,3,,
2026,girls,relays,tri-valley,7-8,4,,
2026,girls,relays,bay-shore,1,2,,
2026,girls,relays,bay-shore,2,2,,
2026,girls,relays,bay-shore,3,2,,
2026,girls,relays,bay-shore,4,2,,
2026,girls,relays,bay-shore,5,2,,
2026,girls,relays,bay-shore,6,1,,
2026,girls,relays,bay-shore,7,0,,
2026,girls,relays,bay-shore,8,0,,
2026,girls,relays,bay-shore,9,0,,
2026,girls,relays,bay-shore,10,0,,
2026,girls,relays,bay-shore,11,0,,
2026,girls,relays,bay-shore,12,0,,
2026,girls,relays,bay-shore,5-6,3,,
2026,girls,relays,bay-shore,7-8,0,,
2026,girls,relays,redwood-empire,1,2,,
2026,girls,relays,redwood-empire,2,2,,
2026,girls,relays,redwood-empire,3,1,,
2026,girls,relays,redwood-empire,4,2,,
2026,girls,relays,redwood-empire,5,2,,
2026,girls,relays,redwood-empire,6,2,,
2026,girls,relays,redwood-empire,7,1,,
2026,girls,relays,redwood-empire,8,0,,
2026,girls,relays,redwood-empire,9,0,,
2026,girls,relays,redwood-empire,10,0,,
2026,girls,relays,redwood-empire,11,0,,
2026,girls,relays,redwood-empire,12,0,,
2026,girls,relays,redwood-empire,5-6,4,,
2026,girls,relays,redwood-empire,7-8,1,,
2026,girls,relays,class-a,1,1,,
2026,girls,relays,class-a,2,2,,
2026,girls,relays,class-a,3,2,,
2026,girls,relays,class-a,4,1,,
2026,girls,relays,class-a,5,0,,
2026,girls,relays,class-a,6,0,,
2026,girls,relays,class-a,7,0,,
2026,girls,relays,class-a,8,0,,
2026,girls,relays,class-a,9,0,,
2026,girls,relays,class-a,10,0,,
2026,girls,relays,class-a,11,0,,
2026,girls,relays,class-a,12,0,,
2026,girls,relays,class-a,5-6,0,,
2026,girls,relays,class-a,7-8,0,,
2026,girls,relays,bay-shore+redwood-empire,1,4,,
2026,girls,relays,bay-shore+redwood-empire,2,4,,
2026,girls,relays,bay-shore+redwood-empire,3,3,,
2026,girls,relays,bay-shore+redwood-empire,4,4,,
2026,girls,relays,bay-shore+redwood-empire,5,4,,
2026,girls,relays,bay-shore+redwood-empire,6,3,,
2026,girls,relays,bay-shore+redwood-empire,7,1,,
2026,girls,relays,bay-shore+redwood-empire,8,0,,
2026,girls,relays,bay-shore+redwood-empire,9,0,,
2026,girls,relays,bay-shore+redwood-empire,10,0,,
2026,girls,relays,bay-shore+redwood-empire,11,0,,
2026,girls,relays,bay-shore+redwood-empire,12,0,,
2026,girls,relays,bay-shore+redwood-empire,5-6,7,,
2026,girls,relays,bay-shore+redwood-empire,7-8,1,,
2026,girls,all,tri-valley,1,15,14,2.0
2026,girls,all,tri-valley,2,15,14,4.0
2026,girls,all,tri-valley,3,13,7,8.0
2026,girls,all,tri-valley,4,15,10,7.0
2026,girls,all,tri-valley,5,14,4,12.0
2026,girls,all,tri-valley,6,16,4,12.0
2026,girls,all,tri-valley,7,16,4,14.0
2026,girls,all,tri-valley,8,9,3,14.0
2026,girls,all,tri-valley,9,10,1,15.0
2026,girls,all,tri-valley,10,6,1,14.0
2026,girls,all,tri-valley,11,4,,
2026,girls,all,tri-valley,12,2,,
2026,girls,all,tri-valley,5-6,30,8,12.0
2026,girls,all,tri-valley,7-8,25,7,14.0
2026,girls,all,bay-shore,1,15,12,4.0
2026,girls,all,bay-shore,2,15,6,9.0
2026,girls,all,bay-shore,3,17,5,13.0
2026,girls,all,bay-shore,4,15,5,14.0
2026,girls,all,bay-shore,5,15,1,17.0
2026,girls,all,bay-shore,6,14,1,19.0
2026,girls,all,bay-shore,7,5,0,14.0
2026,girls,all,bay-shore,8,6,0,13.5
2026,girls,all,bay-shore,9,1,,
2026,girls,all,bay-shore,10,0,,
2026,girls,all,bay-shore,11,0,,
2026,girls,all,bay-shore,12,0,,
2026,girls,all,bay-shore,5-6,29,2,18.0
2026,girls,all,bay-shore,7-8,11,0,14.0
2026,girls,all,redwood-empire,1,15,13,3.0
2026,girls,all,redwood-empire,2,15,9,9.0
2026,girls,all,redwood-empire,3,13,5,10.0
2026,girls,all,redwood-empire,4,15,3,11.0
2026,girls,all,redwood-empire,5,16,1,13.0
2026,girls,all,redwood-empire,6,13,1,20.0
2026,girls,all,redwood-empire,7,5,1,10.0
2026,girls,all,redwood-empire,8,8,0,18.0
2026,girls,all,redwood-empire,9,1,,
2026,girls,all,redwood-empire,10,1,,
2026,girls,all,redwood-empire,11,0,,
2026,girls,all,redwood-empire,12,0,,
2026,girls,all,redwood-empire,5-6,29,2,16.0
2026,girls,all,redwood-empire,7-8,13,1,15.0
2026,girls,all,class-a,1,12,2,16.0
2026,girls,all,class-a,2,14,1,18.0
2026,girls,all,class-a,3,15,1,21.5
2026,girls,all,class-a,4,6,0,18.5
2026,girls,all,class-a,5,1,,
2026,girls,all,class-a,6,0,,
2026,girls,all,class-a,7,0,,
2026,girls,all,class-a,8,0,,
2026,girls,all,class-a,9,0,,
2026,girls,all,class-a,10,0,,
2026,girls,all,class-a,11,0,,
2026,girls,all,class-a,12,0,,
2026,girls,all,class-a,5-6,1,,
2026,girls,all,class-a,7-8,0,,
2026,girls,all,bay-shore+redwood-empire,1,30,25,4.0
2026,girls,all,bay-shore+redwood-empire,2,30,15,9.0
2026,girls,all,bay-shore+redwood-empire,3,30,10,11.5
2026,girls,all,bay-shore+redwood-empire,4,30,8,11.0
2026,girls,all,bay-shore+redwood-empire,5,31,2,16.0
2026,girls,all,bay-shore+redwood-empire,6,27,2,19.0
2026,girls,all,bay-shore+redwood-empire,7,10,1,13.5
2026,girls,all,bay-shore+redwood-empire,8,14,0,16.0
2026,girls,all,bay-shore+redwood-empire,9,2,,
2026,girls,all,bay-shore+redwood-empire,10,1,,
2026,girls,all,bay-shore+redwood-empire,11,0,,
2026,girls,all,bay-shore+redwood-empire,12,0,,
2026,girls,all,bay-shore+redwood-empire,5-6,58,4,16.0
2026,girls,all,bay-shore+redwood-empire,7-8,24,1,15.0
2026,boys,sprints_hurdles,tri-valley,1,4,,
2026,boys,sprints_hurdles,tri-valley,2,4,,
2026,boys,sprints_hurdles,tri-valley,3,3,,
2026,boys,sprints_hurdles,tri-valley,4,4,,
2026,boys,sprints_hurdles,tri-valley,5,3,,
2026,boys,sprints_hurdles,tri-valley,6,3,,
2026,boys,sprints_hurdles,tri-valley,7,4,,
2026,boys,sprints_hurdles,tri-valley,8,4,,
2026,boys,sprints_hurdles,tri-valley,9,4,,
2026,boys,sprints_hurdles,tri-valley,10,3,,
2026,boys,sprints_hurdles,tri-valley,11,0,,
2026,boys,sprints_hurdles,tri-valley,12,1,,
2026,boys,sprints_hurdles,tri-valley,5-6,6,4,7.0
2026,boys,sprints_hurdles,tri-valley,7-8,8,0,13.0
2026,boys,sprints_hurdles,bay-shore,1,4,,
2026,boys,sprints_hurdles,bay-shore,2,4,,
2026,boys,sprints_hurdles,bay-shore,3,4,,
2026,boys,sprints_hurdles,bay-shore,4,4,,
2026,boys,sprints_hurdles,bay-shore,5,4,,
2026,boys,sprints_hurdles,bay-shore,6,4,,
2026,boys,sprints_hurdles,bay-shore,7,0,,
2026,boys,sprints_hurdles,bay-shore,8,1,,
2026,boys,sprints_hurdles,bay-shore,9,1,,
2026,boys,sprints_hurdles,bay-shore,10,0,,
2026,boys,sprints_hurdles,bay-shore,11,0,,
2026,boys,sprints_hurdles,bay-shore,12,0,,
2026,boys,sprints_hurdles,bay-shore,5-6,8,1,13.0
2026,boys,sprints_hurdles,bay-shore,7-8,1,,
2026,boys,sprints_hurdles,redwood-empire,1,4,,
2026,boys,sprints_hurdles,redwood-empire,2,4,,
2026,boys,sprints_hurdles,redwood-empire,3,3,,
2026,boys,sprints_hurdles,redwood-empire,4,4,,
2026,boys,sprints_hurdles,redwood-empire,5,3,,
2026,boys,sprints_hurdles,redwood-empire,6,4,,
2026,boys,sprints_hurdles,redwood-empire,7,2,,
2026,boys,sprints_hurdles,redwood-empire,8,0,,
2026,boys,sprints_hurdles,redwood-empire,9,0,,
2026,boys,sprints_hurdles,redwood-empire,10,0,,
2026,boys,sprints_hurdles,redwood-empire,11,0,,
2026,boys,sprints_hurdles,redwood-empire,12,0,,
2026,boys,sprints_hurdles,redwood-empire,5-6,7,0,21.0
2026,boys,sprints_hurdles,redwood-empire,7-8,2,,
2026,boys,sprints_hurdles,class-a,1,3,,
2026,boys,sprints_hurdles,class-a,2,4,,
2026,boys,sprints_hurdles,class-a,3,4,,
2026,boys,sprints_hurdles,class-a,4,2,,
2026,boys,sprints_hurdles,class-a,5,0,,
2026,boys,sprints_hurdles,class-a,6,0,,
2026,boys,sprints_hurdles,class-a,7,0,,
2026,boys,sprints_hurdles,class-a,8,0,,
2026,boys,sprints_hurdles,class-a,9,0,,
2026,boys,sprints_hurdles,class-a,10,0,,
2026,boys,sprints_hurdles,class-a,11,0,,
2026,boys,sprints_hurdles,class-a,12,0,,
2026,boys,sprints_hurdles,class-a,5-6,0,,
2026,boys,sprints_hurdles,class-a,7-8,0,,
2026,boys,sprints_hurdles,bay-shore+redwood-empire,1,8,,
2026,boys,sprints_hurdles,bay-shore+redwood-empire,2,8,,
2026,boys,sprints_hurdles,bay-shore+redwood-empire,3,7,,
2026,boys,sprints_hurdles,bay-shore+redwood-empire,4,8,,
2026,boys,sprints_hurdles,bay-shore+redwood-empire,5,7,,
2026,boys,sprints_hurdles,bay-shore+redwood-empire,6,8,,
2026,boys,sprints_hurdles,bay-shore+redwood-empire,7,2,,
2026,boys,sprints_hurdles,bay-shore+redwood-empire,8,1,,
2026,boys,sprints_hurdles,bay-shore+redwood-empire,9,1,,
2026,boys,sprints_hurdles,bay-shore+redwood-empire,10,0,,
2026,boys,sprints_hurdles,bay-shore+redwood-empire,11,0,,
2026,boys,sprints_hurdles,bay-shore+redwood-empire,12,0,,
2026,boys,sprints_hurdles,bay-shore+redwood-empire,5-6,15,1,20.0
2026,boys,sprints_hurdles,bay-shore+redwood-empire,7-8,3,,
2026,boys,400_800,tri-valley,1,2,,
2026,boys,400_800,tri-valley,2,2,,
2026,boys,400_800,tri-valley,3,2,,
2026,boys,400_800,tri-valley,4,1,,
2026,boys,400_800,tri-valley,5,2,,
2026,boys,400_800,tri-valley,6,2,,
2026,boys,400_800,tri-valley,7,2,,
2026,boys,400_800,tri-valley,8,2,,
2026,boys,400_800,tri-valley,9,2,,
2026,boys,400_800,tri-valley,10,1,,
2026,boys,400_800,tri-valley,11,1,,
2026,boys,400_800,tri-valley,12,1,,
2026,boys,400_800,tri-valley,5-6,4,,
2026,boys,400_800,tri-valley,7-8,4,,
2026,boys,400_800,bay-shore,1,2,,
2026,boys,400_800,bay-shore,2,2,,
2026,boys,400_800,bay-shore,3,2,,
2026,boys,400_800,bay-shore,4,1,,
2026,boys,400_800,bay-shore,5,2,,
2026,boys,400_800,bay-shore,6,2,,
2026,boys,400_800,bay-shore,7,1,,
2026,boys,400_800,bay-shore,8,0,,
2026,boys,400_800,bay-shore,9,0,,
2026,boys,400_800,bay-shore,10,0,,
2026,boys,400_800,bay-shore,11,0,,
2026,boys,400_800,bay-shore,12,0,,
2026,boys,400_800,bay-shore,5-6,4,,
2026,boys,400_800,bay-shore,7-8,1,,
2026,boys,400_800,redwood-empire,1,2,,
2026,boys,400_800,redwood-empire,2,1,,
2026,boys,400_800,redwood-empire,3,2,,
2026,boys,400_800,redwood-empire,4,1,,
2026,boys,400_800,redwood-empire,5,2,,
2026,boys,400_800,redwood-empire,6,2,,
2026,boys,400_800,redwood-empire,7,2,,
2026,boys,400_800,redwood-empire,8,1,,
2026,boys,400_800,redwood-empire,9,0,,
2026,boys,400_800,redwood-empire,10,1,,
2026,boys,400_800,redwood-empire,11,1,,
2026,boys,400_800,redwood-empire,12,0,,
2026,boys,400_800,redwood-empire,5-6,4,,
2026,boys,400_800,redwood-empire,7-8,3,,
2026,boys,400_800,class-a,1,2,,
2026,boys,400_800,class-a,2,2,,
2026,boys,400_800,class-a,3,1,,
2026,boys,400_800,class-a,4,0,,
2026,boys,400_800,class-a,5,0,,
2026,boys,400_800,class-a,6,0,,
2026,boys,400_800,class-a,7,0,,
2026,boys,400_800,class-a,8,0,,
2026,boys,400_800,class-a,9,0,,
2026,boys,400_800,class-a,10,0,,
2026,boys,400_800,class-a,11,0,,
2026,boys,400_800,class-a,12,0,,
2026,boys,400_800,class-a,5-6,0,,
2026,boys,400_800,class-a,7-8,0,,
2026,boys,400_800,bay-shore+redwood-empire,1,4,,
2026,boys,400_800,bay-shore+redwood-empire,2,3,,
2026,boys,400_800,bay-shore+redwood-empire,3,4,,
2026,boys,400_800,bay-shore+redwood-empire,4,2,,
2026,boys,400_800,bay-shore+redwood-empire,5,4,,
2026,boys,400_800,bay-shore+redwood-empire,6,4,,
2026,boys,400_800,bay-shore+redwood-empire,7,3,,
2026,boys,400_800,bay-shore+redwood-empire,8,1,,
2026,boys,400_800,bay-shore+redwood-empire,9,0,,
2026,boys,400_800,bay-shore+redwood-empire,10,1,,
2026,boys,400_800,bay-shore+redwood-empire,11,1,,
2026,boys,400_800,bay-shore+redwood-empire,12,0,,
2026,boys,400_800,bay-shore+redwood-empire,5-6,8,,
2026,boys,400_800,bay-shore+redwood-empire,7-8,4,,
2026,boys,distance,tri-valley,1,2,,
2026,boys,distance,tri-valley,2,2,,
2026,boys,distance,tri-valley,3,2,,
2026,boys,distance,tri-valley,4,2,,
2026,boys,distance,tri-valley,5,2,,
2026,boys,distance,tri-valley,6,2,,
2026,boys,distance,tri-valley,7,2,,
2026,boys,distance,tri-valley,8,1,,
2026,boys,distance,tri-valley,9,0,,
2026,boys,distance,tri-valley,10,1,,
2026,boys,distance,tri-valley,11,0,,
2026,boys,distance,tri-valley,12,0,,
2026,boys,distance,tri-valley,5-6,4,,
2026,boys,distance,tri-valley,7-8,3,,
2026,boys,distance,bay-shore,1,1,,
2026,boys,distance,bay-shore,2,2,,
2026,boys,distance,bay-shore,3,2,,
2026,boys,distance,bay-shore,4,2,,
2026,boys,distance,bay-shore,5,2,,
2026,boys,distance,bay-shore,6,2,,
2026,boys,distance,bay-shore,7,2,,
2026,boys,distance,bay-shore,8,1,,
2026,boys,distance,bay-shore,9,0,,
2026,boys,distance,bay-shore,10,0,,
2026,boys,distance,bay-shore,11,0,,
2026,boys,distance,bay-shore,12,0,,
2026,boys,distance,bay-shore,5-6,4,,
2026,boys,distance,bay-shore,7-8,3,,
2026,boys,distance,redwood-empire,1,1,,
2026,boys,distance,redwood-empire,2,1,,
2026,boys,distance,redwood-empire,3,1,,
2026,boys,distance,redwood-empire,4,2,,
2026,boys,distance,redwood-empire,5,2,,
2026,boys,distance,redwood-empire,6,2,,
2026,boys,distance,redwood-empire,7,0,,
2026,boys,distance,redwood-empire,8,1,,
2026,boys,distance,redwood-empire,9,1,,
2026,boys,distance,redwood-empire,10,1,,
2026,boys,distance,redwood-empire,11,1,,
2026,boys,distance,redwood-empire,12,0,,
2026,boys,distance,redwood-empire,5-6,4,,
2026,boys,distance,redwood-empire,7-8,1,,
2026,boys,distance,class-a,1,2,,
2026,boys,distance,class-a,2,2,,
2026,boys,distance,class-a,3,1,,
2026,boys,distance,class-a,4,1,,
2026,boys,distance,class-a,5,0,,
2026,boys,distance,class-a,6,0,,
2026,boys,distance,class-a,7,0,,
2026,boys,distance,class-a,8,0,,
2026,boys,distance,class-a,9,0,,
2026,boys,distance,class-a,10,0,,
2026,boys,distance,class-a,11,0,,
2026,boys,distance,class-a,12,0,,
2026,boys,distance,class-a,5-6,0,,
2026,boys,distance,class-a,7-8,0,,
2026,boys,distance,bay-shore+redwood-empire,1,2,,
2026,boys,distance,bay-shore+redwood-empire,2,3,,
2026,boys,distance,bay-shore+redwood-empire,3,3,,
2026,boys,distance,bay-shore+redwood-empire,4,4,,
2026,boys,distance,bay-shore+redwood-empire,5,4,,
2026,boys,distance,bay-shore+redwood-empire,6,4,,
2026,boys,distance,bay-shore+redwood-empire,7,2,,
2026,boys,distance,bay-shore+redwood-empire,8,2,,
2026,boys,distance,bay-shore+redwood-empire,9,1,,
2026,boys,distance,bay-shore+redwood-empire,10,1,,
2026,boys,distance,bay-shore+redwood-empire,11,1,,
2026,boys,distance,bay-shore+redwood-empire,12,0,,
2026,boys,distance,bay-shore+redwood-empire,5-6,8,,
2026,boys,distance,bay-shore+redwood-empire,7-8,4,,
2026,boys,jumps,tri-valley,1,4,,
2026,boys,jumps,tri-valley,2,4,,
2026,boys,jumps,tri-valley,3,4,,
2026,boys,jumps,tri-valley,4,4,,
2026,boys,jumps,tri-valley,5,4,,
2026,boys,jumps,tri-valley,6,3,,
2026,boys,jumps,tri-valley,7,5,3,7.5
2026,boys,jumps,tri-valley,8,2,,
2026,boys,jumps,tri-valley,9,3,,
2026,boys,jumps,tri-valley,10,1,,
2026,boys,jumps,tri-valley,11,0,,
2026,boys,jumps,tri-valley,12,0,,
2026,boys,jumps,tri-valley,5-6,7,2,10.0
2026,boys,jumps,tri-valley,7-8,7,3,9.0
2026,boys,jumps,bay-shore,1,4,,
2026,boys,jumps,bay-shore,2,4,,
2026,boys,jumps,bay-shore,3,4,,
2026,boys,jumps,bay-shore,4,4,,
2026,boys,jumps,bay-shore,5,4,,
2026,boys,jumps,bay-shore,6,3,,
2026,boys,jumps,bay-shore,7,1,,
2026,boys,jumps,bay-shore,8,0,,
2026,boys,jumps,bay-shore,9,0,,
2026,boys,jumps,bay-shore,10,0,,
2026,boys,jumps,bay-shore,11,0,,
2026,boys,jumps,bay-shore,12,0,,
2026,boys,jumps,bay-shore,5-6,7,0,17.0
2026,boys,jumps,bay-shore,7-8,1,,
2026,boys,jumps,redwood-empire,1,4,,
2026,boys,jumps,redwood-empire,2,4,,
2026,boys,jumps,redwood-empire,3,5,2,10.0
2026,boys,jumps,redwood-empire,4,3,,
2026,boys,jumps,redwood-empire,5,3,,
2026,boys,jumps,redwood-empire,6,2,,
2026,boys,jumps,redwood-empire,7,4,,
2026,boys,jumps,redwood-empire,8,0,,
2026,boys,jumps,redwood-empire,9,0,,
2026,boys,jumps,redwood-empire,10,0,,
2026,boys,jumps,redwood-empire,11,0,,
2026,boys,jumps,redwood-empire,12,0,,
2026,boys,jumps,redwood-empire,5-6,5,1,13.0
2026,boys,jumps,redwood-empire,7-8,4,,
2026,boys,jumps,class-a,1,4,,
2026,boys,jumps,class-a,2,2,,
2026,boys,jumps,class-a,3,3,,
2026,boys,jumps,class-a,4,1,,
2026,boys,jumps,class-a,5,1,,
2026,boys,jumps,class-a,6,0,,
2026,boys,jumps,class-a,7,0,,
2026,boys,jumps,class-a,8,0,,
2026,boys,jumps,class-a,9,0,,
2026,boys,jumps,class-a,10,0,,
2026,boys,jumps,class-a,11,0,,
2026,boys,jumps,class-a,12,0,,
2026,boys,jumps,class-a,5-6,1,,
2026,boys,jumps,class-a,7-8,0,,
2026,boys,jumps,bay-shore+redwood-empire,1,8,,
2026,boys,jumps,bay-shore+redwood-empire,2,8,,
2026,boys,jumps,bay-shore+redwood-empire,3,9,,
2026,boys,jumps,bay-shore+redwood-empire,4,7,,
2026,boys,jumps,bay-shore+redwood-empire,5,7,,
2026,boys,jumps,bay-shore+redwood-empire,6,5,,
2026,boys,jumps,bay-shore+redwood-empire,7,5,,
2026,boys,jumps,bay-shore+redwood-empire,8,0,,
2026,boys,jumps,bay-shore+redwood-empire,9,0,,
2026,boys,jumps,bay-shore+redwood-empire,10,0,,
2026,boys,jumps,bay-shore+redwood-empire,11,0,,
2026,boys,jumps,bay-shore+redwood-empire,12,0,,
2026,boys,jumps,bay-shore+redwood-empire,5-6,12,1,17.0
2026,boys,jumps,bay-shore+redwood-empire,7-8,5,,
2026,boys,throws,tri-valley,1,2,,
2026,boys,throws,tri-valley,2,1,,
2026,boys,throws,tri-valley,3,2,,
2026,boys,throws,tri-valley,4,2,,
2026,boys,throws,tri-valley,5,2,,
2026,boys,throws,tri-valley,6,2,,
2026,boys,throws,tri-valley,7,1,,
2026,boys,throws,tri-valley,8,2,,
2026,boys,throws,tri-valley,9,2,,
2026,boys,throws,tri-valley,10,0,,
2026,boys,throws,tri-valley,11,0,,
2026,boys,throws,tri-valley,12,0,,
2026,boys,throws,tri-valley,5-6,4,,
2026,boys,throws,tri-valley,7-8,3,,
2026,boys,throws,bay-shore,1,2,,
2026,boys,throws,bay-shore,2,2,,
2026,boys,throws,bay-shore,3,2,,
2026,boys,throws,bay-shore,4,2,,
2026,boys,throws,bay-shore,5,2,,
2026,boys,throws,bay-shore,6,2,,
2026,boys,throws,bay-shore,7,0,,
2026,boys,throws,bay-shore,8,0,,
2026,boys,throws,bay-shore,9,0,,
2026,boys,throws,bay-shore,10,0,,
2026,boys,throws,bay-shore,11,0,,
2026,boys,throws,bay-shore,12,0,,
2026,boys,throws,bay-shore,5-6,4,,
2026,boys,throws,bay-shore,7-8,0,,
2026,boys,throws,redwood-empire,1,2,,
2026,boys,throws,redwood-empire,2,2,,
2026,boys,throws,redwood-empire,3,2,,
2026,boys,throws,redwood-empire,4,2,,
2026,boys,throws,redwood-empire,5,2,,
2026,boys,throws,redwood-empire,6,2,,
2026,boys,throws,redwood-empire,7,1,,
2026,boys,throws,redwood-empire,8,0,,
2026,boys,throws,redwood-empire,9,0,,
2026,boys,throws,redwood-empire,10,0,,
2026,boys,throws,redwood-empire,11,0,,
2026,boys,throws,redwood-empire,12,0,,
2026,boys,throws,redwood-empire,5-6,4,,
2026,boys,throws,redwood-empire,7-8,1,,
2026,boys,throws,class-a,1,2,,
2026,boys,throws,class-a,2,2,,
2026,boys,throws,class-a,3,2,,
2026,boys,throws,class-a,4,0,,
2026,boys,throws,class-a,5,0,,
2026,boys,throws,class-a,6,0,,
2026,boys,throws,class-a,7,0,,
2026,boys,throws,class-a,8,0,,
2026,boys,throws,class-a,9,0,,
2026,boys,throws,class-a,10,0,,
2026,boys,throws,class-a,11,0,,
2026,boys,throws,class-a,12,0,,
2026,boys,throws,class-a,5-6,0,,
2026,boys,throws,class-a,7-8,0,,
2026,boys,throws,bay-shore+redwood-empire,1,4,,
2026,boys,throws,bay-shore+redwood-empire,2,4,,
2026,boys,throws,bay-shore+redwood-empire,3,4,,
2026,boys,throws,bay-shore+redwood-empire,4,4,,
2026,boys,throws,bay-shore+redwood-empire,5,4,,
2026,boys,throws,bay-shore+redwood-empire,6,4,,
2026,boys,throws,bay-shore+redwood-empire,7,1,,
2026,boys,throws,bay-shore+redwood-empire,8,0,,
2026,boys,throws,bay-shore+redwood-empire,9,0,,
2026,boys,throws,bay-shore+redwood-empire,10,0,,
2026,boys,throws,bay-shore+redwood-empire,11,0,,
2026,boys,throws,bay-shore+redwood-empire,12,0,,
2026,boys,throws,bay-shore+redwood-empire,5-6,8,,
2026,boys,throws,bay-shore+redwood-empire,7-8,1,,
2026,boys,relays,tri-valley,1,2,,
2026,boys,relays,tri-valley,2,2,,
2026,boys,relays,tri-valley,3,2,,
2026,boys,relays,tri-valley,4,2,,
2026,boys,relays,tri-valley,5,2,,
2026,boys,relays,tri-valley,6,2,,
2026,boys,relays,tri-valley,7,2,,
2026,boys,relays,tri-valley,8,2,,
2026,boys,relays,tri-valley,9,2,,
2026,boys,relays,tri-valley,10,0,,
2026,boys,relays,tri-valley,11,0,,
2026,boys,relays,tri-valley,12,0,,
2026,boys,relays,tri-valley,5-6,4,,
2026,boys,relays,tri-valley,7-8,4,,
2026,boys,relays,bay-shore,1,2,,
2026,boys,relays,bay-shore,2,2,,
2026,boys,relays,bay-shore,3,2,,
2026,boys,relays,bay-shore,4,2,,
2026,boys,relays,bay-shore,5,2,,
2026,boys,relays,bay-shore,6,2,,
2026,boys,relays,bay-shore,7,0,,
2026,boys,relays,bay-shore,8,0,,
2026,boys,relays,bay-shore,9,0,,
2026,boys,relays,bay-shore,10,0,,
2026,boys,relays,bay-shore,11,0,,
2026,boys,relays,bay-shore,12,0,,
2026,boys,relays,bay-shore,5-6,4,,
2026,boys,relays,bay-shore,7-8,0,,
2026,boys,relays,redwood-empire,1,2,,
2026,boys,relays,redwood-empire,2,2,,
2026,boys,relays,redwood-empire,3,2,,
2026,boys,relays,redwood-empire,4,2,,
2026,boys,relays,redwood-empire,5,2,,
2026,boys,relays,redwood-empire,6,1,,
2026,boys,relays,redwood-empire,7,1,,
2026,boys,relays,redwood-empire,8,0,,
2026,boys,relays,redwood-empire,9,0,,
2026,boys,relays,redwood-empire,10,0,,
2026,boys,relays,redwood-empire,11,0,,
2026,boys,relays,redwood-empire,12,0,,
2026,boys,relays,redwood-empire,5-6,3,,
2026,boys,relays,redwood-empire,7-8,1,,
2026,boys,relays,class-a,1,2,,
2026,boys,relays,class-a,2,2,,
2026,boys,relays,class-a,3,2,,
2026,boys,relays,class-a,4,0,,
2026,boys,relays,class-a,5,0,,
2026,boys,relays,class-a,6,0,,
2026,boys,relays,class-a,7,0,,
2026,boys,relays,class-a,8,0,,
2026,boys,relays,class-a,9,0,,
2026,boys,relays,class-a,10,0,,
2026,boys,relays,class-a,11,0,,
2026,boys,relays,class-a,12,0,,
2026,boys,relays,class-a,5-6,0,,
2026,boys,relays,class-a,7-8,0,,
2026,boys,relays,bay-shore+redwood-empire,1,4,,
2026,boys,relays,bay-shore+redwood-empire,2,4,,
2026,boys,relays,bay-shore+redwood-empire,3,4,,
2026,boys,relays,bay-shore+redwood-empire,4,4,,
2026,boys,relays,bay-shore+redwood-empire,5,4,,
2026,boys,relays,bay-shore+redwood-empire,6,3,,
2026,boys,relays,bay-shore+redwood-empire,7,1,,
2026,boys,relays,bay-shore+redwood-empire,8,0,,
2026,boys,relays,bay-shore+redwood-empire,9,0,,
2026,boys,relays,bay-shore+redwood-empire,10,0,,
2026,boys,relays,bay-shore+redwood-empire,11,0,,
2026,boys,relays,bay-shore+redwood-empire,12,0,,
2026,boys,relays,bay-shore+redwood-empire,5-6,7,,
2026,boys,relays,bay-shore+redwood-empire,7-8,1,,
2026,boys,all,tri-valley,1,16,16,2.0
2026,boys,all,tri-valley,2,15,11,5.0
2026,boys,all,tri-valley,3,15,13,4.0
2026,boys,all,tri-valley,4,15,7,8.0
2026,boys,all,tri-valley,5,15,7,8.5
2026,boys,all,tri-valley,6,14,4,10.0
2026,boys,all,tri-valley,7,16,6,13.0
2026,boys,all,tri-valley,8,13,1,12.0
2026,boys,all,tri-valley,9,13,0,16.0
2026,boys,all,tri-valley,10,6,0,15.0
2026,boys,all,tri-valley,11,1,,
2026,boys,all,tri-valley,12,2,,
2026,boys,all,tri-valley,5-6,29,11,9.0
2026,boys,all,tri-valley,7-8,29,7,12.5
2026,boys,all,bay-shore,1,15,14,3.0
2026,boys,all,bay-shore,2,16,8,8.0
2026,boys,all,bay-shore,3,16,4,13.0
2026,boys,all,bay-shore,4,15,3,14.0
2026,boys,all,bay-shore,5,16,2,17.0
2026,boys,all,bay-shore,6,15,0,21.0
2026,boys,all,bay-shore,7,4,,
2026,boys,all,bay-shore,8,2,,
2026,boys,all,bay-shore,9,1,,
2026,boys,all,bay-shore,10,0,,
2026,boys,all,bay-shore,11,0,,
2026,boys,all,bay-shore,12,0,,
2026,boys,all,bay-shore,5-6,31,2,20.0
2026,boys,all,bay-shore,7-8,6,0,21.5
2026,boys,all,redwood-empire,1,15,10,5.0
2026,boys,all,redwood-empire,2,14,6,8.0
2026,boys,all,redwood-empire,3,15,3,11.0
2026,boys,all,redwood-empire,4,14,3,13.0
2026,boys,all,redwood-empire,5,14,2,14.0
2026,boys,all,redwood-empire,6,13,2,19.0
2026,boys,all,redwood-empire,7,10,0,17.5
2026,boys,all,redwood-empire,8,2,,
2026,boys,all,redwood-empire,9,1,,
2026,boys,all,redwood-empire,10,2,,
2026,boys,all,redwood-empire,11,2,,
2026,boys,all,redwood-empire,12,0,,
2026,boys,all,redwood-empire,5-6,27,4,15.0
2026,boys,all,redwood-empire,7-8,12,0,17.5
2026,boys,all,class-a,1,15,2,15.0
2026,boys,all,class-a,2,14,1,18.0
2026,boys,all,class-a,3,13,0,20.0
2026,boys,all,class-a,4,4,,
2026,boys,all,class-a,5,1,,
2026,boys,all,class-a,6,0,,
2026,boys,all,class-a,7,0,,
2026,boys,all,class-a,8,0,,
2026,boys,all,class-a,9,0,,
2026,boys,all,class-a,10,0,,
2026,boys,all,class-a,11,0,,
2026,boys,all,class-a,12,0,,
2026,boys,all,class-a,5-6,1,,
2026,boys,all,class-a,7-8,0,,
2026,boys,all,bay-shore+redwood-empire,1,30,24,4.0
2026,boys,all,bay-shore+redwood-empire,2,30,14,8.0
2026,boys,all,bay-shore+redwood-empire,3,31,7,12.5
2026,boys,all,bay-shore+redwood-empire,4,29,6,14.0
2026,boys,all,bay-shore+redwood-empire,5,30,4,15.0
2026,boys,all,bay-shore+redwood-empire,6,28,2,21.0
2026,boys,all,bay-shore+redwood-empire,7,14,,
2026,boys,all,bay-shore+redwood-empire,8,4,,
2026,boys,all,bay-shore+redwood-empire,9,2,,
2026,boys,all,bay-shore+redwood-empire,10,2,,
2026,boys,all,bay-shore+redwood-empire,11,2,,
2026,boys,all,bay-shore+redwood-empire,12,0,,
2026,boys,all,bay-shore+redwood-empire,5-6,58,6,18.0
2026,boys,all,bay-shore+redwood-empire,7-8,18,0,19.5
2026,all,sprints_hurdles,tri-valley,1,8,8,1.5
2026,all,sprints_hurdles,tri-valley,2,8,6,4.0
2026,all,sprints_hurdles,tri-valley,3,5,4,3.0
2026,all,sprints_hurdles,tri-valley,4,8,5,7.0
2026,all,sprints_hurdles,tri-valley,5,7,3,10.0
2026,all,sprints_hurdles,tri-valley,6,7,3,10.0
2026,all,sprints_hurdles,tri-valley,7,8,1,13.0
2026,all,sprints_hurdles,tri-valley,8,5,1,11.0
2026,all,sprints_hurdles,tri-valley,9,7,1,15.0
2026,all,sprints_hurdles,tri-valley,10,5,0,17.0
2026,all,sprints_hurdles,tri-valley,11,2,,
2026,all,sprints_hurdles,tri-valley,12,2,,
2026,all,sprints_hurdles,tri-valley,5-6,14,6,10.0
2026,all,sprints_hurdles,tri-valley,7-8,13,2,13.0
2026,all,sprints_hurdles,bay-shore,1,8,8,3.5
2026,all,sprints_hurdles,bay-shore,2,8,3,9.0
2026,all,sprints_hurdles,bay-shore,3,8,3,8.0
2026,all,sprints_hurdles,bay-shore,4,8,3,14.5
2026,all,sprints_hurdles,bay-shore,5,8,2,14.5
2026,all,sprints_hurdles,bay-shore,6,8,1,21.0
2026,all,sprints_hurdles,bay-shore,7,2,,
2026,all,sprints_hurdles,bay-shore,8,3,,
2026,all,sprints_hurdles,bay-shore,9,1,,
2026,all,sprints_hurdles,bay-shore,10,0,,
2026,all,sprints_hurdles,bay-shore,11,0,,
2026,all,sprints_hurdles,bay-shore,12,0,,
2026,all,sprints_hurdles,bay-shore,5-6,16,3,17.0
2026,all,sprints_hurdles,bay-shore,7-8,5,0,15.0
2026,all,sprints_hurdles,redwood-empire,1,7,5,5.0
2026,all,sprints_hurdles,redwood-empire,2,7,0,12.0
2026,all,sprints_hurdles,redwood-empire,3,6,0,14.0
2026,all,sprints_hurdles,redwood-empire,4,7,0,15.0
2026,all,sprints_hurdles,redwood-empire,5,7,0,22.0
2026,all,sprints_hurdles,redwood-empire,6,8,0,21.0
2026,all,sprints_hurdles,redwood-empire,7,2,,
2026,all,sprints_hurdles,redwood-empire,8,1,,
2026,all,sprints_hurdles,redwood-empire,9,1,,
2026,all,sprints_hurdles,redwood-empire,10,1,,
2026,all,sprints_hurdles,redwood-empire,11,0,,
2026,all,sprints_hurdles,redwood-empire,12,0,,
2026,all,sprints_hurdles,redwood-empire,5-6,15,0,21.0
2026,all,sprints_hurdles,redwood-empire,7-8,3,,
2026,all,sprints_hurdles,class-a,1,5,0,16.0
2026,all,sprints_hurdles,class-a,2,8,1,20.0
2026,all,sprints_hurdles,class-a,3,7,0,22.0
2026,all,sprints_hurdles,class-a,4,4,,
2026,all,sprints_hurdles,class-a,5,0,,
2026,all,sprints_hurdles,class-a,6,0,,
2026,all,sprints_hurdles,class-a,7,0,,
2026,all,sprints_hurdles,class-a,8,0,,
2026,all,sprints_hurdles,class-a,9,0,,
2026,all,sprints_hurdles,class-a,10,0,,
2026,all,sprints_hurdles,class-a,11,0,,
2026,all,sprints_hurdles,class-a,12,0,,
2026,all,sprints_hurdles,class-a,5-6,0,,
2026,all,sprints_hurdles,class-a,7-8,0,,
2026,all,sprints_hurdles,bay-shore+redwood-empire,1,15,13,4.0
2026,all,sprints_hurdles,bay-shore+redwood-empire,2,15,3,10.0
2026,all,sprints_hurdles,bay-shore+redwood-empire,3,14,3,11.5
2026,all,sprints_hurdles,bay-shore+redwood-empire,4,15,3,15.0
2026,all,sprints_hurdles,bay-shore+redwood-empire,5,15,2,17.0
2026,all,sprints_hurdles,bay-shore+redwood-empire,6,16,1,21.0
2026,all,sprints_hurdles,bay-shore+redwood-empire,7,4,,
2026,all,sprints_hurdles,bay-shore+redwood-empire,8,4,,
2026,all,sprints_hurdles,bay-shore+redwood-empire,9,2,,
2026,all,sprints_hurdles,bay-shore+redwood-empire,10,1,,
2026,all,sprints_hurdles,bay-shore+redwood-empire,11,0,,
2026,all,sprints_hurdles,bay-shore+redwood-empire,12,0,,
2026,all,sprints_hurdles,bay-shore+redwood-empire,5-6,31,3,20.5
2026,all,sprints_hurdles,bay-shore+redwood-empire,7-8,8,,
2026,all,400_800,tri-valley,1,4,,
2026,all,400_800,tri-valley,2,4,,
2026,all,400_800,tri-valley,3,4,,
2026,all,400_800,tri-valley,4,3,,
2026,all,400_800,tri-valley,5,3,,
2026,all,400_800,tri-valley,6,4,,
2026,all,400_800,tri-valley,7,4,,
2026,all,400_800,tri-valley,8,3,,
2026,all,400_800,tri-valley,9,4,,
2026,all,400_800,tri-valley,10,2,,
2026,all,400_800,tri-valley,11,1,,
2026,all,400_800,tri-valley,12,1,,
2026,all,400_800,tri-valley,5-6,7,3,9.0
2026,all,400_800,tri-valley,7-8,7,2,12.0
2026,all,400_800,bay-shore,1,3,,
2026,all,400_800,bay-shore,2,3,,
2026,all,400_800,bay-shore,3,4,,
2026,all,400_800,bay-shore,4,3,,
2026,all,400_800,bay-shore,5,4,,
2026,all,400_800,bay-shore,6,4,,
2026,all,400_800,bay-shore,7,1,,
2026,all,400_800,bay-shore,8,1,,
2026,all,400_800,bay-shore,9,1,,
2026,all,400_800,bay-shore,10,0,,
2026,all,400_800,bay-shore,11,0,,
2026,all,400_800,bay-shore,12,0,,
2026,all,400_800,bay-shore,5-6,8,0,21.5
2026,all,400_800,bay-shore,7-8,2,,
2026,all,400_800,redwood-empire,1,4,,
2026,all,400_800,redwood-empire,2,3,,
2026,all,400_800,redwood-empire,3,3,,
2026,all,400_800,redwood-empire,4,3,,
2026,all,400_800,redwood-empire,5,3,,
2026,all,400_800,redwood-empire,6,4,,
2026,all,400_800,redwood-empire,7,2,,
2026,all,400_800,redwood-empire,8,2,,
2026,all,400_800,redwood-empire,9,0,,
2026,all,400_800,redwood-empire,10,1,,
2026,all,400_800,redwood-empire,11,1,,
2026,all,400_800,redwood-empire,12,0,,
2026,all,400_800,redwood-empire,5-6,7,1,15.0
2026,all,400_800,redwood-empire,7-8,4,,
2026,all,400_800,class-a,1,4,,
2026,all,400_800,class-a,2,3,,
2026,all,400_800,class-a,3,3,,
2026,all,400_800,class-a,4,1,,
2026,all,400_800,class-a,5,0,,
2026,all,400_800,class-a,6,0,,
2026,all,400_800,class-a,7,0,,
2026,all,400_800,class-a,8,0,,
2026,all,400_800,class-a,9,0,,
2026,all,400_800,class-a,10,0,,
2026,all,400_800,class-a,11,0,,
2026,all,400_800,class-a,12,0,,
2026,all,400_800,class-a,5-6,0,,
2026,all,400_800,class-a,7-8,0,,
2026,all,400_800,bay-shore+redwood-empire,1,7,,
2026,all,400_800,bay-shore+redwood-empire,2,6,,
2026,all,400_800,bay-shore+redwood-empire,3,7,,
2026,all,400_800,bay-shore+redwood-empire,4,6,,
2026,all,400_800,bay-shore+redwood-empire,5,7,,
2026,all,400_800,bay-shore+redwood-empire,6,8,,
2026,all,400_800,bay-shore+redwood-empire,7,3,,
2026,all,400_800,bay-shore+redwood-empire,8,3,,
2026,all,400_800,bay-shore+redwood-empire,9,1,,
2026,all,400_800,bay-shore+redwood-empire,10,1,,
2026,all,400_800,bay-shore+redwood-empire,11,1,,
2026,all,400_800,bay-shore+redwood-empire,12,0,,
2026,all,400_800,bay-shore+redwood-empire,5-6,15,1,19.0
2026,all,400_800,bay-shore+redwood-empire,7-8,6,,
2026,all,distance,tri-valley,1,4,,
2026,all,distance,tri-valley,2,3,,
2026,all,distance,tri-valley,3,4,,
2026,all,distance,tri-valley,4,4,,
2026,all,distance,tri-valley,5,4,,
2026,all,distance,tri-valley,6,4,,
2026,all,distance,tri-valley,7,4,,
2026,all,distance,tri-valley,8,3,,
2026,all,distance,tri-valley,9,2,,
2026,all,distance,tri-valley,10,2,,
2026,all,distance,tri-valley,11,1,,
2026,all,distance,tri-valley,12,1,,
2026,all,distance,tri-valley,5-6,8,1,11.5
2026,all,distance,tri-valley,7-8,7,2,16.0
2026,all,distance,bay-shore,1,3,,
2026,all,distance,bay-shore,2,4,,
2026,all,distance,bay-shore,3,4,,
2026,all,distance,bay-shore,4,4,,
2026,all,distance,bay-shore,5,4,,
2026,all,distance,bay-shore,6,4,,
2026,all,distance,bay-shore,7,2,,
2026,all,distance,bay-shore,8,1,,
2026,all,distance,bay-shore,9,0,,
2026,all,distance,bay-shore,10,0,,
2026,all,distance,bay-shore,11,0,,
2026,all,distance,bay-shore,12,0,,
2026,all,distance,bay-shore,5-6,8,1,21.5
2026,all,distance,bay-shore,7-8,3,,
2026,all,distance,redwood-empire,1,3,,
2026,all,distance,redwood-empire,2,3,,
2026,all,distance,redwood-empire,3,3,,
2026,all,distance,redwood-empire,4,4,,
2026,all,distance,redwood-empire,5,3,,
2026,all,distance,redwood-empire,6,4,,
2026,all,distance,redwood-empire,7,2,,
2026,all,distance,redwood-empire,8,2,,
2026,all,distance,redwood-empire,9,1,,
2026,all,distance,redwood-empire,10,1,,
2026,all,distance,redwood-empire,11,1,,
2026,all,distance,redwood-empire,12,0,,
2026,all,distance,redwood-empire,5-6,7,1,14.0
2026,all,distance,redwood-empire,7-8,4,,
2026,all,distance,class-a,1,2,,
2026,all,distance,class-a,2,4,,
2026,all,distance,class-a,3,3,,
2026,all,distance,class-a,4,3,,
2026,all,distance,class-a,5,1,,
2026,all,distance,class-a,6,0,,
2026,all,distance,class-a,7,0,,
2026,all,distance,class-a,8,0,,
2026,all,distance,class-a,9,0,,
2026,all,distance,class-a,10,0,,
2026,all,distance,class-a,11,0,,
2026,all,distance,class-a,12,0,,
2026,all,distance,class-a,5-6,1,,
2026,all,distance,class-a,7-8,0,,
2026,all,distance,bay-shore+redwood-empire,1,6,,
2026,all,distance,bay-shore+redwood-empire,2,7,,
2026,all,distance,bay-shore+redwood-empire,3,7,,
2026,all,distance,bay-shore+redwood-empire,4,8,,
2026,all,distance,bay-shore+redwood-empire,5,7,,
2026,all,distance,bay-shore+redwood-empire,6,8,,
2026,all,distance,bay-shore+redwood-empire,7,4,,
2026,all,distance,bay-shore+redwood-empire,8,3,,
2026,all,distance,bay-shore+redwood-empire,9,1,,
2026,all,distance,bay-shore+redwood-empire,10,1,,
2026,all,distance,bay-shore+redwood-empire,11,1,,
2026,all,distance,bay-shore+redwood-empire,12,0,,
2026,all,distance,bay-shore+redwood-empire,5-6,15,2,16.0
2026,all,distance,bay-shore+redwood-empire,7-8,7,,
2026,all,jumps,tri-valley,1,7,7,1.0
2026,all,jumps,tri-valley,2,8,8,4.5
2026,all,jumps,tri-valley,3,8,5,7.0
2026,all,jumps,tri-valley,4,7,4,7.5
2026,all,jumps,tri-valley,5,8,3,10.0
2026,all,jumps,tri-valley,6,7,1,11.0
2026,all,jumps,tri-valley,7,9,4,8.0
2026,all,jumps,tri-valley,8,4,,
2026,all,jumps,tri-valley,9,4,,
2026,all,jumps,tri-valley,10,2,,
2026,all,jumps,tri-valley,11,1,,
2026,all,jumps,tri-valley,12,0,,
2026,all,jumps,tri-valley,5-6,15,4,11.0
2026,all,jumps,tri-valley,7-8,13,4,12.0
2026,all,jumps,bay-shore,1,8,7,3.0
2026,all,jumps,bay-shore,2,8,6,5.5
2026,all,jumps,bay-shore,3,9,3,11.0
2026,all,jumps,bay-shore,4,7,2,13.0
2026,all,jumps,bay-shore,5,7,0,17.0
2026,all,jumps,bay-shore,6,6,0,16.5
2026,all,jumps,bay-shore,7,3,,
2026,all,jumps,bay-shore,8,2,,
2026,all,jumps,bay-shore,9,0,,
2026,all,jumps,bay-shore,10,0,,
2026,all,jumps,bay-shore,11,0,,
2026,all,jumps,bay-shore,12,0,,
2026,all,jumps,bay-shore,5-6,13,0,17.0
2026,all,jumps,bay-shore,7-8,5,0,18.0
2026,all,jumps,redwood-empire,1,8,5,3.5
2026,all,jumps,redwood-empire,2,8,7,4.5
2026,all,jumps,redwood-empire,3,9,4,9.0
2026,all,jumps,redwood-empire,4,7,0,13.0
2026,all,jumps,redwood-empire,5,9,1,13.0
2026,all,jumps,redwood-empire,6,4,,
2026,all,jumps,redwood-empire,7,6,0,11.5
2026,all,jumps,redwood-empire,8,3,,
2026,all,jumps,redwood-empire,9,0,,
2026,all,jumps,redwood-empire,10,0,,
2026,all,jumps,redwood-empire,11,0,,
2026,all,jumps,redwood-empire,12,0,,
2026,all,jumps,redwood-empire,5-6,13,2,13.0
2026,all,jumps,redwood-empire,7-8,9,0,13.0
2026,all,jumps,class-a,1,9,0,16.0
2026,all,jumps,class-a,2,5,0,14.0
2026,all,jumps,class-a,3,7,0,20.0
2026,all,jumps,class-a,4,1,,
2026,all,jumps,class-a,5,1,,
2026,all,jumps,class-a,6,0,,
2026,all,jumps,class-a,7,0,,
2026,all,jumps,class-a,8,0,,
2026,all,jumps,class-a,9,0,,
2026,all,jumps,class-a,10,0,,
2026,all,jumps,class-a,11,0,,
2026,all,jumps,class-a,12,0,,
2026,all,jumps,class-a,5-6,1,,
2026,all,jumps,class-a,7-8,0,,
2026,all,jumps,bay-shore+redwood-empire,1,16,12,3.0
2026,all,jumps,bay-shore+redwood-empire,2,16,13,5.0
2026,all,jumps,bay-shore+redwood-empire,3,18,7,9.5
2026,all,jumps,bay-shore+redwood-empire,4,14,2,13.0
2026,all,jumps,bay-shore+redwood-empire,5,16,1,16.0
2026,all,jumps,bay-shore+redwood-empire,6,10,,
2026,all,jumps,bay-shore+redwood-empire,7,9,,
2026,all,jumps,bay-shore+redwood-empire,8,5,,
2026,all,jumps,bay-shore+redwood-empire,9,0,,
2026,all,jumps,bay-shore+redwood-empire,10,0,,
2026,all,jumps,bay-shore+redwood-empire,11,0,,
2026,all,jumps,bay-shore+redwood-empire,12,0,,
2026,all,jumps,bay-shore+redwood-empire,5-6,26,2,16.0
2026,all,jumps,bay-shore+redwood-empire,7-8,14,0,14.0
2026,all,throws,tri-valley,1,4,,
2026,all,throws,tri-valley,2,3,,
2026,all,throws,tri-valley,3,4,,
2026,all,throws,tri-valley,4,4,,
2026,all,throws,tri-valley,5,4,,
2026,all,throws,tri-valley,6,4,,
2026,all,throws,tri-valley,7,3,,
2026,all,throws,tri-valley,8,3,,
2026,all,throws,tri-valley,9,2,,
2026,all,throws,tri-valley,10,0,,
2026,all,throws,tri-valley,11,0,,
2026,all,throws,tri-valley,12,0,,
2026,all,throws,tri-valley,5-6,8,3,11.5
2026,all,throws,tri-valley,7-8,6,0,19.0
2026,all,throws,bay-shore,1,4,,
2026,all,throws,bay-shore,2,4,,
2026,all,throws,bay-shore,3,4,,
2026,all,throws,bay-shore,4,4,,
2026,all,throws,bay-shore,5,4,,
2026,all,throws,bay-shore,6,4,,
2026,all,throws,bay-shore,7,1,,
2026,all,throws,bay-shore,8,1,,
2026,all,throws,bay-shore,9,0,,
2026,all,throws,bay-shore,10,0,,
2026,all,throws,bay-shore,11,0,,
2026,all,throws,bay-shore,12,0,,
2026,all,throws,bay-shore,5-6,8,0,16.0
2026,all,throws,bay-shore,7-8,2,,
2026,all,throws,redwood-empire,1,4,,
2026,all,throws,redwood-empire,2,4,,
2026,all,throws,redwood-empire,3,4,,
2026,all,throws,redwood-empire,4,4,,
2026,all,throws,redwood-empire,5,4,,
2026,all,throws,redwood-empire,6,3,,
2026,all,throws,redwood-empire,7,1,,
2026,all,throws,redwood-empire,8,2,,
2026,all,throws,redwood-empire,9,0,,
2026,all,throws,redwood-empire,10,0,,
2026,all,throws,redwood-empire,11,0,,
2026,all,throws,redwood-empire,12,0,,
2026,all,throws,redwood-empire,5-6,7,1,15.0
2026,all,throws,redwood-empire,7-8,3,,
2026,all,throws,class-a,1,4,,
2026,all,throws,class-a,2,4,,
2026,all,throws,class-a,3,4,,
2026,all,throws,class-a,4,0,,
2026,all,throws,class-a,5,0,,
2026,all,throws,class-a,6,0,,
2026,all,throws,class-a,7,0,,
2026,all,throws,class-a,8,0,,
2026,all,throws,class-a,9,0,,
2026,all,throws,class-a,10,0,,
2026,all,throws,class-a,11,0,,
2026,all,throws,class-a,12,0,,
2026,all,throws,class-a,5-6,0,,
2026,all,throws,class-a,7-8,0,,
2026,all,throws,bay-shore+redwood-empire,1,8,,
2026,all,throws,bay-shore+redwood-empire,2,8,,
2026,all,throws,bay-shore+redwood-empire,3,8,,
2026,all,throws,bay-shore+redwood-empire,4,8,,
2026,all,throws,bay-shore+redwood-empire,5,8,,
2026,all,throws,bay-shore+redwood-empire,6,7,,
2026,all,throws,bay-shore+redwood-empire,7,2,,
2026,all,throws,bay-shore+redwood-empire,8,3,,
2026,all,throws,bay-shore+redwood-empire,9,0,,
2026,all,throws,bay-shore+redwood-empire,10,0,,
2026,all,throws,bay-shore+redwood-empire,11,0,,
2026,all,throws,bay-shore+redwood-empire,12,0,,
2026,all,throws,bay-shore+redwood-empire,5-6,15,1,15.5
2026,all,throws,bay-shore+redwood-empire,7-8,5,,
2026,all,relays,tri-valley,1,4,,
2026,all,relays,tri-valley,2,4,,
2026,all,relays,tri-valley,3,3,,
2026,all,relays,tri-valley,4,4,,
2026,all,relays,tri-valley,5,3,,
2026,all,relays,tri-valley,6,4,,
2026,all,relays,tri-valley,7,4,,
2026,all,relays,tri-valley,8,4,,
2026,all,relays,tri-valley,9,4,,
2026,all,relays,tri-valley,10,1,,
2026,all,relays,tri-valley,11,0,,
2026,all,relays,tri-valley,12,0,,
2026,all,relays,tri-valley,5-6,7,2,8.5
2026,all,relays,tri-valley,7-8,8,4,8.5
2026,all,relays,bay-shore,1,4,,
2026,all,relays,bay-shore,2,4,,
2026,all,relays,bay-shore,3,4,,
2026,all,relays,bay-shore,4,4,,
2026,all,relays,bay-shore,5,4,,
2026,all,relays,bay-shore,6,3,,
2026,all,relays,bay-shore,7,0,,
2026,all,relays,bay-shore,8,0,,
2026,all,relays,bay-shore,9,0,,
2026,all,relays,bay-shore,10,0,,
2026,all,relays,bay-shore,11,0,,
2026,all,relays,bay-shore,12,0,,
2026,all,relays,bay-shore,5-6,7,0,21.0
2026,all,relays,bay-shore,7-8,0,,
2026,all,relays,redwood-empire,1,4,,
2026,all,relays,redwood-empire,2,4,,
2026,all,relays,redwood-empire,3,3,,
2026,all,relays,redwood-empire,4,4,,
2026,all,relays,redwood-empire,5,4,,
2026,all,relays,redwood-empire,6,3,,
2026,all,relays,redwood-empire,7,2,,
2026,all,relays,redwood-empire,8,0,,
2026,all,relays,redwood-empire,9,0,,
2026,all,relays,redwood-empire,10,0,,
2026,all,relays,redwood-empire,11,0,,
2026,all,relays,redwood-empire,12,0,,
2026,all,relays,redwood-empire,5-6,7,1,14.0
2026,all,relays,redwood-empire,7-8,2,,
2026,all,relays,class-a,1,3,,
2026,all,relays,class-a,2,4,,
2026,all,relays,class-a,3,4,,
2026,all,relays,class-a,4,1,,
2026,all,relays,class-a,5,0,,
2026,all,relays,class-a,6,0,,
2026,all,relays,class-a,7,0,,
2026,all,relays,class-a,8,0,,
2026,all,relays,class-a,9,0,,
2026,all,relays,class-a,10,0,,
2026,all,relays,class-a,11,0,,
2026,all,relays,class-a,12,0,,
2026,all,relays,class-a,5-6,0,,
2026,all,relays,class-a,7-8,0,,
2026,all,relays,bay-shore+redwood-empire,1,8,,
2026,all,relays,bay-shore+redwood-empire,2,8,,
2026,all,relays,bay-shore+redwood-empire,3,7,,
2026,all,relays,bay-shore+redwood-empire,4,8,,
2026,all,relays,bay-shore+redwood-empire,5,8,,
2026,all,relays,bay-shore+redwood-empire,6,6,,
2026,all,relays,bay-shore+redwood-empire,7,2,,
2026,all,relays,bay-shore+redwood-empire,8,0,,
2026,all,relays,bay-shore+redwood-empire,9,0,,
2026,all,relays,bay-shore+redwood-empire,10,0,,
2026,all,relays,bay-shore+redwood-empire,11,0,,
2026,all,relays,bay-shore+redwood-empire,12,0,,
2026,all,relays,bay-shore+redwood-empire,5-6,14,1,17.5
2026,all,relays,bay-shore+redwood-empire,7-8,2,,
2026,all,all,tri-valley,1,31,30,2.0
2026,all,all,tri-valley,2,30,25,4.0
2026,all,all,tri-valley,3,28,20,4.5
2026,all,all,tri-valley,4,30,17,7.5
2026,all,all,tri-valley,5,29,11,9.0
2026,all,all,tri-valley,6,30,8,11.0
2026,all,all,tri-valley,7,32,10,13.0
2026,all,all,tri-valley,8,22,4,13.0
2026,all,all,tri-valley,9,23,1,16.0
2026,all,all,tri-valley,10,12,1,15.0
2026,all,all,tri-valley,11,5,0,18.0
2026,all,all,tri-valley,12,4,,
2026,all,all,tri-valley,5-6,59,19,10.0
2026,all,all,tri-valley,7-8,54,14,13.0
2026,all,all,bay-shore,1,30,26,3.5
2026,all,all,bay-shore,2,31,14,9.0
2026,all,all,bay-shore,3,33,9,13.0
2026,all,all,bay-shore,4,30,8,14.0
2026,all,all,bay-shore,5,31,3,17.0
2026,all,all,bay-shore,6,29,1,21.0
2026,all,all,bay-shore,7,9,0,15.0
2026,all,all,bay-shore,8,8,0,17.5
2026,all,all,bay-shore,9,2,,
2026,all,all,bay-shore,10,0,,
2026,all,all,bay-shore,11,0,,
2026,all,all,bay-shore,12,0,,
2026,all,all,bay-shore,5-6,60,4,19.0
2026,all,all,bay-shore,7-8,17,0,15.0
2026,all,all,redwood-empire,1,30,23,4.0
2026,all,all,redwood-empire,2,29,15,8.5
2026,all,all,redwood-empire,3,28,8,11.0
2026,all,all,redwood-empire,4,29,6,12.5
2026,all,all,redwood-empire,5,30,3,13.0
2026,all,all,redwood-empire,6,26,3,19.5
2026,all,all,redwood-empire,7,15,1,15.0
2026,all,all,redwood-empire,8,10,0,18.0
2026,all,all,redwood-empire,9,2,,
2026,all,all,redwood-empire,10,3,,
2026,all,all,redwood-empire,11,2,,
2026,all,all,redwood-empire,12,0,,
2026,all,all,redwood-empire,5-6,56,6,15.0
2026,all,all,redwood-empire,7-8,25,1,15.0
2026,all,all,class-a,1,27,4,16.0
2026,all,all,class-a,2,28,2,18.0
2026,all,all,class-a,3,28,1,21.0
2026,all,all,class-a,4,10,0,20.0
2026,all,all,class-a,5,2,,
2026,all,all,class-a,6,0,,
2026,all,all,class-a,7,0,,
2026,all,all,class-a,8,0,,
2026,all,all,class-a,9,0,,
2026,all,all,class-a,10,0,,
2026,all,all,class-a,11,0,,
2026,all,all,class-a,12,0,,
2026,all,all,class-a,5-6,2,,
2026,all,all,class-a,7-8,0,,
2026,all,all,bay-shore+redwood-empire,1,60,49,4.0
2026,all,all,bay-shore+redwood-empire,2,60,29,9.0
2026,all,all,bay-shore+redwood-empire,3,61,17,12.0
2026,all,all,bay-shore+redwood-empire,4,59,14,13.0
2026,all,all,bay-shore+redwood-empire,5,61,6,15.0
2026,all,all,bay-shore+redwood-empire,6,55,4,20.0
2026,all,all,bay-shore+redwood-empire,7,24,1,15.0
2026,all,all,bay-shore+redwood-empire,8,18,0,18.0
2026,all,all,bay-shore+redwood-empire,9,4,,
2026,all,all,bay-shore+redwood-empire,10,3,,
2026,all,all,bay-shore+redwood-empire,11,2,,
2026,all,all,bay-shore+redwood-empire,12,0,,
2026,all,all,bay-shore+redwood-empire,5-6,116,10,17.0
2026,all,all,bay-shore+redwood-empire,7-8,42,1,15.0
2022-2026 pooled,girls,sprints_hurdles,tri-valley,1,21,21,2.0
2022-2026 pooled,girls,sprints_hurdles,tri-valley,2,18,14,4.0
2022-2026 pooled,girls,sprints_hurdles,tri-valley,3,17,13,6.0
2022-2026 pooled,girls,sprints_hurdles,tri-valley,4,20,12,7.0
2022-2026 pooled,girls,sprints_hurdles,tri-valley,5,19,9,8.0
2022-2026 pooled,girls,sprints_hurdles,tri-valley,6,20,5,12.0
2022-2026 pooled,girls,sprints_hurdles,tri-valley,7,18,1,13.5
2022-2026 pooled,girls,sprints_hurdles,tri-valley,8,11,3,13.0
2022-2026 pooled,girls,sprints_hurdles,tri-valley,9,17,2,15.0
2022-2026 pooled,girls,sprints_hurdles,tri-valley,10,6,0,14.5
2022-2026 pooled,girls,sprints_hurdles,tri-valley,11,5,0,17.0
2022-2026 pooled,girls,sprints_hurdles,tri-valley,12,2,,
2022-2026 pooled,girls,sprints_hurdles,tri-valley,5-6,39,14,11.0
2022-2026 pooled,girls,sprints_hurdles,tri-valley,7-8,29,4,13.0
2022-2026 pooled,girls,sprints_hurdles,bay-shore,1,20,17,6.5
2022-2026 pooled,girls,sprints_hurdles,bay-shore,2,20,9,9.0
2022-2026 pooled,girls,sprints_hurdles,bay-shore,3,19,6,11.0
2022-2026 pooled,girls,sprints_hurdles,bay-shore,4,20,4,16.0
2022-2026 pooled,girls,sprints_hurdles,bay-shore,5,20,1,17.0
2022-2026 pooled,girls,sprints_hurdles,bay-shore,6,20,1,21.0
2022-2026 pooled,girls,sprints_hurdles,bay-shore,7,3,,
2022-2026 pooled,girls,sprints_hurdles,bay-shore,8,3,,
2022-2026 pooled,girls,sprints_hurdles,bay-shore,9,0,,
2022-2026 pooled,girls,sprints_hurdles,bay-shore,10,0,,
2022-2026 pooled,girls,sprints_hurdles,bay-shore,11,0,,
2022-2026 pooled,girls,sprints_hurdles,bay-shore,12,0,,
2022-2026 pooled,girls,sprints_hurdles,bay-shore,5-6,40,2,20.0
2022-2026 pooled,girls,sprints_hurdles,bay-shore,7-8,6,0,14.5
2022-2026 pooled,girls,sprints_hurdles,redwood-empire,1,19,11,6.0
2022-2026 pooled,girls,sprints_hurdles,redwood-empire,2,18,5,10.5
2022-2026 pooled,girls,sprints_hurdles,redwood-empire,3,16,0,14.0
2022-2026 pooled,girls,sprints_hurdles,redwood-empire,4,17,1,16.0
2022-2026 pooled,girls,sprints_hurdles,redwood-empire,5,18,0,19.0
2022-2026 pooled,girls,sprints_hurdles,redwood-empire,6,17,0,22.0
2022-2026 pooled,girls,sprints_hurdles,redwood-empire,7,6,0,21.5
2022-2026 pooled,girls,sprints_hurdles,redwood-empire,8,4,,
2022-2026 pooled,girls,sprints_hurdles,redwood-empire,9,2,,
2022-2026 pooled,girls,sprints_hurdles,redwood-empire,10,1,,
2022-2026 pooled,girls,sprints_hurdles,redwood-empire,11,0,,
2022-2026 pooled,girls,sprints_hurdles,redwood-empire,12,0,,
2022-2026 pooled,girls,sprints_hurdles,redwood-empire,5-6,35,0,21.0
2022-2026 pooled,girls,sprints_hurdles,redwood-empire,7-8,10,0,21.0
2022-2026 pooled,girls,sprints_hurdles,class-a,1,17,8,7.0
2022-2026 pooled,girls,sprints_hurdles,class-a,2,19,8,12.0
2022-2026 pooled,girls,sprints_hurdles,class-a,3,19,1,19.0
2022-2026 pooled,girls,sprints_hurdles,class-a,4,6,0,19.0
2022-2026 pooled,girls,sprints_hurdles,class-a,5,2,,
2022-2026 pooled,girls,sprints_hurdles,class-a,6,0,,
2022-2026 pooled,girls,sprints_hurdles,class-a,7,0,,
2022-2026 pooled,girls,sprints_hurdles,class-a,8,0,,
2022-2026 pooled,girls,sprints_hurdles,class-a,9,0,,
2022-2026 pooled,girls,sprints_hurdles,class-a,10,0,,
2022-2026 pooled,girls,sprints_hurdles,class-a,11,0,,
2022-2026 pooled,girls,sprints_hurdles,class-a,12,0,,
2022-2026 pooled,girls,sprints_hurdles,class-a,5-6,2,,
2022-2026 pooled,girls,sprints_hurdles,class-a,7-8,0,,
2022-2026 pooled,girls,sprints_hurdles,bay-shore+redwood-empire,1,39,28,6.0
2022-2026 pooled,girls,sprints_hurdles,bay-shore+redwood-empire,2,38,14,10.0
2022-2026 pooled,girls,sprints_hurdles,bay-shore+redwood-empire,3,35,6,12.5
2022-2026 pooled,girls,sprints_hurdles,bay-shore+redwood-empire,4,37,5,16.0
2022-2026 pooled,girls,sprints_hurdles,bay-shore+redwood-empire,5,38,1,18.0
2022-2026 pooled,girls,sprints_hurdles,bay-shore+redwood-empire,6,37,1,21.0
2022-2026 pooled,girls,sprints_hurdles,bay-shore+redwood-empire,7,9,,
2022-2026 pooled,girls,sprints_hurdles,bay-shore+redwood-empire,8,7,,
2022-2026 pooled,girls,sprints_hurdles,bay-shore+redwood-empire,9,2,,
2022-2026 pooled,girls,sprints_hurdles,bay-shore+redwood-empire,10,1,,
2022-2026 pooled,girls,sprints_hurdles,bay-shore+redwood-empire,11,0,,
2022-2026 pooled,girls,sprints_hurdles,bay-shore+redwood-empire,12,0,,
2022-2026 pooled,girls,sprints_hurdles,bay-shore+redwood-empire,5-6,75,2,20.0
2022-2026 pooled,girls,sprints_hurdles,bay-shore+redwood-empire,7-8,16,0,21.0
2022-2026 pooled,girls,400_800,tri-valley,1,9,8,2.0
2022-2026 pooled,girls,400_800,tri-valley,2,9,9,3.0
2022-2026 pooled,girls,400_800,tri-valley,3,10,7,4.0
2022-2026 pooled,girls,400_800,tri-valley,4,10,8,7.0
2022-2026 pooled,girls,400_800,tri-valley,5,8,4,8.5
2022-2026 pooled,girls,400_800,tri-valley,6,9,5,8.0
2022-2026 pooled,girls,400_800,tri-valley,7,7,3,9.0
2022-2026 pooled,girls,400_800,tri-valley,8,6,2,9.5
2022-2026 pooled,girls,400_800,tri-valley,9,7,2,14.0
2022-2026 pooled,girls,400_800,tri-valley,10,5,0,15.0
2022-2026 pooled,girls,400_800,tri-valley,11,3,,
2022-2026 pooled,girls,400_800,tri-valley,12,3,,
2022-2026 pooled,girls,400_800,tri-valley,5-6,17,9,8.0
2022-2026 pooled,girls,400_800,tri-valley,7-8,13,5,9.0
2022-2026 pooled,girls,400_800,bay-shore,1,9,4,11.5
2022-2026 pooled,girls,400_800,bay-shore,2,8,2,11.5
2022-2026 pooled,girls,400_800,bay-shore,3,9,2,11.0
2022-2026 pooled,girls,400_800,bay-shore,4,9,0,18.0
2022-2026 pooled,girls,400_800,bay-shore,5,6,0,20.0
2022-2026 pooled,girls,400_800,bay-shore,6,10,0,22.0
2022-2026 pooled,girls,400_800,bay-shore,7,5,0,23.0
2022-2026 pooled,girls,400_800,bay-shore,8,3,,
2022-2026 pooled,girls,400_800,bay-shore,9,1,,
2022-2026 pooled,girls,400_800,bay-shore,10,0,,
2022-2026 pooled,girls,400_800,bay-shore,11,0,,
2022-2026 pooled,girls,400_800,bay-shore,12,0,,
2022-2026 pooled,girls,400_800,bay-shore,5-6,16,0,22.0
2022-2026 pooled,girls,400_800,bay-shore,7-8,8,0,22.0
2022-2026 pooled,girls,400_800,redwood-empire,1,9,6,4.0
2022-2026 pooled,girls,400_800,redwood-empire,2,9,6,6.0
2022-2026 pooled,girls,400_800,redwood-empire,3,9,2,12.0
2022-2026 pooled,girls,400_800,redwood-empire,4,9,0,16.0
2022-2026 pooled,girls,400_800,redwood-empire,5,7,0,20.0
2022-2026 pooled,girls,400_800,redwood-empire,6,9,0,20.0
2022-2026 pooled,girls,400_800,redwood-empire,7,2,,
2022-2026 pooled,girls,400_800,redwood-empire,8,2,,
2022-2026 pooled,girls,400_800,redwood-empire,9,0,,
2022-2026 pooled,girls,400_800,redwood-empire,10,0,,
2022-2026 pooled,girls,400_800,redwood-empire,11,0,,
2022-2026 pooled,girls,400_800,redwood-empire,12,0,,
2022-2026 pooled,girls,400_800,redwood-empire,5-6,16,0,20.0
2022-2026 pooled,girls,400_800,redwood-empire,7-8,4,,
2022-2026 pooled,girls,400_800,class-a,1,7,3,5.5
2022-2026 pooled,girls,400_800,class-a,2,9,3,11.0
2022-2026 pooled,girls,400_800,class-a,3,7,2,20.0
2022-2026 pooled,girls,400_800,class-a,4,5,1,14.0
2022-2026 pooled,girls,400_800,class-a,5,3,,
2022-2026 pooled,girls,400_800,class-a,6,2,,
2022-2026 pooled,girls,400_800,class-a,7,0,,
2022-2026 pooled,girls,400_800,class-a,8,0,,
2022-2026 pooled,girls,400_800,class-a,9,0,,
2022-2026 pooled,girls,400_800,class-a,10,0,,
2022-2026 pooled,girls,400_800,class-a,11,0,,
2022-2026 pooled,girls,400_800,class-a,12,0,,
2022-2026 pooled,girls,400_800,class-a,5-6,5,0,16.0
2022-2026 pooled,girls,400_800,class-a,7-8,0,,
2022-2026 pooled,girls,400_800,bay-shore+redwood-empire,1,18,10,8.0
2022-2026 pooled,girls,400_800,bay-shore+redwood-empire,2,17,8,9.0
2022-2026 pooled,girls,400_800,bay-shore+redwood-empire,3,18,4,12.0
2022-2026 pooled,girls,400_800,bay-shore+redwood-empire,4,18,0,17.0
2022-2026 pooled,girls,400_800,bay-shore+redwood-empire,5,13,0,20.0
2022-2026 pooled,girls,400_800,bay-shore+redwood-empire,6,19,0,21.0
2022-2026 pooled,girls,400_800,bay-shore+redwood-empire,7,7,,
2022-2026 pooled,girls,400_800,bay-shore+redwood-empire,8,5,,
2022-2026 pooled,girls,400_800,bay-shore+redwood-empire,9,1,,
2022-2026 pooled,girls,400_800,bay-shore+redwood-empire,10,0,,
2022-2026 pooled,girls,400_800,bay-shore+redwood-empire,11,0,,
2022-2026 pooled,girls,400_800,bay-shore+redwood-empire,12,0,,
2022-2026 pooled,girls,400_800,bay-shore+redwood-empire,5-6,32,0,20.5
2022-2026 pooled,girls,400_800,bay-shore+redwood-empire,7-8,12,,
2022-2026 pooled,girls,distance,tri-valley,1,9,9,2.0
2022-2026 pooled,girls,distance,tri-valley,2,7,4,8.0
2022-2026 pooled,girls,distance,tri-valley,3,7,6,5.0
2022-2026 pooled,girls,distance,tri-valley,4,9,4,9.0
2022-2026 pooled,girls,distance,tri-valley,5,7,3,12.0
2022-2026 pooled,girls,distance,tri-valley,6,8,2,11.0
2022-2026 pooled,girls,distance,tri-valley,7,9,1,14.0
2022-2026 pooled,girls,distance,tri-valley,8,8,2,15.0
2022-2026 pooled,girls,distance,tri-valley,9,6,0,14.0
2022-2026 pooled,girls,distance,tri-valley,10,4,,
2022-2026 pooled,girls,distance,tri-valley,11,2,,
2022-2026 pooled,girls,distance,tri-valley,12,2,,
2022-2026 pooled,girls,distance,tri-valley,5-6,15,5,11.0
2022-2026 pooled,girls,distance,tri-valley,7-8,17,3,15.0
2022-2026 pooled,girls,distance,bay-shore,1,9,4,12.0
2022-2026 pooled,girls,distance,bay-shore,2,8,3,11.0
2022-2026 pooled,girls,distance,bay-shore,3,9,0,16.0
2022-2026 pooled,girls,distance,bay-shore,4,9,1,17.0
2022-2026 pooled,girls,distance,bay-shore,5,10,0,20.0
2022-2026 pooled,girls,distance,bay-shore,6,8,0,21.5
2022-2026 pooled,girls,distance,bay-shore,7,1,,
2022-2026 pooled,girls,distance,bay-shore,8,4,,
2022-2026 pooled,girls,distance,bay-shore,9,1,,
2022-2026 pooled,girls,distance,bay-shore,10,1,,
2022-2026 pooled,girls,distance,bay-shore,11,0,,
2022-2026 pooled,girls,distance,bay-shore,12,0,,
2022-2026 pooled,girls,distance,bay-shore,5-6,18,0,20.5
2022-2026 pooled,girls,distance,bay-shore,7-8,5,0,23.5
2022-2026 pooled,girls,distance,redwood-empire,1,8,8,1.0
2022-2026 pooled,girls,distance,redwood-empire,2,10,8,3.5
2022-2026 pooled,girls,distance,redwood-empire,3,9,6,7.0
2022-2026 pooled,girls,distance,redwood-empire,4,10,3,13.0
2022-2026 pooled,girls,distance,redwood-empire,5,8,1,14.0
2022-2026 pooled,girls,distance,redwood-empire,6,10,1,17.0
2022-2026 pooled,girls,distance,redwood-empire,7,7,1,12.0
2022-2026 pooled,girls,distance,redwood-empire,8,4,,
2022-2026 pooled,girls,distance,redwood-empire,9,2,,
2022-2026 pooled,girls,distance,redwood-empire,10,0,,
2022-2026 pooled,girls,distance,redwood-empire,11,0,,
2022-2026 pooled,girls,distance,redwood-empire,12,0,,
2022-2026 pooled,girls,distance,redwood-empire,5-6,18,2,16.0
2022-2026 pooled,girls,distance,redwood-empire,7-8,11,1,13.0
2022-2026 pooled,girls,distance,class-a,1,6,6,4.0
2022-2026 pooled,girls,distance,class-a,2,8,3,9.5
2022-2026 pooled,girls,distance,class-a,3,9,2,11.5
2022-2026 pooled,girls,distance,class-a,4,6,1,13.5
2022-2026 pooled,girls,distance,class-a,5,3,,
2022-2026 pooled,girls,distance,class-a,6,2,,
2022-2026 pooled,girls,distance,class-a,7,1,,
2022-2026 pooled,girls,distance,class-a,8,1,,
2022-2026 pooled,girls,distance,class-a,9,0,,
2022-2026 pooled,girls,distance,class-a,10,0,,
2022-2026 pooled,girls,distance,class-a,11,0,,
2022-2026 pooled,girls,distance,class-a,12,0,,
2022-2026 pooled,girls,distance,class-a,5-6,5,0,22.0
2022-2026 pooled,girls,distance,class-a,7-8,2,,
2022-2026 pooled,girls,distance,bay-shore+redwood-empire,1,17,12,3.0
2022-2026 pooled,girls,distance,bay-shore+redwood-empire,2,18,11,7.5
2022-2026 pooled,girls,distance,bay-shore+redwood-empire,3,18,6,12.0
2022-2026 pooled,girls,distance,bay-shore+redwood-empire,4,19,4,16.0
2022-2026 pooled,girls,distance,bay-shore+redwood-empire,5,18,1,18.5
2022-2026 pooled,girls,distance,bay-shore+redwood-empire,6,18,1,19.0
2022-2026 pooled,girls,distance,bay-shore+redwood-empire,7,8,,
2022-2026 pooled,girls,distance,bay-shore+redwood-empire,8,8,,
2022-2026 pooled,girls,distance,bay-shore+redwood-empire,9,3,,
2022-2026 pooled,girls,distance,bay-shore+redwood-empire,10,1,,
2022-2026 pooled,girls,distance,bay-shore+redwood-empire,11,0,,
2022-2026 pooled,girls,distance,bay-shore+redwood-empire,12,0,,
2022-2026 pooled,girls,distance,bay-shore+redwood-empire,5-6,36,2,19.0
2022-2026 pooled,girls,distance,bay-shore+redwood-empire,7-8,16,1,18.0
2022-2026 pooled,girls,jumps,tri-valley,1,18,18,2.0
2022-2026 pooled,girls,jumps,tri-valley,2,20,18,5.5
2022-2026 pooled,girls,jumps,tri-valley,3,19,13,7.0
2022-2026 pooled,girls,jumps,tri-valley,4,21,11,9.0
2022-2026 pooled,girls,jumps,tri-valley,5,19,5,16.5
2022-2026 pooled,girls,jumps,tri-valley,6,16,4,13.0
2022-2026 pooled,girls,jumps,tri-valley,7,15,1,15.0
2022-2026 pooled,girls,jumps,tri-valley,8,10,1,14.5
2022-2026 pooled,girls,jumps,tri-valley,9,5,0,18.5
2022-2026 pooled,girls,jumps,tri-valley,10,2,,
2022-2026 pooled,girls,jumps,tri-valley,11,1,,
2022-2026 pooled,girls,jumps,tri-valley,12,0,,
2022-2026 pooled,girls,jumps,tri-valley,5-6,35,9,15.0
2022-2026 pooled,girls,jumps,tri-valley,7-8,25,2,14.5
2022-2026 pooled,girls,jumps,bay-shore,1,19,14,3.0
2022-2026 pooled,girls,jumps,bay-shore,2,20,13,6.0
2022-2026 pooled,girls,jumps,bay-shore,3,18,9,8.0
2022-2026 pooled,girls,jumps,bay-shore,4,19,4,16.0
2022-2026 pooled,girls,jumps,bay-shore,5,17,4,18.0
2022-2026 pooled,girls,jumps,bay-shore,6,17,1,19.0
2022-2026 pooled,girls,jumps,bay-shore,7,13,1,17.0
2022-2026 pooled,girls,jumps,bay-shore,8,8,0,18.5
2022-2026 pooled,girls,jumps,bay-shore,9,3,,
2022-2026 pooled,girls,jumps,bay-shore,10,0,,
2022-2026 pooled,girls,jumps,bay-shore,11,0,,
2022-2026 pooled,girls,jumps,bay-shore,12,0,,
2022-2026 pooled,girls,jumps,bay-shore,5-6,34,5,18.5
2022-2026 pooled,girls,jumps,bay-shore,7-8,21,1,17.0
2022-2026 pooled,girls,jumps,redwood-empire,1,20,17,4.0
2022-2026 pooled,girls,jumps,redwood-empire,2,19,12,7.0
2022-2026 pooled,girls,jumps,redwood-empire,3,20,10,8.5
2022-2026 pooled,girls,jumps,redwood-empire,4,20,3,12.0
2022-2026 pooled,girls,jumps,redwood-empire,5,16,2,15.5
2022-2026 pooled,girls,jumps,redwood-empire,6,17,1,15.0
2022-2026 pooled,girls,jumps,redwood-empire,7,12,2,10.0
2022-2026 pooled,girls,jumps,redwood-empire,8,8,2,14.0
2022-2026 pooled,girls,jumps,redwood-empire,9,6,0,22.0
2022-2026 pooled,girls,jumps,redwood-empire,10,1,,
2022-2026 pooled,girls,jumps,redwood-empire,11,0,,
2022-2026 pooled,girls,jumps,redwood-empire,12,0,,
2022-2026 pooled,girls,jumps,redwood-empire,5-6,33,3,15.0
2022-2026 pooled,girls,jumps,redwood-empire,7-8,20,4,13.0
2022-2026 pooled,girls,jumps,class-a,1,20,3,12.0
2022-2026 pooled,girls,jumps,class-a,2,17,4,15.5
2022-2026 pooled,girls,jumps,class-a,3,16,0,20.0
2022-2026 pooled,girls,jumps,class-a,4,2,,
2022-2026 pooled,girls,jumps,class-a,5,0,,
2022-2026 pooled,girls,jumps,class-a,6,2,,
2022-2026 pooled,girls,jumps,class-a,7,0,,
2022-2026 pooled,girls,jumps,class-a,8,0,,
2022-2026 pooled,girls,jumps,class-a,9,0,,
2022-2026 pooled,girls,jumps,class-a,10,0,,
2022-2026 pooled,girls,jumps,class-a,11,0,,
2022-2026 pooled,girls,jumps,class-a,12,0,,
2022-2026 pooled,girls,jumps,class-a,5-6,2,,
2022-2026 pooled,girls,jumps,class-a,7-8,0,,
2022-2026 pooled,girls,jumps,bay-shore+redwood-empire,1,39,31,3.0
2022-2026 pooled,girls,jumps,bay-shore+redwood-empire,2,39,25,6.0
2022-2026 pooled,girls,jumps,bay-shore+redwood-empire,3,38,19,8.5
2022-2026 pooled,girls,jumps,bay-shore+redwood-empire,4,39,7,14.0
2022-2026 pooled,girls,jumps,bay-shore+redwood-empire,5,33,6,16.0
2022-2026 pooled,girls,jumps,bay-shore+redwood-empire,6,34,2,17.5
2022-2026 pooled,girls,jumps,bay-shore+redwood-empire,7,25,3,14.0
2022-2026 pooled,girls,jumps,bay-shore+redwood-empire,8,16,2,15.5
2022-2026 pooled,girls,jumps,bay-shore+redwood-empire,9,9,,
2022-2026 pooled,girls,jumps,bay-shore+redwood-empire,10,1,,
2022-2026 pooled,girls,jumps,bay-shore+redwood-empire,11,0,,
2022-2026 pooled,girls,jumps,bay-shore+redwood-empire,12,0,,
2022-2026 pooled,girls,jumps,bay-shore+redwood-empire,5-6,67,8,16.0
2022-2026 pooled,girls,jumps,bay-shore+redwood-empire,7-8,41,5,15.0
2022-2026 pooled,girls,throws,tri-valley,1,10,10,2.5
2022-2026 pooled,girls,throws,tri-valley,2,10,10,3.5
2022-2026 pooled,girls,throws,tri-valley,3,10,8,4.0
2022-2026 pooled,girls,throws,tri-valley,4,10,8,7.0
2022-2026 pooled,girls,throws,tri-valley,5,10,6,9.0
2022-2026 pooled,girls,throws,tri-valley,6,9,2,13.0
2022-2026 pooled,girls,throws,tri-valley,7,9,3,14.0
2022-2026 pooled,girls,throws,tri-valley,8,4,,
2022-2026 pooled,girls,throws,tri-valley,9,4,,
2022-2026 pooled,girls,throws,tri-valley,10,0,,
2022-2026 pooled,girls,throws,tri-valley,11,0,,
2022-2026 pooled,girls,throws,tri-valley,12,0,,
2022-2026 pooled,girls,throws,tri-valley,5-6,19,8,10.0
2022-2026 pooled,girls,throws,tri-valley,7-8,13,5,14.0
2022-2026 pooled,girls,throws,bay-shore,1,8,2,11.5
2022-2026 pooled,girls,throws,bay-shore,2,8,3,11.0
2022-2026 pooled,girls,throws,bay-shore,3,10,2,19.5
2022-2026 pooled,girls,throws,bay-shore,4,7,1,16.0
2022-2026 pooled,girls,throws,bay-shore,5,8,0,20.0
2022-2026 pooled,girls,throws,bay-shore,6,8,0,21.0
2022-2026 pooled,girls,throws,bay-shore,7,2,,
2022-2026 pooled,girls,throws,bay-shore,8,1,,
2022-2026 pooled,girls,throws,bay-shore,9,0,,
2022-2026 pooled,girls,throws,bay-shore,10,0,,
2022-2026 pooled,girls,throws,bay-shore,11,0,,
2022-2026 pooled,girls,throws,bay-shore,12,0,,
2022-2026 pooled,girls,throws,bay-shore,5-6,16,0,21.0
2022-2026 pooled,girls,throws,bay-shore,7-8,3,,
2022-2026 pooled,girls,throws,redwood-empire,1,8,6,3.0
2022-2026 pooled,girls,throws,redwood-empire,2,9,9,5.0
2022-2026 pooled,girls,throws,redwood-empire,3,10,2,12.0
2022-2026 pooled,girls,throws,redwood-empire,4,10,3,12.0
2022-2026 pooled,girls,throws,redwood-empire,5,10,1,14.5
2022-2026 pooled,girls,throws,redwood-empire,6,9,3,16.0
2022-2026 pooled,girls,throws,redwood-empire,7,4,,
2022-2026 pooled,girls,throws,redwood-empire,8,5,0,17.0
2022-2026 pooled,girls,throws,redwood-empire,9,1,,
2022-2026 pooled,girls,throws,redwood-empire,10,0,,
2022-2026 pooled,girls,throws,redwood-empire,11,0,,
2022-2026 pooled,girls,throws,redwood-empire,12,0,,
2022-2026 pooled,girls,throws,redwood-empire,5-6,19,4,15.0
2022-2026 pooled,girls,throws,redwood-empire,7-8,9,0,17.0
2022-2026 pooled,girls,throws,class-a,1,10,7,5.5
2022-2026 pooled,girls,throws,class-a,2,9,0,15.0
2022-2026 pooled,girls,throws,class-a,3,9,0,17.0
2022-2026 pooled,girls,throws,class-a,4,0,,
2022-2026 pooled,girls,throws,class-a,5,0,,
2022-2026 pooled,girls,throws,class-a,6,0,,
2022-2026 pooled,girls,throws,class-a,7,0,,
2022-2026 pooled,girls,throws,class-a,8,0,,
2022-2026 pooled,girls,throws,class-a,9,0,,
2022-2026 pooled,girls,throws,class-a,10,0,,
2022-2026 pooled,girls,throws,class-a,11,0,,
2022-2026 pooled,girls,throws,class-a,12,0,,
2022-2026 pooled,girls,throws,class-a,5-6,0,,
2022-2026 pooled,girls,throws,class-a,7-8,0,,
2022-2026 pooled,girls,throws,bay-shore+redwood-empire,1,16,8,7.0
2022-2026 pooled,girls,throws,bay-shore+redwood-empire,2,17,12,7.0
2022-2026 pooled,girls,throws,bay-shore+redwood-empire,3,20,4,12.0
2022-2026 pooled,girls,throws,bay-shore+redwood-empire,4,17,4,14.0
2022-2026 pooled,girls,throws,bay-shore+redwood-empire,5,18,1,15.5
2022-2026 pooled,girls,throws,bay-shore+redwood-empire,6,17,3,17.5
2022-2026 pooled,girls,throws,bay-shore+redwood-empire,7,6,,
2022-2026 pooled,girls,throws,bay-shore+redwood-empire,8,6,,
2022-2026 pooled,girls,throws,bay-shore+redwood-empire,9,1,,
2022-2026 pooled,girls,throws,bay-shore+redwood-empire,10,0,,
2022-2026 pooled,girls,throws,bay-shore+redwood-empire,11,0,,
2022-2026 pooled,girls,throws,bay-shore+redwood-empire,12,0,,
2022-2026 pooled,girls,throws,bay-shore+redwood-empire,5-6,35,4,16.0
2022-2026 pooled,girls,throws,bay-shore+redwood-empire,7-8,12,,
2022-2026 pooled,girls,relays,tri-valley,1,10,9,1.0
2022-2026 pooled,girls,relays,tri-valley,2,10,8,3.0
2022-2026 pooled,girls,relays,tri-valley,3,9,9,4.0
2022-2026 pooled,girls,relays,tri-valley,4,10,7,4.0
2022-2026 pooled,girls,relays,tri-valley,5,9,5,8.0
2022-2026 pooled,girls,relays,tri-valley,6,10,3,9.5
2022-2026 pooled,girls,relays,tri-valley,7,10,2,12.0
2022-2026 pooled,girls,relays,tri-valley,8,10,1,11.5
2022-2026 pooled,girls,relays,tri-valley,9,8,0,15.0
2022-2026 pooled,girls,relays,tri-valley,10,1,,
2022-2026 pooled,girls,relays,tri-valley,11,0,,
2022-2026 pooled,girls,relays,tri-valley,12,0,,
2022-2026 pooled,girls,relays,tri-valley,5-6,19,8,8.0
2022-2026 pooled,girls,relays,tri-valley,7-8,20,3,11.5
2022-2026 pooled,girls,relays,bay-shore,1,10,7,5.0
2022-2026 pooled,girls,relays,bay-shore,2,9,3,11.5
2022-2026 pooled,girls,relays,bay-shore,3,10,2,15.0
2022-2026 pooled,girls,relays,bay-shore,4,10,1,15.5
2022-2026 pooled,girls,relays,bay-shore,5,8,1,19.5
2022-2026 pooled,girls,relays,bay-shore,6,9,0,20.5
2022-2026 pooled,girls,relays,bay-shore,7,3,,
2022-2026 pooled,girls,relays,bay-shore,8,0,,
2022-2026 pooled,girls,relays,bay-shore,9,0,,
2022-2026 pooled,girls,relays,bay-shore,10,0,,
2022-2026 pooled,girls,relays,bay-shore,11,0,,
2022-2026 pooled,girls,relays,bay-shore,12,0,,
2022-2026 pooled,girls,relays,bay-shore,5-6,17,1,20.5
2022-2026 pooled,girls,relays,bay-shore,7-8,3,,
2022-2026 pooled,girls,relays,redwood-empire,1,10,7,8.0
2022-2026 pooled,girls,relays,redwood-empire,2,9,3,10.0
2022-2026 pooled,girls,relays,redwood-empire,3,7,1,13.0
2022-2026 pooled,girls,relays,redwood-empire,4,10,1,17.0
2022-2026 pooled,girls,relays,redwood-empire,5,10,0,20.5
2022-2026 pooled,girls,relays,redwood-empire,6,9,1,16.0
2022-2026 pooled,girls,relays,redwood-empire,7,2,,
2022-2026 pooled,girls,relays,redwood-empire,8,1,,
2022-2026 pooled,girls,relays,redwood-empire,9,0,,
2022-2026 pooled,girls,relays,redwood-empire,10,0,,
2022-2026 pooled,girls,relays,redwood-empire,11,0,,
2022-2026 pooled,girls,relays,redwood-empire,12,0,,
2022-2026 pooled,girls,relays,redwood-empire,5-6,19,1,19.0
2022-2026 pooled,girls,relays,redwood-empire,7-8,3,,
2022-2026 pooled,girls,relays,class-a,1,9,2,18.0
2022-2026 pooled,girls,relays,class-a,2,10,1,19.0
2022-2026 pooled,girls,relays,class-a,3,9,1,14.0
2022-2026 pooled,girls,relays,class-a,4,3,,
2022-2026 pooled,girls,relays,class-a,5,0,,
2022-2026 pooled,girls,relays,class-a,6,0,,
2022-2026 pooled,girls,relays,class-a,7,0,,
2022-2026 pooled,girls,relays,class-a,8,0,,
2022-2026 pooled,girls,relays,class-a,9,0,,
2022-2026 pooled,girls,relays,class-a,10,0,,
2022-2026 pooled,girls,relays,class-a,11,0,,
2022-2026 pooled,girls,relays,class-a,12,0,,
2022-2026 pooled,girls,relays,class-a,5-6,0,,
2022-2026 pooled,girls,relays,class-a,7-8,0,,
2022-2026 pooled,girls,relays,bay-shore+redwood-empire,1,20,14,6.5
2022-2026 pooled,girls,relays,bay-shore+redwood-empire,2,18,6,10.0
2022-2026 pooled,girls,relays,bay-shore+redwood-empire,3,17,3,14.0
2022-2026 pooled,girls,relays,bay-shore+redwood-empire,4,20,2,17.0
2022-2026 pooled,girls,relays,bay-shore+redwood-empire,5,18,1,20.5
2022-2026 pooled,girls,relays,bay-shore+redwood-empire,6,18,1,19.0
2022-2026 pooled,girls,relays,bay-shore+redwood-empire,7,5,,
2022-2026 pooled,girls,relays,bay-shore+redwood-empire,8,1,,
2022-2026 pooled,girls,relays,bay-shore+redwood-empire,9,0,,
2022-2026 pooled,girls,relays,bay-shore+redwood-empire,10,0,,
2022-2026 pooled,girls,relays,bay-shore+redwood-empire,11,0,,
2022-2026 pooled,girls,relays,bay-shore+redwood-empire,12,0,,
2022-2026 pooled,girls,relays,bay-shore+redwood-empire,5-6,36,2,20.0
2022-2026 pooled,girls,relays,bay-shore+redwood-empire,7-8,6,,
2022-2026 pooled,girls,all,tri-valley,1,77,75,2.0
2022-2026 pooled,girls,all,tri-valley,2,74,63,4.0
2022-2026 pooled,girls,all,tri-valley,3,72,56,5.0
2022-2026 pooled,girls,all,tri-valley,4,80,50,7.0
2022-2026 pooled,girls,all,tri-valley,5,72,32,10.0
2022-2026 pooled,girls,all,tri-valley,6,72,21,11.0
2022-2026 pooled,girls,all,tri-valley,7,68,11,13.0
2022-2026 pooled,girls,all,tri-valley,8,49,11,13.0
2022-2026 pooled,girls,all,tri-valley,9,47,4,15.0
2022-2026 pooled,girls,all,tri-valley,10,18,1,16.0
2022-2026 pooled,girls,all,tri-valley,11,11,0,17.0
2022-2026 pooled,girls,all,tri-valley,12,7,0,19.0
2022-2026 pooled,girls,all,tri-valley,5-6,144,53,11.0
2022-2026 pooled,girls,all,tri-valley,7-8,117,22,13.0
2022-2026 pooled,girls,all,bay-shore,1,75,48,6.0
2022-2026 pooled,girls,all,bay-shore,2,73,33,9.0
2022-2026 pooled,girls,all,bay-shore,3,75,21,13.0
2022-2026 pooled,girls,all,bay-shore,4,74,11,16.0
2022-2026 pooled,girls,all,bay-shore,5,69,6,19.0
2022-2026 pooled,girls,all,bay-shore,6,72,2,21.0
2022-2026 pooled,girls,all,bay-shore,7,27,1,17.5
2022-2026 pooled,girls,all,bay-shore,8,19,0,19.0
2022-2026 pooled,girls,all,bay-shore,9,5,0,20.0
2022-2026 pooled,girls,all,bay-shore,10,1,,
2022-2026 pooled,girls,all,bay-shore,11,0,,
2022-2026 pooled,girls,all,bay-shore,12,0,,
2022-2026 pooled,girls,all,bay-shore,5-6,141,8,20.0
2022-2026 pooled,girls,all,bay-shore,7-8,46,1,18.0
2022-2026 pooled,girls,all,redwood-empire,1,74,55,4.0
2022-2026 pooled,girls,all,redwood-empire,2,74,43,8.0
2022-2026 pooled,girls,all,redwood-empire,3,71,21,12.0
2022-2026 pooled,girls,all,redwood-empire,4,76,11,14.0
2022-2026 pooled,girls,all,redwood-empire,5,69,4,16.5
2022-2026 pooled,girls,all,redwood-empire,6,71,6,19.0
2022-2026 pooled,girls,all,redwood-empire,7,33,3,17.0
2022-2026 pooled,girls,all,redwood-empire,8,24,2,18.0
2022-2026 pooled,girls,all,redwood-empire,9,11,0,22.0
2022-2026 pooled,girls,all,redwood-empire,10,2,,
2022-2026 pooled,girls,all,redwood-empire,11,0,,
2022-2026 pooled,girls,all,redwood-empire,12,0,,
2022-2026 pooled,girls,all,redwood-empire,5-6,140,10,18.0
2022-2026 pooled,girls,all,redwood-empire,7-8,57,5,17.0
2022-2026 pooled,girls,all,class-a,1,69,29,10.0
2022-2026 pooled,girls,all,class-a,2,72,19,15.0
2022-2026 pooled,girls,all,class-a,3,69,6,18.0
2022-2026 pooled,girls,all,class-a,4,22,2,15.0
2022-2026 pooled,girls,all,class-a,5,8,0,17.5
2022-2026 pooled,girls,all,class-a,6,6,0,22.5
2022-2026 pooled,girls,all,class-a,7,1,,
2022-2026 pooled,girls,all,class-a,8,1,,
2022-2026 pooled,girls,all,class-a,9,0,,
2022-2026 pooled,girls,all,class-a,10,0,,
2022-2026 pooled,girls,all,class-a,11,0,,
2022-2026 pooled,girls,all,class-a,12,0,,
2022-2026 pooled,girls,all,class-a,5-6,14,0,21.0
2022-2026 pooled,girls,all,class-a,7-8,2,,
2022-2026 pooled,girls,all,bay-shore+redwood-empire,1,149,103,6.0
2022-2026 pooled,girls,all,bay-shore+redwood-empire,2,147,76,8.0
2022-2026 pooled,girls,all,bay-shore+redwood-empire,3,146,42,12.0
2022-2026 pooled,girls,all,bay-shore+redwood-empire,4,150,22,16.0
2022-2026 pooled,girls,all,bay-shore+redwood-empire,5,138,10,18.0
2022-2026 pooled,girls,all,bay-shore+redwood-empire,6,143,8,20.0
2022-2026 pooled,girls,all,bay-shore+redwood-empire,7,60,4,17.0
2022-2026 pooled,girls,all,bay-shore+redwood-empire,8,43,2,18.0
2022-2026 pooled,girls,all,bay-shore+redwood-empire,9,16,0,21.0
2022-2026 pooled,girls,all,bay-shore+redwood-empire,10,3,,
2022-2026 pooled,girls,all,bay-shore+redwood-empire,11,0,,
2022-2026 pooled,girls,all,bay-shore+redwood-empire,12,0,,
2022-2026 pooled,girls,all,bay-shore+redwood-empire,5-6,281,18,19.0
2022-2026 pooled,girls,all,bay-shore+redwood-empire,7-8,103,6,17.0
2022-2026 pooled,boys,sprints_hurdles,tri-valley,1,20,18,2.0
2022-2026 pooled,boys,sprints_hurdles,tri-valley,2,20,15,5.0
2022-2026 pooled,boys,sprints_hurdles,tri-valley,3,18,14,4.0
2022-2026 pooled,boys,sprints_hurdles,tri-valley,4,19,10,7.0
2022-2026 pooled,boys,sprints_hurdles,tri-valley,5,20,9,9.0
2022-2026 pooled,boys,sprints_hurdles,tri-valley,6,15,6,10.0
2022-2026 pooled,boys,sprints_hurdles,tri-valley,7,21,3,13.0
2022-2026 pooled,boys,sprints_hurdles,tri-valley,8,18,2,15.0
2022-2026 pooled,boys,sprints_hurdles,tri-valley,9,13,0,15.5
2022-2026 pooled,boys,sprints_hurdles,tri-valley,10,10,0,19.5
2022-2026 pooled,boys,sprints_hurdles,tri-valley,11,7,0,23.0
2022-2026 pooled,boys,sprints_hurdles,tri-valley,12,4,,
2022-2026 pooled,boys,sprints_hurdles,tri-valley,5-6,35,15,9.0
2022-2026 pooled,boys,sprints_hurdles,tri-valley,7-8,39,5,13.0
2022-2026 pooled,boys,sprints_hurdles,bay-shore,1,20,18,3.0
2022-2026 pooled,boys,sprints_hurdles,bay-shore,2,18,9,6.0
2022-2026 pooled,boys,sprints_hurdles,bay-shore,3,18,6,9.0
2022-2026 pooled,boys,sprints_hurdles,bay-shore,4,15,5,10.0
2022-2026 pooled,boys,sprints_hurdles,bay-shore,5,19,3,17.0
2022-2026 pooled,boys,sprints_hurdles,bay-shore,6,16,3,15.0
2022-2026 pooled,boys,sprints_hurdles,bay-shore,7,8,0,15.5
2022-2026 pooled,boys,sprints_hurdles,bay-shore,8,4,,
2022-2026 pooled,boys,sprints_hurdles,bay-shore,9,1,,
2022-2026 pooled,boys,sprints_hurdles,bay-shore,10,1,,
2022-2026 pooled,boys,sprints_hurdles,bay-shore,11,0,,
2022-2026 pooled,boys,sprints_hurdles,bay-shore,12,0,,
2022-2026 pooled,boys,sprints_hurdles,bay-shore,5-6,35,6,15.5
2022-2026 pooled,boys,sprints_hurdles,bay-shore,7-8,12,1,13.5
2022-2026 pooled,boys,sprints_hurdles,redwood-empire,1,18,10,8.0
2022-2026 pooled,boys,sprints_hurdles,redwood-empire,2,18,5,12.0
2022-2026 pooled,boys,sprints_hurdles,redwood-empire,3,19,2,14.0
2022-2026 pooled,boys,sprints_hurdles,redwood-empire,4,19,2,15.0
2022-2026 pooled,boys,sprints_hurdles,redwood-empire,5,16,1,16.0
2022-2026 pooled,boys,sprints_hurdles,redwood-empire,6,19,0,20.0
2022-2026 pooled,boys,sprints_hurdles,redwood-empire,7,7,0,20.0
2022-2026 pooled,boys,sprints_hurdles,redwood-empire,8,2,,
2022-2026 pooled,boys,sprints_hurdles,redwood-empire,9,0,,
2022-2026 pooled,boys,sprints_hurdles,redwood-empire,10,0,,
2022-2026 pooled,boys,sprints_hurdles,redwood-empire,11,0,,
2022-2026 pooled,boys,sprints_hurdles,redwood-empire,12,0,,
2022-2026 pooled,boys,sprints_hurdles,redwood-empire,5-6,35,1,19.0
2022-2026 pooled,boys,sprints_hurdles,redwood-empire,7-8,9,0,17.0
2022-2026 pooled,boys,sprints_hurdles,class-a,1,18,3,16.5
2022-2026 pooled,boys,sprints_hurdles,class-a,2,18,3,18.0
2022-2026 pooled,boys,sprints_hurdles,class-a,3,18,0,21.5
2022-2026 pooled,boys,sprints_hurdles,class-a,4,6,0,20.0
2022-2026 pooled,boys,sprints_hurdles,class-a,5,0,,
2022-2026 pooled,boys,sprints_hurdles,class-a,6,0,,
2022-2026 pooled,boys,sprints_hurdles,class-a,7,0,,
2022-2026 pooled,boys,sprints_hurdles,class-a,8,0,,
2022-2026 pooled,boys,sprints_hurdles,class-a,9,0,,
2022-2026 pooled,boys,sprints_hurdles,class-a,10,0,,
2022-2026 pooled,boys,sprints_hurdles,class-a,11,0,,
2022-2026 pooled,boys,sprints_hurdles,class-a,12,0,,
2022-2026 pooled,boys,sprints_hurdles,class-a,5-6,0,,
2022-2026 pooled,boys,sprints_hurdles,class-a,7-8,0,,
2022-2026 pooled,boys,sprints_hurdles,bay-shore+redwood-empire,1,38,28,4.5
2022-2026 pooled,boys,sprints_hurdles,bay-shore+redwood-empire,2,36,14,9.5
2022-2026 pooled,boys,sprints_hurdles,bay-shore+redwood-empire,3,37,8,12.0
2022-2026 pooled,boys,sprints_hurdles,bay-shore+redwood-empire,4,34,7,14.5
2022-2026 pooled,boys,sprints_hurdles,bay-shore+redwood-empire,5,35,4,16.5
2022-2026 pooled,boys,sprints_hurdles,bay-shore+redwood-empire,6,35,3,18.0
2022-2026 pooled,boys,sprints_hurdles,bay-shore+redwood-empire,7,15,0,17.0
2022-2026 pooled,boys,sprints_hurdles,bay-shore+redwood-empire,8,6,,
2022-2026 pooled,boys,sprints_hurdles,bay-shore+redwood-empire,9,1,,
2022-2026 pooled,boys,sprints_hurdles,bay-shore+redwood-empire,10,1,,
2022-2026 pooled,boys,sprints_hurdles,bay-shore+redwood-empire,11,0,,
2022-2026 pooled,boys,sprints_hurdles,bay-shore+redwood-empire,12,0,,
2022-2026 pooled,boys,sprints_hurdles,bay-shore+redwood-empire,5-6,70,7,18.0
2022-2026 pooled,boys,sprints_hurdles,bay-shore+redwood-empire,7-8,21,1,16.0
2022-2026 pooled,boys,400_800,tri-valley,1,8,8,3.0
2022-2026 pooled,boys,400_800,tri-valley,2,10,9,4.0
2022-2026 pooled,boys,400_800,tri-valley,3,9,6,7.0
2022-2026 pooled,boys,400_800,tri-valley,4,9,6,8.0
2022-2026 pooled,boys,400_800,tri-valley,5,10,6,8.0
2022-2026 pooled,boys,400_800,tri-valley,6,9,3,11.0
2022-2026 pooled,boys,400_800,tri-valley,7,8,2,15.0
2022-2026 pooled,boys,400_800,tri-valley,8,9,0,16.0
2022-2026 pooled,boys,400_800,tri-valley,9,8,0,13.0
2022-2026 pooled,boys,400_800,tri-valley,10,4,,
2022-2026 pooled,boys,400_800,tri-valley,11,3,,
2022-2026 pooled,boys,400_800,tri-valley,12,2,,
2022-2026 pooled,boys,400_800,tri-valley,5-6,19,9,8.0
2022-2026 pooled,boys,400_800,tri-valley,7-8,17,2,15.0
2022-2026 pooled,boys,400_800,bay-shore,1,9,8,2.0
2022-2026 pooled,boys,400_800,bay-shore,2,8,5,5.5
2022-2026 pooled,boys,400_800,bay-shore,3,8,1,12.0
2022-2026 pooled,boys,400_800,bay-shore,4,8,2,13.5
2022-2026 pooled,boys,400_800,bay-shore,5,8,1,18.0
2022-2026 pooled,boys,400_800,bay-shore,6,11,1,17.0
2022-2026 pooled,boys,400_800,bay-shore,7,5,0,21.0
2022-2026 pooled,boys,400_800,bay-shore,8,2,,
2022-2026 pooled,boys,400_800,bay-shore,9,0,,
2022-2026 pooled,boys,400_800,bay-shore,10,0,,
2022-2026 pooled,boys,400_800,bay-shore,11,0,,
2022-2026 pooled,boys,400_800,bay-shore,12,0,,
2022-2026 pooled,boys,400_800,bay-shore,5-6,19,2,17.0
2022-2026 pooled,boys,400_800,bay-shore,7-8,7,0,21.0
2022-2026 pooled,boys,400_800,redwood-empire,1,10,6,6.0
2022-2026 pooled,boys,400_800,redwood-empire,2,6,4,7.0
2022-2026 pooled,boys,400_800,redwood-empire,3,10,2,11.5
2022-2026 pooled,boys,400_800,redwood-empire,4,9,0,16.0
2022-2026 pooled,boys,400_800,redwood-empire,5,9,1,17.0
2022-2026 pooled,boys,400_800,redwood-empire,6,7,0,18.0
2022-2026 pooled,boys,400_800,redwood-empire,7,6,0,18.0
2022-2026 pooled,boys,400_800,redwood-empire,8,2,,
2022-2026 pooled,boys,400_800,redwood-empire,9,1,,
2022-2026 pooled,boys,400_800,redwood-empire,10,2,,
2022-2026 pooled,boys,400_800,redwood-empire,11,1,,
2022-2026 pooled,boys,400_800,redwood-empire,12,0,,
2022-2026 pooled,boys,400_800,redwood-empire,5-6,16,1,18.0
2022-2026 pooled,boys,400_800,redwood-empire,7-8,8,0,20.5
2022-2026 pooled,boys,400_800,class-a,1,8,3,16.5
2022-2026 pooled,boys,400_800,class-a,2,9,1,18.5
2022-2026 pooled,boys,400_800,class-a,3,8,0,21.0
2022-2026 pooled,boys,400_800,class-a,4,3,,
2022-2026 pooled,boys,400_800,class-a,5,2,,
2022-2026 pooled,boys,400_800,class-a,6,1,,
2022-2026 pooled,boys,400_800,class-a,7,1,,
2022-2026 pooled,boys,400_800,class-a,8,1,,
2022-2026 pooled,boys,400_800,class-a,9,0,,
2022-2026 pooled,boys,400_800,class-a,10,0,,
2022-2026 pooled,boys,400_800,class-a,11,0,,
2022-2026 pooled,boys,400_800,class-a,12,0,,
2022-2026 pooled,boys,400_800,class-a,5-6,3,,
2022-2026 pooled,boys,400_800,class-a,7-8,2,,
2022-2026 pooled,boys,400_800,bay-shore+redwood-empire,1,19,14,2.0
2022-2026 pooled,boys,400_800,bay-shore+redwood-empire,2,14,9,6.5
2022-2026 pooled,boys,400_800,bay-shore+redwood-empire,3,18,3,12.0
2022-2026 pooled,boys,400_800,bay-shore+redwood-empire,4,17,2,15.0
2022-2026 pooled,boys,400_800,bay-shore+redwood-empire,5,17,2,17.0
2022-2026 pooled,boys,400_800,bay-shore+redwood-empire,6,18,1,17.5
2022-2026 pooled,boys,400_800,bay-shore+redwood-empire,7,11,0,20.0
2022-2026 pooled,boys,400_800,bay-shore+redwood-empire,8,4,,
2022-2026 pooled,boys,400_800,bay-shore+redwood-empire,9,1,,
2022-2026 pooled,boys,400_800,bay-shore+redwood-empire,10,2,,
2022-2026 pooled,boys,400_800,bay-shore+redwood-empire,11,1,,
2022-2026 pooled,boys,400_800,bay-shore+redwood-empire,12,0,,
2022-2026 pooled,boys,400_800,bay-shore+redwood-empire,5-6,35,3,17.0
2022-2026 pooled,boys,400_800,bay-shore+redwood-empire,7-8,15,0,21.0
2022-2026 pooled,boys,distance,tri-valley,1,10,10,2.0
2022-2026 pooled,boys,distance,tri-valley,2,9,5,7.0
2022-2026 pooled,boys,distance,tri-valley,3,10,6,5.5
2022-2026 pooled,boys,distance,tri-valley,4,9,4,11.0
2022-2026 pooled,boys,distance,tri-valley,5,10,2,11.0
2022-2026 pooled,boys,distance,tri-valley,6,9,1,10.0
2022-2026 pooled,boys,distance,tri-valley,7,10,5,11.0
2022-2026 pooled,boys,distance,tri-valley,8,8,1,14.5
2022-2026 pooled,boys,distance,tri-valley,9,5,1,18.0
2022-2026 pooled,boys,distance,tri-valley,10,4,,
2022-2026 pooled,boys,distance,tri-valley,11,2,,
2022-2026 pooled,boys,distance,tri-valley,12,1,,
2022-2026 pooled,boys,distance,tri-valley,5-6,19,3,10.0
2022-2026 pooled,boys,distance,tri-valley,7-8,18,6,13.5
2022-2026 pooled,boys,distance,bay-shore,1,8,6,2.5
2022-2026 pooled,boys,distance,bay-shore,2,10,6,5.0
2022-2026 pooled,boys,distance,bay-shore,3,9,4,11.0
2022-2026 pooled,boys,distance,bay-shore,4,10,5,9.5
2022-2026 pooled,boys,distance,bay-shore,5,9,1,20.0
2022-2026 pooled,boys,distance,bay-shore,6,10,1,17.0
2022-2026 pooled,boys,distance,bay-shore,7,4,,
2022-2026 pooled,boys,distance,bay-shore,8,3,,
2022-2026 pooled,boys,distance,bay-shore,9,0,,
2022-2026 pooled,boys,distance,bay-shore,10,0,,
2022-2026 pooled,boys,distance,bay-shore,11,0,,
2022-2026 pooled,boys,distance,bay-shore,12,0,,
2022-2026 pooled,boys,distance,bay-shore,5-6,19,2,18.0
2022-2026 pooled,boys,distance,bay-shore,7-8,7,1,20.0
2022-2026 pooled,boys,distance,redwood-empire,1,8,3,10.0
2022-2026 pooled,boys,distance,redwood-empire,2,9,2,13.0
2022-2026 pooled,boys,distance,redwood-empire,3,9,3,18.0
2022-2026 pooled,boys,distance,redwood-empire,4,10,1,15.0
2022-2026 pooled,boys,distance,redwood-empire,5,10,0,21.0
2022-2026 pooled,boys,distance,redwood-empire,6,9,1,19.0
2022-2026 pooled,boys,distance,redwood-empire,7,2,,
2022-2026 pooled,boys,distance,redwood-empire,8,2,,
2022-2026 pooled,boys,distance,redwood-empire,9,1,,
2022-2026 pooled,boys,distance,redwood-empire,10,1,,
2022-2026 pooled,boys,distance,redwood-empire,11,1,,
2022-2026 pooled,boys,distance,redwood-empire,12,0,,
2022-2026 pooled,boys,distance,redwood-empire,5-6,19,1,21.0
2022-2026 pooled,boys,distance,redwood-empire,7-8,4,,
2022-2026 pooled,boys,distance,class-a,1,8,6,5.0
2022-2026 pooled,boys,distance,class-a,2,8,2,15.5
2022-2026 pooled,boys,distance,class-a,3,8,1,19.0
2022-2026 pooled,boys,distance,class-a,4,4,,
2022-2026 pooled,boys,distance,class-a,5,2,,
2022-2026 pooled,boys,distance,class-a,6,1,,
2022-2026 pooled,boys,distance,class-a,7,0,,
2022-2026 pooled,boys,distance,class-a,8,0,,
2022-2026 pooled,boys,distance,class-a,9,0,,
2022-2026 pooled,boys,distance,class-a,10,0,,
2022-2026 pooled,boys,distance,class-a,11,0,,
2022-2026 pooled,boys,distance,class-a,12,0,,
2022-2026 pooled,boys,distance,class-a,5-6,3,,
2022-2026 pooled,boys,distance,class-a,7-8,0,,
2022-2026 pooled,boys,distance,bay-shore+redwood-empire,1,16,9,4.0
2022-2026 pooled,boys,distance,bay-shore+redwood-empire,2,19,8,9.0
2022-2026 pooled,boys,distance,bay-shore+redwood-empire,3,18,7,14.5
2022-2026 pooled,boys,distance,bay-shore+redwood-empire,4,20,6,12.0
2022-2026 pooled,boys,distance,bay-shore+redwood-empire,5,19,1,21.0
2022-2026 pooled,boys,distance,bay-shore+redwood-empire,6,19,2,19.0
2022-2026 pooled,boys,distance,bay-shore+redwood-empire,7,6,,
2022-2026 pooled,boys,distance,bay-shore+redwood-empire,8,5,,
2022-2026 pooled,boys,distance,bay-shore+redwood-empire,9,1,,
2022-2026 pooled,boys,distance,bay-shore+redwood-empire,10,1,,
2022-2026 pooled,boys,distance,bay-shore+redwood-empire,11,1,,
2022-2026 pooled,boys,distance,bay-shore+redwood-empire,12,0,,
2022-2026 pooled,boys,distance,bay-shore+redwood-empire,5-6,38,3,20.5
2022-2026 pooled,boys,distance,bay-shore+redwood-empire,7-8,11,,
2022-2026 pooled,boys,jumps,tri-valley,1,21,20,1.0
2022-2026 pooled,boys,jumps,tri-valley,2,18,17,4.0
2022-2026 pooled,boys,jumps,tri-valley,3,20,11,5.0
2022-2026 pooled,boys,jumps,tri-valley,4,18,12,6.0
2022-2026 pooled,boys,jumps,tri-valley,5,20,8,10.0
2022-2026 pooled,boys,jumps,tri-valley,6,17,6,10.0
2022-2026 pooled,boys,jumps,tri-valley,7,19,5,12.5
2022-2026 pooled,boys,jumps,tri-valley,8,14,3,11.0
2022-2026 pooled,boys,jumps,tri-valley,9,11,2,13.5
2022-2026 pooled,boys,jumps,tri-valley,10,4,,
2022-2026 pooled,boys,jumps,tri-valley,11,1,,
2022-2026 pooled,boys,jumps,tri-valley,12,1,,
2022-2026 pooled,boys,jumps,tri-valley,5-6,37,14,10.0
2022-2026 pooled,boys,jumps,tri-valley,7-8,33,8,12.0
2022-2026 pooled,boys,jumps,bay-shore,1,19,14,3.0
2022-2026 pooled,boys,jumps,bay-shore,2,20,13,5.0
2022-2026 pooled,boys,jumps,bay-shore,3,17,6,10.0
2022-2026 pooled,boys,jumps,bay-shore,4,19,3,14.5
2022-2026 pooled,boys,jumps,bay-shore,5,18,4,13.5
2022-2026 pooled,boys,jumps,bay-shore,6,14,2,12.0
2022-2026 pooled,boys,jumps,bay-shore,7,8,0,16.0
2022-2026 pooled,boys,jumps,bay-shore,8,4,,
2022-2026 pooled,boys,jumps,bay-shore,9,1,,
2022-2026 pooled,boys,jumps,bay-shore,10,0,,
2022-2026 pooled,boys,jumps,bay-shore,11,0,,
2022-2026 pooled,boys,jumps,bay-shore,12,0,,
2022-2026 pooled,boys,jumps,bay-shore,5-6,32,6,12.0
2022-2026 pooled,boys,jumps,bay-shore,7-8,12,1,16.0
2022-2026 pooled,boys,jumps,redwood-empire,1,18,11,5.0
2022-2026 pooled,boys,jumps,redwood-empire,2,19,11,7.0
2022-2026 pooled,boys,jumps,redwood-empire,3,20,7,10.0
2022-2026 pooled,boys,jumps,redwood-empire,4,18,2,13.0
2022-2026 pooled,boys,jumps,redwood-empire,5,16,3,13.0
2022-2026 pooled,boys,jumps,redwood-empire,6,15,2,15.5
2022-2026 pooled,boys,jumps,redwood-empire,7,14,1,15.0
2022-2026 pooled,boys,jumps,redwood-empire,8,2,,
2022-2026 pooled,boys,jumps,redwood-empire,9,0,,
2022-2026 pooled,boys,jumps,redwood-empire,10,0,,
2022-2026 pooled,boys,jumps,redwood-empire,11,0,,
2022-2026 pooled,boys,jumps,redwood-empire,12,0,,
2022-2026 pooled,boys,jumps,redwood-empire,5-6,31,5,13.0
2022-2026 pooled,boys,jumps,redwood-empire,7-8,16,1,15.0
2022-2026 pooled,boys,jumps,class-a,1,20,7,12.5
2022-2026 pooled,boys,jumps,class-a,2,15,2,16.0
2022-2026 pooled,boys,jumps,class-a,3,13,0,17.0
2022-2026 pooled,boys,jumps,class-a,4,4,,
2022-2026 pooled,boys,jumps,class-a,5,2,,
2022-2026 pooled,boys,jumps,class-a,6,0,,
2022-2026 pooled,boys,jumps,class-a,7,0,,
2022-2026 pooled,boys,jumps,class-a,8,0,,
2022-2026 pooled,boys,jumps,class-a,9,0,,
2022-2026 pooled,boys,jumps,class-a,10,0,,
2022-2026 pooled,boys,jumps,class-a,11,0,,
2022-2026 pooled,boys,jumps,class-a,12,0,,
2022-2026 pooled,boys,jumps,class-a,5-6,2,,
2022-2026 pooled,boys,jumps,class-a,7-8,0,,
2022-2026 pooled,boys,jumps,bay-shore+redwood-empire,1,37,25,3.0
2022-2026 pooled,boys,jumps,bay-shore+redwood-empire,2,39,24,6.0
2022-2026 pooled,boys,jumps,bay-shore+redwood-empire,3,37,13,10.0
2022-2026 pooled,boys,jumps,bay-shore+redwood-empire,4,37,5,14.0
2022-2026 pooled,boys,jumps,bay-shore+redwood-empire,5,34,7,13.0
2022-2026 pooled,boys,jumps,bay-shore+redwood-empire,6,29,4,14.0
2022-2026 pooled,boys,jumps,bay-shore+redwood-empire,7,22,1,16.0
2022-2026 pooled,boys,jumps,bay-shore+redwood-empire,8,6,,
2022-2026 pooled,boys,jumps,bay-shore+redwood-empire,9,1,,
2022-2026 pooled,boys,jumps,bay-shore+redwood-empire,10,0,,
2022-2026 pooled,boys,jumps,bay-shore+redwood-empire,11,0,,
2022-2026 pooled,boys,jumps,bay-shore+redwood-empire,12,0,,
2022-2026 pooled,boys,jumps,bay-shore+redwood-empire,5-6,63,11,13.0
2022-2026 pooled,boys,jumps,bay-shore+redwood-empire,7-8,28,2,16.0
2022-2026 pooled,boys,throws,tri-valley,1,10,9,3.5
2022-2026 pooled,boys,throws,tri-valley,2,9,5,7.0
2022-2026 pooled,boys,throws,tri-valley,3,9,6,9.0
2022-2026 pooled,boys,throws,tri-valley,4,10,2,16.0
2022-2026 pooled,boys,throws,tri-valley,5,10,4,13.5
2022-2026 pooled,boys,throws,tri-valley,6,10,2,12.5
2022-2026 pooled,boys,throws,tri-valley,7,5,2,14.0
2022-2026 pooled,boys,throws,tri-valley,8,6,0,14.0
2022-2026 pooled,boys,throws,tri-valley,9,3,,
2022-2026 pooled,boys,throws,tri-valley,10,0,,
2022-2026 pooled,boys,throws,tri-valley,11,0,,
2022-2026 pooled,boys,throws,tri-valley,12,0,,
2022-2026 pooled,boys,throws,tri-valley,5-6,20,6,12.5
2022-2026 pooled,boys,throws,tri-valley,7-8,11,2,14.0
2022-2026 pooled,boys,throws,bay-shore,1,10,10,4.0
2022-2026 pooled,boys,throws,bay-shore,2,10,8,5.0
2022-2026 pooled,boys,throws,bay-shore,3,10,2,13.0
2022-2026 pooled,boys,throws,bay-shore,4,10,1,16.0
2022-2026 pooled,boys,throws,bay-shore,5,10,1,18.0
2022-2026 pooled,boys,throws,bay-shore,6,9,0,18.0
2022-2026 pooled,boys,throws,bay-shore,7,2,,
2022-2026 pooled,boys,throws,bay-shore,8,0,,
2022-2026 pooled,boys,throws,bay-shore,9,0,,
2022-2026 pooled,boys,throws,bay-shore,10,0,,
2022-2026 pooled,boys,throws,bay-shore,11,0,,
2022-2026 pooled,boys,throws,bay-shore,12,0,,
2022-2026 pooled,boys,throws,bay-shore,5-6,19,1,18.0
2022-2026 pooled,boys,throws,bay-shore,7-8,2,,
2022-2026 pooled,boys,throws,redwood-empire,1,10,9,1.5
2022-2026 pooled,boys,throws,redwood-empire,2,10,10,2.0
2022-2026 pooled,boys,throws,redwood-empire,3,10,4,10.0
2022-2026 pooled,boys,throws,redwood-empire,4,10,5,10.0
2022-2026 pooled,boys,throws,redwood-empire,5,9,1,11.0
2022-2026 pooled,boys,throws,redwood-empire,6,10,3,15.0
2022-2026 pooled,boys,throws,redwood-empire,7,7,1,15.0
2022-2026 pooled,boys,throws,redwood-empire,8,4,,
2022-2026 pooled,boys,throws,redwood-empire,9,3,,
2022-2026 pooled,boys,throws,redwood-empire,10,1,,
2022-2026 pooled,boys,throws,redwood-empire,11,0,,
2022-2026 pooled,boys,throws,redwood-empire,12,0,,
2022-2026 pooled,boys,throws,redwood-empire,5-6,19,4,11.0
2022-2026 pooled,boys,throws,redwood-empire,7-8,11,3,15.0
2022-2026 pooled,boys,throws,class-a,1,10,2,16.5
2022-2026 pooled,boys,throws,class-a,2,10,0,21.0
2022-2026 pooled,boys,throws,class-a,3,8,0,21.0
2022-2026 pooled,boys,throws,class-a,4,1,,
2022-2026 pooled,boys,throws,class-a,5,0,,
2022-2026 pooled,boys,throws,class-a,6,0,,
2022-2026 pooled,boys,throws,class-a,7,0,,
2022-2026 pooled,boys,throws,class-a,8,0,,
2022-2026 pooled,boys,throws,class-a,9,0,,
2022-2026 pooled,boys,throws,class-a,10,0,,
2022-2026 pooled,boys,throws,class-a,11,0,,
2022-2026 pooled,boys,throws,class-a,12,0,,
2022-2026 pooled,boys,throws,class-a,5-6,0,,
2022-2026 pooled,boys,throws,class-a,7-8,0,,
2022-2026 pooled,boys,throws,bay-shore+redwood-empire,1,20,19,3.0
2022-2026 pooled,boys,throws,bay-shore+redwood-empire,2,20,18,3.0
2022-2026 pooled,boys,throws,bay-shore+redwood-empire,3,20,6,12.0
2022-2026 pooled,boys,throws,bay-shore+redwood-empire,4,20,6,13.0
2022-2026 pooled,boys,throws,bay-shore+redwood-empire,5,19,2,14.0
2022-2026 pooled,boys,throws,bay-shore+redwood-empire,6,19,3,18.0
2022-2026 pooled,boys,throws,bay-shore+redwood-empire,7,9,,
2022-2026 pooled,boys,throws,bay-shore+redwood-empire,8,4,,
2022-2026 pooled,boys,throws,bay-shore+redwood-empire,9,3,,
2022-2026 pooled,boys,throws,bay-shore+redwood-empire,10,1,,
2022-2026 pooled,boys,throws,bay-shore+redwood-empire,11,0,,
2022-2026 pooled,boys,throws,bay-shore+redwood-empire,12,0,,
2022-2026 pooled,boys,throws,bay-shore+redwood-empire,5-6,38,5,16.0
2022-2026 pooled,boys,throws,bay-shore+redwood-empire,7-8,13,,
2022-2026 pooled,boys,relays,tri-valley,1,10,9,1.0
2022-2026 pooled,boys,relays,tri-valley,2,10,8,5.0
2022-2026 pooled,boys,relays,tri-valley,3,10,9,6.0
2022-2026 pooled,boys,relays,tri-valley,4,10,7,5.0
2022-2026 pooled,boys,relays,tri-valley,5,10,3,9.0
2022-2026 pooled,boys,relays,tri-valley,6,9,3,9.5
2022-2026 pooled,boys,relays,tri-valley,7,9,5,7.0
2022-2026 pooled,boys,relays,tri-valley,8,9,1,15.0
2022-2026 pooled,boys,relays,tri-valley,9,8,0,16.0
2022-2026 pooled,boys,relays,tri-valley,10,1,,
2022-2026 pooled,boys,relays,tri-valley,11,0,,
2022-2026 pooled,boys,relays,tri-valley,12,0,,
2022-2026 pooled,boys,relays,tri-valley,5-6,19,6,9.0
2022-2026 pooled,boys,relays,tri-valley,7-8,18,6,12.0
2022-2026 pooled,boys,relays,bay-shore,1,10,8,2.5
2022-2026 pooled,boys,relays,bay-shore,2,10,5,8.0
2022-2026 pooled,boys,relays,bay-shore,3,10,1,15.5
2022-2026 pooled,boys,relays,bay-shore,4,10,1,11.0
2022-2026 pooled,boys,relays,bay-shore,5,9,0,15.0
2022-2026 pooled,boys,relays,bay-shore,6,10,0,19.0
2022-2026 pooled,boys,relays,bay-shore,7,3,,
2022-2026 pooled,boys,relays,bay-shore,8,1,,
2022-2026 pooled,boys,relays,bay-shore,9,1,,
2022-2026 pooled,boys,relays,bay-shore,10,0,,
2022-2026 pooled,boys,relays,bay-shore,11,0,,
2022-2026 pooled,boys,relays,bay-shore,12,0,,
2022-2026 pooled,boys,relays,bay-shore,5-6,19,0,18.0
2022-2026 pooled,boys,relays,bay-shore,7-8,4,,
2022-2026 pooled,boys,relays,redwood-empire,1,10,8,4.5
2022-2026 pooled,boys,relays,redwood-empire,2,10,2,10.0
2022-2026 pooled,boys,relays,redwood-empire,3,10,2,12.5
2022-2026 pooled,boys,relays,redwood-empire,4,8,0,15.0
2022-2026 pooled,boys,relays,redwood-empire,5,8,0,16.0
2022-2026 pooled,boys,relays,redwood-empire,6,9,0,17.0
2022-2026 pooled,boys,relays,redwood-empire,7,4,,
2022-2026 pooled,boys,relays,redwood-empire,8,1,,
2022-2026 pooled,boys,relays,redwood-empire,9,0,,
2022-2026 pooled,boys,relays,redwood-empire,10,0,,
2022-2026 pooled,boys,relays,redwood-empire,11,0,,
2022-2026 pooled,boys,relays,redwood-empire,12,0,,
2022-2026 pooled,boys,relays,redwood-empire,5-6,17,0,17.0
2022-2026 pooled,boys,relays,redwood-empire,7-8,5,0,20.0
2022-2026 pooled,boys,relays,class-a,1,9,3,10.0
2022-2026 pooled,boys,relays,class-a,2,8,0,20.5
2022-2026 pooled,boys,relays,class-a,3,8,0,20.0
2022-2026 pooled,boys,relays,class-a,4,3,,
2022-2026 pooled,boys,relays,class-a,5,0,,
2022-2026 pooled,boys,relays,class-a,6,0,,
2022-2026 pooled,boys,relays,class-a,7,0,,
2022-2026 pooled,boys,relays,class-a,8,0,,
2022-2026 pooled,boys,relays,class-a,9,0,,
2022-2026 pooled,boys,relays,class-a,10,0,,
2022-2026 pooled,boys,relays,class-a,11,0,,
2022-2026 pooled,boys,relays,class-a,12,0,,
2022-2026 pooled,boys,relays,class-a,5-6,0,,
2022-2026 pooled,boys,relays,class-a,7-8,0,,
2022-2026 pooled,boys,relays,bay-shore+redwood-empire,1,20,16,4.0
2022-2026 pooled,boys,relays,bay-shore+redwood-empire,2,20,7,9.0
2022-2026 pooled,boys,relays,bay-shore+redwood-empire,3,20,3,13.0
2022-2026 pooled,boys,relays,bay-shore+redwood-empire,4,18,1,13.5
2022-2026 pooled,boys,relays,bay-shore+redwood-empire,5,17,0,15.0
2022-2026 pooled,boys,relays,bay-shore+redwood-empire,6,19,0,18.0
2022-2026 pooled,boys,relays,bay-shore+redwood-empire,7,7,,
2022-2026 pooled,boys,relays,bay-shore+redwood-empire,8,2,,
2022-2026 pooled,boys,relays,bay-shore+redwood-empire,9,1,,
2022-2026 pooled,boys,relays,bay-shore+redwood-empire,10,0,,
2022-2026 pooled,boys,relays,bay-shore+redwood-empire,11,0,,
2022-2026 pooled,boys,relays,bay-shore+redwood-empire,12,0,,
2022-2026 pooled,boys,relays,bay-shore+redwood-empire,5-6,36,0,17.0
2022-2026 pooled,boys,relays,bay-shore+redwood-empire,7-8,9,,
2022-2026 pooled,boys,all,tri-valley,1,79,74,2.0
2022-2026 pooled,boys,all,tri-valley,2,76,59,5.0
2022-2026 pooled,boys,all,tri-valley,3,76,52,5.5
2022-2026 pooled,boys,all,tri-valley,4,75,41,7.5
2022-2026 pooled,boys,all,tri-valley,5,80,32,9.0
2022-2026 pooled,boys,all,tri-valley,6,69,21,10.0
2022-2026 pooled,boys,all,tri-valley,7,72,22,13.0
2022-2026 pooled,boys,all,tri-valley,8,64,7,14.0
2022-2026 pooled,boys,all,tri-valley,9,48,3,16.0
2022-2026 pooled,boys,all,tri-valley,10,23,2,17.0
2022-2026 pooled,boys,all,tri-valley,11,13,1,18.5
2022-2026 pooled,boys,all,tri-valley,12,8,0,24.0
2022-2026 pooled,boys,all,tri-valley,5-6,149,53,10.0
2022-2026 pooled,boys,all,tri-valley,7-8,136,29,14.0
2022-2026 pooled,boys,all,bay-shore,1,76,64,3.0
2022-2026 pooled,boys,all,bay-shore,2,76,46,6.0
2022-2026 pooled,boys,all,bay-shore,3,72,20,12.0
2022-2026 pooled,boys,all,bay-shore,4,72,17,13.0
2022-2026 pooled,boys,all,bay-shore,5,73,10,17.0
2022-2026 pooled,boys,all,bay-shore,6,70,7,17.0
2022-2026 pooled,boys,all,bay-shore,7,30,1,16.0
2022-2026 pooled,boys,all,bay-shore,8,14,2,19.0
2022-2026 pooled,boys,all,bay-shore,9,3,,
2022-2026 pooled,boys,all,bay-shore,10,1,,
2022-2026 pooled,boys,all,bay-shore,11,0,,
2022-2026 pooled,boys,all,bay-shore,12,0,,
2022-2026 pooled,boys,all,bay-shore,5-6,143,17,17.0
2022-2026 pooled,boys,all,bay-shore,7-8,44,3,17.0
2022-2026 pooled,boys,all,redwood-empire,1,74,47,5.0
2022-2026 pooled,boys,all,redwood-empire,2,72,34,9.0
2022-2026 pooled,boys,all,redwood-empire,3,78,20,12.0
2022-2026 pooled,boys,all,redwood-empire,4,74,10,15.0
2022-2026 pooled,boys,all,redwood-empire,5,68,6,15.0
2022-2026 pooled,boys,all,redwood-empire,6,69,6,18.0
2022-2026 pooled,boys,all,redwood-empire,7,40,2,16.0
2022-2026 pooled,boys,all,redwood-empire,8,13,2,17.0
2022-2026 pooled,boys,all,redwood-empire,9,5,1,21.0
2022-2026 pooled,boys,all,redwood-empire,10,4,,
2022-2026 pooled,boys,all,redwood-empire,11,2,,
2022-2026 pooled,boys,all,redwood-empire,12,0,,
2022-2026 pooled,boys,all,redwood-empire,5-6,137,12,17.0
2022-2026 pooled,boys,all,redwood-empire,7-8,53,4,16.0
2022-2026 pooled,boys,all,class-a,1,73,24,13.5
2022-2026 pooled,boys,all,class-a,2,68,8,18.5
2022-2026 pooled,boys,all,class-a,3,63,1,20.0
2022-2026 pooled,boys,all,class-a,4,21,0,21.0
2022-2026 pooled,boys,all,class-a,5,6,0,22.0
2022-2026 pooled,boys,all,class-a,6,2,,
2022-2026 pooled,boys,all,class-a,7,1,,
2022-2026 pooled,boys,all,class-a,8,1,,
2022-2026 pooled,boys,all,class-a,9,0,,
2022-2026 pooled,boys,all,class-a,10,0,,
2022-2026 pooled,boys,all,class-a,11,0,,
2022-2026 pooled,boys,all,class-a,12,0,,
2022-2026 pooled,boys,all,class-a,5-6,8,0,24.0
2022-2026 pooled,boys,all,class-a,7-8,2,,
2022-2026 pooled,boys,all,bay-shore+redwood-empire,1,150,111,4.0
2022-2026 pooled,boys,all,bay-shore+redwood-empire,2,148,80,7.0
2022-2026 pooled,boys,all,bay-shore+redwood-empire,3,150,40,12.0
2022-2026 pooled,boys,all,bay-shore+redwood-empire,4,146,27,13.0
2022-2026 pooled,boys,all,bay-shore+redwood-empire,5,141,16,15.0
2022-2026 pooled,boys,all,bay-shore+redwood-empire,6,139,13,18.0
2022-2026 pooled,boys,all,bay-shore+redwood-empire,7,70,3,16.0
2022-2026 pooled,boys,all,bay-shore+redwood-empire,8,27,4,17.0
2022-2026 pooled,boys,all,bay-shore+redwood-empire,9,8,,
2022-2026 pooled,boys,all,bay-shore+redwood-empire,10,5,,
2022-2026 pooled,boys,all,bay-shore+redwood-empire,11,2,,
2022-2026 pooled,boys,all,bay-shore+redwood-empire,12,0,,
2022-2026 pooled,boys,all,bay-shore+redwood-empire,5-6,280,29,17.0
2022-2026 pooled,boys,all,bay-shore+redwood-empire,7-8,97,7,17.0
2022-2026 pooled,all,sprints_hurdles,tri-valley,1,41,39,2.0
2022-2026 pooled,all,sprints_hurdles,tri-valley,2,38,29,4.5
2022-2026 pooled,all,sprints_hurdles,tri-valley,3,35,27,4.0
2022-2026 pooled,all,sprints_hurdles,tri-valley,4,39,22,7.0
2022-2026 pooled,all,sprints_hurdles,tri-valley,5,39,18,8.5
2022-2026 pooled,all,sprints_hurdles,tri-valley,6,35,11,11.0
2022-2026 pooled,all,sprints_hurdles,tri-valley,7,39,4,13.0
2022-2026 pooled,all,sprints_hurdles,tri-valley,8,29,5,14.0
2022-2026 pooled,all,sprints_hurdles,tri-valley,9,30,2,15.0
2022-2026 pooled,all,sprints_hurdles,tri-valley,10,16,0,18.0
2022-2026 pooled,all,sprints_hurdles,tri-valley,11,12,0,17.5
2022-2026 pooled,all,sprints_hurdles,tri-valley,12,6,0,20.5
2022-2026 pooled,all,sprints_hurdles,tri-valley,5-6,74,29,9.0
2022-2026 pooled,all,sprints_hurdles,tri-valley,7-8,68,9,13.0
2022-2026 pooled,all,sprints_hurdles,bay-shore,1,40,35,5.0
2022-2026 pooled,all,sprints_hurdles,bay-shore,2,38,18,8.0
2022-2026 pooled,all,sprints_hurdles,bay-shore,3,37,12,10.0
2022-2026 pooled,all,sprints_hurdles,bay-shore,4,35,9,13.0
2022-2026 pooled,all,sprints_hurdles,bay-shore,5,39,4,17.0
2022-2026 pooled,all,sprints_hurdles,bay-shore,6,36,4,19.0
2022-2026 pooled,all,sprints_hurdles,bay-shore,7,11,0,14.0
2022-2026 pooled,all,sprints_hurdles,bay-shore,8,7,1,11.0
2022-2026 pooled,all,sprints_hurdles,bay-shore,9,1,,
2022-2026 pooled,all,sprints_hurdles,bay-shore,10,1,,
2022-2026 pooled,all,sprints_hurdles,bay-shore,11,0,,
2022-2026 pooled,all,sprints_hurdles,bay-shore,12,0,,
2022-2026 pooled,all,sprints_hurdles,bay-shore,5-6,75,8,18.0
2022-2026 pooled,all,sprints_hurdles,bay-shore,7-8,18,1,14.0
2022-2026 pooled,all,sprints_hurdles,redwood-empire,1,37,21,6.5
2022-2026 pooled,all,sprints_hurdles,redwood-empire,2,36,10,11.0
2022-2026 pooled,all,sprints_hurdles,redwood-empire,3,35,2,14.0
2022-2026 pooled,all,sprints_hurdles,redwood-empire,4,36,3,15.5
2022-2026 pooled,all,sprints_hurdles,redwood-empire,5,34,1,18.5
2022-2026 pooled,all,sprints_hurdles,redwood-empire,6,36,0,21.0
2022-2026 pooled,all,sprints_hurdles,redwood-empire,7,13,0,21.0
2022-2026 pooled,all,sprints_hurdles,redwood-empire,8,6,0,21.0
2022-2026 pooled,all,sprints_hurdles,redwood-empire,9,2,,
2022-2026 pooled,all,sprints_hurdles,redwood-empire,10,1,,
2022-2026 pooled,all,sprints_hurdles,redwood-empire,11,0,,
2022-2026 pooled,all,sprints_hurdles,redwood-empire,12,0,,
2022-2026 pooled,all,sprints_hurdles,redwood-empire,5-6,70,1,20.0
2022-2026 pooled,all,sprints_hurdles,redwood-empire,7-8,19,0,21.0
2022-2026 pooled,all,sprints_hurdles,class-a,1,35,11,12.0
2022-2026 pooled,all,sprints_hurdles,class-a,2,37,11,16.0
2022-2026 pooled,all,sprints_hurdles,class-a,3,37,1,20.0
2022-2026 pooled,all,sprints_hurdles,class-a,4,12,0,20.0
2022-2026 pooled,all,sprints_hurdles,class-a,5,2,,
2022-2026 pooled,all,sprints_hurdles,class-a,6,0,,
2022-2026 pooled,all,sprints_hurdles,class-a,7,0,,
2022-2026 pooled,all,sprints_hurdles,class-a,8,0,,
2022-2026 pooled,all,sprints_hurdles,class-a,9,0,,
2022-2026 pooled,all,sprints_hurdles,class-a,10,0,,
2022-2026 pooled,all,sprints_hurdles,class-a,11,0,,
2022-2026 pooled,all,sprints_hurdles,class-a,12,0,,
2022-2026 pooled,all,sprints_hurdles,class-a,5-6,2,,
2022-2026 pooled,all,sprints_hurdles,class-a,7-8,0,,
2022-2026 pooled,all,sprints_hurdles,bay-shore+redwood-empire,1,77,56,6.0
2022-2026 pooled,all,sprints_hurdles,bay-shore+redwood-empire,2,74,28,10.0
2022-2026 pooled,all,sprints_hurdles,bay-shore+redwood-empire,3,72,14,12.0
2022-2026 pooled,all,sprints_hurdles,bay-shore+redwood-empire,4,71,12,15.0
2022-2026 pooled,all,sprints_hurdles,bay-shore+redwood-empire,5,73,5,17.5
2022-2026 pooled,all,sprints_hurdles,bay-shore+redwood-empire,6,72,4,20.0
2022-2026 pooled,all,sprints_hurdles,bay-shore+redwood-empire,7,24,0,17.5
2022-2026 pooled,all,sprints_hurdles,bay-shore+redwood-empire,8,13,1,16.0
2022-2026 pooled,all,sprints_hurdles,bay-shore+redwood-empire,9,3,,
2022-2026 pooled,all,sprints_hurdles,bay-shore+redwood-empire,10,2,,
2022-2026 pooled,all,sprints_hurdles,bay-shore+redwood-empire,11,0,,
2022-2026 pooled,all,sprints_hurdles,bay-shore+redwood-empire,12,0,,
2022-2026 pooled,all,sprints_hurdles,bay-shore+redwood-empire,5-6,145,9,19.0
2022-2026 pooled,all,sprints_hurdles,bay-shore+redwood-empire,7-8,37,1,17.0
2022-2026 pooled,all,400_800,tri-valley,1,17,16,3.0
2022-2026 pooled,all,400_800,tri-valley,2,19,18,3.0
2022-2026 pooled,all,400_800,tri-valley,3,19,13,5.5
2022-2026 pooled,all,400_800,tri-valley,4,19,14,7.0
2022-2026 pooled,all,400_800,tri-valley,5,18,10,8.0
2022-2026 pooled,all,400_800,tri-valley,6,18,8,9.0
2022-2026 pooled,all,400_800,tri-valley,7,15,5,12.0
2022-2026 pooled,all,400_800,tri-valley,8,15,2,12.5
2022-2026 pooled,all,400_800,tri-valley,9,15,2,13.0
2022-2026 pooled,all,400_800,tri-valley,10,9,0,17.0
2022-2026 pooled,all,400_800,tri-valley,11,6,1,17.0
2022-2026 pooled,all,400_800,tri-valley,12,5,0,15.0
2022-2026 pooled,all,400_800,tri-valley,5-6,36,18,8.0
2022-2026 pooled,all,400_800,tri-valley,7-8,30,7,12.0
2022-2026 pooled,all,400_800,bay-shore,1,18,12,3.0
2022-2026 pooled,all,400_800,bay-shore,2,16,7,8.0
2022-2026 pooled,all,400_800,bay-shore,3,17,3,11.5
2022-2026 pooled,all,400_800,bay-shore,4,17,2,16.0
2022-2026 pooled,all,400_800,bay-shore,5,14,1,19.0
2022-2026 pooled,all,400_800,bay-shore,6,21,1,21.0
2022-2026 pooled,all,400_800,bay-shore,7,10,0,21.0
2022-2026 pooled,all,400_800,bay-shore,8,5,0,21.0
2022-2026 pooled,all,400_800,bay-shore,9,1,,
2022-2026 pooled,all,400_800,bay-shore,10,0,,
2022-2026 pooled,all,400_800,bay-shore,11,0,,
2022-2026 pooled,all,400_800,bay-shore,12,0,,
2022-2026 pooled,all,400_800,bay-shore,5-6,35,2,19.5
2022-2026 pooled,all,400_800,bay-shore,7-8,15,0,21.0
2022-2026 pooled,all,400_800,redwood-empire,1,19,12,5.0
2022-2026 pooled,all,400_800,redwood-empire,2,15,10,6.0
2022-2026 pooled,all,400_800,redwood-empire,3,19,4,12.0
2022-2026 pooled,all,400_800,redwood-empire,4,18,0,16.0
2022-2026 pooled,all,400_800,redwood-empire,5,16,1,19.5
2022-2026 pooled,all,400_800,redwood-empire,6,16,0,18.0
2022-2026 pooled,all,400_800,redwood-empire,7,8,0,20.0
2022-2026 pooled,all,400_800,redwood-empire,8,4,,
2022-2026 pooled,all,400_800,redwood-empire,9,1,,
2022-2026 pooled,all,400_800,redwood-empire,10,2,,
2022-2026 pooled,all,400_800,redwood-empire,11,1,,
2022-2026 pooled,all,400_800,redwood-empire,12,0,,
2022-2026 pooled,all,400_800,redwood-empire,5-6,32,1,19.0
2022-2026 pooled,all,400_800,redwood-empire,7-8,12,0,20.0
2022-2026 pooled,all,400_800,class-a,1,15,6,11.5
2022-2026 pooled,all,400_800,class-a,2,18,4,14.0
2022-2026 pooled,all,400_800,class-a,3,15,2,20.0
2022-2026 pooled,all,400_800,class-a,4,8,1,15.0
2022-2026 pooled,all,400_800,class-a,5,5,0,21.0
2022-2026 pooled,all,400_800,class-a,6,3,,
2022-2026 pooled,all,400_800,class-a,7,1,,
2022-2026 pooled,all,400_800,class-a,8,1,,
2022-2026 pooled,all,400_800,class-a,9,0,,
2022-2026 pooled,all,400_800,class-a,10,0,,
2022-2026 pooled,all,400_800,class-a,11,0,,
2022-2026 pooled,all,400_800,class-a,12,0,,
2022-2026 pooled,all,400_800,class-a,5-6,8,0,21.0
2022-2026 pooled,all,400_800,class-a,7-8,2,,
2022-2026 pooled,all,400_800,bay-shore+redwood-empire,1,37,24,5.0
2022-2026 pooled,all,400_800,bay-shore+redwood-empire,2,31,17,7.0
2022-2026 pooled,all,400_800,bay-shore+redwood-empire,3,36,7,12.0
2022-2026 pooled,all,400_800,bay-shore+redwood-empire,4,35,2,16.0
2022-2026 pooled,all,400_800,bay-shore+redwood-empire,5,30,2,19.0
2022-2026 pooled,all,400_800,bay-shore+redwood-empire,6,37,1,19.0
2022-2026 pooled,all,400_800,bay-shore+redwood-empire,7,18,0,20.5
2022-2026 pooled,all,400_800,bay-shore+redwood-empire,8,9,,
2022-2026 pooled,all,400_800,bay-shore+redwood-empire,9,2,,
2022-2026 pooled,all,400_800,bay-shore+redwood-empire,10,2,,
2022-2026 pooled,all,400_800,bay-shore+redwood-empire,11,1,,
2022-2026 pooled,all,400_800,bay-shore+redwood-empire,12,0,,
2022-2026 pooled,all,400_800,bay-shore+redwood-empire,5-6,67,3,19.0
2022-2026 pooled,all,400_800,bay-shore+redwood-empire,7-8,27,0,21.0
2022-2026 pooled,all,distance,tri-valley,1,19,19,2.0
2022-2026 pooled,all,distance,tri-valley,2,16,9,8.0
2022-2026 pooled,all,distance,tri-valley,3,17,12,5.0
2022-2026 pooled,all,distance,tri-valley,4,18,8,9.0
2022-2026 pooled,all,distance,tri-valley,5,17,5,12.0
2022-2026 pooled,all,distance,tri-valley,6,17,3,11.0
2022-2026 pooled,all,distance,tri-valley,7,19,6,14.0
2022-2026 pooled,all,distance,tri-valley,8,16,3,15.0
2022-2026 pooled,all,distance,tri-valley,9,11,1,18.0
2022-2026 pooled,all,distance,tri-valley,10,8,1,16.0
2022-2026 pooled,all,distance,tri-valley,11,4,,
2022-2026 pooled,all,distance,tri-valley,12,3,,
2022-2026 pooled,all,distance,tri-valley,5-6,34,8,11.0
2022-2026 pooled,all,distance,tri-valley,7-8,35,9,14.0
2022-2026 pooled,all,distance,bay-shore,1,17,10,4.0
2022-2026 pooled,all,distance,bay-shore,2,18,9,8.0
2022-2026 pooled,all,distance,bay-shore,3,18,4,14.0
2022-2026 pooled,all,distance,bay-shore,4,19,6,13.0
2022-2026 pooled,all,distance,bay-shore,5,19,1,20.0
2022-2026 pooled,all,distance,bay-shore,6,18,1,20.5
2022-2026 pooled,all,distance,bay-shore,7,5,1,17.0
2022-2026 pooled,all,distance,bay-shore,8,7,0,23.0
2022-2026 pooled,all,distance,bay-shore,9,1,,
2022-2026 pooled,all,distance,bay-shore,10,1,,
2022-2026 pooled,all,distance,bay-shore,11,0,,
2022-2026 pooled,all,distance,bay-shore,12,0,,
2022-2026 pooled,all,distance,bay-shore,5-6,37,2,20.0
2022-2026 pooled,all,distance,bay-shore,7-8,12,1,23.0
2022-2026 pooled,all,distance,redwood-empire,1,16,11,3.5
2022-2026 pooled,all,distance,redwood-empire,2,19,10,8.0
2022-2026 pooled,all,distance,redwood-empire,3,18,9,8.5
2022-2026 pooled,all,distance,redwood-empire,4,20,4,13.0
2022-2026 pooled,all,distance,redwood-empire,5,18,1,18.0
2022-2026 pooled,all,distance,redwood-empire,6,19,2,19.0
2022-2026 pooled,all,distance,redwood-empire,7,9,1,12.0
2022-2026 pooled,all,distance,redwood-empire,8,6,0,16.0
2022-2026 pooled,all,distance,redwood-empire,9,3,,
2022-2026 pooled,all,distance,redwood-empire,10,1,,
2022-2026 pooled,all,distance,redwood-empire,11,1,,
2022-2026 pooled,all,distance,redwood-empire,12,0,,
2022-2026 pooled,all,distance,redwood-empire,5-6,37,3,18.0
2022-2026 pooled,all,distance,redwood-empire,7-8,15,1,13.0
2022-2026 pooled,all,distance,class-a,1,14,12,4.5
2022-2026 pooled,all,distance,class-a,2,16,5,14.5
2022-2026 pooled,all,distance,class-a,3,17,3,15.0
2022-2026 pooled,all,distance,class-a,4,10,1,19.5
2022-2026 pooled,all,distance,class-a,5,5,0,19.0
2022-2026 pooled,all,distance,class-a,6,3,,
2022-2026 pooled,all,distance,class-a,7,1,,
2022-2026 pooled,all,distance,class-a,8,1,,
2022-2026 pooled,all,distance,class-a,9,0,,
2022-2026 pooled,all,distance,class-a,10,0,,
2022-2026 pooled,all,distance,class-a,11,0,,
2022-2026 pooled,all,distance,class-a,12,0,,
2022-2026 pooled,all,distance,class-a,5-6,8,0,22.5
2022-2026 pooled,all,distance,class-a,7-8,2,,
2022-2026 pooled,all,distance,bay-shore+redwood-empire,1,33,21,4.0
2022-2026 pooled,all,distance,bay-shore+redwood-empire,2,37,19,8.0
2022-2026 pooled,all,distance,bay-shore+redwood-empire,3,36,13,12.0
2022-2026 pooled,all,distance,bay-shore+redwood-empire,4,39,10,13.0
2022-2026 pooled,all,distance,bay-shore+redwood-empire,5,37,2,20.0
2022-2026 pooled,all,distance,bay-shore+redwood-empire,6,37,3,19.0
2022-2026 pooled,all,distance,bay-shore+redwood-empire,7,14,2,13.0
2022-2026 pooled,all,distance,bay-shore+redwood-empire,8,13,0,22.0
2022-2026 pooled,all,distance,bay-shore+redwood-empire,9,4,,
2022-2026 pooled,all,distance,bay-shore+redwood-empire,10,2,,
2022-2026 pooled,all,distance,bay-shore+redwood-empire,11,1,,
2022-2026 pooled,all,distance,bay-shore+redwood-empire,12,0,,
2022-2026 pooled,all,distance,bay-shore+redwood-empire,5-6,74,5,19.0
2022-2026 pooled,all,distance,bay-shore+redwood-empire,7-8,27,2,19.0
2022-2026 pooled,all,jumps,tri-valley,1,39,38,2.0
2022-2026 pooled,all,jumps,tri-valley,2,38,35,4.0
2022-2026 pooled,all,jumps,tri-valley,3,39,24,6.0
2022-2026 pooled,all,jumps,tri-valley,4,39,23,7.5
2022-2026 pooled,all,jumps,tri-valley,5,39,13,11.5
2022-2026 pooled,all,jumps,tri-valley,6,33,10,10.5
2022-2026 pooled,all,jumps,tri-valley,7,34,6,13.5
2022-2026 pooled,all,jumps,tri-valley,8,24,4,13.0
2022-2026 pooled,all,jumps,tri-valley,9,16,2,14.0
2022-2026 pooled,all,jumps,tri-valley,10,6,1,13.5
2022-2026 pooled,all,jumps,tri-valley,11,2,,
2022-2026 pooled,all,jumps,tri-valley,12,1,,
2022-2026 pooled,all,jumps,tri-valley,5-6,72,23,11.0
2022-2026 pooled,all,jumps,tri-valley,7-8,58,10,13.5
2022-2026 pooled,all,jumps,bay-shore,1,38,28,3.0
2022-2026 pooled,all,jumps,bay-shore,2,40,26,6.0
2022-2026 pooled,all,jumps,bay-shore,3,35,15,9.5
2022-2026 pooled,all,jumps,bay-shore,4,38,7,15.0
2022-2026 pooled,all,jumps,bay-shore,5,35,8,16.0
2022-2026 pooled,all,jumps,bay-shore,6,31,3,17.0
2022-2026 pooled,all,jumps,bay-shore,7,21,1,16.0
2022-2026 pooled,all,jumps,bay-shore,8,12,1,18.5
2022-2026 pooled,all,jumps,bay-shore,9,4,,
2022-2026 pooled,all,jumps,bay-shore,10,0,,
2022-2026 pooled,all,jumps,bay-shore,11,0,,
2022-2026 pooled,all,jumps,bay-shore,12,0,,
2022-2026 pooled,all,jumps,bay-shore,5-6,66,11,16.0
2022-2026 pooled,all,jumps,bay-shore,7-8,33,2,17.0
2022-2026 pooled,all,jumps,redwood-empire,1,38,28,5.0
2022-2026 pooled,all,jumps,redwood-empire,2,38,23,7.0
2022-2026 pooled,all,jumps,redwood-empire,3,40,17,9.0
2022-2026 pooled,all,jumps,redwood-empire,4,38,5,12.5
2022-2026 pooled,all,jumps,redwood-empire,5,32,5,13.0
2022-2026 pooled,all,jumps,redwood-empire,6,32,3,15.0
2022-2026 pooled,all,jumps,redwood-empire,7,26,3,14.0
2022-2026 pooled,all,jumps,redwood-empire,8,10,2,14.0
2022-2026 pooled,all,jumps,redwood-empire,9,6,0,22.0
2022-2026 pooled,all,jumps,redwood-empire,10,1,,
2022-2026 pooled,all,jumps,redwood-empire,11,0,,
2022-2026 pooled,all,jumps,redwood-empire,12,0,,
2022-2026 pooled,all,jumps,redwood-empire,5-6,64,8,14.5
2022-2026 pooled,all,jumps,redwood-empire,7-8,36,5,14.0
2022-2026 pooled,all,jumps,class-a,1,40,10,12.0
2022-2026 pooled,all,jumps,class-a,2,32,6,16.0
2022-2026 pooled,all,jumps,class-a,3,29,0,18.0
2022-2026 pooled,all,jumps,class-a,4,6,0,20.5
2022-2026 pooled,all,jumps,class-a,5,2,,
2022-2026 pooled,all,jumps,class-a,6,2,,
2022-2026 pooled,all,jumps,class-a,7,0,,
2022-2026 pooled,all,jumps,class-a,8,0,,
2022-2026 pooled,all,jumps,class-a,9,0,,
2022-2026 pooled,all,jumps,class-a,10,0,,
2022-2026 pooled,all,jumps,class-a,11,0,,
2022-2026 pooled,all,jumps,class-a,12,0,,
2022-2026 pooled,all,jumps,class-a,5-6,4,,
2022-2026 pooled,all,jumps,class-a,7-8,0,,
2022-2026 pooled,all,jumps,bay-shore+redwood-empire,1,76,56,3.0
2022-2026 pooled,all,jumps,bay-shore+redwood-empire,2,78,49,6.0
2022-2026 pooled,all,jumps,bay-shore+redwood-empire,3,75,32,9.0
2022-2026 pooled,all,jumps,bay-shore+redwood-empire,4,76,12,14.0
2022-2026 pooled,all,jumps,bay-shore+redwood-empire,5,67,13,14.5
2022-2026 pooled,all,jumps,bay-shore+redwood-empire,6,63,6,16.0
2022-2026 pooled,all,jumps,bay-shore+redwood-empire,7,47,4,15.5
2022-2026 pooled,all,jumps,bay-shore+redwood-empire,8,22,3,16.5
2022-2026 pooled,all,jumps,bay-shore+redwood-empire,9,10,,
2022-2026 pooled,all,jumps,bay-shore+redwood-empire,10,1,,
2022-2026 pooled,all,jumps,bay-shore+redwood-empire,11,0,,
2022-2026 pooled,all,jumps,bay-shore+redwood-empire,12,0,,
2022-2026 pooled,all,jumps,bay-shore+redwood-empire,5-6,130,19,15.0
2022-2026 pooled,all,jumps,bay-shore+redwood-empire,7-8,69,7,16.0
2022-2026 pooled,all,throws,tri-valley,1,20,19,3.0
2022-2026 pooled,all,throws,tri-valley,2,19,15,6.0
2022-2026 pooled,all,throws,tri-valley,3,19,14,4.0
2022-2026 pooled,all,throws,tri-valley,4,20,10,10.0
2022-2026 pooled,all,throws,tri-valley,5,20,10,9.5
2022-2026 pooled,all,throws,tri-valley,6,19,4,13.0
2022-2026 pooled,all,throws,tri-valley,7,14,5,14.0
2022-2026 pooled,all,throws,tri-valley,8,10,2,14.0
2022-2026 pooled,all,throws,tri-valley,9,7,0,17.0
2022-2026 pooled,all,throws,tri-valley,10,0,,
2022-2026 pooled,all,throws,tri-valley,11,0,,
2022-2026 pooled,all,throws,tri-valley,12,0,,
2022-2026 pooled,all,throws,tri-valley,5-6,39,14,12.0
2022-2026 pooled,all,throws,tri-valley,7-8,24,7,14.0
2022-2026 pooled,all,throws,bay-shore,1,18,12,6.5
2022-2026 pooled,all,throws,bay-shore,2,18,11,8.0
2022-2026 pooled,all,throws,bay-shore,3,20,4,15.0
2022-2026 pooled,all,throws,bay-shore,4,17,2,16.0
2022-2026 pooled,all,throws,bay-shore,5,18,1,19.0
2022-2026 pooled,all,throws,bay-shore,6,17,0,18.0
2022-2026 pooled,all,throws,bay-shore,7,4,,
2022-2026 pooled,all,throws,bay-shore,8,1,,
2022-2026 pooled,all,throws,bay-shore,9,0,,
2022-2026 pooled,all,throws,bay-shore,10,0,,
2022-2026 pooled,all,throws,bay-shore,11,0,,
2022-2026 pooled,all,throws,bay-shore,12,0,,
2022-2026 pooled,all,throws,bay-shore,5-6,35,1,19.0
2022-2026 pooled,all,throws,bay-shore,7-8,5,0,14.0
2022-2026 pooled,all,throws,redwood-empire,1,18,15,2.5
2022-2026 pooled,all,throws,redwood-empire,2,19,19,4.0
2022-2026 pooled,all,throws,redwood-empire,3,20,6,11.0
2022-2026 pooled,all,throws,redwood-empire,4,20,8,11.5
2022-2026 pooled,all,throws,redwood-empire,5,19,2,13.0
2022-2026 pooled,all,throws,redwood-empire,6,19,6,16.0
2022-2026 pooled,all,throws,redwood-empire,7,11,1,15.0
2022-2026 pooled,all,throws,redwood-empire,8,9,2,17.0
2022-2026 pooled,all,throws,redwood-empire,9,4,,
2022-2026 pooled,all,throws,redwood-empire,10,1,,
2022-2026 pooled,all,throws,redwood-empire,11,0,,
2022-2026 pooled,all,throws,redwood-empire,12,0,,
2022-2026 pooled,all,throws,redwood-empire,5-6,38,8,14.0
2022-2026 pooled,all,throws,redwood-empire,7-8,20,3,16.0
2022-2026 pooled,all,throws,class-a,1,20,9,11.0
2022-2026 pooled,all,throws,class-a,2,19,0,19.0
2022-2026 pooled,all,throws,class-a,3,17,0,18.5
2022-2026 pooled,all,throws,class-a,4,1,,
2022-2026 pooled,all,throws,class-a,5,0,,
2022-2026 pooled,all,throws,class-a,6,0,,
2022-2026 pooled,all,throws,class-a,7,0,,
2022-2026 pooled,all,throws,class-a,8,0,,
2022-2026 pooled,all,throws,class-a,9,0,,
2022-2026 pooled,all,throws,class-a,10,0,,
2022-2026 pooled,all,throws,class-a,11,0,,
2022-2026 pooled,all,throws,class-a,12,0,,
2022-2026 pooled,all,throws,class-a,5-6,0,,
2022-2026 pooled,all,throws,class-a,7-8,0,,
2022-2026 pooled,all,throws,bay-shore+redwood-empire,1,36,27,3.5
2022-2026 pooled,all,throws,bay-shore+redwood-empire,2,37,30,5.0
2022-2026 pooled,all,throws,bay-shore+redwood-empire,3,40,10,12.0
2022-2026 pooled,all,throws,bay-shore+redwood-empire,4,37,10,13.0
2022-2026 pooled,all,throws,bay-shore+redwood-empire,5,37,3,15.0
2022-2026 pooled,all,throws,bay-shore+redwood-empire,6,36,6,18.0
2022-2026 pooled,all,throws,bay-shore+redwood-empire,7,15,,
2022-2026 pooled,all,throws,bay-shore+redwood-empire,8,10,,
2022-2026 pooled,all,throws,bay-shore+redwood-empire,9,4,,
2022-2026 pooled,all,throws,bay-shore+redwood-empire,10,1,,
2022-2026 pooled,all,throws,bay-shore+redwood-empire,11,0,,
2022-2026 pooled,all,throws,bay-shore+redwood-empire,12,0,,
2022-2026 pooled,all,throws,bay-shore+redwood-empire,5-6,73,9,16.0
2022-2026 pooled,all,throws,bay-shore+redwood-empire,7-8,25,3,15.0
2022-2026 pooled,all,relays,tri-valley,1,20,18,1.0
2022-2026 pooled,all,relays,tri-valley,2,20,16,4.0
2022-2026 pooled,all,relays,tri-valley,3,19,18,4.0
2022-2026 pooled,all,relays,tri-valley,4,20,14,4.5
2022-2026 pooled,all,relays,tri-valley,5,19,8,8.0
2022-2026 pooled,all,relays,tri-valley,6,19,6,9.5
2022-2026 pooled,all,relays,tri-valley,7,19,7,10.5
2022-2026 pooled,all,relays,tri-valley,8,19,2,12.0
2022-2026 pooled,all,relays,tri-valley,9,16,0,15.5
2022-2026 pooled,all,relays,tri-valley,10,2,,
2022-2026 pooled,all,relays,tri-valley,11,0,,
2022-2026 pooled,all,relays,tri-valley,12,0,,
2022-2026 pooled,all,relays,tri-valley,5-6,38,14,9.0
2022-2026 pooled,all,relays,tri-valley,7-8,38,9,12.0
2022-2026 pooled,all,relays,bay-shore,1,20,15,4.0
2022-2026 pooled,all,relays,bay-shore,2,19,8,8.5
2022-2026 pooled,all,relays,bay-shore,3,20,3,15.0
2022-2026 pooled,all,relays,bay-shore,4,20,2,14.5
2022-2026 pooled,all,relays,bay-shore,5,17,1,18.0
2022-2026 pooled,all,relays,bay-shore,6,19,0,20.0
2022-2026 pooled,all,relays,bay-shore,7,6,0,19.5
2022-2026 pooled,all,relays,bay-shore,8,1,,
2022-2026 pooled,all,relays,bay-shore,9,1,,
2022-2026 pooled,all,relays,bay-shore,10,0,,
2022-2026 pooled,all,relays,bay-shore,11,0,,
2022-2026 pooled,all,relays,bay-shore,12,0,,
2022-2026 pooled,all,relays,bay-shore,5-6,36,1,19.5
2022-2026 pooled,all,relays,bay-shore,7-8,7,0,19.0
2022-2026 pooled,all,relays,redwood-empire,1,20,15,5.0
2022-2026 pooled,all,relays,redwood-empire,2,19,5,10.0
2022-2026 pooled,all,relays,redwood-empire,3,17,3,13.0
2022-2026 pooled,all,relays,redwood-empire,4,18,1,17.0
2022-2026 pooled,all,relays,redwood-empire,5,18,0,19.5
2022-2026 pooled,all,relays,redwood-empire,6,18,1,16.5
2022-2026 pooled,all,relays,redwood-empire,7,6,0,16.5
2022-2026 pooled,all,relays,redwood-empire,8,2,,
2022-2026 pooled,all,relays,redwood-empire,9,0,,
2022-2026 pooled,all,relays,redwood-empire,10,0,,
2022-2026 pooled,all,relays,redwood-empire,11,0,,
2022-2026 pooled,all,relays,redwood-empire,12,0,,
2022-2026 pooled,all,relays,redwood-empire,5-6,36,1,18.0
2022-2026 pooled,all,relays,redwood-empire,7-8,8,0,18.5
2022-2026 pooled,all,relays,class-a,1,18,5,15.0
2022-2026 pooled,all,relays,class-a,2,18,1,20.0
2022-2026 pooled,all,relays,class-a,3,17,1,19.0
2022-2026 pooled,all,relays,class-a,4,6,0,22.0
2022-2026 pooled,all,relays,class-a,5,0,,
2022-2026 pooled,all,relays,class-a,6,0,,
2022-2026 pooled,all,relays,class-a,7,0,,
2022-2026 pooled,all,relays,class-a,8,0,,
2022-2026 pooled,all,relays,class-a,9,0,,
2022-2026 pooled,all,relays,class-a,10,0,,
2022-2026 pooled,all,relays,class-a,11,0,,
2022-2026 pooled,all,relays,class-a,12,0,,
2022-2026 pooled,all,relays,class-a,5-6,0,,
2022-2026 pooled,all,relays,class-a,7-8,0,,
2022-2026 pooled,all,relays,bay-shore+redwood-empire,1,40,30,4.0
2022-2026 pooled,all,relays,bay-shore+redwood-empire,2,38,13,9.0
2022-2026 pooled,all,relays,bay-shore+redwood-empire,3,37,6,13.0
2022-2026 pooled,all,relays,bay-shore+redwood-empire,4,38,3,16.0
2022-2026 pooled,all,relays,bay-shore+redwood-empire,5,35,1,19.0
2022-2026 pooled,all,relays,bay-shore+redwood-empire,6,37,1,19.0
2022-2026 pooled,all,relays,bay-shore+redwood-empire,7,12,0,18.0
2022-2026 pooled,all,relays,bay-shore+redwood-empire,8,3,,
2022-2026 pooled,all,relays,bay-shore+redwood-empire,9,1,,
2022-2026 pooled,all,relays,bay-shore+redwood-empire,10,0,,
2022-2026 pooled,all,relays,bay-shore+redwood-empire,11,0,,
2022-2026 pooled,all,relays,bay-shore+redwood-empire,12,0,,
2022-2026 pooled,all,relays,bay-shore+redwood-empire,5-6,72,2,19.0
2022-2026 pooled,all,relays,bay-shore+redwood-empire,7-8,15,0,19.0
2022-2026 pooled,all,all,tri-valley,1,156,149,2.0
2022-2026 pooled,all,all,tri-valley,2,150,122,4.0
2022-2026 pooled,all,all,tri-valley,3,148,108,5.0
2022-2026 pooled,all,all,tri-valley,4,155,91,7.0
2022-2026 pooled,all,all,tri-valley,5,152,64,9.0
2022-2026 pooled,all,all,tri-valley,6,141,42,11.0
2022-2026 pooled,all,all,tri-valley,7,140,33,13.0
2022-2026 pooled,all,all,tri-valley,8,113,18,14.0
2022-2026 pooled,all,all,tri-valley,9,95,7,15.0
2022-2026 pooled,all,all,tri-valley,10,41,3,16.0
2022-2026 pooled,all,all,tri-valley,11,24,1,17.0
2022-2026 pooled,all,all,tri-valley,12,15,0,19.5
2022-2026 pooled,all,all,tri-valley,5-6,293,106,10.0
2022-2026 pooled,all,all,tri-valley,7-8,253,51,13.0
2022-2026 pooled,all,all,bay-shore,1,151,112,4.0
2022-2026 pooled,all,all,bay-shore,2,149,79,7.0
2022-2026 pooled,all,all,bay-shore,3,147,41,12.0
2022-2026 pooled,all,all,bay-shore,4,146,28,15.0
2022-2026 pooled,all,all,bay-shore,5,142,16,18.0
2022-2026 pooled,all,all,bay-shore,6,142,9,19.0
2022-2026 pooled,all,all,bay-shore,7,57,2,17.0
2022-2026 pooled,all,all,bay-shore,8,33,2,19.0
2022-2026 pooled,all,all,bay-shore,9,8,0,20.5
2022-2026 pooled,all,all,bay-shore,10,2,,
2022-2026 pooled,all,all,bay-shore,11,0,,
2022-2026 pooled,all,all,bay-shore,12,0,,
2022-2026 pooled,all,all,bay-shore,5-6,284,25,18.0
2022-2026 pooled,all,all,bay-shore,7-8,90,4,18.0
2022-2026 pooled,all,all,redwood-empire,1,148,102,5.0
2022-2026 pooled,all,all,redwood-empire,2,146,77,8.0
2022-2026 pooled,all,all,redwood-empire,3,149,41,12.0
2022-2026 pooled,all,all,redwood-empire,4,150,21,14.0
2022-2026 pooled,all,all,redwood-empire,5,137,10,16.0
2022-2026 pooled,all,all,redwood-empire,6,140,12,18.5
2022-2026 pooled,all,all,redwood-empire,7,73,5,16.0
2022-2026 pooled,all,all,redwood-empire,8,37,4,17.0
2022-2026 pooled,all,all,redwood-empire,9,16,1,21.0
2022-2026 pooled,all,all,redwood-empire,10,6,1,17.5
2022-2026 pooled,all,all,redwood-empire,11,2,,
2022-2026 pooled,all,all,redwood-empire,12,0,,
2022-2026 pooled,all,all,redwood-empire,5-6,277,22,17.0
2022-2026 pooled,all,all,redwood-empire,7-8,110,9,17.0
2022-2026 pooled,all,all,class-a,1,142,53,11.0
2022-2026 pooled,all,all,class-a,2,140,27,16.0
2022-2026 pooled,all,all,class-a,3,132,7,19.5
2022-2026 pooled,all,all,class-a,4,43,2,20.0
2022-2026 pooled,all,all,class-a,5,14,0,21.0
2022-2026 pooled,all,all,class-a,6,8,0,23.0
2022-2026 pooled,all,all,class-a,7,2,,
2022-2026 pooled,all,all,class-a,8,2,,
2022-2026 pooled,all,all,class-a,9,0,,
2022-2026 pooled,all,all,class-a,10,0,,
2022-2026 pooled,all,all,class-a,11,0,,
2022-2026 pooled,all,all,class-a,12,0,,
2022-2026 pooled,all,all,class-a,5-6,22,0,22.0
2022-2026 pooled,all,all,class-a,7-8,4,,
2022-2026 pooled,all,all,bay-shore+redwood-empire,1,299,214,4.0
2022-2026 pooled,all,all,bay-shore+redwood-empire,2,295,156,8.0
2022-2026 pooled,all,all,bay-shore+redwood-empire,3,296,82,12.0
2022-2026 pooled,all,all,bay-shore+redwood-empire,4,296,49,15.0
2022-2026 pooled,all,all,bay-shore+redwood-empire,5,279,26,17.0
2022-2026 pooled,all,all,bay-shore+redwood-empire,6,282,21,19.0
2022-2026 pooled,all,all,bay-shore+redwood-empire,7,130,7,17.0
2022-2026 pooled,all,all,bay-shore+redwood-empire,8,70,6,18.0
2022-2026 pooled,all,all,bay-shore+redwood-empire,9,24,1,21.0
2022-2026 pooled,all,all,bay-shore+redwood-empire,10,8,,
2022-2026 pooled,all,all,bay-shore+redwood-empire,11,2,,
2022-2026 pooled,all,all,bay-shore+redwood-empire,12,0,,
2022-2026 pooled,all,all,bay-shore+redwood-empire,5-6,561,47,18.0
2022-2026 pooled,all,all,bay-shore+redwood-empire,7-8,200,13,17.0
