season,gender,event_code,field,area,qualifier_type,rollup,count,field_size,share_of_field
2022,boys,100,declared,bay-shore,automatic,False,6,24,0.25
2022,boys,100,declared,class-a,automatic,False,3,24,0.125
2022,boys,100,declared,redwood-empire,automatic,False,6,24,0.25
2022,boys,100,declared,tri-valley,at_large_combined,True,3,24,0.125
2022,boys,100,declared,tri-valley,automatic,False,6,24,0.25
2022,boys,100,declared,tri-valley,next_best_mark,False,3,24,0.125
2022,boys,100,qualified,bay-shore,automatic,False,6,25,0.24
2022,boys,100,qualified,class-a,automatic,False,3,25,0.12
2022,boys,100,qualified,redwood-empire,automatic,False,6,25,0.24
2022,boys,100,qualified,tri-valley,at_large_combined,True,4,25,0.16
2022,boys,100,qualified,tri-valley,automatic,False,6,25,0.24
2022,boys,100,qualified,tri-valley,next_best_mark,False,4,25,0.16
2022,boys,110H,declared,bay-shore,automatic,False,6,23,0.2609
2022,boys,110H,declared,class-a,automatic,False,3,23,0.1304
2022,boys,110H,declared,redwood-empire,at_large_combined,True,1,23,0.0435
2022,boys,110H,declared,redwood-empire,automatic,False,6,23,0.2609
2022,boys,110H,declared,redwood-empire,next_best_mark,False,1,23,0.0435
2022,boys,110H,declared,tri-valley,at_large_combined,True,1,23,0.0435
2022,boys,110H,declared,tri-valley,automatic,False,6,23,0.2609
2022,boys,110H,declared,tri-valley,next_best_mark,False,1,23,0.0435
2022,boys,110H,qualified,bay-shore,automatic,False,6,24,0.25
2022,boys,110H,qualified,class-a,automatic,False,3,24,0.125
2022,boys,110H,qualified,redwood-empire,at_large_combined,True,1,24,0.0417
2022,boys,110H,qualified,redwood-empire,automatic,False,6,24,0.25
2022,boys,110H,qualified,redwood-empire,next_best_mark,False,1,24,0.0417
2022,boys,110H,qualified,tri-valley,at_large_combined,True,2,24,0.0833
2022,boys,110H,qualified,tri-valley,automatic,False,6,24,0.25
2022,boys,110H,qualified,tri-valley,next_best_mark,False,2,24,0.0833
2022,boys,1600,declared,bay-shore,automatic,False,6,24,0.25
2022,boys,1600,declared,class-a,automatic,False,3,24,0.125
2022,boys,1600,declared,redwood-empire,automatic,False,6,24,0.25
2022,boys,1600,declared,tri-valley,at_large_combined,True,3,24,0.125
2022,boys,1600,declared,tri-valley,automatic,False,6,24,0.25
2022,boys,1600,declared,tri-valley,next_best_mark,False,3,24,0.125
2022,boys,1600,qualified,bay-shore,automatic,False,6,24,0.25
2022,boys,1600,qualified,class-a,automatic,False,3,24,0.125
2022,boys,1600,qualified,redwood-empire,automatic,False,6,24,0.25
2022,boys,1600,qualified,tri-valley,at_large_combined,True,3,24,0.125
2022,boys,1600,qualified,tri-valley,automatic,False,6,24,0.25
2022,boys,1600,qualified,tri-valley,next_best_mark,False,3,24,0.125
2022,boys,200,declared,bay-shore,at_large_combined,True,2,28,0.0714
2022,boys,200,declared,bay-shore,at_large_standard,False,2,28,0.0714
2022,boys,200,declared,bay-shore,automatic,False,6,28,0.2143
2022,boys,200,declared,class-a,automatic,False,3,28,0.1071
2022,boys,200,declared,redwood-empire,automatic,False,6,28,0.2143
2022,boys,200,declared,tri-valley,at_large_combined,True,5,28,0.1786
2022,boys,200,declared,tri-valley,at_large_standard,False,2,28,0.0714
2022,boys,200,declared,tri-valley,automatic,False,6,28,0.2143
2022,boys,200,declared,tri-valley,next_best_mark,False,3,28,0.1071
2022,boys,200,qualified,bay-shore,at_large_combined,True,2,28,0.0714
2022,boys,200,qualified,bay-shore,at_large_standard,False,2,28,0.0714
2022,boys,200,qualified,bay-shore,automatic,False,6,28,0.2143
2022,boys,200,qualified,class-a,automatic,False,3,28,0.1071
2022,boys,200,qualified,redwood-empire,automatic,False,6,28,0.2143
2022,boys,200,qualified,tri-valley,at_large_combined,True,5,28,0.1786
2022,boys,200,qualified,tri-valley,at_large_standard,False,2,28,0.0714
2022,boys,200,qualified,tri-valley,automatic,False,6,28,0.2143
2022,boys,200,qualified,tri-valley,next_best_mark,False,3,28,0.1071
2022,boys,300H,declared,bay-shore,automatic,False,6,23,0.2609
2022,boys,300H,declared,class-a,automatic,False,3,23,0.1304
2022,boys,300H,declared,redwood-empire,automatic,False,6,23,0.2609
2022,boys,300H,declared,tri-valley,at_large_combined,True,2,23,0.087
2022,boys,300H,declared,tri-valley,automatic,False,6,23,0.2609
2022,boys,300H,declared,tri-valley,next_best_mark,False,2,23,0.087
2022,boys,300H,qualified,bay-shore,automatic,False,6,24,0.25
2022,boys,300H,qualified,class-a,automatic,False,3,24,0.125
2022,boys,300H,qualified,redwood-empire,automatic,False,6,24,0.25
2022,boys,300H,qualified,tri-valley,at_large_combined,True,3,24,0.125
2022,boys,300H,qualified,tri-valley,automatic,False,6,24,0.25
2022,boys,300H,qualified,tri-valley,next_best_mark,False,3,24,0.125
2022,boys,3200,declared,bay-shore,automatic,False,6,24,0.25
2022,boys,3200,declared,class-a,automatic,False,3,24,0.125
2022,boys,3200,declared,redwood-empire,automatic,False,6,24,0.25
2022,boys,3200,declared,tri-valley,at_large_combined,True,3,24,0.125
2022,boys,3200,declared,tri-valley,automatic,False,6,24,0.25
2022,boys,3200,declared,tri-valley,next_best_mark,False,3,24,0.125
2022,boys,3200,qualified,bay-shore,automatic,False,6,24,0.25
2022,boys,3200,qualified,class-a,automatic,False,3,24,0.125
2022,boys,3200,qualified,redwood-empire,automatic,False,6,24,0.25
2022,boys,3200,qualified,tri-valley,at_large_combined,True,3,24,0.125
2022,boys,3200,qualified,tri-valley,automatic,False,6,24,0.25
2022,boys,3200,qualified,tri-valley,next_best_mark,False,3,24,0.125
2022,boys,400,declared,bay-shore,automatic,False,6,24,0.25
2022,boys,400,declared,class-a,automatic,False,3,24,0.125
2022,boys,400,declared,redwood-empire,automatic,False,6,24,0.25
2022,boys,400,declared,tri-valley,at_large_combined,True,3,24,0.125
2022,boys,400,declared,tri-valley,automatic,False,6,24,0.25
2022,boys,400,declared,tri-valley,next_best_mark,False,3,24,0.125
2022,boys,400,qualified,bay-shore,automatic,False,6,24,0.25
2022,boys,400,qualified,class-a,automatic,False,3,24,0.125
2022,boys,400,qualified,redwood-empire,automatic,False,6,24,0.25
2022,boys,400,qualified,tri-valley,at_large_combined,True,3,24,0.125
2022,boys,400,qualified,tri-valley,automatic,False,6,24,0.25
2022,boys,400,qualified,tri-valley,next_best_mark,False,3,24,0.125
2022,boys,4x100,declared,bay-shore,automatic,False,6,24,0.25
2022,boys,4x100,declared,class-a,automatic,False,3,24,0.125
2022,boys,4x100,declared,redwood-empire,automatic,False,6,24,0.25
2022,boys,4x100,declared,tri-valley,at_large_combined,True,3,24,0.125
2022,boys,4x100,declared,tri-valley,automatic,False,6,24,0.25
2022,boys,4x100,declared,tri-valley,next_best_mark,False,3,24,0.125
2022,boys,4x100,qualified,bay-shore,automatic,False,6,24,0.25
2022,boys,4x100,qualified,class-a,automatic,False,3,24,0.125
2022,boys,4x100,qualified,redwood-empire,automatic,False,6,24,0.25
2022,boys,4x100,qualified,tri-valley,at_large_combined,True,3,24,0.125
2022,boys,4x100,qualified,tri-valley,automatic,False,6,24,0.25
2022,boys,4x100,qualified,tri-valley,next_best_mark,False,3,24,0.125
2022,boys,4x400,declared,bay-shore,at_large_combined,True,3,25,0.12
2022,boys,4x400,declared,bay-shore,automatic,False,6,25,0.24
2022,boys,4x400,declared,bay-shore,next_best_mark,False,3,25,0.12
2022,boys,4x400,declared,class-a,automatic,False,3,25,0.12
2022,boys,4x400,declared,redwood-empire,automatic,False,6,25,0.24
2022,boys,4x400,declared,tri-valley,automatic,False,6,25,0.24
2022,boys,4x400,declared,unknown,unexplained,False,1,25,0.04
2022,boys,4x400,qualified,bay-shore,at_large_combined,True,2,24,0.0833
2022,boys,4x400,qualified,bay-shore,automatic,False,6,24,0.25
2022,boys,4x400,qualified,bay-shore,next_best_mark,False,2,24,0.0833
2022,boys,4x400,qualified,class-a,automatic,False,3,24,0.125
2022,boys,4x400,qualified,redwood-empire,automatic,False,6,24,0.25
2022,boys,4x400,qualified,tri-valley,at_large_combined,True,1,24,0.0417
2022,boys,4x400,qualified,tri-valley,automatic,False,6,24,0.25
2022,boys,4x400,qualified,tri-valley,next_best_mark,False,1,24,0.0417
2022,boys,800,declared,bay-shore,automatic,False,6,24,0.25
2022,boys,800,declared,class-a,automatic,False,3,24,0.125
2022,boys,800,declared,redwood-empire,at_large_combined,True,1,24,0.0417
2022,boys,800,declared,redwood-empire,automatic,False,6,24,0.25
2022,boys,800,declared,redwood-empire,next_best_mark,False,1,24,0.0417
2022,boys,800,declared,tri-valley,at_large_combined,True,2,24,0.0833
2022,boys,800,declared,tri-valley,automatic,False,6,24,0.25
2022,boys,800,declared,tri-valley,next_best_mark,False,2,24,0.0833
2022,boys,800,qualified,bay-shore,automatic,False,6,24,0.25
2022,boys,800,qualified,class-a,automatic,False,3,24,0.125
2022,boys,800,qualified,redwood-empire,at_large_combined,True,1,24,0.0417
2022,boys,800,qualified,redwood-empire,automatic,False,6,24,0.25
2022,boys,800,qualified,redwood-empire,next_best_mark,False,1,24,0.0417
2022,boys,800,qualified,tri-valley,at_large_combined,True,2,24,0.0833
2022,boys,800,qualified,tri-valley,automatic,False,6,24,0.25
2022,boys,800,qualified,tri-valley,next_best_mark,False,2,24,0.0833
2022,boys,DT,declared,bay-shore,automatic,False,6,24,0.25
2022,boys,DT,declared,class-a,automatic,False,3,24,0.125
2022,boys,DT,declared,redwood-empire,at_large_combined,True,2,24,0.0833
2022,boys,DT,declared,redwood-empire,automatic,False,6,24,0.25
2022,boys,DT,declared,redwood-empire,next_best_mark,False,2,24,0.0833
2022,boys,DT,declared,tri-valley,at_large_combined,True,1,24,0.0417
2022,boys,DT,declared,tri-valley,automatic,False,6,24,0.25
2022,boys,DT,declared,tri-valley,next_best_mark,False,1,24,0.0417
2022,boys,DT,qualified,bay-shore,automatic,False,6,24,0.25
2022,boys,DT,qualified,class-a,automatic,False,3,24,0.125
2022,boys,DT,qualified,redwood-empire,at_large_combined,True,2,24,0.0833
2022,boys,DT,qualified,redwood-empire,automatic,False,6,24,0.25
2022,boys,DT,qualified,redwood-empire,next_best_mark,False,2,24,0.0833
2022,boys,DT,qualified,tri-valley,at_large_combined,True,1,24,0.0417
2022,boys,DT,qualified,tri-valley,automatic,False,6,24,0.25
2022,boys,DT,qualified,tri-valley,next_best_mark,False,1,24,0.0417
2022,boys,HJ,declared,bay-shore,automatic,False,6,26,0.2308
2022,boys,HJ,declared,class-a,automatic,False,3,26,0.1154
2022,boys,HJ,declared,redwood-empire,at_large_combined,True,1,26,0.0385
2022,boys,HJ,declared,redwood-empire,automatic,False,6,26,0.2308
2022,boys,HJ,declared,redwood-empire,next_best_mark,False,1,26,0.0385
2022,boys,HJ,declared,tri-valley,at_large_combined,True,4,26,0.1538
2022,boys,HJ,declared,tri-valley,automatic,False,6,26,0.2308
2022,boys,HJ,declared,tri-valley,next_best_mark,False,4,26,0.1538
2022,boys,HJ,qualified,bay-shore,automatic,False,6,26,0.2308
2022,boys,HJ,qualified,class-a,automatic,False,3,26,0.1154
2022,boys,HJ,qualified,redwood-empire,at_large_combined,True,1,26,0.0385
2022,boys,HJ,qualified,redwood-empire,automatic,False,6,26,0.2308
2022,boys,HJ,qualified,redwood-empire,next_best_mark,False,1,26,0.0385
2022,boys,HJ,qualified,tri-valley,at_large_combined,True,4,26,0.1538
2022,boys,HJ,qualified,tri-valley,automatic,False,6,26,0.2308
2022,boys,HJ,qualified,tri-valley,next_best_mark,False,4,26,0.1538
2022,boys,LJ,declared,bay-shore,at_large_combined,True,1,24,0.0417
2022,boys,LJ,declared,bay-shore,automatic,False,6,24,0.25
2022,boys,LJ,declared,bay-shore,next_best_mark,False,1,24,0.0417
2022,boys,LJ,declared,class-a,at_large_combined,True,1,24,0.0417
2022,boys,LJ,declared,class-a,automatic,False,3,24,0.125
2022,boys,LJ,declared,class-a,next_best_mark,False,1,24,0.0417
2022,boys,LJ,declared,redwood-empire,automatic,False,6,24,0.25
2022,boys,LJ,declared,tri-valley,at_large_combined,True,1,24,0.0417
2022,boys,LJ,declared,tri-valley,automatic,False,6,24,0.25
2022,boys,LJ,declared,tri-valley,next_best_mark,False,1,24,0.0417
2022,boys,LJ,qualified,bay-shore,at_large_combined,True,1,24,0.0417
2022,boys,LJ,qualified,bay-shore,automatic,False,6,24,0.25
2022,boys,LJ,qualified,bay-shore,next_best_mark,False,1,24,0.0417
2022,boys,LJ,qualified,class-a,at_large_combined,True,1,24,0.0417
2022,boys,LJ,qualified,class-a,automatic,False,3,24,0.125
2022,boys,LJ,qualified,class-a,next_best_mark,False,1,24,0.0417
2022,boys,LJ,qualified,redwood-empire,automatic,False,6,24,0.25
2022,boys,LJ,qualified,tri-valley,at_large_combined,True,1,24,0.0417
2022,boys,LJ,qualified,tri-valley,automatic,False,6,24,0.25
2022,boys,LJ,qualified,tri-valley,next_best_mark,False,1,24,0.0417
2022,boys,PV,declared,bay-shore,automatic,False,6,24,0.25
2022,boys,PV,declared,class-a,automatic,False,2,24,0.0833
2022,boys,PV,declared,redwood-empire,automatic,False,6,24,0.25
2022,boys,PV,declared,tri-valley,at_large_combined,True,4,24,0.1667
2022,boys,PV,declared,tri-valley,automatic,False,6,24,0.25
2022,boys,PV,declared,tri-valley,next_best_mark,False,4,24,0.1667
2022,boys,PV,qualified,bay-shore,automatic,False,6,24,0.25
2022,boys,PV,qualified,class-a,automatic,False,2,24,0.0833
2022,boys,PV,qualified,redwood-empire,automatic,False,6,24,0.25
2022,boys,PV,qualified,tri-valley,at_large_combined,True,4,24,0.1667
2022,boys,PV,qualified,tri-valley,automatic,False,6,24,0.25
2022,boys,PV,qualified,tri-valley,next_best_mark,False,4,24,0.1667
2022,boys,SP,declared,bay-shore,automatic,False,6,24,0.25
2022,boys,SP,declared,class-a,automatic,False,3,24,0.125
2022,boys,SP,declared,redwood-empire,at_large_combined,True,3,24,0.125
2022,boys,SP,declared,redwood-empire,automatic,False,6,24,0.25
2022,boys,SP,declared,redwood-empire,next_best_mark,False,3,24,0.125
2022,boys,SP,declared,tri-valley,automatic,False,6,24,0.25
2022,boys,SP,qualified,bay-shore,automatic,False,6,24,0.25
2022,boys,SP,qualified,class-a,automatic,False,3,24,0.125
2022,boys,SP,qualified,redwood-empire,at_large_combined,True,3,24,0.125
2022,boys,SP,qualified,redwood-empire,automatic,False,6,24,0.25
2022,boys,SP,qualified,redwood-empire,next_best_mark,False,3,24,0.125
2022,boys,SP,qualified,tri-valley,automatic,False,6,24,0.25
2022,boys,TJ,declared,bay-shore,automatic,False,6,24,0.25
2022,boys,TJ,declared,class-a,automatic,False,3,24,0.125
2022,boys,TJ,declared,redwood-empire,at_large_combined,True,1,24,0.0417
2022,boys,TJ,declared,redwood-empire,automatic,False,6,24,0.25
2022,boys,TJ,declared,redwood-empire,next_best_mark,False,1,24,0.0417
2022,boys,TJ,declared,tri-valley,at_large_combined,True,2,24,0.0833
2022,boys,TJ,declared,tri-valley,automatic,False,6,24,0.25
2022,boys,TJ,declared,tri-valley,next_best_mark,False,2,24,0.0833
2022,boys,TJ,qualified,bay-shore,automatic,False,6,24,0.25
2022,boys,TJ,qualified,class-a,automatic,False,3,24,0.125
2022,boys,TJ,qualified,redwood-empire,at_large_combined,True,1,24,0.0417
2022,boys,TJ,qualified,redwood-empire,automatic,False,6,24,0.25
2022,boys,TJ,qualified,redwood-empire,next_best_mark,False,1,24,0.0417
2022,boys,TJ,qualified,tri-valley,at_large_combined,True,2,24,0.0833
2022,boys,TJ,qualified,tri-valley,automatic,False,6,24,0.25
2022,boys,TJ,qualified,tri-valley,next_best_mark,False,2,24,0.0833
2022,girls,100,declared,bay-shore,automatic,False,6,24,0.25
2022,girls,100,declared,class-a,automatic,False,3,24,0.125
2022,girls,100,declared,redwood-empire,automatic,False,6,24,0.25
2022,girls,100,declared,tri-valley,at_large_combined,True,3,24,0.125
2022,girls,100,declared,tri-valley,automatic,False,6,24,0.25
2022,girls,100,declared,tri-valley,next_best_mark,False,3,24,0.125
2022,girls,100,qualified,bay-shore,automatic,False,6,24,0.25
2022,girls,100,qualified,class-a,automatic,False,3,24,0.125
2022,girls,100,qualified,redwood-empire,automatic,False,6,24,0.25
2022,girls,100,qualified,tri-valley,at_large_combined,True,3,24,0.125
2022,girls,100,qualified,tri-valley,automatic,False,6,24,0.25
2022,girls,100,qualified,tri-valley,next_best_mark,False,3,24,0.125
2022,girls,100H,declared,bay-shore,automatic,False,6,24,0.25
2022,girls,100H,declared,class-a,automatic,False,3,24,0.125
2022,girls,100H,declared,redwood-empire,automatic,False,6,24,0.25
2022,girls,100H,declared,tri-valley,at_large_combined,True,3,24,0.125
2022,girls,100H,declared,tri-valley,automatic,False,6,24,0.25
2022,girls,100H,declared,tri-valley,next_best_mark,False,3,24,0.125
2022,girls,100H,qualified,bay-shore,automatic,False,6,25,0.24
2022,girls,100H,qualified,class-a,automatic,False,3,25,0.12
2022,girls,100H,qualified,redwood-empire,automatic,False,6,25,0.24
2022,girls,100H,qualified,tri-valley,at_large_combined,True,4,25,0.16
2022,girls,100H,qualified,tri-valley,automatic,False,6,25,0.24
2022,girls,100H,qualified,tri-valley,next_best_mark,False,4,25,0.16
2022,girls,1600,declared,bay-shore,automatic,False,6,24,0.25
2022,girls,1600,declared,class-a,at_large_combined,True,1,24,0.0417
2022,girls,1600,declared,class-a,automatic,False,3,24,0.125
2022,girls,1600,declared,class-a,next_best_mark,False,1,24,0.0417
2022,girls,1600,declared,redwood-empire,automatic,False,6,24,0.25
2022,girls,1600,declared,tri-valley,at_large_combined,True,2,24,0.0833
2022,girls,1600,declared,tri-valley,automatic,False,6,24,0.25
2022,girls,1600,declared,tri-valley,next_best_mark,False,2,24,0.0833
2022,girls,1600,qualified,bay-shore,automatic,False,6,24,0.25
2022,girls,1600,qualified,class-a,at_large_combined,True,2,24,0.0833
2022,girls,1600,qualified,class-a,automatic,False,3,24,0.125
2022,girls,1600,qualified,class-a,next_best_mark,False,2,24,0.0833
2022,girls,1600,qualified,redwood-empire,at_large_combined,True,1,24,0.0417
2022,girls,1600,qualified,redwood-empire,automatic,False,6,24,0.25
2022,girls,1600,qualified,redwood-empire,next_best_mark,False,1,24,0.0417
2022,girls,1600,qualified,tri-valley,automatic,False,6,24,0.25
2022,girls,200,declared,bay-shore,at_large_combined,True,1,24,0.0417
2022,girls,200,declared,bay-shore,automatic,False,6,24,0.25
2022,girls,200,declared,bay-shore,next_best_mark,False,1,24,0.0417
2022,girls,200,declared,class-a,automatic,False,3,24,0.125
2022,girls,200,declared,redwood-empire,automatic,False,6,24,0.25
2022,girls,200,declared,tri-valley,at_large_combined,True,2,24,0.0833
2022,girls,200,declared,tri-valley,automatic,False,6,24,0.25
2022,girls,200,declared,tri-valley,next_best_mark,False,2,24,0.0833
2022,girls,200,qualified,bay-shore,automatic,False,6,24,0.25
2022,girls,200,qualified,class-a,automatic,False,3,24,0.125
2022,girls,200,qualified,redwood-empire,automatic,False,6,24,0.25
2022,girls,200,qualified,tri-valley,at_large_combined,True,3,24,0.125
2022,girls,200,qualified,tri-valley,automatic,False,6,24,0.25
2022,girls,200,qualified,tri-valley,next_best_mark,False,3,24,0.125
2022,girls,300H,declared,bay-shore,automatic,False,6,24,0.25
2022,girls,300H,declared,class-a,automatic,False,3,24,0.125
2022,girls,300H,declared,redwood-empire,automatic,False,6,24,0.25
2022,girls,300H,declared,tri-valley,at_large_combined,True,3,24,0.125
2022,girls,300H,declared,tri-valley,automatic,False,6,24,0.25
2022,girls,300H,declared,tri-valley,next_best_mark,False,3,24,0.125
2022,girls,300H,qualified,bay-shore,automatic,False,6,24,0.25
2022,girls,300H,qualified,class-a,automatic,False,3,24,0.125
2022,girls,300H,qualified,redwood-empire,automatic,False,6,24,0.25
2022,girls,300H,qualified,tri-valley,at_large_combined,True,3,24,0.125
2022,girls,300H,qualified,tri-valley,automatic,False,6,24,0.25
2022,girls,300H,qualified,tri-valley,next_best_mark,False,3,24,0.125
2022,girls,3200,declared,bay-shore,automatic,False,6,24,0.25
2022,girls,3200,declared,class-a,at_large_combined,True,1,24,0.0417
2022,girls,3200,declared,class-a,automatic,False,3,24,0.125
2022,girls,3200,declared,class-a,next_best_mark,False,1,24,0.0417
2022,girls,3200,declared,redwood-empire,at_large_combined,True,1,24,0.0417
2022,girls,3200,declared,redwood-empire,automatic,False,6,24,0.25
2022,girls,3200,declared,redwood-empire,next_best_mark,False,1,24,0.0417
2022,girls,3200,declared,tri-valley,at_large_combined,True,1,24,0.0417
2022,girls,3200,declared,tri-valley,automatic,False,6,24,0.25
2022,girls,3200,declared,tri-valley,next_best_mark,False,1,24,0.0417
2022,girls,3200,qualified,bay-shore,automatic,False,6,24,0.25
2022,girls,3200,qualified,class-a,automatic,False,3,24,0.125
2022,girls,3200,qualified,redwood-empire,at_large_combined,True,2,24,0.0833
2022,girls,3200,qualified,redwood-empire,automatic,False,6,24,0.25
2022,girls,3200,qualified,redwood-empire,next_best_mark,False,2,24,0.0833
2022,girls,3200,qualified,tri-valley,at_large_combined,True,1,24,0.0417
2022,girls,3200,qualified,tri-valley,automatic,False,6,24,0.25
2022,girls,3200,qualified,tri-valley,next_best_mark,False,1,24,0.0417
2022,girls,400,declared,bay-shore,automatic,False,6,24,0.25
2022,girls,400,declared,class-a,automatic,False,3,24,0.125
2022,girls,400,declared,redwood-empire,automatic,False,6,24,0.25
2022,girls,400,declared,tri-valley,at_large_combined,True,3,24,0.125
2022,girls,400,declared,tri-valley,automatic,False,6,24,0.25
2022,girls,400,declared,tri-valley,next_best_mark,False,3,24,0.125
2022,girls,400,qualified,bay-shore,automatic,False,6,24,0.25
2022,girls,400,qualified,class-a,automatic,False,3,24,0.125
2022,girls,400,qualified,redwood-empire,automatic,False,6,24,0.25
2022,girls,400,qualified,tri-valley,at_large_combined,True,3,24,0.125
2022,girls,400,qualified,tri-valley,automatic,False,6,24,0.25
2022,girls,400,qualified,tri-valley,next_best_mark,False,3,24,0.125
2022,girls,4x100,declared,bay-shore,automatic,False,6,24,0.25
2022,girls,4x100,declared,class-a,automatic,False,3,24,0.125
2022,girls,4x100,declared,redwood-empire,automatic,False,6,24,0.25
2022,girls,4x100,declared,tri-valley,at_large_combined,True,3,24,0.125
2022,girls,4x100,declared,tri-valley,automatic,False,6,24,0.25
2022,girls,4x100,declared,tri-valley,next_best_mark,False,3,24,0.125
2022,girls,4x100,qualified,bay-shore,automatic,False,6,24,0.25
2022,girls,4x100,qualified,class-a,automatic,False,3,24,0.125
2022,girls,4x100,qualified,redwood-empire,automatic,False,6,24,0.25
2022,girls,4x100,qualified,tri-valley,at_large_combined,True,3,24,0.125
2022,girls,4x100,qualified,tri-valley,automatic,False,6,24,0.25
2022,girls,4x100,qualified,tri-valley,next_best_mark,False,3,24,0.125
2022,girls,4x400,declared,bay-shore,automatic,False,6,24,0.25
2022,girls,4x400,declared,class-a,automatic,False,3,24,0.125
2022,girls,4x400,declared,redwood-empire,automatic,False,5,24,0.2083
2022,girls,4x400,declared,tri-valley,at_large_combined,True,3,24,0.125
2022,girls,4x400,declared,tri-valley,automatic,False,6,24,0.25
2022,girls,4x400,declared,tri-valley,next_best_mark,False,3,24,0.125
2022,girls,4x400,declared,unknown,unexplained,False,1,24,0.0417
2022,girls,4x400,qualified,bay-shore,automatic,False,6,24,0.25
2022,girls,4x400,qualified,class-a,automatic,False,3,24,0.125
2022,girls,4x400,qualified,redwood-empire,automatic,False,6,24,0.25
2022,girls,4x400,qualified,tri-valley,at_large_combined,True,3,24,0.125
2022,girls,4x400,qualified,tri-valley,automatic,False,6,24,0.25
2022,girls,4x400,qualified,tri-valley,next_best_mark,False,3,24,0.125
2022,girls,800,declared,bay-shore,automatic,False,6,24,0.25
2022,girls,800,declared,class-a,automatic,False,3,24,0.125
2022,girls,800,declared,redwood-empire,automatic,False,6,24,0.25
2022,girls,800,declared,tri-valley,at_large_combined,True,3,24,0.125
2022,girls,800,declared,tri-valley,automatic,False,6,24,0.25
2022,girls,800,declared,tri-valley,next_best_mark,False,3,24,0.125
2022,girls,800,qualified,bay-shore,automatic,False,6,24,0.25
2022,girls,800,qualified,class-a,automatic,False,3,24,0.125
2022,girls,800,qualified,redwood-empire,automatic,False,6,24,0.25
2022,girls,800,qualified,tri-valley,at_large_combined,True,3,24,0.125
2022,girls,800,qualified,tri-valley,automatic,False,6,24,0.25
2022,girls,800,qualified,tri-valley,next_best_mark,False,3,24,0.125
2022,girls,DT,declared,bay-shore,automatic,False,6,24,0.25
2022,girls,DT,declared,class-a,automatic,False,3,24,0.125
2022,girls,DT,declared,redwood-empire,automatic,False,6,24,0.25
2022,girls,DT,declared,tri-valley,at_large_combined,True,3,24,0.125
2022,girls,DT,declared,tri-valley,automatic,False,6,24,0.25
2022,girls,DT,declared,tri-valley,next_best_mark,False,3,24,0.125
2022,girls,DT,qualified,bay-shore,automatic,False,6,24,0.25
2022,girls,DT,qualified,class-a,automatic,False,3,24,0.125
2022,girls,DT,qualified,redwood-empire,automatic,False,6,24,0.25
2022,girls,DT,qualified,tri-valley,at_large_combined,True,3,24,0.125
2022,girls,DT,qualified,tri-valley,automatic,False,6,24,0.25
2022,girls,DT,qualified,tri-valley,next_best_mark,False,3,24,0.125
2022,girls,HJ,declared,bay-shore,automatic,False,6,25,0.24
2022,girls,HJ,declared,class-a,automatic,False,3,25,0.12
2022,girls,HJ,declared,redwood-empire,at_large_combined,True,2,25,0.08
2022,girls,HJ,declared,redwood-empire,automatic,False,6,25,0.24
2022,girls,HJ,declared,redwood-empire,next_best_mark,False,2,25,0.08
2022,girls,HJ,declared,tri-valley,at_large_combined,True,2,25,0.08
2022,girls,HJ,declared,tri-valley,automatic,False,6,25,0.24
2022,girls,HJ,declared,tri-valley,next_best_mark,False,2,25,0.08
2022,girls,HJ,qualified,bay-shore,automatic,False,6,26,0.2308
2022,girls,HJ,qualified,class-a,automatic,False,3,26,0.1154
2022,girls,HJ,qualified,redwood-empire,at_large_combined,True,2,26,0.0769
2022,girls,HJ,qualified,redwood-empire,automatic,False,6,26,0.2308
2022,girls,HJ,qualified,redwood-empire,next_best_mark,False,2,26,0.0769
2022,girls,HJ,qualified,tri-valley,at_large_combined,True,3,26,0.1154
2022,girls,HJ,qualified,tri-valley,automatic,False,6,26,0.2308
2022,girls,HJ,qualified,tri-valley,next_best_mark,False,3,26,0.1154
2022,girls,LJ,declared,bay-shore,automatic,False,6,24,0.25
2022,girls,LJ,declared,class-a,at_large_combined,True,1,24,0.0417
2022,girls,LJ,declared,class-a,automatic,False,3,24,0.125
2022,girls,LJ,declared,class-a,next_best_mark,False,1,24,0.0417
2022,girls,LJ,declared,redwood-empire,automatic,False,6,24,0.25
2022,girls,LJ,declared,tri-valley,at_large_combined,True,2,24,0.0833
2022,girls,LJ,declared,tri-valley,automatic,False,6,24,0.25
2022,girls,LJ,declared,tri-valley,next_best_mark,False,2,24,0.0833
2022,girls,LJ,qualified,bay-shore,automatic,False,6,24,0.25
2022,girls,LJ,qualified,class-a,automatic,False,3,24,0.125
2022,girls,LJ,qualified,redwood-empire,at_large_combined,True,2,24,0.0833
2022,girls,LJ,qualified,redwood-empire,automatic,False,6,24,0.25
2022,girls,LJ,qualified,redwood-empire,next_best_mark,False,2,24,0.0833
2022,girls,LJ,qualified,tri-valley,at_large_combined,True,1,24,0.0417
2022,girls,LJ,qualified,tri-valley,automatic,False,6,24,0.25
2022,girls,LJ,qualified,tri-valley,next_best_mark,False,1,24,0.0417
2022,girls,PV,declared,bay-shore,at_large_combined,True,3,26,0.1154
2022,girls,PV,declared,bay-shore,automatic,False,6,26,0.2308
2022,girls,PV,declared,bay-shore,next_best_mark,False,3,26,0.1154
2022,girls,PV,declared,class-a,automatic,False,3,26,0.1154
2022,girls,PV,declared,redwood-empire,at_large_combined,True,1,26,0.0385
2022,girls,PV,declared,redwood-empire,automatic,False,6,26,0.2308
2022,girls,PV,declared,redwood-empire,next_best_mark,False,1,26,0.0385
2022,girls,PV,declared,tri-valley,at_large_combined,True,1,26,0.0385
2022,girls,PV,declared,tri-valley,automatic,False,6,26,0.2308
2022,girls,PV,declared,tri-valley,next_best_mark,False,1,26,0.0385
2022,girls,PV,qualified,bay-shore,at_large_combined,True,3,26,0.1154
2022,girls,PV,qualified,bay-shore,automatic,False,6,26,0.2308
2022,girls,PV,qualified,bay-shore,next_best_mark,False,3,26,0.1154
2022,girls,PV,qualified,class-a,automatic,False,3,26,0.1154
2022,girls,PV,qualified,redwood-empire,at_large_combined,True,1,26,0.0385
2022,girls,PV,qualified,redwood-empire,automatic,False,6,26,0.2308
2022,girls,PV,qualified,redwood-empire,next_best_mark,False,1,26,0.0385
2022,girls,PV,qualified,tri-valley,at_large_combined,True,1,26,0.0385
2022,girls,PV,qualified,tri-valley,automatic,False,6,26,0.2308
2022,girls,PV,qualified,tri-valley,next_best_mark,False,1,26,0.0385
2022,girls,SP,declared,bay-shore,automatic,False,6,24,0.25
2022,girls,SP,declared,class-a,automatic,False,3,24,0.125
2022,girls,SP,declared,redwood-empire,automatic,False,6,24,0.25
2022,girls,SP,declared,tri-valley,at_large_combined,True,3,24,0.125
2022,girls,SP,declared,tri-valley,automatic,False,6,24,0.25
2022,girls,SP,declared,tri-valley,next_best_mark,False,3,24,0.125
2022,girls,SP,qualified,bay-shore,automatic,False,6,24,0.25
2022,girls,SP,qualified,class-a,automatic,False,3,24,0.125
2022,girls,SP,qualified,redwood-empire,automatic,False,6,24,0.25
2022,girls,SP,qualified,tri-valley,at_large_combined,True,3,24,0.125
2022,girls,SP,qualified,tri-valley,automatic,False,6,24,0.25
2022,girls,SP,qualified,tri-valley,next_best_mark,False,3,24,0.125
2022,girls,TJ,declared,bay-shore,automatic,False,6,24,0.25
2022,girls,TJ,declared,class-a,automatic,False,3,24,0.125
2022,girls,TJ,declared,redwood-empire,at_large_combined,True,2,24,0.0833
2022,girls,TJ,declared,redwood-empire,automatic,False,6,24,0.25
2022,girls,TJ,declared,redwood-empire,next_best_mark,False,2,24,0.0833
2022,girls,TJ,declared,tri-valley,automatic,False,6,24,0.25
2022,girls,TJ,declared,unknown,unexplained,False,1,24,0.0417
2022,girls,TJ,qualified,bay-shore,automatic,False,6,24,0.25
2022,girls,TJ,qualified,class-a,automatic,False,3,24,0.125
2022,girls,TJ,qualified,redwood-empire,at_large_combined,True,3,24,0.125
2022,girls,TJ,qualified,redwood-empire,automatic,False,6,24,0.25
2022,girls,TJ,qualified,redwood-empire,next_best_mark,False,3,24,0.125
2022,girls,TJ,qualified,tri-valley,automatic,False,6,24,0.25
2023,boys,100,declared,bay-shore,automatic,False,6,27,0.2222
2023,boys,100,declared,class-a,automatic,False,3,27,0.1111
2023,boys,100,declared,redwood-empire,automatic,False,6,27,0.2222
2023,boys,100,declared,tri-valley,at_large_combined,True,3,27,0.1111
2023,boys,100,declared,tri-valley,automatic,False,6,27,0.2222
2023,boys,100,declared,tri-valley,next_best_mark,False,3,27,0.1111
2023,boys,100,declared,tri-valley,unexplained,False,3,27,0.1111
2023,boys,100,qualified,bay-shore,automatic,False,6,24,0.25
2023,boys,100,qualified,class-a,automatic,False,3,24,0.125
2023,boys,100,qualified,redwood-empire,automatic,False,6,24,0.25
2023,boys,100,qualified,tri-valley,at_large_combined,True,3,24,0.125
2023,boys,100,qualified,tri-valley,automatic,False,6,24,0.25
2023,boys,100,qualified,tri-valley,next_best_mark,False,3,24,0.125
2023,boys,110H,declared,bay-shore,automatic,False,6,24,0.25
2023,boys,110H,declared,class-a,at_large_combined,True,1,24,0.0417
2023,boys,110H,declared,class-a,automatic,False,3,24,0.125
2023,boys,110H,declared,class-a,next_best_mark,False,1,24,0.0417
2023,boys,110H,declared,redwood-empire,automatic,False,6,24,0.25
2023,boys,110H,declared,tri-valley,at_large_combined,True,2,24,0.0833
2023,boys,110H,declared,tri-valley,automatic,False,6,24,0.25
2023,boys,110H,declared,tri-valley,next_best_mark,False,2,24,0.0833
2023,boys,110H,qualified,bay-shore,at_large_combined,True,1,24,0.0417
2023,boys,110H,qualified,bay-shore,automatic,False,6,24,0.25
2023,boys,110H,qualified,bay-shore,next_best_mark,False,1,24,0.0417
2023,boys,110H,qualified,class-a,at_large_combined,True,1,24,0.0417
2023,boys,110H,qualified,class-a,automatic,False,3,24,0.125
2023,boys,110H,qualified,class-a,next_best_mark,False,1,24,0.0417
2023,boys,110H,qualified,redwood-empire,automatic,False,6,24,0.25
2023,boys,110H,qualified,tri-valley,at_large_combined,True,1,24,0.0417
2023,boys,110H,qualified,tri-valley,automatic,False,6,24,0.25
2023,boys,110H,qualified,tri-valley,next_best_mark,False,1,24,0.0417
2023,boys,1600,declared,bay-shore,automatic,False,6,29,0.2069
2023,boys,1600,declared,class-a,automatic,False,3,29,0.1034
2023,boys,1600,declared,redwood-empire,automatic,False,6,29,0.2069
2023,boys,1600,declared,tri-valley,at_large_combined,True,8,29,0.2759
2023,boys,1600,declared,tri-valley,at_large_standard,False,5,29,0.1724
2023,boys,1600,declared,tri-valley,automatic,False,6,29,0.2069
2023,boys,1600,declared,tri-valley,next_best_mark,False,3,29,0.1034
2023,boys,1600,qualified,bay-shore,automatic,False,6,33,0.1818
2023,boys,1600,qualified,class-a,automatic,False,3,33,0.0909
2023,boys,1600,qualified,redwood-empire,at_large_combined,True,1,33,0.0303
2023,boys,1600,qualified,redwood-empire,at_large_standard,False,1,33,0.0303
2023,boys,1600,qualified,redwood-empire,automatic,False,6,33,0.1818
2023,boys,1600,qualified,tri-valley,at_large_combined,True,11,33,0.3333
2023,boys,1600,qualified,tri-valley,at_large_standard,False,8,33,0.2424
2023,boys,1600,qualified,tri-valley,automatic,False,6,33,0.1818
2023,boys,1600,qualified,tri-valley,next_best_mark,False,3,33,0.0909
2023,boys,200,declared,bay-shore,automatic,False,6,26,0.2308
2023,boys,200,declared,class-a,automatic,False,3,26,0.1154
2023,boys,200,declared,redwood-empire,automatic,False,6,26,0.2308
2023,boys,200,declared,tri-valley,at_large_combined,True,5,26,0.1923
2023,boys,200,declared,tri-valley,at_large_standard,False,2,26,0.0769
2023,boys,200,declared,tri-valley,automatic,False,6,26,0.2308
2023,boys,200,declared,tri-valley,next_best_mark,False,3,26,0.1154
2023,boys,200,qualified,bay-shore,at_large_combined,True,2,31,0.0645
2023,boys,200,qualified,bay-shore,at_large_standard,False,2,31,0.0645
2023,boys,200,qualified,bay-shore,automatic,False,6,31,0.1935
2023,boys,200,qualified,class-a,automatic,False,3,31,0.0968
2023,boys,200,qualified,redwood-empire,automatic,False,6,31,0.1935
2023,boys,200,qualified,tri-valley,at_large_combined,True,8,31,0.2581
2023,boys,200,qualified,tri-valley,at_large_standard,False,5,31,0.1613
2023,boys,200,qualified,tri-valley,automatic,False,6,31,0.1935
2023,boys,200,qualified,tri-valley,next_best_mark,False,3,31,0.0968
2023,boys,300H,declared,bay-shore,automatic,False,6,24,0.25
2023,boys,300H,declared,class-a,automatic,False,3,24,0.125
2023,boys,300H,declared,redwood-empire,at_large_combined,True,2,24,0.0833
2023,boys,300H,declared,redwood-empire,automatic,False,6,24,0.25
2023,boys,300H,declared,redwood-empire,next_best_mark,False,2,24,0.0833
2023,boys,300H,declared,tri-valley,at_large_combined,True,1,24,0.0417
2023,boys,300H,declared,tri-valley,automatic,False,6,24,0.25
2023,boys,300H,declared,tri-valley,next_best_mark,False,1,24,0.0417
2023,boys,300H,qualified,bay-shore,automatic,False,6,24,0.25
2023,boys,300H,qualified,class-a,automatic,False,3,24,0.125
2023,boys,300H,qualified,redwood-empire,at_large_combined,True,2,24,0.0833
2023,boys,300H,qualified,redwood-empire,automatic,False,6,24,0.25
2023,boys,300H,qualified,redwood-empire,next_best_mark,False,2,24,0.0833
2023,boys,300H,qualified,tri-valley,at_large_combined,True,1,24,0.0417
2023,boys,300H,qualified,tri-valley,automatic,False,6,24,0.25
2023,boys,300H,qualified,tri-valley,next_best_mark,False,1,24,0.0417
2023,boys,3200,declared,bay-shore,automatic,False,6,24,0.25
2023,boys,3200,declared,class-a,automatic,False,3,24,0.125
2023,boys,3200,declared,redwood-empire,automatic,False,6,24,0.25
2023,boys,3200,declared,tri-valley,at_large_combined,True,3,24,0.125
2023,boys,3200,declared,tri-valley,automatic,False,6,24,0.25
2023,boys,3200,declared,tri-valley,next_best_mark,False,3,24,0.125
2023,boys,3200,qualified,bay-shore,automatic,False,6,24,0.25
2023,boys,3200,qualified,class-a,automatic,False,3,24,0.125
2023,boys,3200,qualified,redwood-empire,automatic,False,6,24,0.25
2023,boys,3200,qualified,tri-valley,at_large_combined,True,3,24,0.125
2023,boys,3200,qualified,tri-valley,automatic,False,6,24,0.25
2023,boys,3200,qualified,tri-valley,next_best_mark,False,3,24,0.125
2023,boys,400,declared,bay-shore,at_large_combined,True,1,24,0.0417
2023,boys,400,declared,bay-shore,automatic,False,6,24,0.25
2023,boys,400,declared,bay-shore,next_best_mark,False,1,24,0.0417
2023,boys,400,declared,class-a,automatic,False,3,24,0.125
2023,boys,400,declared,redwood-empire,automatic,False,6,24,0.25
2023,boys,400,declared,tri-valley,at_large_combined,True,2,24,0.0833
2023,boys,400,declared,tri-valley,automatic,False,6,24,0.25
2023,boys,400,declared,tri-valley,next_best_mark,False,2,24,0.0833
2023,boys,400,qualified,bay-shore,at_large_combined,True,1,24,0.0417
2023,boys,400,qualified,bay-shore,automatic,False,6,24,0.25
2023,boys,400,qualified,bay-shore,next_best_mark,False,1,24,0.0417
2023,boys,400,qualified,class-a,automatic,False,3,24,0.125
2023,boys,400,qualified,redwood-empire,automatic,False,6,24,0.25
2023,boys,400,qualified,tri-valley,at_large_combined,True,2,24,0.0833
2023,boys,400,qualified,tri-valley,automatic,False,6,24,0.25
2023,boys,400,qualified,tri-valley,next_best_mark,False,2,24,0.0833
2023,boys,4x100,declared,bay-shore,automatic,False,6,25,0.24
2023,boys,4x100,declared,class-a,automatic,False,3,25,0.12
2023,boys,4x100,declared,redwood-empire,automatic,False,6,25,0.24
2023,boys,4x100,declared,tri-valley,at_large_combined,True,3,25,0.12
2023,boys,4x100,declared,tri-valley,automatic,False,6,25,0.24
2023,boys,4x100,declared,tri-valley,next_best_mark,False,3,25,0.12
2023,boys,4x100,declared,tri-valley,unexplained,False,1,25,0.04
2023,boys,4x100,qualified,bay-shore,automatic,False,6,24,0.25
2023,boys,4x100,qualified,class-a,automatic,False,3,24,0.125
2023,boys,4x100,qualified,redwood-empire,automatic,False,6,24,0.25
2023,boys,4x100,qualified,tri-valley,at_large_combined,True,3,24,0.125
2023,boys,4x100,qualified,tri-valley,automatic,False,6,24,0.25
2023,boys,4x100,qualified,tri-valley,next_best_mark,False,3,24,0.125
2023,boys,4x400,declared,bay-shore,automatic,False,6,24,0.25
2023,boys,4x400,declared,class-a,automatic,False,3,24,0.125
2023,boys,4x400,declared,redwood-empire,automatic,False,6,24,0.25
2023,boys,4x400,declared,tri-valley,at_large_combined,True,3,24,0.125
2023,boys,4x400,declared,tri-valley,automatic,False,6,24,0.25
2023,boys,4x400,declared,tri-valley,next_best_mark,False,3,24,0.125
2023,boys,4x400,qualified,bay-shore,automatic,False,6,24,0.25
2023,boys,4x400,qualified,class-a,automatic,False,3,24,0.125
2023,boys,4x400,qualified,redwood-empire,automatic,False,6,24,0.25
2023,boys,4x400,qualified,tri-valley,at_large_combined,True,3,24,0.125
2023,boys,4x400,qualified,tri-valley,automatic,False,6,24,0.25
2023,boys,4x400,qualified,tri-valley,next_best_mark,False,3,24,0.125
2023,boys,800,declared,bay-shore,automatic,False,6,25,0.24
2023,boys,800,declared,class-a,at_large_combined,True,1,25,0.04
2023,boys,800,declared,class-a,at_large_standard,False,1,25,0.04
2023,boys,800,declared,class-a,automatic,False,3,25,0.12
2023,boys,800,declared,redwood-empire,automatic,False,6,25,0.24
2023,boys,800,declared,tri-valley,at_large_combined,True,3,25,0.12
2023,boys,800,declared,tri-valley,automatic,False,6,25,0.24
2023,boys,800,declared,tri-valley,next_best_mark,False,3,25,0.12
2023,boys,800,qualified,bay-shore,automatic,False,6,27,0.2222
2023,boys,800,qualified,class-a,at_large_combined,True,1,27,0.037
2023,boys,800,qualified,class-a,at_large_standard,False,1,27,0.037
2023,boys,800,qualified,class-a,automatic,False,3,27,0.1111
2023,boys,800,qualified,redwood-empire,automatic,False,6,27,0.2222
2023,boys,800,qualified,tri-valley,at_large_combined,True,5,27,0.1852
2023,boys,800,qualified,tri-valley,at_large_standard,False,2,27,0.0741
2023,boys,800,qualified,tri-valley,automatic,False,6,27,0.2222
2023,boys,800,qualified,tri-valley,next_best_mark,False,3,27,0.1111
2023,boys,DT,declared,bay-shore,automatic,False,6,24,0.25
2023,boys,DT,declared,class-a,automatic,False,2,24,0.0833
2023,boys,DT,declared,redwood-empire,at_large_combined,True,3,24,0.125
2023,boys,DT,declared,redwood-empire,automatic,False,6,24,0.25
2023,boys,DT,declared,redwood-empire,next_best_mark,False,3,24,0.125
2023,boys,DT,declared,tri-valley,automatic,False,6,24,0.25
2023,boys,DT,declared,unknown,unexplained,False,1,24,0.0417
2023,boys,DT,qualified,bay-shore,automatic,False,6,24,0.25
2023,boys,DT,qualified,class-a,automatic,False,3,24,0.125
2023,boys,DT,qualified,redwood-empire,at_large_combined,True,3,24,0.125
2023,boys,DT,qualified,redwood-empire,automatic,False,6,24,0.25
2023,boys,DT,qualified,redwood-empire,next_best_mark,False,3,24,0.125
2023,boys,DT,qualified,tri-valley,automatic,False,6,24,0.25
2023,boys,HJ,declared,bay-shore,at_large_combined,True,1,26,0.0385
2023,boys,HJ,declared,bay-shore,automatic,False,6,26,0.2308
2023,boys,HJ,declared,bay-shore,next_best_mark,False,1,26,0.0385
2023,boys,HJ,declared,class-a,automatic,False,3,26,0.1154
2023,boys,HJ,declared,redwood-empire,at_large_combined,True,3,26,0.1154
2023,boys,HJ,declared,redwood-empire,automatic,False,6,26,0.2308
2023,boys,HJ,declared,redwood-empire,next_best_mark,False,3,26,0.1154
2023,boys,HJ,declared,tri-valley,at_large_combined,True,1,26,0.0385
2023,boys,HJ,declared,tri-valley,automatic,False,6,26,0.2308
2023,boys,HJ,declared,tri-valley,next_best_mark,False,1,26,0.0385
2023,boys,HJ,qualified,bay-shore,at_large_combined,True,1,28,0.0357
2023,boys,HJ,qualified,bay-shore,automatic,False,6,28,0.2143
2023,boys,HJ,qualified,bay-shore,next_best_mark,False,1,28,0.0357
2023,boys,HJ,qualified,class-a,automatic,False,3,28,0.1071
2023,boys,HJ,qualified,redwood-empire,at_large_combined,True,4,28,0.1429
2023,boys,HJ,qualified,redwood-empire,automatic,False,6,28,0.2143
2023,boys,HJ,qualified,redwood-empire,next_best_mark,False,4,28,0.1429
2023,boys,HJ,qualified,tri-valley,at_large_combined,True,2,28,0.0714
2023,boys,HJ,qualified,tri-valley,automatic,False,6,28,0.2143
2023,boys,HJ,qualified,tri-valley,next_best_mark,False,2,28,0.0714
2023,boys,LJ,declared,bay-shore,at_large_combined,True,2,24,0.0833
2023,boys,LJ,declared,bay-shore,automatic,False,6,24,0.25
2023,boys,LJ,declared,bay-shore,next_best_mark,False,2,24,0.0833
2023,boys,LJ,declared,class-a,automatic,False,3,24,0.125
2023,boys,LJ,declared,redwood-empire,automatic,False,6,24,0.25
2023,boys,LJ,declared,tri-valley,at_large_combined,True,1,24,0.0417
2023,boys,LJ,declared,tri-valley,automatic,False,6,24,0.25
2023,boys,LJ,declared,tri-valley,next_best_mark,False,1,24,0.0417
2023,boys,LJ,qualified,bay-shore,at_large_combined,True,2,24,0.0833
2023,boys,LJ,qualified,bay-shore,automatic,False,6,24,0.25
2023,boys,LJ,qualified,bay-shore,next_best_mark,False,2,24,0.0833
2023,boys,LJ,qualified,class-a,automatic,False,3,24,0.125
2023,boys,LJ,qualified,redwood-empire,automatic,False,6,24,0.25
2023,boys,LJ,qualified,tri-valley,at_large_combined,True,1,24,0.0417
2023,boys,LJ,qualified,tri-valley,automatic,False,6,24,0.25
2023,boys,LJ,qualified,tri-valley,next_best_mark,False,1,24,0.0417
2023,boys,PV,declared,bay-shore,automatic,False,6,24,0.25
2023,boys,PV,declared,class-a,automatic,False,3,24,0.125
2023,boys,PV,declared,redwood-empire,at_large_combined,True,3,24,0.125
2023,boys,PV,declared,redwood-empire,automatic,False,6,24,0.25
2023,boys,PV,declared,redwood-empire,next_best_mark,False,3,24,0.125
2023,boys,PV,declared,tri-valley,automatic,False,6,24,0.25
2023,boys,PV,qualified,bay-shore,automatic,False,6,24,0.25
2023,boys,PV,qualified,class-a,automatic,False,3,24,0.125
2023,boys,PV,qualified,redwood-empire,at_large_combined,True,3,24,0.125
2023,boys,PV,qualified,redwood-empire,automatic,False,6,24,0.25
2023,boys,PV,qualified,redwood-empire,next_best_mark,False,3,24,0.125
2023,boys,PV,qualified,tri-valley,automatic,False,6,24,0.25
2023,boys,SP,declared,bay-shore,at_large_combined,True,1,24,0.0417
2023,boys,SP,declared,bay-shore,automatic,False,6,24,0.25
2023,boys,SP,declared,bay-shore,next_best_mark,False,1,24,0.0417
2023,boys,SP,declared,class-a,automatic,False,3,24,0.125
2023,boys,SP,declared,redwood-empire,at_large_combined,True,1,24,0.0417
2023,boys,SP,declared,redwood-empire,automatic,False,6,24,0.25
2023,boys,SP,declared,redwood-empire,next_best_mark,False,1,24,0.0417
2023,boys,SP,declared,tri-valley,at_large_combined,True,1,24,0.0417
2023,boys,SP,declared,tri-valley,automatic,False,6,24,0.25
2023,boys,SP,declared,tri-valley,next_best_mark,False,1,24,0.0417
2023,boys,SP,qualified,bay-shore,automatic,False,6,24,0.25
2023,boys,SP,qualified,class-a,automatic,False,3,24,0.125
2023,boys,SP,qualified,redwood-empire,at_large_combined,True,1,24,0.0417
2023,boys,SP,qualified,redwood-empire,automatic,False,6,24,0.25
2023,boys,SP,qualified,redwood-empire,next_best_mark,False,1,24,0.0417
2023,boys,SP,qualified,tri-valley,at_large_combined,True,2,24,0.0833
2023,boys,SP,qualified,tri-valley,automatic,False,6,24,0.25
2023,boys,SP,qualified,tri-valley,next_best_mark,False,2,24,0.0833
2023,boys,TJ,declared,bay-shore,at_large_combined,True,2,24,0.0833
2023,boys,TJ,declared,bay-shore,automatic,False,6,24,0.25
2023,boys,TJ,declared,bay-shore,next_best_mark,False,2,24,0.0833
2023,boys,TJ,declared,class-a,automatic,False,2,24,0.0833
2023,boys,TJ,declared,redwood-empire,at_large_combined,True,1,24,0.0417
2023,boys,TJ,declared,redwood-empire,automatic,False,6,24,0.25
2023,boys,TJ,declared,redwood-empire,next_best_mark,False,1,24,0.0417
2023,boys,TJ,declared,tri-valley,automatic,False,6,24,0.25
2023,boys,TJ,declared,unknown,unexplained,False,1,24,0.0417
2023,boys,TJ,qualified,bay-shore,at_large_combined,True,2,24,0.0833
2023,boys,TJ,qualified,bay-shore,automatic,False,6,24,0.25
2023,boys,TJ,qualified,bay-shore,next_best_mark,False,2,24,0.0833
2023,boys,TJ,qualified,class-a,automatic,False,3,24,0.125
2023,boys,TJ,qualified,redwood-empire,at_large_combined,True,1,24,0.0417
2023,boys,TJ,qualified,redwood-empire,automatic,False,6,24,0.25
2023,boys,TJ,qualified,redwood-empire,next_best_mark,False,1,24,0.0417
2023,boys,TJ,qualified,tri-valley,automatic,False,6,24,0.25
2023,girls,100,declared,bay-shore,automatic,False,6,24,0.25
2023,girls,100,declared,class-a,automatic,False,3,24,0.125
2023,girls,100,declared,redwood-empire,automatic,False,6,24,0.25
2023,girls,100,declared,tri-valley,at_large_combined,True,3,24,0.125
2023,girls,100,declared,tri-valley,automatic,False,6,24,0.25
2023,girls,100,declared,tri-valley,next_best_mark,False,3,24,0.125
2023,girls,100,qualified,bay-shore,automatic,False,6,24,0.25
2023,girls,100,qualified,class-a,automatic,False,3,24,0.125
2023,girls,100,qualified,redwood-empire,automatic,False,6,24,0.25
2023,girls,100,qualified,tri-valley,at_large_combined,True,3,24,0.125
2023,girls,100,qualified,tri-valley,automatic,False,6,24,0.25
2023,girls,100,qualified,tri-valley,next_best_mark,False,3,24,0.125
2023,girls,100H,declared,bay-shore,automatic,False,6,24,0.25
2023,girls,100H,declared,class-a,automatic,False,3,24,0.125
2023,girls,100H,declared,redwood-empire,automatic,False,6,24,0.25
2023,girls,100H,declared,tri-valley,at_large_combined,True,3,24,0.125
2023,girls,100H,declared,tri-valley,automatic,False,6,24,0.25
2023,girls,100H,declared,tri-valley,next_best_mark,False,3,24,0.125
2023,girls,100H,qualified,bay-shore,automatic,False,6,24,0.25
2023,girls,100H,qualified,class-a,automatic,False,3,24,0.125
2023,girls,100H,qualified,redwood-empire,automatic,False,6,24,0.25
2023,girls,100H,qualified,tri-valley,at_large_combined,True,3,24,0.125
2023,girls,100H,qualified,tri-valley,automatic,False,6,24,0.25
2023,girls,100H,qualified,tri-valley,next_best_mark,False,3,24,0.125
2023,girls,1600,declared,bay-shore,automatic,False,6,24,0.25
2023,girls,1600,declared,class-a,at_large_combined,True,2,24,0.0833
2023,girls,1600,declared,class-a,automatic,False,3,24,0.125
2023,girls,1600,declared,class-a,next_best_mark,False,2,24,0.0833
2023,girls,1600,declared,redwood-empire,automatic,False,6,24,0.25
2023,girls,1600,declared,tri-valley,at_large_combined,True,1,24,0.0417
2023,girls,1600,declared,tri-valley,automatic,False,6,24,0.25
2023,girls,1600,declared,tri-valley,next_best_mark,False,1,24,0.0417
2023,girls,1600,qualified,bay-shore,automatic,False,6,24,0.25
2023,girls,1600,qualified,class-a,at_large_combined,True,2,24,0.0833
2023,girls,1600,qualified,class-a,automatic,False,3,24,0.125
2023,girls,1600,qualified,class-a,next_best_mark,False,2,24,0.0833
2023,girls,1600,qualified,redwood-empire,automatic,False,6,24,0.25
2023,girls,1600,qualified,tri-valley,at_large_combined,True,1,24,0.0417
2023,girls,1600,qualified,tri-valley,automatic,False,6,24,0.25
2023,girls,1600,qualified,tri-valley,next_best_mark,False,1,24,0.0417
2023,girls,200,declared,bay-shore,automatic,False,6,24,0.25
2023,girls,200,declared,class-a,automatic,False,3,24,0.125
2023,girls,200,declared,redwood-empire,automatic,False,6,24,0.25
2023,girls,200,declared,tri-valley,at_large_combined,True,3,24,0.125
2023,girls,200,declared,tri-valley,automatic,False,6,24,0.25
2023,girls,200,declared,tri-valley,next_best_mark,False,3,24,0.125
2023,girls,200,qualified,bay-shore,automatic,False,6,26,0.2308
2023,girls,200,qualified,class-a,automatic,False,3,26,0.1154
2023,girls,200,qualified,redwood-empire,automatic,False,6,26,0.2308
2023,girls,200,qualified,tri-valley,at_large_combined,True,5,26,0.1923
2023,girls,200,qualified,tri-valley,at_large_standard,False,2,26,0.0769
2023,girls,200,qualified,tri-valley,automatic,False,6,26,0.2308
2023,girls,200,qualified,tri-valley,next_best_mark,False,3,26,0.1154
2023,girls,300H,declared,bay-shore,automatic,False,6,24,0.25
2023,girls,300H,declared,class-a,automatic,False,3,24,0.125
2023,girls,300H,declared,redwood-empire,automatic,False,6,24,0.25
2023,girls,300H,declared,tri-valley,at_large_combined,True,3,24,0.125
2023,girls,300H,declared,tri-valley,automatic,False,6,24,0.25
2023,girls,300H,declared,tri-valley,next_best_mark,False,3,24,0.125
2023,girls,300H,qualified,bay-shore,automatic,False,6,24,0.25
2023,girls,300H,qualified,class-a,automatic,False,3,24,0.125
2023,girls,300H,qualified,redwood-empire,automatic,False,6,24,0.25
2023,girls,300H,qualified,tri-valley,at_large_combined,True,3,24,0.125
2023,girls,300H,qualified,tri-valley,automatic,False,6,24,0.25
2023,girls,300H,qualified,tri-valley,next_best_mark,False,3,24,0.125
2023,girls,3200,declared,bay-shore,automatic,False,6,24,0.25
2023,girls,3200,declared,class-a,automatic,False,3,24,0.125
2023,girls,3200,declared,redwood-empire,automatic,False,6,24,0.25
2023,girls,3200,declared,tri-valley,at_large_combined,True,3,24,0.125
2023,girls,3200,declared,tri-valley,automatic,False,6,24,0.25
2023,girls,3200,declared,tri-valley,next_best_mark,False,3,24,0.125
2023,girls,3200,qualified,bay-shore,automatic,False,6,24,0.25
2023,girls,3200,qualified,class-a,automatic,False,3,24,0.125
2023,girls,3200,qualified,redwood-empire,automatic,False,6,24,0.25
2023,girls,3200,qualified,tri-valley,at_large_combined,True,3,24,0.125
2023,girls,3200,qualified,tri-valley,automatic,False,6,24,0.25
2023,girls,3200,qualified,tri-valley,next_best_mark,False,3,24,0.125
2023,girls,400,declared,bay-shore,automatic,False,6,24,0.25
2023,girls,400,declared,class-a,automatic,False,3,24,0.125
2023,girls,400,declared,redwood-empire,automatic,False,6,24,0.25
2023,girls,400,declared,tri-valley,at_large_combined,True,3,24,0.125
2023,girls,400,declared,tri-valley,automatic,False,6,24,0.25
2023,girls,400,declared,tri-valley,next_best_mark,False,3,24,0.125
2023,girls,400,qualified,bay-shore,automatic,False,6,24,0.25
2023,girls,400,qualified,class-a,automatic,False,3,24,0.125
2023,girls,400,qualified,redwood-empire,automatic,False,6,24,0.25
2023,girls,400,qualified,tri-valley,at_large_combined,True,3,24,0.125
2023,girls,400,qualified,tri-valley,automatic,False,6,24,0.25
2023,girls,400,qualified,tri-valley,next_best_mark,False,3,24,0.125
2023,girls,4x100,declared,bay-shore,automatic,False,6,24,0.25
2023,girls,4x100,declared,class-a,automatic,False,3,24,0.125
2023,girls,4x100,declared,redwood-empire,automatic,False,6,24,0.25
2023,girls,4x100,declared,tri-valley,at_large_combined,True,3,24,0.125
2023,girls,4x100,declared,tri-valley,automatic,False,6,24,0.25
2023,girls,4x100,declared,tri-valley,next_best_mark,False,3,24,0.125
2023,girls,4x100,qualified,bay-shore,automatic,False,6,24,0.25
2023,girls,4x100,qualified,class-a,automatic,False,3,24,0.125
2023,girls,4x100,qualified,redwood-empire,automatic,False,6,24,0.25
2023,girls,4x100,qualified,tri-valley,at_large_combined,True,3,24,0.125
2023,girls,4x100,qualified,tri-valley,automatic,False,6,24,0.25
2023,girls,4x100,qualified,tri-valley,next_best_mark,False,3,24,0.125
2023,girls,4x400,declared,bay-shore,automatic,False,5,24,0.2083
2023,girls,4x400,declared,class-a,automatic,False,3,24,0.125
2023,girls,4x400,declared,redwood-empire,automatic,False,6,24,0.25
2023,girls,4x400,declared,tri-valley,at_large_combined,True,3,24,0.125
2023,girls,4x400,declared,tri-valley,automatic,False,6,24,0.25
2023,girls,4x400,declared,tri-valley,next_best_mark,False,3,24,0.125
2023,girls,4x400,declared,unknown,unexplained,False,1,24,0.0417
2023,girls,4x400,qualified,bay-shore,automatic,False,6,24,0.25
2023,girls,4x400,qualified,class-a,automatic,False,3,24,0.125
2023,girls,4x400,qualified,redwood-empire,automatic,False,6,24,0.25
2023,girls,4x400,qualified,tri-valley,at_large_combined,True,3,24,0.125
2023,girls,4x400,qualified,tri-valley,automatic,False,6,24,0.25
2023,girls,4x400,qualified,tri-valley,next_best_mark,False,3,24,0.125
2023,girls,800,declared,bay-shore,automatic,False,6,24,0.25
2023,girls,800,declared,class-a,automatic,False,3,24,0.125
2023,girls,800,declared,redwood-empire,automatic,False,6,24,0.25
2023,girls,800,declared,tri-valley,at_large_combined,True,3,24,0.125
2023,girls,800,declared,tri-valley,automatic,False,6,24,0.25
2023,girls,800,declared,tri-valley,next_best_mark,False,3,24,0.125
2023,girls,800,qualified,bay-shore,automatic,False,6,24,0.25
2023,girls,800,qualified,class-a,automatic,False,3,24,0.125
2023,girls,800,qualified,redwood-empire,automatic,False,6,24,0.25
2023,girls,800,qualified,tri-valley,at_large_combined,True,3,24,0.125
2023,girls,800,qualified,tri-valley,automatic,False,6,24,0.25
2023,girls,800,qualified,tri-valley,next_best_mark,False,3,24,0.125
2023,girls,DT,declared,bay-shore,automatic,False,6,24,0.25
2023,girls,DT,declared,class-a,automatic,False,3,24,0.125
2023,girls,DT,declared,redwood-empire,automatic,False,6,24,0.25
2023,girls,DT,declared,tri-valley,at_large_combined,True,3,24,0.125
2023,girls,DT,declared,tri-valley,automatic,False,6,24,0.25
2023,girls,DT,declared,tri-valley,next_best_mark,False,3,24,0.125
2023,girls,DT,qualified,bay-shore,automatic,False,6,24,0.25
2023,girls,DT,qualified,class-a,automatic,False,3,24,0.125
2023,girls,DT,qualified,redwood-empire,automatic,False,6,24,0.25
2023,girls,DT,qualified,tri-valley,at_large_combined,True,3,24,0.125
2023,girls,DT,qualified,tri-valley,automatic,False,6,24,0.25
2023,girls,DT,qualified,tri-valley,next_best_mark,False,3,24,0.125
2023,girls,HJ,declared,bay-shore,automatic,False,6,29,0.2069
2023,girls,HJ,declared,class-a,automatic,False,3,29,0.1034
2023,girls,HJ,declared,redwood-empire,at_large_combined,True,4,29,0.1379
2023,girls,HJ,declared,redwood-empire,automatic,False,6,29,0.2069
2023,girls,HJ,declared,redwood-empire,next_best_mark,False,4,29,0.1379
2023,girls,HJ,declared,tri-valley,at_large_combined,True,4,29,0.1379
2023,girls,HJ,declared,tri-valley,automatic,False,6,29,0.2069
2023,girls,HJ,declared,tri-valley,next_best_mark,False,4,29,0.1379
2023,girls,HJ,qualified,bay-shore,automatic,False,7,36,0.1944
2023,girls,HJ,qualified,class-a,automatic,False,3,36,0.0833
2023,girls,HJ,qualified,redwood-empire,at_large_combined,True,5,36,0.1389
2023,girls,HJ,qualified,redwood-empire,automatic,False,6,36,0.1667
2023,girls,HJ,qualified,redwood-empire,next_best_mark,False,5,36,0.1389
2023,girls,HJ,qualified,tri-valley,at_large_combined,True,9,36,0.25
2023,girls,HJ,qualified,tri-valley,automatic,False,6,36,0.1667
2023,girls,HJ,qualified,tri-valley,next_best_mark,False,9,36,0.25
2023,girls,LJ,declared,bay-shore,at_large_combined,True,1,24,0.0417
2023,girls,LJ,declared,bay-shore,automatic,False,6,24,0.25
2023,girls,LJ,declared,bay-shore,next_best_mark,False,1,24,0.0417
2023,girls,LJ,declared,class-a,automatic,False,3,24,0.125
2023,girls,LJ,declared,redwood-empire,at_large_combined,True,2,24,0.0833
2023,girls,LJ,declared,redwood-empire,automatic,False,6,24,0.25
2023,girls,LJ,declared,redwood-empire,next_best_mark,False,2,24,0.0833
2023,girls,LJ,declared,tri-valley,automatic,False,6,24,0.25
2023,girls,LJ,qualified,bay-shore,at_large_combined,True,2,24,0.0833
2023,girls,LJ,qualified,bay-shore,automatic,False,6,24,0.25
2023,girls,LJ,qualified,bay-shore,next_best_mark,False,2,24,0.0833
2023,girls,LJ,qualified,class-a,automatic,False,3,24,0.125
2023,girls,LJ,qualified,redwood-empire,at_large_combined,True,1,24,0.0417
2023,girls,LJ,qualified,redwood-empire,automatic,False,6,24,0.25
2023,girls,LJ,qualified,redwood-empire,next_best_mark,False,1,24,0.0417
2023,girls,LJ,qualified,tri-valley,automatic,False,6,24,0.25
2023,girls,PV,declared,bay-shore,at_large_combined,True,3,25,0.12
2023,girls,PV,declared,bay-shore,automatic,False,6,25,0.24
2023,girls,PV,declared,bay-shore,next_best_mark,False,3,25,0.12
2023,girls,PV,declared,class-a,automatic,False,3,25,0.12
2023,girls,PV,declared,redwood-empire,at_large_combined,True,1,25,0.04
2023,girls,PV,declared,redwood-empire,automatic,False,6,25,0.24
2023,girls,PV,declared,redwood-empire,next_best_mark,False,1,25,0.04
2023,girls,PV,declared,tri-valley,automatic,False,6,25,0.24
2023,girls,PV,qualified,bay-shore,at_large_combined,True,3,25,0.12
2023,girls,PV,qualified,bay-shore,automatic,False,6,25,0.24
2023,girls,PV,qualified,bay-shore,next_best_mark,False,3,25,0.12
2023,girls,PV,qualified,class-a,automatic,False,3,25,0.12
2023,girls,PV,qualified,redwood-empire,at_large_combined,True,1,25,0.04
2023,girls,PV,qualified,redwood-empire,automatic,False,6,25,0.24
2023,girls,PV,qualified,redwood-empire,next_best_mark,False,1,25,0.04
2023,girls,PV,qualified,tri-valley,automatic,False,6,25,0.24
2023,girls,SP,declared,bay-shore,automatic,False,6,24,0.25
2023,girls,SP,declared,class-a,automatic,False,3,24,0.125
2023,girls,SP,declared,redwood-empire,at_large_combined,True,2,24,0.0833
2023,girls,SP,declared,redwood-empire,automatic,False,6,24,0.25
2023,girls,SP,declared,redwood-empire,next_best_mark,False,2,24,0.0833
2023,girls,SP,declared,tri-valley,at_large_combined,True,1,24,0.0417
2023,girls,SP,declared,tri-valley,automatic,False,6,24,0.25
2023,girls,SP,declared,tri-valley,next_best_mark,False,1,24,0.0417
2023,girls,SP,qualified,bay-shore,automatic,False,6,24,0.25
2023,girls,SP,qualified,class-a,automatic,False,3,24,0.125
2023,girls,SP,qualified,redwood-empire,at_large_combined,True,2,24,0.0833
2023,girls,SP,qualified,redwood-empire,automatic,False,6,24,0.25
2023,girls,SP,qualified,redwood-empire,next_best_mark,False,2,24,0.0833
2023,girls,SP,qualified,tri-valley,at_large_combined,True,1,24,0.0417
2023,girls,SP,qualified,tri-valley,automatic,False,6,24,0.25
2023,girls,SP,qualified,tri-valley,next_best_mark,False,1,24,0.0417
2023,girls,TJ,declared,bay-shore,at_large_combined,True,2,25,0.08
2023,girls,TJ,declared,bay-shore,automatic,False,6,25,0.24
2023,girls,TJ,declared,bay-shore,next_best_mark,False,2,25,0.08
2023,girls,TJ,declared,class-a,at_large_combined,True,1,25,0.04
2023,girls,TJ,declared,class-a,automatic,False,3,25,0.12
2023,girls,TJ,declared,class-a,next_best_mark,False,1,25,0.04
2023,girls,TJ,declared,redwood-empire,at_large_combined,True,1,25,0.04
2023,girls,TJ,declared,redwood-empire,automatic,False,6,25,0.24
2023,girls,TJ,declared,redwood-empire,next_best_mark,False,1,25,0.04
2023,girls,TJ,declared,tri-valley,automatic,False,6,25,0.24
2023,girls,TJ,qualified,bay-shore,at_large_combined,True,2,25,0.08
2023,girls,TJ,qualified,bay-shore,automatic,False,6,25,0.24
2023,girls,TJ,qualified,bay-shore,next_best_mark,False,2,25,0.08
2023,girls,TJ,qualified,class-a,at_large_combined,True,1,25,0.04
2023,girls,TJ,qualified,class-a,automatic,False,3,25,0.12
2023,girls,TJ,qualified,class-a,next_best_mark,False,1,25,0.04
2023,girls,TJ,qualified,redwood-empire,at_large_combined,True,1,25,0.04
2023,girls,TJ,qualified,redwood-empire,automatic,False,6,25,0.24
2023,girls,TJ,qualified,redwood-empire,next_best_mark,False,1,25,0.04
2023,girls,TJ,qualified,tri-valley,automatic,False,6,25,0.24
2024,boys,100,declared,bay-shore,at_large_combined,True,4,33,0.1212
2024,boys,100,declared,bay-shore,at_large_standard,False,1,33,0.0303
2024,boys,100,declared,bay-shore,automatic,False,6,33,0.1818
2024,boys,100,declared,bay-shore,next_best_mark,False,3,33,0.0909
2024,boys,100,declared,class-a,automatic,False,3,33,0.0909
2024,boys,100,declared,redwood-empire,automatic,False,6,33,0.1818
2024,boys,100,declared,tri-valley,at_large_combined,True,8,33,0.2424
2024,boys,100,declared,tri-valley,at_large_standard,False,7,33,0.2121
2024,boys,100,declared,tri-valley,automatic,False,6,33,0.1818
2024,boys,100,declared,tri-valley,next_best_mark,False,1,33,0.0303
2024,boys,100,qualified,bay-shore,at_large_combined,True,4,33,0.1212
2024,boys,100,qualified,bay-shore,at_large_standard,False,1,33,0.0303
2024,boys,100,qualified,bay-shore,automatic,False,6,33,0.1818
2024,boys,100,qualified,bay-shore,next_best_mark,False,3,33,0.0909
2024,boys,100,qualified,class-a,automatic,False,3,33,0.0909
2024,boys,100,qualified,redwood-empire,automatic,False,6,33,0.1818
2024,boys,100,qualified,tri-valley,at_large_combined,True,8,33,0.2424
2024,boys,100,qualified,tri-valley,at_large_standard,False,7,33,0.2121
2024,boys,100,qualified,tri-valley,automatic,False,6,33,0.1818
2024,boys,100,qualified,tri-valley,next_best_mark,False,1,33,0.0303
2024,boys,110H,declared,bay-shore,automatic,False,6,24,0.25
2024,boys,110H,declared,class-a,automatic,False,3,24,0.125
2024,boys,110H,declared,redwood-empire,automatic,False,6,24,0.25
2024,boys,110H,declared,tri-valley,at_large_combined,True,3,24,0.125
2024,boys,110H,declared,tri-valley,automatic,False,6,24,0.25
2024,boys,110H,declared,tri-valley,next_best_mark,False,3,24,0.125
2024,boys,110H,qualified,bay-shore,automatic,False,6,24,0.25
2024,boys,110H,qualified,class-a,automatic,False,3,24,0.125
2024,boys,110H,qualified,redwood-empire,automatic,False,6,24,0.25
2024,boys,110H,qualified,tri-valley,at_large_combined,True,3,24,0.125
2024,boys,110H,qualified,tri-valley,automatic,False,6,24,0.25
2024,boys,110H,qualified,tri-valley,next_best_mark,False,3,24,0.125
2024,boys,1600,declared,bay-shore,automatic,False,6,27,0.2222
2024,boys,1600,declared,class-a,automatic,False,3,27,0.1111
2024,boys,1600,declared,class-a,unexplained,False,1,27,0.037
2024,boys,1600,declared,redwood-empire,automatic,False,6,27,0.2222
2024,boys,1600,declared,tri-valley,at_large_combined,True,5,27,0.1852
2024,boys,1600,declared,tri-valley,at_large_standard,False,2,27,0.0741
2024,boys,1600,declared,tri-valley,automatic,False,6,27,0.2222
2024,boys,1600,declared,tri-valley,next_best_mark,False,3,27,0.1111
2024,boys,1600,qualified,bay-shore,at_large_combined,True,2,29,0.069
2024,boys,1600,qualified,bay-shore,at_large_standard,False,2,29,0.069
2024,boys,1600,qualified,bay-shore,automatic,False,6,29,0.2069
2024,boys,1600,qualified,class-a,automatic,False,3,29,0.1034
2024,boys,1600,qualified,redwood-empire,automatic,False,6,29,0.2069
2024,boys,1600,qualified,tri-valley,at_large_combined,True,6,29,0.2069
2024,boys,1600,qualified,tri-valley,at_large_standard,False,3,29,0.1034
2024,boys,1600,qualified,tri-valley,automatic,False,6,29,0.2069
2024,boys,1600,qualified,tri-valley,next_best_mark,False,3,29,0.1034
2024,boys,200,declared,bay-shore,automatic,False,6,24,0.25
2024,boys,200,declared,class-a,automatic,False,3,24,0.125
2024,boys,200,declared,redwood-empire,automatic,False,6,24,0.25
2024,boys,200,declared,tri-valley,at_large_combined,True,3,24,0.125
2024,boys,200,declared,tri-valley,automatic,False,6,24,0.25
2024,boys,200,declared,tri-valley,next_best_mark,False,3,24,0.125
2024,boys,200,qualified,bay-shore,automatic,False,6,24,0.25
2024,boys,200,qualified,class-a,automatic,False,3,24,0.125
2024,boys,200,qualified,redwood-empire,automatic,False,6,24,0.25
2024,boys,200,qualified,tri-valley,at_large_combined,True,3,24,0.125
2024,boys,200,qualified,tri-valley,automatic,False,6,24,0.25
2024,boys,200,qualified,tri-valley,next_best_mark,False,3,24,0.125
2024,boys,300H,declared,bay-shore,automatic,False,6,24,0.25
2024,boys,300H,declared,class-a,automatic,False,3,24,0.125
2024,boys,300H,declared,redwood-empire,automatic,False,6,24,0.25
2024,boys,300H,declared,tri-valley,at_large_combined,True,3,24,0.125
2024,boys,300H,declared,tri-valley,automatic,False,6,24,0.25
2024,boys,300H,declared,tri-valley,next_best_mark,False,3,24,0.125
2024,boys,300H,qualified,bay-shore,automatic,False,6,25,0.24
2024,boys,300H,qualified,class-a,automatic,False,3,25,0.12
2024,boys,300H,qualified,redwood-empire,automatic,False,6,25,0.24
2024,boys,300H,qualified,tri-valley,at_large_combined,True,4,25,0.16
2024,boys,300H,qualified,tri-valley,automatic,False,6,25,0.24
2024,boys,300H,qualified,tri-valley,next_best_mark,False,4,25,0.16
2024,boys,3200,declared,bay-shore,at_large_combined,True,1,24,0.0417
2024,boys,3200,declared,bay-shore,automatic,False,6,24,0.25
2024,boys,3200,declared,bay-shore,next_best_mark,False,1,24,0.0417
2024,boys,3200,declared,class-a,automatic,False,3,24,0.125
2024,boys,3200,declared,redwood-empire,automatic,False,6,24,0.25
2024,boys,3200,declared,tri-valley,at_large_combined,True,2,24,0.0833
2024,boys,3200,declared,tri-valley,automatic,False,6,24,0.25
2024,boys,3200,declared,tri-valley,next_best_mark,False,2,24,0.0833
2024,boys,3200,qualified,bay-shore,at_large_combined,True,1,24,0.0417
2024,boys,3200,qualified,bay-shore,automatic,False,6,24,0.25
2024,boys,3200,qualified,bay-shore,next_best_mark,False,1,24,0.0417
2024,boys,3200,qualified,class-a,automatic,False,3,24,0.125
2024,boys,3200,qualified,redwood-empire,automatic,False,6,24,0.25
2024,boys,3200,qualified,tri-valley,at_large_combined,True,2,24,0.0833
2024,boys,3200,qualified,tri-valley,automatic,False,6,24,0.25
2024,boys,3200,qualified,tri-valley,next_best_mark,False,2,24,0.0833
2024,boys,400,declared,bay-shore,automatic,False,7,26,0.2692
2024,boys,400,declared,class-a,automatic,False,3,26,0.1154
2024,boys,400,declared,redwood-empire,automatic,False,6,26,0.2308
2024,boys,400,declared,tri-valley,at_large_combined,True,4,26,0.1538
2024,boys,400,declared,tri-valley,at_large_standard,False,1,26,0.0385
2024,boys,400,declared,tri-valley,automatic,False,6,26,0.2308
2024,boys,400,declared,tri-valley,next_best_mark,False,3,26,0.1154
2024,boys,400,qualified,bay-shore,automatic,False,7,26,0.2692
2024,boys,400,qualified,class-a,automatic,False,3,26,0.1154
2024,boys,400,qualified,redwood-empire,automatic,False,6,26,0.2308
2024,boys,400,qualified,tri-valley,at_large_combined,True,4,26,0.1538
2024,boys,400,qualified,tri-valley,at_large_standard,False,1,26,0.0385
2024,boys,400,qualified,tri-valley,automatic,False,6,26,0.2308
2024,boys,400,qualified,tri-valley,next_best_mark,False,3,26,0.1154
2024,boys,4x100,declared,bay-shore,at_large_combined,True,1,24,0.0417
2024,boys,4x100,declared,bay-shore,automatic,False,6,24,0.25
2024,boys,4x100,declared,bay-shore,next_best_mark,False,1,24,0.0417
2024,boys,4x100,declared,class-a,automatic,False,3,24,0.125
2024,boys,4x100,declared,redwood-empire,automatic,False,6,24,0.25
2024,boys,4x100,declared,tri-valley,at_large_combined,True,2,24,0.0833
2024,boys,4x100,declared,tri-valley,automatic,False,6,24,0.25
2024,boys,4x100,declared,tri-valley,next_best_mark,False,2,24,0.0833
2024,boys,4x100,qualified,bay-shore,at_large_combined,True,1,25,0.04
2024,boys,4x100,qualified,bay-shore,automatic,False,6,25,0.24
2024,boys,4x100,qualified,bay-shore,next_best_mark,False,1,25,0.04
2024,boys,4x100,qualified,class-a,automatic,False,3,25,0.12
2024,boys,4x100,qualified,redwood-empire,automatic,False,6,25,0.24
2024,boys,4x100,qualified,tri-valley,at_large_combined,True,3,25,0.12
2024,boys,4x100,qualified,tri-valley,automatic,False,6,25,0.24
2024,boys,4x100,qualified,tri-valley,next_best_mark,False,3,25,0.12
2024,boys,4x400,declared,bay-shore,automatic,False,6,24,0.25
2024,boys,4x400,declared,class-a,automatic,False,3,24,0.125
2024,boys,4x400,declared,redwood-empire,automatic,False,6,24,0.25
2024,boys,4x400,declared,tri-valley,at_large_combined,True,3,24,0.125
2024,boys,4x400,declared,tri-valley,automatic,False,6,24,0.25
2024,boys,4x400,declared,tri-valley,next_best_mark,False,3,24,0.125
2024,boys,4x400,qualified,bay-shore,automatic,False,6,24,0.25
2024,boys,4x400,qualified,class-a,automatic,False,3,24,0.125
2024,boys,4x400,qualified,redwood-empire,automatic,False,6,24,0.25
2024,boys,4x400,qualified,tri-valley,at_large_combined,True,3,24,0.125
2024,boys,4x400,qualified,tri-valley,automatic,False,6,24,0.25
2024,boys,4x400,qualified,tri-valley,next_best_mark,False,3,24,0.125
2024,boys,800,declared,bay-shore,automatic,False,6,28,0.2143
2024,boys,800,declared,class-a,at_large_combined,True,3,28,0.1071
2024,boys,800,declared,class-a,at_large_standard,False,3,28,0.1071
2024,boys,800,declared,class-a,automatic,False,3,28,0.1071
2024,boys,800,declared,redwood-empire,automatic,False,6,28,0.2143
2024,boys,800,declared,tri-valley,at_large_combined,True,4,28,0.1429
2024,boys,800,declared,tri-valley,at_large_standard,False,1,28,0.0357
2024,boys,800,declared,tri-valley,automatic,False,6,28,0.2143
2024,boys,800,declared,tri-valley,next_best_mark,False,3,28,0.1071
2024,boys,800,qualified,bay-shore,automatic,False,6,33,0.1818
2024,boys,800,qualified,class-a,at_large_combined,True,3,33,0.0909
2024,boys,800,qualified,class-a,at_large_standard,False,3,33,0.0909
2024,boys,800,qualified,class-a,automatic,False,3,33,0.0909
2024,boys,800,qualified,redwood-empire,at_large_combined,True,2,33,0.0606
2024,boys,800,qualified,redwood-empire,at_large_standard,False,2,33,0.0606
2024,boys,800,qualified,redwood-empire,automatic,False,6,33,0.1818
2024,boys,800,qualified,tri-valley,at_large_combined,True,7,33,0.2121
2024,boys,800,qualified,tri-valley,at_large_standard,False,4,33,0.1212
2024,boys,800,qualified,tri-valley,automatic,False,6,33,0.1818
2024,boys,800,qualified,tri-valley,next_best_mark,False,3,33,0.0909
2024,boys,DT,declared,bay-shore,automatic,False,6,24,0.25
2024,boys,DT,declared,class-a,automatic,False,3,24,0.125
2024,boys,DT,declared,redwood-empire,at_large_combined,True,1,24,0.0417
2024,boys,DT,declared,redwood-empire,automatic,False,6,24,0.25
2024,boys,DT,declared,redwood-empire,next_best_mark,False,1,24,0.0417
2024,boys,DT,declared,tri-valley,at_large_combined,True,2,24,0.0833
2024,boys,DT,declared,tri-valley,automatic,False,6,24,0.25
2024,boys,DT,declared,tri-valley,next_best_mark,False,2,24,0.0833
2024,boys,DT,qualified,bay-shore,automatic,False,6,24,0.25
2024,boys,DT,qualified,class-a,automatic,False,3,24,0.125
2024,boys,DT,qualified,redwood-empire,at_large_combined,True,1,24,0.0417
2024,boys,DT,qualified,redwood-empire,automatic,False,6,24,0.25
2024,boys,DT,qualified,redwood-empire,next_best_mark,False,1,24,0.0417
2024,boys,DT,qualified,tri-valley,at_large_combined,True,2,24,0.0833
2024,boys,DT,qualified,tri-valley,automatic,False,6,24,0.25
2024,boys,DT,qualified,tri-valley,next_best_mark,False,2,24,0.0833
2024,boys,HJ,declared,bay-shore,automatic,False,6,24,0.25
2024,boys,HJ,declared,class-a,automatic,False,3,24,0.125
2024,boys,HJ,declared,redwood-empire,automatic,False,6,24,0.25
2024,boys,HJ,declared,tri-valley,at_large_combined,True,3,24,0.125
2024,boys,HJ,declared,tri-valley,automatic,False,6,24,0.25
2024,boys,HJ,declared,tri-valley,next_best_mark,False,3,24,0.125
2024,boys,HJ,qualified,bay-shore,automatic,False,6,24,0.25
2024,boys,HJ,qualified,class-a,automatic,False,3,24,0.125
2024,boys,HJ,qualified,redwood-empire,automatic,False,6,24,0.25
2024,boys,HJ,qualified,tri-valley,at_large_combined,True,3,24,0.125
2024,boys,HJ,qualified,tri-valley,automatic,False,6,24,0.25
2024,boys,HJ,qualified,tri-valley,next_best_mark,False,3,24,0.125
2024,boys,LJ,declared,bay-shore,at_large_combined,True,3,24,0.125
2024,boys,LJ,declared,bay-shore,automatic,False,6,24,0.25
2024,boys,LJ,declared,bay-shore,next_best_mark,False,3,24,0.125
2024,boys,LJ,declared,class-a,automatic,False,3,24,0.125
2024,boys,LJ,declared,redwood-empire,automatic,False,6,24,0.25
2024,boys,LJ,declared,tri-valley,automatic,False,6,24,0.25
2024,boys,LJ,qualified,bay-shore,at_large_combined,True,2,24,0.0833
2024,boys,LJ,qualified,bay-shore,automatic,False,6,24,0.25
2024,boys,LJ,qualified,bay-shore,next_best_mark,False,2,24,0.0833
2024,boys,LJ,qualified,class-a,automatic,False,3,24,0.125
2024,boys,LJ,qualified,redwood-empire,automatic,False,6,24,0.25
2024,boys,LJ,qualified,tri-valley,at_large_combined,True,1,24,0.0417
2024,boys,LJ,qualified,tri-valley,automatic,False,6,24,0.25
2024,boys,LJ,qualified,tri-valley,next_best_mark,False,1,24,0.0417
2024,boys,PV,declared,bay-shore,automatic,False,6,25,0.24
2024,boys,PV,declared,class-a,automatic,False,3,25,0.12
2024,boys,PV,declared,redwood-empire,automatic,False,6,25,0.24
2024,boys,PV,declared,tri-valley,at_large_combined,True,4,25,0.16
2024,boys,PV,declared,tri-valley,automatic,False,6,25,0.24
2024,boys,PV,declared,tri-valley,next_best_mark,False,4,25,0.16
2024,boys,PV,qualified,bay-shore,automatic,False,6,25,0.24
2024,boys,PV,qualified,class-a,automatic,False,3,25,0.12
2024,boys,PV,qualified,redwood-empire,automatic,False,6,25,0.24
2024,boys,PV,qualified,tri-valley,at_large_combined,True,4,25,0.16
2024,boys,PV,qualified,tri-valley,automatic,False,6,25,0.24
2024,boys,PV,qualified,tri-valley,next_best_mark,False,4,25,0.16
2024,boys,SP,declared,bay-shore,at_large_combined,True,1,24,0.0417
2024,boys,SP,declared,bay-shore,automatic,False,6,24,0.25
2024,boys,SP,declared,bay-shore,next_best_mark,False,1,24,0.0417
2024,boys,SP,declared,class-a,automatic,False,3,24,0.125
2024,boys,SP,declared,redwood-empire,at_large_combined,True,2,24,0.0833
2024,boys,SP,declared,redwood-empire,automatic,False,6,24,0.25
2024,boys,SP,declared,redwood-empire,next_best_mark,False,2,24,0.0833
2024,boys,SP,declared,tri-valley,automatic,False,6,24,0.25
2024,boys,SP,qualified,bay-shore,at_large_combined,True,1,24,0.0417
2024,boys,SP,qualified,bay-shore,automatic,False,6,24,0.25
2024,boys,SP,qualified,bay-shore,next_best_mark,False,1,24,0.0417
2024,boys,SP,qualified,class-a,automatic,False,3,24,0.125
2024,boys,SP,qualified,redwood-empire,at_large_combined,True,2,24,0.0833
2024,boys,SP,qualified,redwood-empire,automatic,False,6,24,0.25
2024,boys,SP,qualified,redwood-empire,next_best_mark,False,2,24,0.0833
2024,boys,SP,qualified,tri-valley,automatic,False,6,24,0.25
2024,boys,TJ,declared,bay-shore,at_large_combined,True,2,24,0.0833
2024,boys,TJ,declared,bay-shore,automatic,False,6,24,0.25
2024,boys,TJ,declared,bay-shore,next_best_mark,False,2,24,0.0833
2024,boys,TJ,declared,class-a,automatic,False,3,24,0.125
2024,boys,TJ,declared,redwood-empire,automatic,False,6,24,0.25
2024,boys,TJ,declared,tri-valley,at_large_combined,True,1,24,0.0417
2024,boys,TJ,declared,tri-valley,automatic,False,6,24,0.25
2024,boys,TJ,declared,tri-valley,next_best_mark,False,1,24,0.0417
2024,boys,TJ,qualified,bay-shore,at_large_combined,True,1,24,0.0417
2024,boys,TJ,qualified,bay-shore,automatic,False,6,24,0.25
2024,boys,TJ,qualified,bay-shore,next_best_mark,False,1,24,0.0417
2024,boys,TJ,qualified,class-a,automatic,False,3,24,0.125
2024,boys,TJ,qualified,redwood-empire,automatic,False,6,24,0.25
2024,boys,TJ,qualified,tri-valley,at_large_combined,True,2,24,0.0833
2024,boys,TJ,qualified,tri-valley,automatic,False,6,24,0.25
2024,boys,TJ,qualified,tri-valley,next_best_mark,False,2,24,0.0833
2024,girls,100,declared,bay-shore,automatic,False,6,24,0.25
2024,girls,100,declared,class-a,automatic,False,3,24,0.125
2024,girls,100,declared,redwood-empire,automatic,False,6,24,0.25
2024,girls,100,declared,tri-valley,at_large_combined,True,3,24,0.125
2024,girls,100,declared,tri-valley,automatic,False,6,24,0.25
2024,girls,100,declared,tri-valley,next_best_mark,False,3,24,0.125
2024,girls,100,qualified,bay-shore,automatic,False,6,24,0.25
2024,girls,100,qualified,class-a,automatic,False,3,24,0.125
2024,girls,100,qualified,redwood-empire,automatic,False,6,24,0.25
2024,girls,100,qualified,tri-valley,at_large_combined,True,3,24,0.125
2024,girls,100,qualified,tri-valley,automatic,False,6,24,0.25
2024,girls,100,qualified,tri-valley,next_best_mark,False,3,24,0.125
2024,girls,100H,declared,bay-shore,automatic,False,6,24,0.25
2024,girls,100H,declared,class-a,at_large_combined,True,2,24,0.0833
2024,girls,100H,declared,class-a,automatic,False,3,24,0.125
2024,girls,100H,declared,class-a,next_best_mark,False,2,24,0.0833
2024,girls,100H,declared,redwood-empire,automatic,False,6,24,0.25
2024,girls,100H,declared,tri-valley,at_large_combined,True,1,24,0.0417
2024,girls,100H,declared,tri-valley,automatic,False,6,24,0.25
2024,girls,100H,declared,tri-valley,next_best_mark,False,1,24,0.0417
2024,girls,100H,qualified,bay-shore,automatic,False,6,24,0.25
2024,girls,100H,qualified,class-a,at_large_combined,True,2,24,0.0833
2024,girls,100H,qualified,class-a,automatic,False,3,24,0.125
2024,girls,100H,qualified,class-a,next_best_mark,False,2,24,0.0833
2024,girls,100H,qualified,redwood-empire,automatic,False,6,24,0.25
2024,girls,100H,qualified,tri-valley,at_large_combined,True,1,24,0.0417
2024,girls,100H,qualified,tri-valley,automatic,False,6,24,0.25
2024,girls,100H,qualified,tri-valley,next_best_mark,False,1,24,0.0417
2024,girls,1600,declared,bay-shore,automatic,False,6,28,0.2143
2024,girls,1600,declared,class-a,at_large_combined,True,1,28,0.0357
2024,girls,1600,declared,class-a,at_large_standard,False,1,28,0.0357
2024,girls,1600,declared,class-a,automatic,False,3,28,0.1071
2024,girls,1600,declared,redwood-empire,automatic,False,6,28,0.2143
2024,girls,1600,declared,tri-valley,at_large_combined,True,6,28,0.2143
2024,girls,1600,declared,tri-valley,at_large_standard,False,3,28,0.1071
2024,girls,1600,declared,tri-valley,automatic,False,6,28,0.2143
2024,girls,1600,declared,tri-valley,next_best_mark,False,3,28,0.1071
2024,girls,1600,qualified,bay-shore,automatic,False,6,32,0.1875
2024,girls,1600,qualified,class-a,at_large_combined,True,3,32,0.0938
2024,girls,1600,qualified,class-a,at_large_standard,False,2,32,0.0625
2024,girls,1600,qualified,class-a,automatic,False,3,32,0.0938
2024,girls,1600,qualified,class-a,next_best_mark,False,1,32,0.0312
2024,girls,1600,qualified,redwood-empire,automatic,False,6,32,0.1875
2024,girls,1600,qualified,tri-valley,at_large_combined,True,8,32,0.25
2024,girls,1600,qualified,tri-valley,at_large_standard,False,6,32,0.1875
2024,girls,1600,qualified,tri-valley,automatic,False,6,32,0.1875
2024,girls,1600,qualified,tri-valley,next_best_mark,False,2,32,0.0625
2024,girls,200,declared,bay-shore,automatic,False,6,24,0.25
2024,girls,200,declared,class-a,automatic,False,3,24,0.125
2024,girls,200,declared,redwood-empire,automatic,False,6,24,0.25
2024,girls,200,declared,tri-valley,at_large_combined,True,3,24,0.125
2024,girls,200,declared,tri-valley,automatic,False,6,24,0.25
2024,girls,200,declared,tri-valley,next_best_mark,False,3,24,0.125
2024,girls,200,qualified,bay-shore,automatic,False,6,24,0.25
2024,girls,200,qualified,class-a,at_large_combined,True,1,24,0.0417
2024,girls,200,qualified,class-a,automatic,False,3,24,0.125
2024,girls,200,qualified,class-a,next_best_mark,False,1,24,0.0417
2024,girls,200,qualified,redwood-empire,automatic,False,6,24,0.25
2024,girls,200,qualified,tri-valley,at_large_combined,True,2,24,0.0833
2024,girls,200,qualified,tri-valley,automatic,False,6,24,0.25
2024,girls,200,qualified,tri-valley,next_best_mark,False,2,24,0.0833
2024,girls,300H,declared,bay-shore,automatic,False,6,24,0.25
2024,girls,300H,declared,class-a,automatic,False,3,24,0.125
2024,girls,300H,declared,redwood-empire,automatic,False,6,24,0.25
2024,girls,300H,declared,tri-valley,at_large_combined,True,3,24,0.125
2024,girls,300H,declared,tri-valley,automatic,False,6,24,0.25
2024,girls,300H,declared,tri-valley,next_best_mark,False,3,24,0.125
2024,girls,300H,qualified,bay-shore,automatic,False,6,24,0.25
2024,girls,300H,qualified,class-a,automatic,False,3,24,0.125
2024,girls,300H,qualified,redwood-empire,automatic,False,6,24,0.25
2024,girls,300H,qualified,tri-valley,at_large_combined,True,3,24,0.125
2024,girls,300H,qualified,tri-valley,automatic,False,6,24,0.25
2024,girls,300H,qualified,tri-valley,next_best_mark,False,3,24,0.125
2024,girls,3200,declared,bay-shore,automatic,False,6,24,0.25
2024,girls,3200,declared,class-a,at_large_combined,True,1,24,0.0417
2024,girls,3200,declared,class-a,automatic,False,3,24,0.125
2024,girls,3200,declared,class-a,next_best_mark,False,1,24,0.0417
2024,girls,3200,declared,redwood-empire,automatic,False,6,24,0.25
2024,girls,3200,declared,tri-valley,at_large_combined,True,2,24,0.0833
2024,girls,3200,declared,tri-valley,automatic,False,6,24,0.25
2024,girls,3200,declared,tri-valley,next_best_mark,False,2,24,0.0833
2024,girls,3200,qualified,bay-shore,automatic,False,6,24,0.25
2024,girls,3200,qualified,class-a,at_large_combined,True,1,24,0.0417
2024,girls,3200,qualified,class-a,automatic,False,3,24,0.125
2024,girls,3200,qualified,class-a,next_best_mark,False,1,24,0.0417
2024,girls,3200,qualified,redwood-empire,automatic,False,6,24,0.25
2024,girls,3200,qualified,tri-valley,at_large_combined,True,2,24,0.0833
2024,girls,3200,qualified,tri-valley,automatic,False,6,24,0.25
2024,girls,3200,qualified,tri-valley,next_best_mark,False,2,24,0.0833
2024,girls,400,declared,bay-shore,automatic,False,6,24,0.25
2024,girls,400,declared,class-a,at_large_combined,True,1,24,0.0417
2024,girls,400,declared,class-a,automatic,False,3,24,0.125
2024,girls,400,declared,class-a,next_best_mark,False,1,24,0.0417
2024,girls,400,declared,redwood-empire,automatic,False,6,24,0.25
2024,girls,400,declared,tri-valley,at_large_combined,True,2,24,0.0833
2024,girls,400,declared,tri-valley,automatic,False,6,24,0.25
2024,girls,400,declared,tri-valley,next_best_mark,False,2,24,0.0833
2024,girls,400,qualified,bay-shore,automatic,False,6,25,0.24
2024,girls,400,qualified,class-a,automatic,False,3,25,0.12
2024,girls,400,qualified,redwood-empire,automatic,False,6,25,0.24
2024,girls,400,qualified,tri-valley,at_large_combined,True,4,25,0.16
2024,girls,400,qualified,tri-valley,at_large_standard,False,1,25,0.04
2024,girls,400,qualified,tri-valley,automatic,False,6,25,0.24
2024,girls,400,qualified,tri-valley,next_best_mark,False,3,25,0.12
2024,girls,4x100,declared,bay-shore,automatic,False,6,24,0.25
2024,girls,4x100,declared,class-a,automatic,False,3,24,0.125
2024,girls,4x100,declared,redwood-empire,automatic,False,6,24,0.25
2024,girls,4x100,declared,tri-valley,at_large_combined,True,3,24,0.125
2024,girls,4x100,declared,tri-valley,automatic,False,6,24,0.25
2024,girls,4x100,declared,tri-valley,next_best_mark,False,3,24,0.125
2024,girls,4x100,qualified,bay-shore,automatic,False,6,24,0.25
2024,girls,4x100,qualified,class-a,automatic,False,3,24,0.125
2024,girls,4x100,qualified,redwood-empire,automatic,False,6,24,0.25
2024,girls,4x100,qualified,tri-valley,at_large_combined,True,3,24,0.125
2024,girls,4x100,qualified,tri-valley,automatic,False,6,24,0.25
2024,girls,4x100,qualified,tri-valley,next_best_mark,False,3,24,0.125
2024,girls,4x400,declared,bay-shore,automatic,False,6,24,0.25
2024,girls,4x400,declared,class-a,automatic,False,3,24,0.125
2024,girls,4x400,declared,redwood-empire,automatic,False,6,24,0.25
2024,girls,4x400,declared,tri-valley,at_large_combined,True,3,24,0.125
2024,girls,4x400,declared,tri-valley,automatic,False,6,24,0.25
2024,girls,4x400,declared,tri-valley,next_best_mark,False,3,24,0.125
2024,girls,4x400,qualified,bay-shore,automatic,False,6,24,0.25
2024,girls,4x400,qualified,class-a,automatic,False,3,24,0.125
2024,girls,4x400,qualified,redwood-empire,automatic,False,6,24,0.25
2024,girls,4x400,qualified,tri-valley,at_large_combined,True,3,24,0.125
2024,girls,4x400,qualified,tri-valley,automatic,False,6,24,0.25
2024,girls,4x400,qualified,tri-valley,next_best_mark,False,3,24,0.125
2024,girls,800,declared,bay-shore,automatic,False,6,25,0.24
2024,girls,800,declared,class-a,automatic,False,3,25,0.12
2024,girls,800,declared,redwood-empire,automatic,False,6,25,0.24
2024,girls,800,declared,tri-valley,at_large_combined,True,4,25,0.16
2024,girls,800,declared,tri-valley,at_large_standard,False,1,25,0.04
2024,girls,800,declared,tri-valley,automatic,False,6,25,0.24
2024,girls,800,declared,tri-valley,next_best_mark,False,3,25,0.12
2024,girls,800,qualified,bay-shore,automatic,False,6,28,0.2143
2024,girls,800,qualified,class-a,automatic,False,3,28,0.1071
2024,girls,800,qualified,redwood-empire,automatic,False,6,28,0.2143
2024,girls,800,qualified,tri-valley,at_large_combined,True,7,28,0.25
2024,girls,800,qualified,tri-valley,at_large_standard,False,4,28,0.1429
2024,girls,800,qualified,tri-valley,automatic,False,6,28,0.2143
2024,girls,800,qualified,tri-valley,next_best_mark,False,3,28,0.1071
2024,girls,DT,declared,bay-shore,automatic,False,6,23,0.2609
2024,girls,DT,declared,class-a,automatic,False,3,23,0.1304
2024,girls,DT,declared,redwood-empire,automatic,False,6,23,0.2609
2024,girls,DT,declared,tri-valley,at_large_combined,True,2,23,0.087
2024,girls,DT,declared,tri-valley,automatic,False,6,23,0.2609
2024,girls,DT,declared,tri-valley,next_best_mark,False,2,23,0.087
2024,girls,DT,qualified,bay-shore,automatic,False,6,24,0.25
2024,girls,DT,qualified,class-a,automatic,False,3,24,0.125
2024,girls,DT,qualified,redwood-empire,automatic,False,6,24,0.25
2024,girls,DT,qualified,tri-valley,at_large_combined,True,3,24,0.125
2024,girls,DT,qualified,tri-valley,automatic,False,6,24,0.25
2024,girls,DT,qualified,tri-valley,next_best_mark,False,3,24,0.125
2024,girls,HJ,declared,bay-shore,automatic,False,6,30,0.2
2024,girls,HJ,declared,class-a,automatic,False,3,30,0.1
2024,girls,HJ,declared,redwood-empire,at_large_combined,True,7,30,0.2333
2024,girls,HJ,declared,redwood-empire,automatic,False,6,30,0.2
2024,girls,HJ,declared,redwood-empire,next_best_mark,False,7,30,0.2333
2024,girls,HJ,declared,tri-valley,at_large_combined,True,2,30,0.0667
2024,girls,HJ,declared,tri-valley,automatic,False,6,30,0.2
2024,girls,HJ,declared,tri-valley,next_best_mark,False,2,30,0.0667
2024,girls,HJ,qualified,bay-shore,automatic,False,6,26,0.2308
2024,girls,HJ,qualified,class-a,automatic,False,4,26,0.1538
2024,girls,HJ,qualified,redwood-empire,at_large_combined,True,2,26,0.0769
2024,girls,HJ,qualified,redwood-empire,automatic,False,6,26,0.2308
2024,girls,HJ,qualified,redwood-empire,next_best_mark,False,2,26,0.0769
2024,girls,HJ,qualified,tri-valley,at_large_combined,True,2,26,0.0769
2024,girls,HJ,qualified,tri-valley,automatic,False,6,26,0.2308
2024,girls,HJ,qualified,tri-valley,next_best_mark,False,2,26,0.0769
2024,girls,LJ,declared,bay-shore,at_large_combined,True,3,24,0.125
2024,girls,LJ,declared,bay-shore,automatic,False,6,24,0.25
2024,girls,LJ,declared,bay-shore,next_best_mark,False,3,24,0.125
2024,girls,LJ,declared,class-a,automatic,False,3,24,0.125
2024,girls,LJ,declared,redwood-empire,automatic,False,6,24,0.25
2024,girls,LJ,declared,tri-valley,automatic,False,6,24,0.25
2024,girls,LJ,qualified,bay-shore,at_large_combined,True,3,24,0.125
2024,girls,LJ,qualified,bay-shore,automatic,False,6,24,0.25
2024,girls,LJ,qualified,bay-shore,next_best_mark,False,3,24,0.125
2024,girls,LJ,qualified,class-a,automatic,False,3,24,0.125
2024,girls,LJ,qualified,redwood-empire,automatic,False,6,24,0.25
2024,girls,LJ,qualified,tri-valley,automatic,False,6,24,0.25
2024,girls,PV,declared,bay-shore,automatic,False,6,25,0.24
2024,girls,PV,declared,class-a,automatic,False,3,25,0.12
2024,girls,PV,declared,redwood-empire,automatic,False,6,25,0.24
2024,girls,PV,declared,tri-valley,at_large_combined,True,4,25,0.16
2024,girls,PV,declared,tri-valley,automatic,False,6,25,0.24
2024,girls,PV,declared,tri-valley,next_best_mark,False,4,25,0.16
2024,girls,PV,qualified,bay-shore,automatic,False,6,26,0.2308
2024,girls,PV,qualified,class-a,automatic,False,4,26,0.1538
2024,girls,PV,qualified,redwood-empire,automatic,False,6,26,0.2308
2024,girls,PV,qualified,tri-valley,at_large_combined,True,4,26,0.1538
2024,girls,PV,qualified,tri-valley,automatic,False,6,26,0.2308
2024,girls,PV,qualified,tri-valley,next_best_mark,False,4,26,0.1538
2024,girls,SP,declared,bay-shore,automatic,False,6,24,0.25
2024,girls,SP,declared,class-a,automatic,False,3,24,0.125
2024,girls,SP,declared,redwood-empire,at_large_combined,True,3,24,0.125
2024,girls,SP,declared,redwood-empire,automatic,False,6,24,0.25
2024,girls,SP,declared,redwood-empire,next_best_mark,False,3,24,0.125
2024,girls,SP,declared,tri-valley,automatic,False,6,24,0.25
2024,girls,SP,qualified,bay-shore,automatic,False,6,24,0.25
2024,girls,SP,qualified,class-a,automatic,False,3,24,0.125
2024,girls,SP,qualified,redwood-empire,at_large_combined,True,3,24,0.125
2024,girls,SP,qualified,redwood-empire,automatic,False,6,24,0.25
2024,girls,SP,qualified,redwood-empire,next_best_mark,False,3,24,0.125
2024,girls,SP,qualified,tri-valley,automatic,False,6,24,0.25
2024,girls,TJ,declared,bay-shore,at_large_combined,True,2,24,0.0833
2024,girls,TJ,declared,bay-shore,automatic,False,6,24,0.25
2024,girls,TJ,declared,bay-shore,next_best_mark,False,2,24,0.0833
2024,girls,TJ,declared,class-a,automatic,False,2,24,0.0833
2024,girls,TJ,declared,redwood-empire,at_large_combined,True,1,24,0.0417
2024,girls,TJ,declared,redwood-empire,automatic,False,6,24,0.25
2024,girls,TJ,declared,redwood-empire,next_best_mark,False,1,24,0.0417
2024,girls,TJ,declared,redwood-empire,unexplained,False,1,24,0.0417
2024,girls,TJ,declared,tri-valley,automatic,False,6,24,0.25
2024,girls,TJ,qualified,bay-shore,at_large_combined,True,2,24,0.0833
2024,girls,TJ,qualified,bay-shore,automatic,False,6,24,0.25
2024,girls,TJ,qualified,bay-shore,next_best_mark,False,2,24,0.0833
2024,girls,TJ,qualified,class-a,automatic,False,3,24,0.125
2024,girls,TJ,qualified,redwood-empire,at_large_combined,True,1,24,0.0417
2024,girls,TJ,qualified,redwood-empire,automatic,False,6,24,0.25
2024,girls,TJ,qualified,redwood-empire,next_best_mark,False,1,24,0.0417
2024,girls,TJ,qualified,tri-valley,automatic,False,6,24,0.25
2025,boys,100,declared,bay-shore,at_large_combined,True,1,30,0.0333
2025,boys,100,declared,bay-shore,at_large_standard,False,1,30,0.0333
2025,boys,100,declared,bay-shore,automatic,False,6,30,0.2
2025,boys,100,declared,class-a,automatic,False,3,30,0.1
2025,boys,100,declared,redwood-empire,at_large_combined,True,1,30,0.0333
2025,boys,100,declared,redwood-empire,at_large_standard,False,1,30,0.0333
2025,boys,100,declared,redwood-empire,automatic,False,6,30,0.2
2025,boys,100,declared,tri-valley,at_large_combined,True,7,30,0.2333
2025,boys,100,declared,tri-valley,at_large_standard,False,4,30,0.1333
2025,boys,100,declared,tri-valley,automatic,False,6,30,0.2
2025,boys,100,declared,tri-valley,next_best_mark,False,3,30,0.1
2025,boys,100,qualified,bay-shore,at_large_combined,True,1,31,0.0323
2025,boys,100,qualified,bay-shore,at_large_standard,False,1,31,0.0323
2025,boys,100,qualified,bay-shore,automatic,False,6,31,0.1935
2025,boys,100,qualified,class-a,automatic,False,3,31,0.0968
2025,boys,100,qualified,redwood-empire,at_large_combined,True,2,31,0.0645
2025,boys,100,qualified,redwood-empire,at_large_standard,False,2,31,0.0645
2025,boys,100,qualified,redwood-empire,automatic,False,6,31,0.1935
2025,boys,100,qualified,tri-valley,at_large_combined,True,7,31,0.2258
2025,boys,100,qualified,tri-valley,at_large_standard,False,4,31,0.129
2025,boys,100,qualified,tri-valley,automatic,False,6,31,0.1935
2025,boys,100,qualified,tri-valley,next_best_mark,False,3,31,0.0968
2025,boys,110H,declared,bay-shore,automatic,False,6,24,0.25
2025,boys,110H,declared,class-a,automatic,False,3,24,0.125
2025,boys,110H,declared,redwood-empire,automatic,False,6,24,0.25
2025,boys,110H,declared,tri-valley,at_large_combined,True,3,24,0.125
2025,boys,110H,declared,tri-valley,automatic,False,6,24,0.25
2025,boys,110H,declared,tri-valley,next_best_mark,False,3,24,0.125
2025,boys,110H,qualified,bay-shore,automatic,False,6,24,0.25
2025,boys,110H,qualified,class-a,automatic,False,3,24,0.125
2025,boys,110H,qualified,redwood-empire,automatic,False,6,24,0.25
2025,boys,110H,qualified,tri-valley,at_large_combined,True,3,24,0.125
2025,boys,110H,qualified,tri-valley,automatic,False,6,24,0.25
2025,boys,110H,qualified,tri-valley,next_best_mark,False,3,24,0.125
2025,boys,1600,declared,bay-shore,automatic,False,6,24,0.25
2025,boys,1600,declared,class-a,automatic,False,3,24,0.125
2025,boys,1600,declared,redwood-empire,at_large_combined,True,1,24,0.0417
2025,boys,1600,declared,redwood-empire,automatic,False,6,24,0.25
2025,boys,1600,declared,redwood-empire,next_best_mark,False,1,24,0.0417
2025,boys,1600,declared,tri-valley,at_large_combined,True,2,24,0.0833
2025,boys,1600,declared,tri-valley,automatic,False,6,24,0.25
2025,boys,1600,declared,tri-valley,next_best_mark,False,2,24,0.0833
2025,boys,1600,qualified,bay-shore,automatic,False,6,24,0.25
2025,boys,1600,qualified,class-a,automatic,False,3,24,0.125
2025,boys,1600,qualified,redwood-empire,at_large_combined,True,1,24,0.0417
2025,boys,1600,qualified,redwood-empire,automatic,False,6,24,0.25
2025,boys,1600,qualified,redwood-empire,next_best_mark,False,1,24,0.0417
2025,boys,1600,qualified,tri-valley,at_large_combined,True,2,24,0.0833
2025,boys,1600,qualified,tri-valley,automatic,False,6,24,0.25
2025,boys,1600,qualified,tri-valley,next_best_mark,False,2,24,0.0833
2025,boys,200,declared,bay-shore,at_large_combined,True,1,24,0.0417
2025,boys,200,declared,bay-shore,automatic,False,6,24,0.25
2025,boys,200,declared,bay-shore,next_best_mark,False,1,24,0.0417
2025,boys,200,declared,class-a,automatic,False,3,24,0.125
2025,boys,200,declared,redwood-empire,at_large_combined,True,1,24,0.0417
2025,boys,200,declared,redwood-empire,automatic,False,6,24,0.25
2025,boys,200,declared,redwood-empire,next_best_mark,False,1,24,0.0417
2025,boys,200,declared,tri-valley,at_large_combined,True,1,24,0.0417
2025,boys,200,declared,tri-valley,automatic,False,6,24,0.25
2025,boys,200,declared,tri-valley,next_best_mark,False,1,24,0.0417
2025,boys,200,qualified,bay-shore,at_large_combined,True,1,25,0.04
2025,boys,200,qualified,bay-shore,automatic,False,6,25,0.24
2025,boys,200,qualified,bay-shore,next_best_mark,False,1,25,0.04
2025,boys,200,qualified,class-a,automatic,False,3,25,0.12
2025,boys,200,qualified,redwood-empire,at_large_combined,True,2,25,0.08
2025,boys,200,qualified,redwood-empire,automatic,False,6,25,0.24
2025,boys,200,qualified,redwood-empire,next_best_mark,False,2,25,0.08
2025,boys,200,qualified,tri-valley,at_large_combined,True,1,25,0.04
2025,boys,200,qualified,tri-valley,automatic,False,6,25,0.24
2025,boys,200,qualified,tri-valley,next_best_mark,False,1,25,0.04
2025,boys,300H,declared,bay-shore,automatic,False,6,27,0.2222
2025,boys,300H,declared,class-a,automatic,False,3,27,0.1111
2025,boys,300H,declared,redwood-empire,automatic,False,6,27,0.2222
2025,boys,300H,declared,tri-valley,at_large_combined,True,6,27,0.2222
2025,boys,300H,declared,tri-valley,at_large_standard,False,3,27,0.1111
2025,boys,300H,declared,tri-valley,automatic,False,6,27,0.2222
2025,boys,300H,declared,tri-valley,next_best_mark,False,3,27,0.1111
2025,boys,300H,qualified,bay-shore,automatic,False,6,27,0.2222
2025,boys,300H,qualified,class-a,automatic,False,3,27,0.1111
2025,boys,300H,qualified,redwood-empire,automatic,False,6,27,0.2222
2025,boys,300H,qualified,tri-valley,at_large_combined,True,6,27,0.2222
2025,boys,300H,qualified,tri-valley,at_large_standard,False,3,27,0.1111
2025,boys,300H,qualified,tri-valley,automatic,False,6,27,0.2222
2025,boys,300H,qualified,tri-valley,next_best_mark,False,3,27,0.1111
2025,boys,3200,declared,bay-shore,automatic,False,6,24,0.25
2025,boys,3200,declared,class-a,automatic,False,3,24,0.125
2025,boys,3200,declared,redwood-empire,automatic,False,6,24,0.25
2025,boys,3200,declared,tri-valley,at_large_combined,True,3,24,0.125
2025,boys,3200,declared,tri-valley,automatic,False,6,24,0.25
2025,boys,3200,declared,tri-valley,next_best_mark,False,3,24,0.125
2025,boys,3200,qualified,bay-shore,automatic,False,6,24,0.25
2025,boys,3200,qualified,class-a,automatic,False,3,24,0.125
2025,boys,3200,qualified,redwood-empire,automatic,False,6,24,0.25
2025,boys,3200,qualified,tri-valley,at_large_combined,True,3,24,0.125
2025,boys,3200,qualified,tri-valley,automatic,False,6,24,0.25
2025,boys,3200,qualified,tri-valley,next_best_mark,False,3,24,0.125
2025,boys,400,declared,bay-shore,automatic,False,6,24,0.25
2025,boys,400,declared,class-a,automatic,False,3,24,0.125
2025,boys,400,declared,redwood-empire,automatic,False,6,24,0.25
2025,boys,400,declared,tri-valley,at_large_combined,True,3,24,0.125
2025,boys,400,declared,tri-valley,automatic,False,6,24,0.25
2025,boys,400,declared,tri-valley,next_best_mark,False,3,24,0.125
2025,boys,400,qualified,bay-shore,automatic,False,6,24,0.25
2025,boys,400,qualified,class-a,automatic,False,3,24,0.125
2025,boys,400,qualified,redwood-empire,automatic,False,6,24,0.25
2025,boys,400,qualified,tri-valley,at_large_combined,True,3,24,0.125
2025,boys,400,qualified,tri-valley,automatic,False,6,24,0.25
2025,boys,400,qualified,tri-valley,next_best_mark,False,3,24,0.125
2025,boys,4x100,declared,bay-shore,automatic,False,6,24,0.25
2025,boys,4x100,declared,class-a,automatic,False,3,24,0.125
2025,boys,4x100,declared,redwood-empire,automatic,False,6,24,0.25
2025,boys,4x100,declared,tri-valley,at_large_combined,True,3,24,0.125
2025,boys,4x100,declared,tri-valley,automatic,False,6,24,0.25
2025,boys,4x100,declared,tri-valley,next_best_mark,False,3,24,0.125
2025,boys,4x100,qualified,bay-shore,automatic,False,6,24,0.25
2025,boys,4x100,qualified,class-a,automatic,False,3,24,0.125
2025,boys,4x100,qualified,redwood-empire,at_large_combined,True,1,24,0.0417
2025,boys,4x100,qualified,redwood-empire,automatic,False,6,24,0.25
2025,boys,4x100,qualified,redwood-empire,next_best_mark,False,1,24,0.0417
2025,boys,4x100,qualified,tri-valley,at_large_combined,True,2,24,0.0833
2025,boys,4x100,qualified,tri-valley,automatic,False,6,24,0.25
2025,boys,4x100,qualified,tri-valley,next_best_mark,False,2,24,0.0833
2025,boys,4x400,declared,bay-shore,automatic,False,6,24,0.25
2025,boys,4x400,declared,class-a,automatic,False,3,24,0.125
2025,boys,4x400,declared,redwood-empire,automatic,False,6,24,0.25
2025,boys,4x400,declared,tri-valley,at_large_combined,True,3,24,0.125
2025,boys,4x400,declared,tri-valley,automatic,False,6,24,0.25
2025,boys,4x400,declared,tri-valley,next_best_mark,False,3,24,0.125
2025,boys,4x400,qualified,bay-shore,automatic,False,6,24,0.25
2025,boys,4x400,qualified,class-a,automatic,False,3,24,0.125
2025,boys,4x400,qualified,redwood-empire,automatic,False,6,24,0.25
2025,boys,4x400,qualified,tri-valley,at_large_combined,True,3,24,0.125
2025,boys,4x400,qualified,tri-valley,automatic,False,6,24,0.25
2025,boys,4x400,qualified,tri-valley,next_best_mark,False,3,24,0.125
2025,boys,800,declared,bay-shore,automatic,False,6,24,0.25
2025,boys,800,declared,class-a,automatic,False,3,24,0.125
2025,boys,800,declared,redwood-empire,at_large_combined,True,2,24,0.0833
2025,boys,800,declared,redwood-empire,automatic,False,6,24,0.25
2025,boys,800,declared,redwood-empire,next_best_mark,False,2,24,0.0833
2025,boys,800,declared,tri-valley,at_large_combined,True,1,24,0.0417
2025,boys,800,declared,tri-valley,automatic,False,6,24,0.25
2025,boys,800,declared,tri-valley,next_best_mark,False,1,24,0.0417
2025,boys,800,qualified,bay-shore,automatic,False,6,28,0.2143
2025,boys,800,qualified,class-a,automatic,False,3,28,0.1071
2025,boys,800,qualified,redwood-empire,at_large_combined,True,4,28,0.1429
2025,boys,800,qualified,redwood-empire,at_large_standard,False,3,28,0.1071
2025,boys,800,qualified,redwood-empire,automatic,False,6,28,0.2143
2025,boys,800,qualified,redwood-empire,next_best_mark,False,1,28,0.0357
2025,boys,800,qualified,tri-valley,at_large_combined,True,3,28,0.1071
2025,boys,800,qualified,tri-valley,at_large_standard,False,1,28,0.0357
2025,boys,800,qualified,tri-valley,automatic,False,6,28,0.2143
2025,boys,800,qualified,tri-valley,next_best_mark,False,2,28,0.0714
2025,boys,DT,declared,bay-shore,automatic,False,6,24,0.25
2025,boys,DT,declared,class-a,automatic,False,3,24,0.125
2025,boys,DT,declared,redwood-empire,at_large_combined,True,1,24,0.0417
2025,boys,DT,declared,redwood-empire,automatic,False,6,24,0.25
2025,boys,DT,declared,redwood-empire,next_best_mark,False,1,24,0.0417
2025,boys,DT,declared,tri-valley,at_large_combined,True,2,24,0.0833
2025,boys,DT,declared,tri-valley,automatic,False,6,24,0.25
2025,boys,DT,declared,tri-valley,next_best_mark,False,2,24,0.0833
2025,boys,DT,qualified,bay-shore,automatic,False,6,24,0.25
2025,boys,DT,qualified,class-a,automatic,False,3,24,0.125
2025,boys,DT,qualified,redwood-empire,at_large_combined,True,1,24,0.0417
2025,boys,DT,qualified,redwood-empire,automatic,False,6,24,0.25
2025,boys,DT,qualified,redwood-empire,next_best_mark,False,1,24,0.0417
2025,boys,DT,qualified,tri-valley,at_large_combined,True,2,24,0.0833
2025,boys,DT,qualified,tri-valley,automatic,False,6,24,0.25
2025,boys,DT,qualified,tri-valley,next_best_mark,False,2,24,0.0833
2025,boys,HJ,declared,bay-shore,automatic,False,6,29,0.2069
2025,boys,HJ,declared,class-a,automatic,False,3,29,0.1034
2025,boys,HJ,declared,redwood-empire,automatic,False,7,29,0.2414
2025,boys,HJ,declared,tri-valley,at_large_combined,True,7,29,0.2414
2025,boys,HJ,declared,tri-valley,automatic,False,6,29,0.2069
2025,boys,HJ,declared,tri-valley,next_best_mark,False,7,29,0.2414
2025,boys,HJ,qualified,bay-shore,automatic,False,6,29,0.2069
2025,boys,HJ,qualified,class-a,automatic,False,3,29,0.1034
2025,boys,HJ,qualified,redwood-empire,automatic,False,7,29,0.2414
2025,boys,HJ,qualified,tri-valley,at_large_combined,True,7,29,0.2414
2025,boys,HJ,qualified,tri-valley,automatic,False,6,29,0.2069
2025,boys,HJ,qualified,tri-valley,next_best_mark,False,7,29,0.2414
2025,boys,LJ,declared,bay-shore,automatic,False,6,24,0.25
2025,boys,LJ,declared,class-a,automatic,False,3,24,0.125
2025,boys,LJ,declared,redwood-empire,automatic,False,6,24,0.25
2025,boys,LJ,declared,tri-valley,at_large_combined,True,3,24,0.125
2025,boys,LJ,declared,tri-valley,automatic,False,6,24,0.25
2025,boys,LJ,declared,tri-valley,next_best_mark,False,3,24,0.125
2025,boys,LJ,qualified,bay-shore,automatic,False,6,24,0.25
2025,boys,LJ,qualified,class-a,automatic,False,3,24,0.125
2025,boys,LJ,qualified,redwood-empire,automatic,False,6,24,0.25
2025,boys,LJ,qualified,tri-valley,at_large_combined,True,3,24,0.125
2025,boys,LJ,qualified,tri-valley,automatic,False,6,24,0.25
2025,boys,LJ,qualified,tri-valley,next_best_mark,False,3,24,0.125
2025,boys,PV,declared,bay-shore,automatic,False,6,24,0.25
2025,boys,PV,declared,class-a,automatic,False,3,24,0.125
2025,boys,PV,declared,redwood-empire,automatic,False,6,24,0.25
2025,boys,PV,declared,tri-valley,at_large_combined,True,3,24,0.125
2025,boys,PV,declared,tri-valley,automatic,False,6,24,0.25
2025,boys,PV,declared,tri-valley,next_best_mark,False,3,24,0.125
2025,boys,PV,qualified,bay-shore,automatic,False,6,24,0.25
2025,boys,PV,qualified,class-a,automatic,False,3,24,0.125
2025,boys,PV,qualified,redwood-empire,automatic,False,6,24,0.25
2025,boys,PV,qualified,tri-valley,at_large_combined,True,3,24,0.125
2025,boys,PV,qualified,tri-valley,automatic,False,6,24,0.25
2025,boys,PV,qualified,tri-valley,next_best_mark,False,3,24,0.125
2025,boys,SP,declared,bay-shore,automatic,False,6,24,0.25
2025,boys,SP,declared,class-a,automatic,False,3,24,0.125
2025,boys,SP,declared,redwood-empire,automatic,False,6,24,0.25
2025,boys,SP,declared,tri-valley,at_large_combined,True,3,24,0.125
2025,boys,SP,declared,tri-valley,automatic,False,6,24,0.25
2025,boys,SP,declared,tri-valley,next_best_mark,False,3,24,0.125
2025,boys,SP,qualified,bay-shore,automatic,False,6,24,0.25
2025,boys,SP,qualified,class-a,automatic,False,3,24,0.125
2025,boys,SP,qualified,redwood-empire,automatic,False,6,24,0.25
2025,boys,SP,qualified,tri-valley,at_large_combined,True,3,24,0.125
2025,boys,SP,qualified,tri-valley,automatic,False,6,24,0.25
2025,boys,SP,qualified,tri-valley,next_best_mark,False,3,24,0.125
2025,boys,TJ,declared,bay-shore,automatic,False,6,24,0.25
2025,boys,TJ,declared,class-a,automatic,False,3,24,0.125
2025,boys,TJ,declared,redwood-empire,automatic,False,6,24,0.25
2025,boys,TJ,declared,tri-valley,at_large_combined,True,3,24,0.125
2025,boys,TJ,declared,tri-valley,automatic,False,6,24,0.25
2025,boys,TJ,declared,tri-valley,next_best_mark,False,3,24,0.125
2025,boys,TJ,qualified,bay-shore,automatic,False,6,24,0.25
2025,boys,TJ,qualified,class-a,automatic,False,3,24,0.125
2025,boys,TJ,qualified,redwood-empire,automatic,False,6,24,0.25
2025,boys,TJ,qualified,tri-valley,at_large_combined,True,3,24,0.125
2025,boys,TJ,qualified,tri-valley,automatic,False,6,24,0.25
2025,boys,TJ,qualified,tri-valley,next_best_mark,False,3,24,0.125
2025,girls,100,declared,bay-shore,automatic,False,6,25,0.24
2025,girls,100,declared,class-a,automatic,False,3,25,0.12
2025,girls,100,declared,redwood-empire,automatic,False,6,25,0.24
2025,girls,100,declared,tri-valley,at_large_combined,True,4,25,0.16
2025,girls,100,declared,tri-valley,at_large_standard,False,1,25,0.04
2025,girls,100,declared,tri-valley,automatic,False,6,25,0.24
2025,girls,100,declared,tri-valley,next_best_mark,False,3,25,0.12
2025,girls,100,qualified,bay-shore,automatic,False,6,26,0.2308
2025,girls,100,qualified,class-a,automatic,False,3,26,0.1154
2025,girls,100,qualified,redwood-empire,automatic,False,6,26,0.2308
2025,girls,100,qualified,tri-valley,at_large_combined,True,5,26,0.1923
2025,girls,100,qualified,tri-valley,at_large_standard,False,2,26,0.0769
2025,girls,100,qualified,tri-valley,automatic,False,6,26,0.2308
2025,girls,100,qualified,tri-valley,next_best_mark,False,3,26,0.1154
2025,girls,100H,declared,bay-shore,automatic,False,6,24,0.25
2025,girls,100H,declared,class-a,at_large_combined,True,2,24,0.0833
2025,girls,100H,declared,class-a,automatic,False,3,24,0.125
2025,girls,100H,declared,class-a,next_best_mark,False,2,24,0.0833
2025,girls,100H,declared,redwood-empire,at_large_combined,True,1,24,0.0417
2025,girls,100H,declared,redwood-empire,automatic,False,6,24,0.25
2025,girls,100H,declared,redwood-empire,next_best_mark,False,1,24,0.0417
2025,girls,100H,declared,tri-valley,automatic,False,6,24,0.25
2025,girls,100H,qualified,bay-shore,automatic,False,6,24,0.25
2025,girls,100H,qualified,class-a,at_large_combined,True,2,24,0.0833
2025,girls,100H,qualified,class-a,automatic,False,3,24,0.125
2025,girls,100H,qualified,class-a,next_best_mark,False,2,24,0.0833
2025,girls,100H,qualified,redwood-empire,at_large_combined,True,1,24,0.0417
2025,girls,100H,qualified,redwood-empire,automatic,False,6,24,0.25
2025,girls,100H,qualified,redwood-empire,next_best_mark,False,1,24,0.0417
2025,girls,100H,qualified,tri-valley,automatic,False,6,24,0.25
2025,girls,1600,declared,bay-shore,automatic,False,6,24,0.25
2025,girls,1600,declared,class-a,automatic,False,3,24,0.125
2025,girls,1600,declared,redwood-empire,at_large_combined,True,3,24,0.125
2025,girls,1600,declared,redwood-empire,automatic,False,6,24,0.25
2025,girls,1600,declared,redwood-empire,next_best_mark,False,3,24,0.125
2025,girls,1600,declared,tri-valley,automatic,False,6,24,0.25
2025,girls,1600,qualified,bay-shore,automatic,False,6,28,0.2143
2025,girls,1600,qualified,class-a,automatic,False,3,28,0.1071
2025,girls,1600,qualified,redwood-empire,at_large_combined,True,3,28,0.1071
2025,girls,1600,qualified,redwood-empire,at_large_standard,False,1,28,0.0357
2025,girls,1600,qualified,redwood-empire,automatic,False,6,28,0.2143
2025,girls,1600,qualified,redwood-empire,next_best_mark,False,2,28,0.0714
2025,girls,1600,qualified,tri-valley,at_large_combined,True,4,28,0.1429
2025,girls,1600,qualified,tri-valley,at_large_standard,False,3,28,0.1071
2025,girls,1600,qualified,tri-valley,automatic,False,6,28,0.2143
2025,girls,1600,qualified,tri-valley,next_best_mark,False,1,28,0.0357
2025,girls,200,declared,bay-shore,automatic,False,6,27,0.2222
2025,girls,200,declared,class-a,at_large_combined,True,1,27,0.037
2025,girls,200,declared,class-a,at_large_standard,False,1,27,0.037
2025,girls,200,declared,class-a,automatic,False,3,27,0.1111
2025,girls,200,declared,redwood-empire,automatic,False,6,27,0.2222
2025,girls,200,declared,tri-valley,at_large_combined,True,5,27,0.1852
2025,girls,200,declared,tri-valley,at_large_standard,False,2,27,0.0741
2025,girls,200,declared,tri-valley,automatic,False,6,27,0.2222
2025,girls,200,declared,tri-valley,next_best_mark,False,3,27,0.1111
2025,girls,200,qualified,bay-shore,automatic,False,6,28,0.2143
2025,girls,200,qualified,class-a,at_large_combined,True,1,28,0.0357
2025,girls,200,qualified,class-a,at_large_standard,False,1,28,0.0357
2025,girls,200,qualified,class-a,automatic,False,3,28,0.1071
2025,girls,200,qualified,redwood-empire,automatic,False,6,28,0.2143
2025,girls,200,qualified,tri-valley,at_large_combined,True,6,28,0.2143
2025,girls,200,qualified,tri-valley,at_large_standard,False,3,28,0.1071
2025,girls,200,qualified,tri-valley,automatic,False,6,28,0.2143
2025,girls,200,qualified,tri-valley,next_best_mark,False,3,28,0.1071
2025,girls,300H,declared,bay-shore,automatic,False,6,24,0.25
2025,girls,300H,declared,class-a,automatic,False,3,24,0.125
2025,girls,300H,declared,redwood-empire,automatic,False,6,24,0.25
2025,girls,300H,declared,tri-valley,at_large_combined,True,3,24,0.125
2025,girls,300H,declared,tri-valley,automatic,False,6,24,0.25
2025,girls,300H,declared,tri-valley,next_best_mark,False,3,24,0.125
2025,girls,300H,qualified,bay-shore,automatic,False,6,24,0.25
2025,girls,300H,qualified,class-a,automatic,False,3,24,0.125
2025,girls,300H,qualified,redwood-empire,automatic,False,6,24,0.25
2025,girls,300H,qualified,tri-valley,at_large_combined,True,3,24,0.125
2025,girls,300H,qualified,tri-valley,automatic,False,6,24,0.25
2025,girls,300H,qualified,tri-valley,next_best_mark,False,3,24,0.125
2025,girls,3200,declared,bay-shore,automatic,False,6,24,0.25
2025,girls,3200,declared,class-a,automatic,False,3,24,0.125
2025,girls,3200,declared,redwood-empire,at_large_combined,True,2,24,0.0833
2025,girls,3200,declared,redwood-empire,automatic,False,6,24,0.25
2025,girls,3200,declared,redwood-empire,next_best_mark,False,2,24,0.0833
2025,girls,3200,declared,tri-valley,at_large_combined,True,1,24,0.0417
2025,girls,3200,declared,tri-valley,automatic,False,6,24,0.25
2025,girls,3200,declared,tri-valley,next_best_mark,False,1,24,0.0417
2025,girls,3200,qualified,bay-shore,automatic,False,6,24,0.25
2025,girls,3200,qualified,class-a,automatic,False,3,24,0.125
2025,girls,3200,qualified,redwood-empire,at_large_combined,True,2,24,0.0833
2025,girls,3200,qualified,redwood-empire,automatic,False,6,24,0.25
2025,girls,3200,qualified,redwood-empire,next_best_mark,False,2,24,0.0833
2025,girls,3200,qualified,tri-valley,at_large_combined,True,1,24,0.0417
2025,girls,3200,qualified,tri-valley,automatic,False,6,24,0.25
2025,girls,3200,qualified,tri-valley,next_best_mark,False,1,24,0.0417
2025,girls,400,declared,bay-shore,automatic,False,6,24,0.25
2025,girls,400,declared,class-a,automatic,False,3,24,0.125
2025,girls,400,declared,redwood-empire,automatic,False,6,24,0.25
2025,girls,400,declared,tri-valley,at_large_combined,True,3,24,0.125
2025,girls,400,declared,tri-valley,automatic,False,6,24,0.25
2025,girls,400,declared,tri-valley,next_best_mark,False,3,24,0.125
2025,girls,400,qualified,bay-shore,automatic,False,6,27,0.2222
2025,girls,400,qualified,class-a,at_large_combined,True,1,27,0.037
2025,girls,400,qualified,class-a,at_large_standard,False,1,27,0.037
2025,girls,400,qualified,class-a,automatic,False,3,27,0.1111
2025,girls,400,qualified,redwood-empire,automatic,False,6,27,0.2222
2025,girls,400,qualified,tri-valley,at_large_combined,True,5,27,0.1852
2025,girls,400,qualified,tri-valley,at_large_standard,False,2,27,0.0741
2025,girls,400,qualified,tri-valley,automatic,False,6,27,0.2222
2025,girls,400,qualified,tri-valley,next_best_mark,False,3,27,0.1111
2025,girls,4x100,declared,bay-shore,at_large_combined,True,1,24,0.0417
2025,girls,4x100,declared,bay-shore,automatic,False,6,24,0.25
2025,girls,4x100,declared,bay-shore,next_best_mark,False,1,24,0.0417
2025,girls,4x100,declared,class-a,automatic,False,3,24,0.125
2025,girls,4x100,declared,redwood-empire,automatic,False,6,24,0.25
2025,girls,4x100,declared,tri-valley,at_large_combined,True,2,24,0.0833
2025,girls,4x100,declared,tri-valley,automatic,False,6,24,0.25
2025,girls,4x100,declared,tri-valley,next_best_mark,False,2,24,0.0833
2025,girls,4x100,qualified,bay-shore,at_large_combined,True,1,24,0.0417
2025,girls,4x100,qualified,bay-shore,automatic,False,6,24,0.25
2025,girls,4x100,qualified,bay-shore,next_best_mark,False,1,24,0.0417
2025,girls,4x100,qualified,class-a,automatic,False,3,24,0.125
2025,girls,4x100,qualified,redwood-empire,automatic,False,6,24,0.25
2025,girls,4x100,qualified,tri-valley,at_large_combined,True,2,24,0.0833
2025,girls,4x100,qualified,tri-valley,automatic,False,6,24,0.25
2025,girls,4x100,qualified,tri-valley,next_best_mark,False,2,24,0.0833
2025,girls,4x400,declared,bay-shore,automatic,False,6,24,0.25
2025,girls,4x400,declared,class-a,at_large_combined,True,1,24,0.0417
2025,girls,4x400,declared,class-a,automatic,False,3,24,0.125
2025,girls,4x400,declared,class-a,next_best_mark,False,1,24,0.0417
2025,girls,4x400,declared,redwood-empire,automatic,False,6,24,0.25
2025,girls,4x400,declared,tri-valley,at_large_combined,True,2,24,0.0833
2025,girls,4x400,declared,tri-valley,automatic,False,6,24,0.25
2025,girls,4x400,declared,tri-valley,next_best_mark,False,2,24,0.0833
2025,girls,4x400,qualified,bay-shore,automatic,False,6,24,0.25
2025,girls,4x400,qualified,class-a,at_large_combined,True,1,24,0.0417
2025,girls,4x400,qualified,class-a,automatic,False,3,24,0.125
2025,girls,4x400,qualified,class-a,next_best_mark,False,1,24,0.0417
2025,girls,4x400,qualified,redwood-empire,automatic,False,6,24,0.25
2025,girls,4x400,qualified,tri-valley,at_large_combined,True,2,24,0.0833
2025,girls,4x400,qualified,tri-valley,automatic,False,6,24,0.25
2025,girls,4x400,qualified,tri-valley,next_best_mark,False,2,24,0.0833
2025,girls,800,declared,bay-shore,automatic,False,6,24,0.25
2025,girls,800,declared,class-a,at_large_combined,True,2,24,0.0833
2025,girls,800,declared,class-a,automatic,False,3,24,0.125
2025,girls,800,declared,class-a,next_best_mark,False,2,24,0.0833
2025,girls,800,declared,redwood-empire,automatic,False,6,24,0.25
2025,girls,800,declared,tri-valley,at_large_combined,True,1,24,0.0417
2025,girls,800,declared,tri-valley,automatic,False,6,24,0.25
2025,girls,800,declared,tri-valley,next_best_mark,False,1,24,0.0417
2025,girls,800,qualified,bay-shore,automatic,False,6,26,0.2308
2025,girls,800,qualified,class-a,at_large_combined,True,3,26,0.1154
2025,girls,800,qualified,class-a,at_large_standard,False,1,26,0.0385
2025,girls,800,qualified,class-a,automatic,False,3,26,0.1154
2025,girls,800,qualified,class-a,next_best_mark,False,2,26,0.0769
2025,girls,800,qualified,redwood-empire,automatic,False,6,26,0.2308
2025,girls,800,qualified,tri-valley,at_large_combined,True,2,26,0.0769
2025,girls,800,qualified,tri-valley,at_large_standard,False,1,26,0.0385
2025,girls,800,qualified,tri-valley,automatic,False,6,26,0.2308
2025,girls,800,qualified,tri-valley,next_best_mark,False,1,26,0.0385
2025,girls,DT,declared,bay-shore,automatic,False,6,25,0.24
2025,girls,DT,declared,class-a,automatic,False,3,25,0.12
2025,girls,DT,declared,redwood-empire,at_large_combined,True,3,25,0.12
2025,girls,DT,declared,redwood-empire,at_large_standard,False,1,25,0.04
2025,girls,DT,declared,redwood-empire,automatic,False,6,25,0.24
2025,girls,DT,declared,redwood-empire,next_best_mark,False,2,25,0.08
2025,girls,DT,declared,tri-valley,at_large_combined,True,1,25,0.04
2025,girls,DT,declared,tri-valley,automatic,False,6,25,0.24
2025,girls,DT,declared,tri-valley,next_best_mark,False,1,25,0.04
2025,girls,DT,qualified,bay-shore,automatic,False,6,25,0.24
2025,girls,DT,qualified,class-a,automatic,False,3,25,0.12
2025,girls,DT,qualified,redwood-empire,at_large_combined,True,3,25,0.12
2025,girls,DT,qualified,redwood-empire,at_large_standard,False,1,25,0.04
2025,girls,DT,qualified,redwood-empire,automatic,False,6,25,0.24
2025,girls,DT,qualified,redwood-empire,next_best_mark,False,2,25,0.08
2025,girls,DT,qualified,tri-valley,at_large_combined,True,1,25,0.04
2025,girls,DT,qualified,tri-valley,automatic,False,6,25,0.24
2025,girls,DT,qualified,tri-valley,next_best_mark,False,1,25,0.04
2025,girls,HJ,declared,bay-shore,automatic,False,6,26,0.2308
2025,girls,HJ,declared,class-a,at_large_combined,True,1,26,0.0385
2025,girls,HJ,declared,class-a,automatic,False,3,26,0.1154
2025,girls,HJ,declared,class-a,next_best_mark,False,1,26,0.0385
2025,girls,HJ,declared,redwood-empire,automatic,False,7,26,0.2692
2025,girls,HJ,declared,tri-valley,at_large_combined,True,3,26,0.1154
2025,girls,HJ,declared,tri-valley,automatic,False,6,26,0.2308
2025,girls,HJ,declared,tri-valley,next_best_mark,False,3,26,0.1154
2025,girls,HJ,qualified,bay-shore,automatic,False,6,25,0.24
2025,girls,HJ,qualified,class-a,at_large_combined,True,1,25,0.04
2025,girls,HJ,qualified,class-a,automatic,False,3,25,0.12
2025,girls,HJ,qualified,class-a,next_best_mark,False,1,25,0.04
2025,girls,HJ,qualified,redwood-empire,automatic,False,6,25,0.24
2025,girls,HJ,qualified,tri-valley,at_large_combined,True,3,25,0.12
2025,girls,HJ,qualified,tri-valley,automatic,False,6,25,0.24
2025,girls,HJ,qualified,tri-valley,next_best_mark,False,3,25,0.12
2025,girls,LJ,declared,bay-shore,at_large_combined,True,1,24,0.0417
2025,girls,LJ,declared,bay-shore,automatic,False,6,24,0.25
2025,girls,LJ,declared,bay-shore,next_best_mark,False,1,24,0.0417
2025,girls,LJ,declared,class-a,automatic,False,3,24,0.125
2025,girls,LJ,declared,redwood-empire,automatic,False,6,24,0.25
2025,girls,LJ,declared,tri-valley,at_large_combined,True,2,24,0.0833
2025,girls,LJ,declared,tri-valley,automatic,False,6,24,0.25
2025,girls,LJ,declared,tri-valley,next_best_mark,False,2,24,0.0833
2025,girls,LJ,qualified,bay-shore,at_large_combined,True,1,24,0.0417
2025,girls,LJ,qualified,bay-shore,automatic,False,6,24,0.25
2025,girls,LJ,qualified,bay-shore,next_best_mark,False,1,24,0.0417
2025,girls,LJ,qualified,class-a,automatic,False,3,24,0.125
2025,girls,LJ,qualified,redwood-empire,automatic,False,6,24,0.25
2025,girls,LJ,qualified,tri-valley,at_large_combined,True,2,24,0.0833
2025,girls,LJ,qualified,tri-valley,automatic,False,6,24,0.25
2025,girls,LJ,qualified,tri-valley,next_best_mark,False,2,24,0.0833
2025,girls,PV,declared,bay-shore,automatic,False,6,24,0.25
2025,girls,PV,declared,class-a,automatic,False,3,24,0.125
2025,girls,PV,declared,redwood-empire,at_large_combined,True,1,24,0.0417
2025,girls,PV,declared,redwood-empire,automatic,False,7,24,0.2917
2025,girls,PV,declared,redwood-empire,next_best_mark,False,1,24,0.0417
2025,girls,PV,declared,tri-valley,at_large_combined,True,1,24,0.0417
2025,girls,PV,declared,tri-valley,automatic,False,6,24,0.25
2025,girls,PV,declared,tri-valley,next_best_mark,False,1,24,0.0417
2025,girls,PV,qualified,bay-shore,automatic,False,6,25,0.24
2025,girls,PV,qualified,class-a,automatic,False,3,25,0.12
2025,girls,PV,qualified,redwood-empire,at_large_combined,True,1,25,0.04
2025,girls,PV,qualified,redwood-empire,automatic,False,7,25,0.28
2025,girls,PV,qualified,redwood-empire,next_best_mark,False,1,25,0.04
2025,girls,PV,qualified,tri-valley,at_large_combined,True,2,25,0.08
2025,girls,PV,qualified,tri-valley,automatic,False,6,25,0.24
2025,girls,PV,qualified,tri-valley,next_best_mark,False,2,25,0.08
2025,girls,SP,declared,bay-shore,automatic,False,6,24,0.25
2025,girls,SP,declared,class-a,automatic,False,3,24,0.125
2025,girls,SP,declared,redwood-empire,at_large_combined,True,1,24,0.0417
2025,girls,SP,declared,redwood-empire,automatic,False,6,24,0.25
2025,girls,SP,declared,redwood-empire,next_best_mark,False,1,24,0.0417
2025,girls,SP,declared,tri-valley,at_large_combined,True,2,24,0.0833
2025,girls,SP,declared,tri-valley,automatic,False,6,24,0.25
2025,girls,SP,declared,tri-valley,next_best_mark,False,2,24,0.0833
2025,girls,SP,qualified,bay-shore,automatic,False,6,24,0.25
2025,girls,SP,qualified,class-a,automatic,False,3,24,0.125
2025,girls,SP,qualified,redwood-empire,at_large_combined,True,1,24,0.0417
2025,girls,SP,qualified,redwood-empire,automatic,False,6,24,0.25
2025,girls,SP,qualified,redwood-empire,next_best_mark,False,1,24,0.0417
2025,girls,SP,qualified,tri-valley,at_large_combined,True,2,24,0.0833
2025,girls,SP,qualified,tri-valley,automatic,False,6,24,0.25
2025,girls,SP,qualified,tri-valley,next_best_mark,False,2,24,0.0833
2025,girls,TJ,declared,bay-shore,at_large_combined,True,1,24,0.0417
2025,girls,TJ,declared,bay-shore,automatic,False,6,24,0.25
2025,girls,TJ,declared,bay-shore,next_best_mark,False,1,24,0.0417
2025,girls,TJ,declared,class-a,automatic,False,3,24,0.125
2025,girls,TJ,declared,redwood-empire,automatic,False,6,24,0.25
2025,girls,TJ,declared,tri-valley,at_large_combined,True,2,24,0.0833
2025,girls,TJ,declared,tri-valley,automatic,False,6,24,0.25
2025,girls,TJ,declared,tri-valley,next_best_mark,False,2,24,0.0833
2025,girls,TJ,qualified,bay-shore,at_large_combined,True,1,24,0.0417
2025,girls,TJ,qualified,bay-shore,automatic,False,6,24,0.25
2025,girls,TJ,qualified,bay-shore,next_best_mark,False,1,24,0.0417
2025,girls,TJ,qualified,class-a,automatic,False,3,24,0.125
2025,girls,TJ,qualified,redwood-empire,automatic,False,6,24,0.25
2025,girls,TJ,qualified,tri-valley,at_large_combined,True,2,24,0.0833
2025,girls,TJ,qualified,tri-valley,automatic,False,6,24,0.25
2025,girls,TJ,qualified,tri-valley,next_best_mark,False,2,24,0.0833
2026,boys,100,declared,bay-shore,automatic,False,6,24,0.25
2026,boys,100,declared,class-a,automatic,False,3,24,0.125
2026,boys,100,declared,redwood-empire,automatic,False,6,24,0.25
2026,boys,100,declared,tri-valley,at_large_combined,True,3,24,0.125
2026,boys,100,declared,tri-valley,automatic,False,6,24,0.25
2026,boys,100,declared,tri-valley,next_best_mark,False,3,24,0.125
2026,boys,100,qualified,bay-shore,automatic,False,6,24,0.25
2026,boys,100,qualified,class-a,automatic,False,3,24,0.125
2026,boys,100,qualified,redwood-empire,automatic,False,6,24,0.25
2026,boys,100,qualified,tri-valley,at_large_combined,True,3,24,0.125
2026,boys,100,qualified,tri-valley,automatic,False,6,24,0.25
2026,boys,100,qualified,tri-valley,next_best_mark,False,3,24,0.125
2026,boys,110H,declared,bay-shore,automatic,False,6,24,0.25
2026,boys,110H,declared,class-a,automatic,False,3,24,0.125
2026,boys,110H,declared,redwood-empire,automatic,False,6,24,0.25
2026,boys,110H,declared,tri-valley,at_large_combined,True,3,24,0.125
2026,boys,110H,declared,tri-valley,automatic,False,6,24,0.25
2026,boys,110H,declared,tri-valley,next_best_mark,False,3,24,0.125
2026,boys,110H,qualified,bay-shore,automatic,False,6,24,0.25
2026,boys,110H,qualified,class-a,automatic,False,3,24,0.125
2026,boys,110H,qualified,redwood-empire,automatic,False,6,24,0.25
2026,boys,110H,qualified,tri-valley,at_large_combined,True,3,24,0.125
2026,boys,110H,qualified,tri-valley,automatic,False,6,24,0.25
2026,boys,110H,qualified,tri-valley,next_best_mark,False,3,24,0.125
2026,boys,1600,declared,bay-shore,automatic,False,6,25,0.24
2026,boys,1600,declared,class-a,automatic,False,3,25,0.12
2026,boys,1600,declared,redwood-empire,at_large_combined,True,1,25,0.04
2026,boys,1600,declared,redwood-empire,at_large_standard,False,1,25,0.04
2026,boys,1600,declared,redwood-empire,automatic,False,6,25,0.24
2026,boys,1600,declared,tri-valley,at_large_combined,True,3,25,0.12
2026,boys,1600,declared,tri-valley,automatic,False,6,25,0.24
2026,boys,1600,declared,tri-valley,next_best_mark,False,3,25,0.12
2026,boys,1600,qualified,bay-shore,automatic,False,6,31,0.1935
2026,boys,1600,qualified,class-a,automatic,False,3,31,0.0968
2026,boys,1600,qualified,redwood-empire,at_large_combined,True,5,31,0.1613
2026,boys,1600,qualified,redwood-empire,at_large_standard,False,2,31,0.0645
2026,boys,1600,qualified,redwood-empire,automatic,False,6,31,0.1935
2026,boys,1600,qualified,redwood-empire,next_best_mark,False,3,31,0.0968
2026,boys,1600,qualified,tri-valley,at_large_combined,True,5,31,0.1613
2026,boys,1600,qualified,tri-valley,at_large_standard,False,5,31,0.1613
2026,boys,1600,qualified,tri-valley,automatic,False,6,31,0.1935
2026,boys,200,declared,bay-shore,at_large_combined,True,3,36,0.0833
2026,boys,200,declared,bay-shore,at_large_standard,False,3,36,0.0833
2026,boys,200,declared,bay-shore,automatic,False,6,36,0.1667
2026,boys,200,declared,class-a,at_large_combined,True,2,36,0.0556
2026,boys,200,declared,class-a,at_large_standard,False,2,36,0.0556
2026,boys,200,declared,class-a,automatic,False,3,36,0.0833
2026,boys,200,declared,redwood-empire,automatic,False,6,36,0.1667
2026,boys,200,declared,tri-valley,at_large_combined,True,10,36,0.2778
2026,boys,200,declared,tri-valley,at_large_standard,False,7,36,0.1944
2026,boys,200,declared,tri-valley,automatic,False,6,36,0.1667
2026,boys,200,declared,tri-valley,next_best_mark,False,3,36,0.0833
2026,boys,200,qualified,bay-shore,at_large_combined,True,3,39,0.0769
2026,boys,200,qualified,bay-shore,at_large_standard,False,3,39,0.0769
2026,boys,200,qualified,bay-shore,automatic,False,6,39,0.1538
2026,boys,200,qualified,class-a,at_large_combined,True,2,39,0.0513
2026,boys,200,qualified,class-a,at_large_standard,False,2,39,0.0513
2026,boys,200,qualified,class-a,automatic,False,3,39,0.0769
2026,boys,200,qualified,redwood-empire,automatic,False,6,39,0.1538
2026,boys,200,qualified,tri-valley,at_large_combined,True,13,39,0.3333
2026,boys,200,qualified,tri-valley,at_large_standard,False,10,39,0.2564
2026,boys,200,qualified,tri-valley,automatic,False,6,39,0.1538
2026,boys,200,qualified,tri-valley,next_best_mark,False,3,39,0.0769
2026,boys,300H,declared,bay-shore,automatic,False,6,25,0.24
2026,boys,300H,declared,class-a,automatic,False,3,25,0.12
2026,boys,300H,declared,redwood-empire,automatic,False,6,25,0.24
2026,boys,300H,declared,tri-valley,at_large_combined,True,4,25,0.16
2026,boys,300H,declared,tri-valley,at_large_standard,False,1,25,0.04
2026,boys,300H,declared,tri-valley,automatic,False,6,25,0.24
2026,boys,300H,declared,tri-valley,next_best_mark,False,3,25,0.12
2026,boys,300H,qualified,bay-shore,automatic,False,6,25,0.24
2026,boys,300H,qualified,class-a,automatic,False,3,25,0.12
2026,boys,300H,qualified,redwood-empire,automatic,False,6,25,0.24
2026,boys,300H,qualified,tri-valley,at_large_combined,True,4,25,0.16
2026,boys,300H,qualified,tri-valley,at_large_standard,False,1,25,0.04
2026,boys,300H,qualified,tri-valley,automatic,False,6,25,0.24
2026,boys,300H,qualified,tri-valley,next_best_mark,False,3,25,0.12
2026,boys,3200,declared,bay-shore,at_large_combined,True,2,24,0.0833
2026,boys,3200,declared,bay-shore,automatic,False,6,24,0.25
2026,boys,3200,declared,bay-shore,next_best_mark,False,2,24,0.0833
2026,boys,3200,declared,class-a,automatic,False,3,24,0.125
2026,boys,3200,declared,redwood-empire,automatic,False,6,24,0.25
2026,boys,3200,declared,tri-valley,at_large_combined,True,1,24,0.0417
2026,boys,3200,declared,tri-valley,automatic,False,6,24,0.25
2026,boys,3200,declared,tri-valley,next_best_mark,False,1,24,0.0417
2026,boys,3200,qualified,bay-shore,at_large_combined,True,2,24,0.0833
2026,boys,3200,qualified,bay-shore,automatic,False,6,24,0.25
2026,boys,3200,qualified,bay-shore,next_best_mark,False,2,24,0.0833
2026,boys,3200,qualified,class-a,automatic,False,3,24,0.125
2026,boys,3200,qualified,redwood-empire,automatic,False,6,24,0.25
2026,boys,3200,qualified,tri-valley,at_large_combined,True,1,24,0.0417
2026,boys,3200,qualified,tri-valley,automatic,False,6,24,0.25
2026,boys,3200,qualified,tri-valley,next_best_mark,False,1,24,0.0417
2026,boys,400,declared,bay-shore,automatic,False,6,24,0.25
2026,boys,400,declared,class-a,automatic,False,3,24,0.125
2026,boys,400,declared,redwood-empire,automatic,False,6,24,0.25
2026,boys,400,declared,tri-valley,at_large_combined,True,3,24,0.125
2026,boys,400,declared,tri-valley,automatic,False,6,24,0.25
2026,boys,400,declared,tri-valley,next_best_mark,False,3,24,0.125
2026,boys,400,qualified,bay-shore,automatic,False,6,25,0.24
2026,boys,400,qualified,class-a,automatic,False,3,25,0.12
2026,boys,400,qualified,redwood-empire,at_large_combined,True,1,25,0.04
2026,boys,400,qualified,redwood-empire,at_large_standard,False,1,25,0.04
2026,boys,400,qualified,redwood-empire,automatic,False,6,25,0.24
2026,boys,400,qualified,tri-valley,at_large_combined,True,3,25,0.12
2026,boys,400,qualified,tri-valley,automatic,False,6,25,0.24
2026,boys,400,qualified,tri-valley,next_best_mark,False,3,25,0.12
2026,boys,4x100,declared,bay-shore,automatic,False,6,24,0.25
2026,boys,4x100,declared,class-a,automatic,False,3,24,0.125
2026,boys,4x100,declared,redwood-empire,automatic,False,6,24,0.25
2026,boys,4x100,declared,tri-valley,at_large_combined,True,3,24,0.125
2026,boys,4x100,declared,tri-valley,automatic,False,6,24,0.25
2026,boys,4x100,declared,tri-valley,next_best_mark,False,3,24,0.125
2026,boys,4x100,qualified,bay-shore,automatic,False,6,24,0.25
2026,boys,4x100,qualified,class-a,automatic,False,3,24,0.125
2026,boys,4x100,qualified,redwood-empire,automatic,False,6,24,0.25
2026,boys,4x100,qualified,tri-valley,at_large_combined,True,3,24,0.125
2026,boys,4x100,qualified,tri-valley,automatic,False,6,24,0.25
2026,boys,4x100,qualified,tri-valley,next_best_mark,False,3,24,0.125
2026,boys,4x400,declared,bay-shore,automatic,False,6,24,0.25
2026,boys,4x400,declared,class-a,automatic,False,3,24,0.125
2026,boys,4x400,declared,redwood-empire,automatic,False,6,24,0.25
2026,boys,4x400,declared,tri-valley,at_large_combined,True,3,24,0.125
2026,boys,4x400,declared,tri-valley,automatic,False,6,24,0.25
2026,boys,4x400,declared,tri-valley,next_best_mark,False,3,24,0.125
2026,boys,4x400,qualified,bay-shore,automatic,False,6,24,0.25
2026,boys,4x400,qualified,class-a,automatic,False,3,24,0.125
2026,boys,4x400,qualified,redwood-empire,automatic,False,6,24,0.25
2026,boys,4x400,qualified,tri-valley,at_large_combined,True,3,24,0.125
2026,boys,4x400,qualified,tri-valley,automatic,False,6,24,0.25
2026,boys,4x400,qualified,tri-valley,next_best_mark,False,3,24,0.125
2026,boys,800,declared,bay-shore,automatic,False,6,29,0.2069
2026,boys,800,declared,class-a,automatic,False,3,29,0.1034
2026,boys,800,declared,redwood-empire,at_large_combined,True,3,29,0.1034
2026,boys,800,declared,redwood-empire,at_large_standard,False,2,29,0.069
2026,boys,800,declared,redwood-empire,automatic,False,6,29,0.2069
2026,boys,800,declared,redwood-empire,next_best_mark,False,1,29,0.0345
2026,boys,800,declared,tri-valley,at_large_combined,True,5,29,0.1724
2026,boys,800,declared,tri-valley,at_large_standard,False,3,29,0.1034
2026,boys,800,declared,tri-valley,automatic,False,6,29,0.2069
2026,boys,800,declared,tri-valley,next_best_mark,False,2,29,0.069
2026,boys,800,qualified,bay-shore,automatic,False,6,32,0.1875
2026,boys,800,qualified,class-a,automatic,False,3,32,0.0938
2026,boys,800,qualified,redwood-empire,at_large_combined,True,5,32,0.1562
2026,boys,800,qualified,redwood-empire,at_large_standard,False,4,32,0.125
2026,boys,800,qualified,redwood-empire,automatic,False,6,32,0.1875
2026,boys,800,qualified,redwood-empire,next_best_mark,False,1,32,0.0312
2026,boys,800,qualified,tri-valley,at_large_combined,True,6,32,0.1875
2026,boys,800,qualified,tri-valley,at_large_standard,False,4,32,0.125
2026,boys,800,qualified,tri-valley,automatic,False,6,32,0.1875
2026,boys,800,qualified,tri-valley,next_best_mark,False,2,32,0.0625
2026,boys,DT,declared,bay-shore,automatic,False,6,24,0.25
2026,boys,DT,declared,class-a,automatic,False,3,24,0.125
2026,boys,DT,declared,redwood-empire,at_large_combined,True,1,24,0.0417
2026,boys,DT,declared,redwood-empire,automatic,False,6,24,0.25
2026,boys,DT,declared,redwood-empire,next_best_mark,False,1,24,0.0417
2026,boys,DT,declared,tri-valley,at_large_combined,True,2,24,0.0833
2026,boys,DT,declared,tri-valley,automatic,False,6,24,0.25
2026,boys,DT,declared,tri-valley,next_best_mark,False,2,24,0.0833
2026,boys,DT,qualified,bay-shore,automatic,False,6,24,0.25
2026,boys,DT,qualified,class-a,automatic,False,3,24,0.125
2026,boys,DT,qualified,redwood-empire,automatic,False,6,24,0.25
2026,boys,DT,qualified,tri-valley,at_large_combined,True,3,24,0.125
2026,boys,DT,qualified,tri-valley,automatic,False,6,24,0.25
2026,boys,DT,qualified,tri-valley,next_best_mark,False,3,24,0.125
2026,boys,HJ,declared,bay-shore,automatic,False,6,24,0.25
2026,boys,HJ,declared,class-a,automatic,False,3,24,0.125
2026,boys,HJ,declared,redwood-empire,automatic,False,6,24,0.25
2026,boys,HJ,declared,tri-valley,at_large_combined,True,3,24,0.125
2026,boys,HJ,declared,tri-valley,automatic,False,6,24,0.25
2026,boys,HJ,declared,tri-valley,next_best_mark,False,3,24,0.125
2026,boys,HJ,qualified,bay-shore,automatic,False,6,24,0.25
2026,boys,HJ,qualified,class-a,automatic,False,3,24,0.125
2026,boys,HJ,qualified,redwood-empire,automatic,False,6,24,0.25
2026,boys,HJ,qualified,tri-valley,at_large_combined,True,3,24,0.125
2026,boys,HJ,qualified,tri-valley,automatic,False,6,24,0.25
2026,boys,HJ,qualified,tri-valley,next_best_mark,False,3,24,0.125
2026,boys,LJ,declared,bay-shore,automatic,False,6,26,0.2308
2026,boys,LJ,declared,class-a,at_large_combined,True,1,26,0.0385
2026,boys,LJ,declared,class-a,automatic,False,3,26,0.1154
2026,boys,LJ,declared,class-a,next_best_mark,False,1,26,0.0385
2026,boys,LJ,declared,redwood-empire,at_large_combined,True,1,26,0.0385
2026,boys,LJ,declared,redwood-empire,automatic,False,6,26,0.2308
2026,boys,LJ,declared,redwood-empire,next_best_mark,False,1,26,0.0385
2026,boys,LJ,declared,tri-valley,at_large_combined,True,3,26,0.1154
2026,boys,LJ,declared,tri-valley,automatic,False,6,26,0.2308
2026,boys,LJ,declared,tri-valley,next_best_mark,False,3,26,0.1154
2026,boys,LJ,qualified,bay-shore,at_large_combined,True,1,24,0.0417
2026,boys,LJ,qualified,bay-shore,automatic,False,6,24,0.25
2026,boys,LJ,qualified,bay-shore,next_best_mark,False,1,24,0.0417
2026,boys,LJ,qualified,class-a,automatic,False,3,24,0.125
2026,boys,LJ,qualified,redwood-empire,automatic,False,6,24,0.25
2026,boys,LJ,qualified,tri-valley,at_large_combined,True,2,24,0.0833
2026,boys,LJ,qualified,tri-valley,automatic,False,6,24,0.25
2026,boys,LJ,qualified,tri-valley,next_best_mark,False,2,24,0.0833
2026,boys,PV,declared,bay-shore,automatic,False,6,25,0.24
2026,boys,PV,declared,class-a,automatic,False,3,25,0.12
2026,boys,PV,declared,redwood-empire,automatic,False,6,25,0.24
2026,boys,PV,declared,tri-valley,at_large_combined,True,4,25,0.16
2026,boys,PV,declared,tri-valley,automatic,False,6,25,0.24
2026,boys,PV,declared,tri-valley,next_best_mark,False,4,25,0.16
2026,boys,PV,qualified,bay-shore,automatic,False,6,25,0.24
2026,boys,PV,qualified,class-a,automatic,False,3,25,0.12
2026,boys,PV,qualified,redwood-empire,automatic,False,6,25,0.24
2026,boys,PV,qualified,tri-valley,at_large_combined,True,4,25,0.16
2026,boys,PV,qualified,tri-valley,automatic,False,6,25,0.24
2026,boys,PV,qualified,tri-valley,next_best_mark,False,4,25,0.16
2026,boys,SP,declared,bay-shore,automatic,False,6,24,0.25
2026,boys,SP,declared,class-a,automatic,False,3,24,0.125
2026,boys,SP,declared,redwood-empire,automatic,False,6,24,0.25
2026,boys,SP,declared,tri-valley,at_large_combined,True,3,24,0.125
2026,boys,SP,declared,tri-valley,automatic,False,6,24,0.25
2026,boys,SP,declared,tri-valley,next_best_mark,False,3,24,0.125
2026,boys,SP,qualified,bay-shore,automatic,False,6,24,0.25
2026,boys,SP,qualified,class-a,automatic,False,3,24,0.125
2026,boys,SP,qualified,redwood-empire,automatic,False,6,24,0.25
2026,boys,SP,qualified,tri-valley,at_large_combined,True,3,24,0.125
2026,boys,SP,qualified,tri-valley,automatic,False,6,24,0.25
2026,boys,SP,qualified,tri-valley,next_best_mark,False,3,24,0.125
2026,boys,TJ,declared,bay-shore,automatic,False,6,24,0.25
2026,boys,TJ,declared,class-a,automatic,False,3,24,0.125
2026,boys,TJ,declared,redwood-empire,at_large_combined,True,2,24,0.0833
2026,boys,TJ,declared,redwood-empire,automatic,False,6,24,0.25
2026,boys,TJ,declared,redwood-empire,next_best_mark,False,2,24,0.0833
2026,boys,TJ,declared,tri-valley,at_large_combined,True,1,24,0.0417
2026,boys,TJ,declared,tri-valley,automatic,False,6,24,0.25
2026,boys,TJ,declared,tri-valley,next_best_mark,False,1,24,0.0417
2026,boys,TJ,qualified,bay-shore,automatic,False,6,24,0.25
2026,boys,TJ,qualified,class-a,automatic,False,3,24,0.125
2026,boys,TJ,qualified,redwood-empire,at_large_combined,True,2,24,0.0833
2026,boys,TJ,qualified,redwood-empire,automatic,False,6,24,0.25
2026,boys,TJ,qualified,redwood-empire,next_best_mark,False,2,24,0.0833
2026,boys,TJ,qualified,tri-valley,at_large_combined,True,1,24,0.0417
2026,boys,TJ,qualified,tri-valley,automatic,False,6,24,0.25
2026,boys,TJ,qualified,tri-valley,next_best_mark,False,1,24,0.0417
2026,girls,100,declared,bay-shore,at_large_combined,True,2,24,0.0833
2026,girls,100,declared,bay-shore,automatic,False,6,24,0.25
2026,girls,100,declared,bay-shore,next_best_mark,False,2,24,0.0833
2026,girls,100,declared,class-a,automatic,False,3,24,0.125
2026,girls,100,declared,redwood-empire,automatic,False,6,24,0.25
2026,girls,100,declared,tri-valley,at_large_combined,True,1,24,0.0417
2026,girls,100,declared,tri-valley,automatic,False,6,24,0.25
2026,girls,100,declared,tri-valley,next_best_mark,False,1,24,0.0417
2026,girls,100,qualified,bay-shore,at_large_combined,True,2,24,0.0833
2026,girls,100,qualified,bay-shore,automatic,False,6,24,0.25
2026,girls,100,qualified,bay-shore,next_best_mark,False,2,24,0.0833
2026,girls,100,qualified,class-a,automatic,False,3,24,0.125
2026,girls,100,qualified,redwood-empire,automatic,False,6,24,0.25
2026,girls,100,qualified,tri-valley,at_large_combined,True,1,24,0.0417
2026,girls,100,qualified,tri-valley,automatic,False,6,24,0.25
2026,girls,100,qualified,tri-valley,next_best_mark,False,1,24,0.0417
2026,girls,100H,declared,bay-shore,automatic,False,6,24,0.25
2026,girls,100H,declared,class-a,automatic,False,3,24,0.125
2026,girls,100H,declared,redwood-empire,automatic,False,6,24,0.25
2026,girls,100H,declared,tri-valley,at_large_combined,True,3,24,0.125
2026,girls,100H,declared,tri-valley,automatic,False,6,24,0.25
2026,girls,100H,declared,tri-valley,next_best_mark,False,3,24,0.125
2026,girls,100H,qualified,bay-shore,automatic,False,6,24,0.25
2026,girls,100H,qualified,class-a,automatic,False,3,24,0.125
2026,girls,100H,qualified,redwood-empire,automatic,False,6,24,0.25
2026,girls,100H,qualified,tri-valley,at_large_combined,True,3,24,0.125
2026,girls,100H,qualified,tri-valley,automatic,False,6,24,0.25
2026,girls,100H,qualified,tri-valley,next_best_mark,False,3,24,0.125
2026,girls,1600,declared,bay-shore,automatic,False,6,30,0.2
2026,girls,1600,declared,class-a,at_large_combined,True,1,30,0.0333
2026,girls,1600,declared,class-a,at_large_standard,False,1,30,0.0333
2026,girls,1600,declared,class-a,automatic,False,3,30,0.1
2026,girls,1600,declared,redwood-empire,at_large_combined,True,2,30,0.0667
2026,girls,1600,declared,redwood-empire,automatic,False,6,30,0.2
2026,girls,1600,declared,redwood-empire,next_best_mark,False,2,30,0.0667
2026,girls,1600,declared,tri-valley,at_large_combined,True,6,30,0.2
2026,girls,1600,declared,tri-valley,at_large_standard,False,5,30,0.1667
2026,girls,1600,declared,tri-valley,automatic,False,6,30,0.2
2026,girls,1600,declared,tri-valley,next_best_mark,False,1,30,0.0333
2026,girls,1600,qualified,bay-shore,automatic,False,6,31,0.1935
2026,girls,1600,qualified,class-a,at_large_combined,True,2,31,0.0645
2026,girls,1600,qualified,class-a,at_large_standard,False,1,31,0.0323
2026,girls,1600,qualified,class-a,automatic,False,3,31,0.0968
2026,girls,1600,qualified,class-a,next_best_mark,False,1,31,0.0323
2026,girls,1600,qualified,redwood-empire,at_large_combined,True,2,31,0.0645
2026,girls,1600,qualified,redwood-empire,automatic,False,6,31,0.1935
2026,girls,1600,qualified,redwood-empire,next_best_mark,False,2,31,0.0645
2026,girls,1600,qualified,tri-valley,at_large_combined,True,6,31,0.1935
2026,girls,1600,qualified,tri-valley,at_large_standard,False,6,31,0.1935
2026,girls,1600,qualified,tri-valley,automatic,False,6,31,0.1935
2026,girls,200,declared,bay-shore,at_large_combined,True,2,24,0.0833
2026,girls,200,declared,bay-shore,automatic,False,6,24,0.25
2026,girls,200,declared,bay-shore,next_best_mark,False,2,24,0.0833
2026,girls,200,declared,class-a,automatic,False,3,24,0.125
2026,girls,200,declared,redwood-empire,automatic,False,6,24,0.25
2026,girls,200,declared,tri-valley,at_large_combined,True,1,24,0.0417
2026,girls,200,declared,tri-valley,automatic,False,6,24,0.25
2026,girls,200,declared,tri-valley,next_best_mark,False,1,24,0.0417
2026,girls,200,qualified,bay-shore,at_large_combined,True,1,24,0.0417
2026,girls,200,qualified,bay-shore,automatic,False,6,24,0.25
2026,girls,200,qualified,bay-shore,next_best_mark,False,1,24,0.0417
2026,girls,200,qualified,class-a,automatic,False,3,24,0.125
2026,girls,200,qualified,redwood-empire,automatic,False,6,24,0.25
2026,girls,200,qualified,tri-valley,at_large_combined,True,2,24,0.0833
2026,girls,200,qualified,tri-valley,automatic,False,6,24,0.25
2026,girls,200,qualified,tri-valley,next_best_mark,False,2,24,0.0833
2026,girls,300H,declared,bay-shore,automatic,False,6,27,0.2222
2026,girls,300H,declared,class-a,automatic,False,3,27,0.1111
2026,girls,300H,declared,redwood-empire,automatic,False,6,27,0.2222
2026,girls,300H,declared,tri-valley,at_large_combined,True,6,27,0.2222
2026,girls,300H,declared,tri-valley,at_large_standard,False,3,27,0.1111
2026,girls,300H,declared,tri-valley,automatic,False,6,27,0.2222
2026,girls,300H,declared,tri-valley,next_best_mark,False,3,27,0.1111
2026,girls,300H,qualified,bay-shore,automatic,False,6,27,0.2222
2026,girls,300H,qualified,class-a,automatic,False,3,27,0.1111
2026,girls,300H,qualified,redwood-empire,automatic,False,6,27,0.2222
2026,girls,300H,qualified,tri-valley,at_large_combined,True,6,27,0.2222
2026,girls,300H,qualified,tri-valley,at_large_standard,False,3,27,0.1111
2026,girls,300H,qualified,tri-valley,automatic,False,6,27,0.2222
2026,girls,300H,qualified,tri-valley,next_best_mark,False,3,27,0.1111
2026,girls,3200,declared,bay-shore,automatic,False,6,24,0.25
2026,girls,3200,declared,class-a,at_large_combined,True,1,24,0.0417
2026,girls,3200,declared,class-a,automatic,False,3,24,0.125
2026,girls,3200,declared,class-a,next_best_mark,False,1,24,0.0417
2026,girls,3200,declared,redwood-empire,automatic,False,6,24,0.25
2026,girls,3200,declared,tri-valley,at_large_combined,True,2,24,0.0833
2026,girls,3200,declared,tri-valley,automatic,False,6,24,0.25
2026,girls,3200,declared,tri-valley,next_best_mark,False,2,24,0.0833
2026,girls,3200,qualified,bay-shore,automatic,False,6,24,0.25
2026,girls,3200,qualified,class-a,automatic,False,3,24,0.125
2026,girls,3200,qualified,redwood-empire,automatic,False,6,24,0.25
2026,girls,3200,qualified,tri-valley,at_large_combined,True,3,24,0.125
2026,girls,3200,qualified,tri-valley,automatic,False,6,24,0.25
2026,girls,3200,qualified,tri-valley,next_best_mark,False,3,24,0.125
2026,girls,400,declared,bay-shore,automatic,False,6,24,0.25
2026,girls,400,declared,class-a,automatic,False,3,24,0.125
2026,girls,400,declared,redwood-empire,automatic,False,6,24,0.25
2026,girls,400,declared,tri-valley,at_large_combined,True,3,24,0.125
2026,girls,400,declared,tri-valley,automatic,False,6,24,0.25
2026,girls,400,declared,tri-valley,next_best_mark,False,3,24,0.125
2026,girls,400,qualified,bay-shore,automatic,False,6,24,0.25
2026,girls,400,qualified,class-a,automatic,False,3,24,0.125
2026,girls,400,qualified,redwood-empire,automatic,False,6,24,0.25
2026,girls,400,qualified,tri-valley,at_large_combined,True,3,24,0.125
2026,girls,400,qualified,tri-valley,automatic,False,6,24,0.25
2026,girls,400,qualified,tri-valley,next_best_mark,False,3,24,0.125
2026,girls,4x100,declared,bay-shore,automatic,False,6,24,0.25
2026,girls,4x100,declared,class-a,automatic,False,3,24,0.125
2026,girls,4x100,declared,redwood-empire,automatic,False,6,24,0.25
2026,girls,4x100,declared,tri-valley,at_large_combined,True,3,24,0.125
2026,girls,4x100,declared,tri-valley,automatic,False,6,24,0.25
2026,girls,4x100,declared,tri-valley,next_best_mark,False,3,24,0.125
2026,girls,4x100,qualified,bay-shore,automatic,False,6,24,0.25
2026,girls,4x100,qualified,class-a,automatic,False,3,24,0.125
2026,girls,4x100,qualified,redwood-empire,automatic,False,6,24,0.25
2026,girls,4x100,qualified,tri-valley,at_large_combined,True,3,24,0.125
2026,girls,4x100,qualified,tri-valley,automatic,False,6,24,0.25
2026,girls,4x100,qualified,tri-valley,next_best_mark,False,3,24,0.125
2026,girls,4x400,declared,bay-shore,automatic,False,6,24,0.25
2026,girls,4x400,declared,class-a,automatic,False,3,24,0.125
2026,girls,4x400,declared,redwood-empire,at_large_combined,True,1,24,0.0417
2026,girls,4x400,declared,redwood-empire,automatic,False,6,24,0.25
2026,girls,4x400,declared,redwood-empire,next_best_mark,False,1,24,0.0417
2026,girls,4x400,declared,tri-valley,at_large_combined,True,2,24,0.0833
2026,girls,4x400,declared,tri-valley,automatic,False,6,24,0.25
2026,girls,4x400,declared,tri-valley,next_best_mark,False,2,24,0.0833
2026,girls,4x400,qualified,bay-shore,automatic,False,6,24,0.25
2026,girls,4x400,qualified,class-a,automatic,False,3,24,0.125
2026,girls,4x400,qualified,redwood-empire,automatic,False,6,24,0.25
2026,girls,4x400,qualified,tri-valley,at_large_combined,True,3,24,0.125
2026,girls,4x400,qualified,tri-valley,automatic,False,6,24,0.25
2026,girls,4x400,qualified,tri-valley,next_best_mark,False,3,24,0.125
2026,girls,800,declared,bay-shore,automatic,False,6,24,0.25
2026,girls,800,declared,class-a,automatic,False,3,24,0.125
2026,girls,800,declared,redwood-empire,automatic,False,6,24,0.25
2026,girls,800,declared,tri-valley,at_large_combined,True,3,24,0.125
2026,girls,800,declared,tri-valley,automatic,False,6,24,0.25
2026,girls,800,declared,tri-valley,next_best_mark,False,3,24,0.125
2026,girls,800,qualified,bay-shore,automatic,False,6,25,0.24
2026,girls,800,qualified,class-a,at_large_combined,True,1,25,0.04
2026,girls,800,qualified,class-a,automatic,False,3,25,0.12
2026,girls,800,qualified,class-a,next_best_mark,False,1,25,0.04
2026,girls,800,qualified,redwood-empire,automatic,False,6,25,0.24
2026,girls,800,qualified,tri-valley,at_large_combined,True,3,25,0.12
2026,girls,800,qualified,tri-valley,at_large_standard,False,1,25,0.04
2026,girls,800,qualified,tri-valley,automatic,False,6,25,0.24
2026,girls,800,qualified,tri-valley,next_best_mark,False,2,25,0.08
2026,girls,DT,declared,bay-shore,automatic,False,6,24,0.25
2026,girls,DT,declared,class-a,automatic,False,3,24,0.125
2026,girls,DT,declared,redwood-empire,at_large_combined,True,1,24,0.0417
2026,girls,DT,declared,redwood-empire,automatic,False,6,24,0.25
2026,girls,DT,declared,redwood-empire,next_best_mark,False,1,24,0.0417
2026,girls,DT,declared,tri-valley,at_large_combined,True,2,24,0.0833
2026,girls,DT,declared,tri-valley,automatic,False,6,24,0.25
2026,girls,DT,declared,tri-valley,next_best_mark,False,2,24,0.0833
2026,girls,DT,qualified,bay-shore,automatic,False,6,24,0.25
2026,girls,DT,qualified,class-a,automatic,False,3,24,0.125
2026,girls,DT,qualified,redwood-empire,at_large_combined,True,2,24,0.0833
2026,girls,DT,qualified,redwood-empire,automatic,False,6,24,0.25
2026,girls,DT,qualified,redwood-empire,next_best_mark,False,2,24,0.0833
2026,girls,DT,qualified,tri-valley,at_large_combined,True,1,24,0.0417
2026,girls,DT,qualified,tri-valley,automatic,False,6,24,0.25
2026,girls,DT,qualified,tri-valley,next_best_mark,False,1,24,0.0417
2026,girls,HJ,declared,bay-shore,automatic,False,6,26,0.2308
2026,girls,HJ,declared,class-a,automatic,False,3,26,0.1154
2026,girls,HJ,declared,redwood-empire,at_large_combined,True,3,26,0.1154
2026,girls,HJ,declared,redwood-empire,automatic,False,6,26,0.2308
2026,girls,HJ,declared,redwood-empire,next_best_mark,False,3,26,0.1154
2026,girls,HJ,declared,tri-valley,at_large_combined,True,2,26,0.0769
2026,girls,HJ,declared,tri-valley,automatic,False,6,26,0.2308
2026,girls,HJ,declared,tri-valley,next_best_mark,False,2,26,0.0769
2026,girls,HJ,qualified,bay-shore,automatic,False,6,26,0.2308
2026,girls,HJ,qualified,class-a,automatic,False,3,26,0.1154
2026,girls,HJ,qualified,redwood-empire,at_large_combined,True,3,26,0.1154
2026,girls,HJ,qualified,redwood-empire,automatic,False,6,26,0.2308
2026,girls,HJ,qualified,redwood-empire,next_best_mark,False,3,26,0.1154
2026,girls,HJ,qualified,tri-valley,at_large_combined,True,2,26,0.0769
2026,girls,HJ,qualified,tri-valley,automatic,False,6,26,0.2308
2026,girls,HJ,qualified,tri-valley,next_best_mark,False,2,26,0.0769
2026,girls,LJ,declared,bay-shore,at_large_combined,True,2,24,0.0833
2026,girls,LJ,declared,bay-shore,automatic,False,6,24,0.25
2026,girls,LJ,declared,bay-shore,next_best_mark,False,2,24,0.0833
2026,girls,LJ,declared,class-a,automatic,False,3,24,0.125
2026,girls,LJ,declared,redwood-empire,at_large_combined,True,1,24,0.0417
2026,girls,LJ,declared,redwood-empire,automatic,False,6,24,0.25
2026,girls,LJ,declared,redwood-empire,next_best_mark,False,1,24,0.0417
2026,girls,LJ,declared,tri-valley,automatic,False,6,24,0.25
2026,girls,LJ,qualified,bay-shore,at_large_combined,True,2,24,0.0833
2026,girls,LJ,qualified,bay-shore,automatic,False,6,24,0.25
2026,girls,LJ,qualified,bay-shore,next_best_mark,False,2,24,0.0833
2026,girls,LJ,qualified,class-a,automatic,False,3,24,0.125
2026,girls,LJ,qualified,redwood-empire,at_large_combined,True,1,24,0.0417
2026,girls,LJ,qualified,redwood-empire,automatic,False,6,24,0.25
2026,girls,LJ,qualified,redwood-empire,next_best_mark,False,1,24,0.0417
2026,girls,LJ,qualified,tri-valley,automatic,False,6,24,0.25
2026,girls,PV,declared,bay-shore,automatic,False,6,27,0.2222
2026,girls,PV,declared,class-a,automatic,False,3,27,0.1111
2026,girls,PV,declared,redwood-empire,at_large_combined,True,1,27,0.037
2026,girls,PV,declared,redwood-empire,automatic,False,6,27,0.2222
2026,girls,PV,declared,redwood-empire,next_best_mark,False,1,27,0.037
2026,girls,PV,declared,tri-valley,at_large_combined,True,5,27,0.1852
2026,girls,PV,declared,tri-valley,automatic,False,6,27,0.2222
2026,girls,PV,declared,tri-valley,next_best_mark,False,5,27,0.1852
2026,girls,PV,qualified,bay-shore,automatic,False,6,28,0.2143
2026,girls,PV,qualified,class-a,automatic,False,3,28,0.1071
2026,girls,PV,qualified,redwood-empire,at_large_combined,True,2,28,0.0714
2026,girls,PV,qualified,redwood-empire,automatic,False,6,28,0.2143
2026,girls,PV,qualified,redwood-empire,next_best_mark,False,2,28,0.0714
2026,girls,PV,qualified,tri-valley,at_large_combined,True,5,28,0.1786
2026,girls,PV,qualified,tri-valley,automatic,False,6,28,0.2143
2026,girls,PV,qualified,tri-valley,next_best_mark,False,5,28,0.1786
2026,girls,SP,declared,bay-shore,at_large_combined,True,2,24,0.0833
2026,girls,SP,declared,bay-shore,automatic,False,6,24,0.25
2026,girls,SP,declared,bay-shore,next_best_mark,False,2,24,0.0833
2026,girls,SP,declared,class-a,automatic,False,3,24,0.125
2026,girls,SP,declared,redwood-empire,automatic,False,6,24,0.25
2026,girls,SP,declared,tri-valley,at_large_combined,True,1,24,0.0417
2026,girls,SP,declared,tri-valley,automatic,False,6,24,0.25
2026,girls,SP,declared,tri-valley,next_best_mark,False,1,24,0.0417
2026,girls,SP,qualified,bay-shore,at_large_combined,True,2,24,0.0833
2026,girls,SP,qualified,bay-shore,automatic,False,6,24,0.25
2026,girls,SP,qualified,bay-shore,next_best_mark,False,2,24,0.0833
2026,girls,SP,qualified,class-a,automatic,False,3,24,0.125
2026,girls,SP,qualified,redwood-empire,automatic,False,6,24,0.25
2026,girls,SP,qualified,tri-valley,at_large_combined,True,1,24,0.0417
2026,girls,SP,qualified,tri-valley,automatic,False,6,24,0.25
2026,girls,SP,qualified,tri-valley,next_best_mark,False,1,24,0.0417
2026,girls,TJ,declared,bay-shore,at_large_combined,True,2,24,0.0833
2026,girls,TJ,declared,bay-shore,automatic,False,6,24,0.25
2026,girls,TJ,declared,bay-shore,next_best_mark,False,2,24,0.0833
2026,girls,TJ,declared,class-a,automatic,False,3,24,0.125
2026,girls,TJ,declared,redwood-empire,automatic,False,6,24,0.25
2026,girls,TJ,declared,tri-valley,at_large_combined,True,1,24,0.0417
2026,girls,TJ,declared,tri-valley,automatic,False,6,24,0.25
2026,girls,TJ,declared,tri-valley,next_best_mark,False,1,24,0.0417
2026,girls,TJ,qualified,bay-shore,at_large_combined,True,2,24,0.0833
2026,girls,TJ,qualified,bay-shore,automatic,False,6,24,0.25
2026,girls,TJ,qualified,bay-shore,next_best_mark,False,2,24,0.0833
2026,girls,TJ,qualified,class-a,automatic,False,3,24,0.125
2026,girls,TJ,qualified,redwood-empire,at_large_combined,True,1,24,0.0417
2026,girls,TJ,qualified,redwood-empire,automatic,False,6,24,0.25
2026,girls,TJ,qualified,redwood-empire,next_best_mark,False,1,24,0.0417
2026,girls,TJ,qualified,tri-valley,automatic,False,6,24,0.25
