season,gender,event,area,qualifier_type,rollup,competed,made_final,made_final_rate,scored,scored_rate,reached_final_round,reached_final_round_rate
2022,girls,100,bay-shore,automatic,False,6,2,0.3333,1,0.1667,2,0.3333
2022,girls,100,class-a,automatic,False,3,,,,,,
2022,girls,100,redwood-empire,automatic,False,5,1,0.2,1,0.2,1,0.2
2022,girls,100,tri-valley,at_large_combined,True,3,,,,,,
2022,girls,100,tri-valley,automatic,False,6,5,0.8333,4,0.6667,5,0.8333
2022,girls,100,tri-valley,next_best_mark,False,3,,,,,,
2022,girls,100H,bay-shore,automatic,False,6,3,0.5,3,0.5,3,0.5
2022,girls,100H,class-a,automatic,False,3,,,,,,
2022,girls,100H,redwood-empire,automatic,False,6,1,0.1667,1,0.1667,1,0.1667
2022,girls,100H,tri-valley,at_large_combined,True,3,,,,,,
2022,girls,100H,tri-valley,automatic,False,6,3,0.5,2,0.3333,3,0.5
2022,girls,100H,tri-valley,next_best_mark,False,3,,,,,,
2022,girls,1600,bay-shore,automatic,False,4,,,,,,
2022,girls,1600,bay-shore,replacement,False,2,,,,,,
2022,girls,1600,class-a,automatic,False,2,,,,,,
2022,girls,1600,class-a,replacement,False,2,,,,,,
2022,girls,1600,redwood-empire,at_large_combined,True,1,,,,,,
2022,girls,1600,redwood-empire,automatic,False,5,2,0.4,2,0.4,3,0.6
2022,girls,1600,redwood-empire,next_best_mark,False,1,,,,,,
2022,girls,1600,tri-valley,automatic,False,5,3,0.6,2,0.4,3,0.6
2022,girls,1600,tri-valley,replacement,False,1,,,,,,
2022,girls,1600,tri-valley,unexplained,False,1,,,,,,
2022,girls,200,bay-shore,automatic,False,6,1,0.1667,1,0.1667,1,0.1667
2022,girls,200,bay-shore,unexplained,False,1,,,,,,
2022,girls,200,class-a,automatic,False,3,,,,,,
2022,girls,200,redwood-empire,automatic,False,3,,,,,,
2022,girls,200,redwood-empire,replacement,False,2,,,,,,
2022,girls,200,tri-valley,at_large_combined,True,2,,,,,,
2022,girls,200,tri-valley,automatic,False,5,4,0.8,4,0.8,4,0.8
2022,girls,200,tri-valley,next_best_mark,False,2,,,,,,
2022,girls,200,tri-valley,replacement,False,1,,,,,,
2022,girls,300H,bay-shore,automatic,False,6,3,0.5,2,0.3333,3,0.5
2022,girls,300H,class-a,automatic,False,3,,,,,,
2022,girls,300H,redwood-empire,automatic,False,6,1,0.1667,1,0.1667,1,0.1667
2022,girls,300H,tri-valley,at_large_combined,True,3,,,,,,
2022,girls,300H,tri-valley,automatic,False,6,4,0.6667,3,0.5,4,0.6667
2022,girls,300H,tri-valley,next_best_mark,False,3,,,,,,
2022,girls,3200,bay-shore,automatic,False,6,2,0.3333,2,0.3333,6,1.0
2022,girls,3200,class-a,automatic,False,2,,,,,,
2022,girls,3200,class-a,replacement,False,1,,,,,,
2022,girls,3200,class-a,unexplained,False,1,,,,,,
2022,girls,3200,redwood-empire,automatic,False,6,2,0.3333,2,0.3333,6,1.0
2022,girls,3200,redwood-empire,replacement,False,1,,,,,,
2022,girls,3200,tri-valley,at_large_combined,True,1,,,,,,
2022,girls,3200,tri-valley,automatic,False,5,3,0.6,1,0.2,5,1.0
2022,girls,3200,tri-valley,next_best_mark,False,1,,,,,,
2022,girls,400,bay-shore,automatic,False,4,,,,,,
2022,girls,400,bay-shore,replacement,False,2,,,,,,
2022,girls,400,class-a,automatic,False,2,,,,,,
2022,girls,400,class-a,replacement,False,1,,,,,,
2022,girls,400,redwood-empire,automatic,False,3,,,,,,
2022,girls,400,redwood-empire,replacement,False,1,,,,,,
2022,girls,400,tri-valley,at_large_combined,True,3,,,,,,
2022,girls,400,tri-valley,automatic,False,6,4,0.6667,2,0.3333,4,0.6667
2022,girls,400,tri-valley,next_best_mark,False,3,,,,,,
2022,girls,4x100,bay-shore,automatic,False,6,3,0.5,2,0.3333,3,0.5
2022,girls,4x100,class-a,automatic,False,3,,,,,,
2022,girls,4x100,redwood-empire,automatic,False,4,,,,,,
2022,girls,4x100,redwood-empire,replacement,False,2,,,,,,
2022,girls,4x100,tri-valley,at_large_combined,True,3,,,,,,
2022,girls,4x100,tri-valley,automatic,False,6,4,0.6667,4,0.6667,4,0.6667
2022,girls,4x100,tri-valley,next_best_mark,False,3,,,,,,
2022,girls,4x400,bay-shore,automatic,False,6,2,0.3333,2,0.3333,2,0.3333
2022,girls,4x400,class-a,automatic,False,3,,,,,,
2022,girls,4x400,redwood-empire,automatic,False,5,1,0.2,0,0.0,1,0.2
2022,girls,4x400,tri-valley,at_large_combined,True,3,,,,,,
2022,girls,4x400,tri-valley,automatic,False,6,4,0.6667,4,0.6667,4,0.6667
2022,girls,4x400,tri-valley,next_best_mark,False,3,,,,,,
2022,girls,800,bay-shore,automatic,False,5,0,0.0,0,0.0,1,0.2
2022,girls,800,bay-shore,replacement,False,1,,,,,,
2022,girls,800,class-a,automatic,False,3,,,,,,
2022,girls,800,redwood-empire,automatic,False,5,1,0.2,1,0.2,2,0.4
2022,girls,800,tri-valley,at_large_combined,True,2,,,,,,
2022,girls,800,tri-valley,automatic,False,6,4,0.6667,3,0.5,5,0.8333
2022,girls,800,tri-valley,next_best_mark,False,2,,,,,,
2022,girls,800,tri-valley,replacement,False,1,,,,,,
2022,girls,DT,bay-shore,automatic,False,4,,,,,,
2022,girls,DT,class-a,automatic,False,3,,,,,,
2022,girls,DT,redwood-empire,automatic,False,5,1,0.2,1,0.2,1,0.2
2022,girls,DT,tri-valley,at_large_combined,True,3,,,,,,
2022,girls,DT,tri-valley,automatic,False,6,5,0.8333,2,0.3333,5,0.8333
2022,girls,DT,tri-valley,next_best_mark,False,3,,,,,,
2022,girls,HJ,bay-shore,automatic,False,6,1,0.1667,1,0.1667,6,1.0
2022,girls,HJ,class-a,automatic,False,3,,,,,,
2022,girls,HJ,redwood-empire,at_large_combined,True,2,,,,,,
2022,girls,HJ,redwood-empire,automatic,False,6,2,0.3333,1,0.1667,6,1.0
2022,girls,HJ,redwood-empire,next_best_mark,False,2,,,,,,
2022,girls,HJ,tri-valley,at_large_combined,True,3,,,,,,
2022,girls,HJ,tri-valley,automatic,False,5,4,0.8,4,0.8,5,1.0
2022,girls,HJ,tri-valley,next_best_mark,False,3,,,,,,
2022,girls,LJ,bay-shore,automatic,False,4,,,,,,
2022,girls,LJ,bay-shore,replacement,False,1,,,,,,
2022,girls,LJ,class-a,automatic,False,3,,,,,,
2022,girls,LJ,redwood-empire,automatic,False,4,,,,,,
2022,girls,LJ,tri-valley,at_large_combined,True,1,,,,,,
2022,girls,LJ,tri-valley,automatic,False,6,4,0.6667,2,0.3333,4,0.6667
2022,girls,LJ,tri-valley,next_best_mark,False,1,,,,,,
2022,girls,LJ,tri-valley,unexplained,False,1,,,,,,
2022,girls,PV,bay-shore,at_large_combined,True,3,,,,,,
2022,girls,PV,bay-shore,automatic,False,6,1,0.1667,1,0.1667,6,1.0
2022,girls,PV,bay-shore,next_best_mark,False,3,,,,,,
2022,girls,PV,class-a,automatic,False,3,,,,,,
2022,girls,PV,redwood-empire,at_large_combined,True,1,,,,,,
2022,girls,PV,redwood-empire,automatic,False,6,4,0.6667,3,0.5,6,1.0
2022,girls,PV,redwood-empire,next_best_mark,False,1,,,,,,
2022,girls,PV,tri-valley,at_large_combined,True,1,,,,,,
2022,girls,PV,tri-valley,automatic,False,6,3,0.5,2,0.3333,6,1.0
2022,girls,PV,tri-valley,next_best_mark,False,1,,,,,,
2022,girls,SP,bay-shore,automatic,False,4,,,,,,
2022,girls,SP,bay-shore,replacement,False,1,,,,,,
2022,girls,SP,class-a,automatic,False,2,,,,,,
2022,girls,SP,redwood-empire,automatic,False,5,2,0.4,1,0.2,2,0.4
2022,girls,SP,tri-valley,at_large_combined,True,3,,,,,,
2022,girls,SP,tri-valley,automatic,False,5,5,1.0,3,0.6,5,1.0
2022,girls,SP,tri-valley,next_best_mark,False,3,,,,,,
2022,girls,TJ,bay-shore,automatic,False,6,2,0.3333,2,0.3333,2,0.3333
2022,girls,TJ,class-a,automatic,False,3,,,,,,
2022,girls,TJ,redwood-empire,at_large_combined,True,1,,,,,,
2022,girls,TJ,redwood-empire,automatic,False,4,,,,,,
2022,girls,TJ,redwood-empire,next_best_mark,False,1,,,,,,
2022,girls,TJ,redwood-empire,replacement,False,1,,,,,,
2022,girls,TJ,tri-valley,automatic,False,6,4,0.6667,3,0.5,4,0.6667
2022,girls,group:sprints_hurdles,bay-shore,automatic,False,24,9,0.375,7,0.2917,9,0.375
2022,girls,group:sprints_hurdles,bay-shore,unexplained,False,1,,,,,,
2022,girls,group:sprints_hurdles,class-a,automatic,False,12,1,0.0833,1,0.0833,1,0.0833
2022,girls,group:sprints_hurdles,redwood-empire,automatic,False,20,3,0.15,3,0.15,4,0.2
2022,girls,group:sprints_hurdles,redwood-empire,replacement,False,2,,,,,,
2022,girls,group:sprints_hurdles,tri-valley,at_large_combined,True,11,2,0.1818,0,0.0,2,0.1818
2022,girls,group:sprints_hurdles,tri-valley,automatic,False,23,16,0.6957,13,0.5652,16,0.6957
2022,girls,group:sprints_hurdles,tri-valley,next_best_mark,False,11,2,0.1818,0,0.0,2,0.1818
2022,girls,group:sprints_hurdles,tri-valley,replacement,False,1,,,,,,
2022,girls,group:400_800,bay-shore,automatic,False,9,0,0.0,0,0.0,1,0.1111
2022,girls,group:400_800,bay-shore,replacement,False,3,,,,,,
2022,girls,group:400_800,class-a,automatic,False,5,1,0.2,1,0.2,1,0.2
2022,girls,group:400_800,class-a,replacement,False,1,,,,,,
2022,girls,group:400_800,redwood-empire,automatic,False,8,3,0.375,3,0.375,4,0.5
2022,girls,group:400_800,redwood-empire,replacement,False,1,,,,,,
2022,girls,group:400_800,tri-valley,at_large_combined,True,5,3,0.6,3,0.6,4,0.8
2022,girls,group:400_800,tri-valley,automatic,False,12,8,0.6667,5,0.4167,9,0.75
2022,girls,group:400_800,tri-valley,next_best_mark,False,5,3,0.6,3,0.6,4,0.8
2022,girls,group:400_800,tri-valley,replacement,False,1,,,,,,
2022,girls,group:distance,bay-shore,automatic,False,10,3,0.3,3,0.3,7,0.7
2022,girls,group:distance,bay-shore,replacement,False,2,,,,,,
2022,girls,group:distance,class-a,automatic,False,4,,,,,,
2022,girls,group:distance,class-a,replacement,False,3,,,,,,
2022,girls,group:distance,class-a,unexplained,False,1,,,,,,
2022,girls,group:distance,redwood-empire,at_large_combined,True,1,,,,,,
2022,girls,group:distance,redwood-empire,automatic,False,11,4,0.3636,4,0.3636,9,0.8182
2022,girls,group:distance,redwood-empire,next_best_mark,False,1,,,,,,
2022,girls,group:distance,redwood-empire,replacement,False,1,,,,,,
2022,girls,group:distance,tri-valley,at_large_combined,True,1,,,,,,
2022,girls,group:distance,tri-valley,automatic,False,10,6,0.6,3,0.3,8,0.8
2022,girls,group:distance,tri-valley,next_best_mark,False,1,,,,,,
2022,girls,group:distance,tri-valley,replacement,False,1,,,,,,
2022,girls,group:distance,tri-valley,unexplained,False,1,,,,,,
2022,girls,group:jumps,bay-shore,at_large_combined,True,3,,,,,,
2022,girls,group:jumps,bay-shore,automatic,False,22,6,0.2727,6,0.2727,16,0.7273
2022,girls,group:jumps,bay-shore,next_best_mark,False,3,,,,,,
2022,girls,group:jumps,bay-shore,replacement,False,1,,,,,,
2022,girls,group:jumps,class-a,automatic,False,12,1,0.0833,1,0.0833,7,0.5833
2022,girls,group:jumps,redwood-empire,at_large_combined,True,4,,,,,,
2022,girls,group:jumps,redwood-empire,automatic,False,20,11,0.55,7,0.35,17,0.85
2022,girls,group:jumps,redwood-empire,next_best_mark,False,4,,,,,,
2022,girls,group:jumps,redwood-empire,replacement,False,1,,,,,,
2022,girls,group:jumps,tri-valley,at_large_combined,True,5,0,0.0,0,0.0,4,0.8
2022,girls,group:jumps,tri-valley,automatic,False,23,15,0.6522,11,0.4783,19,0.8261
2022,girls,group:jumps,tri-valley,next_best_mark,False,5,0,0.0,0,0.0,4,0.8
2022,girls,group:jumps,tri-valley,unexplained,False,1,,,,,,
2022,girls,group:throws,bay-shore,automatic,False,8,0,0.0,0,0.0,0,0.0
2022,girls,group:throws,bay-shore,replacement,False,1,,,,,,
2022,girls,group:throws,class-a,automatic,False,5,0,0.0,0,0.0,0,0.0
2022,girls,group:throws,redwood-empire,automatic,False,10,3,0.3,2,0.2,3,0.3
2022,girls,group:throws,tri-valley,at_large_combined,True,6,3,0.5,3,0.5,3,0.5
2022,girls,group:throws,tri-valley,automatic,False,11,10,0.9091,5,0.4545,10,0.9091
2022,girls,group:throws,tri-valley,next_best_mark,False,6,3,0.5,3,0.5,3,0.5
2022,girls,group:relays,bay-shore,automatic,False,12,5,0.4167,4,0.3333,5,0.4167
2022,girls,group:relays,class-a,automatic,False,6,0,0.0,0,0.0,0,0.0
2022,girls,group:relays,redwood-empire,automatic,False,9,2,0.2222,0,0.0,2,0.2222
2022,girls,group:relays,redwood-empire,replacement,False,2,,,,,,
2022,girls,group:relays,tri-valley,at_large_combined,True,6,1,0.1667,0,0.0,1,0.1667
2022,girls,group:relays,tri-valley,automatic,False,12,8,0.6667,8,0.6667,8,0.6667
2022,girls,group:relays,tri-valley,next_best_mark,False,6,1,0.1667,0,0.0,1,0.1667
2022,girls,all,bay-shore,at_large_combined,True,3,,,,,,
2022,girls,all,bay-shore,automatic,False,85,23,0.2706,20,0.2353,38,0.4471
2022,girls,all,bay-shore,next_best_mark,False,3,,,,,,
2022,girls,all,bay-shore,replacement,False,7,0,0.0,0,0.0,0,0.0
2022,girls,all,bay-shore,unexplained,False,1,,,,,,
2022,girls,all,class-a,automatic,False,44,5,0.1136,5,0.1136,12,0.2727
2022,girls,all,class-a,replacement,False,4,,,,,,
2022,girls,all,class-a,unexplained,False,1,,,,,,
2022,girls,all,redwood-empire,at_large_combined,True,5,1,0.2,0,0.0,4,0.8
2022,girls,all,redwood-empire,automatic,False,78,26,0.3333,19,0.2436,39,0.5
2022,girls,all,redwood-empire,next_best_mark,False,5,1,0.2,0,0.0,4,0.8
2022,girls,all,redwood-empire,replacement,False,7,0,0.0,0,0.0,1,0.1429
2022,girls,all,tri-valley,at_large_combined,True,34,9,0.2647,6,0.1765,15,0.4412
2022,girls,all,tri-valley,automatic,False,91,63,0.6923,45,0.4945,70,0.7692
2022,girls,all,tri-valley,next_best_mark,False,34,9,0.2647,6,0.1765,15,0.4412
2022,girls,all,tri-valley,replacement,False,3,,,,,,
2022,girls,all,tri-valley,unexplained,False,2,,,,,,
2022,boys,100,bay-shore,automatic,False,6,2,0.3333,2,0.3333,2,0.3333
2022,boys,100,class-a,automatic,False,2,,,,,,
2022,boys,100,redwood-empire,automatic,False,6,1,0.1667,1,0.1667,1,0.1667
2022,boys,100,tri-valley,at_large_combined,True,3,,,,,,
2022,boys,100,tri-valley,automatic,False,6,4,0.6667,3,0.5,4,0.6667
2022,boys,100,tri-valley,next_best_mark,False,3,,,,,,
2022,boys,110H,bay-shore,automatic,False,6,1,0.1667,0,0.0,1,0.1667
2022,boys,110H,class-a,automatic,False,3,,,,,,
2022,boys,110H,redwood-empire,at_large_combined,True,1,,,,,,
2022,boys,110H,redwood-empire,automatic,False,5,3,0.6,2,0.4,3,0.6
2022,boys,110H,redwood-empire,next_best_mark,False,1,,,,,,
2022,boys,110H,tri-valley,at_large_combined,True,1,,,,,,
2022,boys,110H,tri-valley,automatic,False,5,4,0.8,4,0.8,4,0.8
2022,boys,110H,tri-valley,next_best_mark,False,1,,,,,,
2022,boys,1600,bay-shore,automatic,False,4,,,,,,
2022,boys,1600,bay-shore,replacement,False,2,,,,,,
2022,boys,1600,class-a,automatic,False,2,,,,,,
2022,boys,1600,class-a,replacement,False,1,,,,,,
2022,boys,1600,redwood-empire,automatic,False,6,0,0.0,0,0.0,2,0.3333
2022,boys,1600,tri-valley,at_large_combined,True,2,,,,,,
2022,boys,1600,tri-valley,automatic,False,5,3,0.6,3,0.6,4,0.8
2022,boys,1600,tri-valley,next_best_mark,False,2,,,,,,
2022,boys,1600,tri-valley,replacement,False,1,,,,,,
2022,boys,200,bay-shore,at_large_combined,True,2,,,,,,
2022,boys,200,bay-shore,at_large_standard,False,2,,,,,,
2022,boys,200,bay-shore,automatic,False,5,3,0.6,2,0.4,3,0.6
2022,boys,200,class-a,automatic,False,2,,,,,,
2022,boys,200,redwood-empire,automatic,False,5,0,0.0,0,0.0,0,0.0
2022,boys,200,redwood-empire,replacement,False,1,,,,,,
2022,boys,200,tri-valley,at_large_combined,True,5,0,0.0,0,0.0,0,0.0
2022,boys,200,tri-valley,at_large_standard,False,2,,,,,,
2022,boys,200,tri-valley,automatic,False,6,5,0.8333,4,0.6667,5,0.8333
2022,boys,200,tri-valley,next_best_mark,False,3,,,,,,
2022,boys,300H,bay-shore,automatic,False,6,1,0.1667,0,0.0,1,0.1667
2022,boys,300H,class-a,automatic,False,3,,,,,,
2022,boys,300H,redwood-empire,automatic,False,4,,,,,,
2022,boys,300H,tri-valley,at_large_combined,True,2,,,,,,
2022,boys,300H,tri-valley,automatic,False,5,2,0.4,2,0.4,2,0.4
2022,boys,300H,tri-valley,next_best_mark,False,2,,,,,,
2022,boys,300H,tri-valley,replacement,False,1,,,,,,
2022,boys,3200,bay-shore,automatic,False,6,2,0.3333,2,0.3333,6,1.0
2022,boys,3200,class-a,automatic,False,3,,,,,,
2022,boys,3200,redwood-empire,automatic,False,6,1,0.1667,1,0.1667,6,1.0
2022,boys,3200,tri-valley,at_large_combined,True,3,,,,,,
2022,boys,3200,tri-valley,automatic,False,6,4,0.6667,3,0.5,6,1.0
2022,boys,3200,tri-valley,next_best_mark,False,3,,,,,,
2022,boys,400,bay-shore,automatic,False,6,3,0.5,2,0.3333,3,0.5
2022,boys,400,class-a,automatic,False,2,,,,,,
2022,boys,400,class-a,replacement,False,1,,,,,,
2022,boys,400,redwood-empire,automatic,False,5,0,0.0,0,0.0,0,0.0
2022,boys,400,tri-valley,at_large_combined,True,3,,,,,,
2022,boys,400,tri-valley,automatic,False,6,4,0.6667,4,0.6667,4,0.6667
2022,boys,400,tri-valley,next_best_mark,False,3,,,,,,
2022,boys,4x100,bay-shore,automatic,False,6,2,0.3333,1,0.1667,2,0.3333
2022,boys,4x100,class-a,automatic,False,3,,,,,,
2022,boys,4x100,redwood-empire,automatic,False,6,1,0.1667,1,0.1667,1,0.1667
2022,boys,4x100,tri-valley,at_large_combined,True,3,,,,,,
2022,boys,4x100,tri-valley,automatic,False,6,4,0.6667,4,0.6667,5,0.8333
2022,boys,4x100,tri-valley,next_best_mark,False,3,,,,,,
2022,boys,4x400,bay-shore,at_large_combined,True,2,,,,,,
2022,boys,4x400,bay-shore,automatic,False,6,3,0.5,2,0.3333,3,0.5
2022,boys,4x400,bay-shore,next_best_mark,False,2,,,,,,
2022,boys,4x400,bay-shore,unexplained,False,1,,,,,,
2022,boys,4x400,class-a,automatic,False,2,,,,,,
2022,boys,4x400,redwood-empire,automatic,False,6,0,0.0,0,0.0,0,0.0
2022,boys,4x400,tri-valley,automatic,False,5,5,1.0,4,0.8,5,1.0
2022,boys,800,bay-shore,automatic,False,6,3,0.5,3,0.5,6,1.0
2022,boys,800,class-a,automatic,False,3,,,,,,
2022,boys,800,redwood-empire,at_large_combined,True,1,,,,,,
2022,boys,800,redwood-empire,automatic,False,6,1,0.1667,0,0.0,2,0.3333
2022,boys,800,redwood-empire,next_best_mark,False,1,,,,,,
2022,boys,800,tri-valley,at_large_combined,True,2,,,,,,
2022,boys,800,tri-valley,automatic,False,6,4,0.6667,3,0.5,5,0.8333
2022,boys,800,tri-valley,next_best_mark,False,2,,,,,,
2022,boys,DT,bay-shore,automatic,False,5,2,0.4,2,0.4,2,0.4
2022,boys,DT,bay-shore,replacement,False,1,,,,,,
2022,boys,DT,class-a,automatic,False,3,,,,,,
2022,boys,DT,redwood-empire,at_large_combined,True,1,,,,,,
2022,boys,DT,redwood-empire,automatic,False,6,4,0.6667,4,0.6667,4,0.6667
2022,boys,DT,redwood-empire,next_best_mark,False,1,,,,,,
2022,boys,DT,redwood-empire,replacement,False,1,,,,,,
2022,boys,DT,tri-valley,automatic,False,6,2,0.3333,0,0.0,2,0.3333
2022,boys,HJ,bay-shore,automatic,False,6,0,0.0,0,0.0,6,1.0
2022,boys,HJ,class-a,automatic,False,3,,,,,,
2022,boys,HJ,redwood-empire,at_large_combined,True,1,,,,,,
2022,boys,HJ,redwood-empire,automatic,False,6,6,1.0,5,0.8333,6,1.0
2022,boys,HJ,redwood-empire,next_best_mark,False,1,,,,,,
2022,boys,HJ,tri-valley,at_large_combined,True,4,,,,,,
2022,boys,HJ,tri-valley,automatic,False,6,2,0.3333,2,0.3333,6,1.0
2022,boys,HJ,tri-valley,next_best_mark,False,4,,,,,,
2022,boys,LJ,bay-shore,at_large_combined,True,1,,,,,,
2022,boys,LJ,bay-shore,automatic,False,6,3,0.5,2,0.3333,3,0.5
2022,boys,LJ,bay-shore,next_best_mark,False,1,,,,,,
2022,boys,LJ,class-a,at_large_combined,True,1,,,,,,
2022,boys,LJ,class-a,automatic,False,2,,,,,,
2022,boys,LJ,class-a,next_best_mark,False,1,,,,,,
2022,boys,LJ,class-a,replacement,False,1,,,,,,
2022,boys,LJ,redwood-empire,automatic,False,5,1,0.2,1,0.2,1,0.2
2022,boys,LJ,tri-valley,at_large_combined,True,1,,,,,,
2022,boys,LJ,tri-valley,automatic,False,5,3,0.6,2,0.4,3,0.6
2022,boys,LJ,tri-valley,next_best_mark,False,1,,,,,,
2022,boys,PV,bay-shore,automatic,False,5,1,0.2,1,0.2,5,1.0
2022,boys,PV,class-a,automatic,False,2,,,,,,
2022,boys,PV,redwood-empire,automatic,False,5,1,0.2,1,0.2,5,1.0
2022,boys,PV,redwood-empire,replacement,False,1,,,,,,
2022,boys,PV,tri-valley,at_large_combined,True,4,,,,,,
2022,boys,PV,tri-valley,automatic,False,5,3,0.6,3,0.6,5,1.0
2022,boys,PV,tri-valley,next_best_mark,False,4,,,,,,
2022,boys,SP,bay-shore,automatic,False,6,2,0.3333,1,0.1667,2,0.3333
2022,boys,SP,class-a,automatic,False,3,,,,,,
2022,boys,SP,redwood-empire,at_large_combined,True,3,,,,,,
2022,boys,SP,redwood-empire,automatic,False,6,4,0.6667,3,0.5,4,0.6667
2022,boys,SP,redwood-empire,next_best_mark,False,3,,,,,,
2022,boys,SP,tri-valley,automatic,False,6,2,0.3333,1,0.1667,2,0.3333
2022,boys,TJ,bay-shore,automatic,False,6,2,0.3333,1,0.1667,2,0.3333
2022,boys,TJ,class-a,automatic,False,2,,,,,,
2022,boys,TJ,class-a,replacement,False,1,,,,,,
2022,boys,TJ,redwood-empire,at_large_combined,True,1,,,,,,
2022,boys,TJ,redwood-empire,automatic,False,6,2,0.3333,1,0.1667,2,0.3333
2022,boys,TJ,redwood-empire,next_best_mark,False,1,,,,,,
2022,boys,TJ,tri-valley,at_large_combined,True,2,,,,,,
2022,boys,TJ,tri-valley,automatic,False,6,4,0.6667,3,0.5,4,0.6667
2022,boys,TJ,tri-valley,next_best_mark,False,2,,,,,,
2022,boys,group:sprints_hurdles,bay-shore,at_large_combined,True,2,,,,,,
2022,boys,group:sprints_hurdles,bay-shore,at_large_standard,False,2,,,,,,
2022,boys,group:sprints_hurdles,bay-shore,automatic,False,23,7,0.3043,4,0.1739,7,0.3043
2022,boys,group:sprints_hurdles,class-a,automatic,False,10,2,0.2,2,0.2,2,0.2
2022,boys,group:sprints_hurdles,redwood-empire,at_large_combined,True,1,,,,,,
2022,boys,group:sprints_hurdles,redwood-empire,automatic,False,20,6,0.3,5,0.25,6,0.3
2022,boys,group:sprints_hurdles,redwood-empire,next_best_mark,False,1,,,,,,
2022,boys,group:sprints_hurdles,redwood-empire,replacement,False,1,,,,,,
2022,boys,group:sprints_hurdles,tri-valley,at_large_combined,True,11,1,0.0909,0,0.0,1,0.0909
2022,boys,group:sprints_hurdles,tri-valley,at_large_standard,False,2,,,,,,
2022,boys,group:sprints_hurdles,tri-valley,automatic,False,22,15,0.6818,13,0.5909,15,0.6818
2022,boys,group:sprints_hurdles,tri-valley,next_best_mark,False,9,1,0.1111,0,0.0,1,0.1111
2022,boys,group:sprints_hurdles,tri-valley,replacement,False,1,,,,,,
2022,boys,group:400_800,bay-shore,automatic,False,12,6,0.5,5,0.4167,9,0.75
2022,boys,group:400_800,class-a,automatic,False,5,0,0.0,0,0.0,0,0.0
2022,boys,group:400_800,class-a,replacement,False,1,,,,,,
2022,boys,group:400_800,redwood-empire,at_large_combined,True,1,,,,,,
2022,boys,group:400_800,redwood-empire,automatic,False,11,1,0.0909,0,0.0,2,0.1818
2022,boys,group:400_800,redwood-empire,next_best_mark,False,1,,,,,,
2022,boys,group:400_800,tri-valley,at_large_combined,True,5,1,0.2,0,0.0,1,0.2
2022,boys,group:400_800,tri-valley,automatic,False,12,8,0.6667,7,0.5833,9,0.75
2022,boys,group:400_800,tri-valley,next_best_mark,False,5,1,0.2,0,0.0,1,0.2
2022,boys,group:distance,bay-shore,automatic,False,10,4,0.4,3,0.3,9,0.9
2022,boys,group:distance,bay-shore,replacement,False,2,,,,,,
2022,boys,group:distance,class-a,automatic,False,5,0,0.0,0,0.0,3,0.6
2022,boys,group:distance,class-a,replacement,False,1,,,,,,
2022,boys,group:distance,redwood-empire,automatic,False,12,1,0.0833,1,0.0833,8,0.6667
2022,boys,group:distance,tri-valley,at_large_combined,True,5,3,0.6,1,0.2,5,1.0
2022,boys,group:distance,tri-valley,automatic,False,11,7,0.6364,6,0.5455,10,0.9091
2022,boys,group:distance,tri-valley,next_best_mark,False,5,3,0.6,1,0.2,5,1.0
2022,boys,group:distance,tri-valley,replacement,False,1,,,,,,
2022,boys,group:jumps,bay-shore,at_large_combined,True,1,,,,,,
2022,boys,group:jumps,bay-shore,automatic,False,23,6,0.2609,4,0.1739,16,0.6957
2022,boys,group:jumps,bay-shore,next_best_mark,False,1,,,,,,
2022,boys,group:jumps,class-a,at_large_combined,True,1,,,,,,
2022,boys,group:jumps,class-a,automatic,False,9,2,0.2222,2,0.2222,7,0.7778
2022,boys,group:jumps,class-a,next_best_mark,False,1,,,,,,
2022,boys,group:jumps,class-a,replacement,False,2,,,,,,
2022,boys,group:jumps,redwood-empire,at_large_combined,True,2,,,,,,
2022,boys,group:jumps,redwood-empire,automatic,False,22,10,0.4545,8,0.3636,14,0.6364
2022,boys,group:jumps,redwood-empire,next_best_mark,False,2,,,,,,
2022,boys,group:jumps,redwood-empire,replacement,False,1,,,,,,
2022,boys,group:jumps,tri-valley,at_large_combined,True,11,5,0.4545,2,0.1818,9,0.8182
2022,boys,group:jumps,tri-valley,automatic,False,22,12,0.5455,10,0.4545,18,0.8182
2022,boys,group:jumps,tri-valley,next_best_mark,False,11,5,0.4545,2,0.1818,9,0.8182
2022,boys,group:throws,bay-shore,automatic,False,11,4,0.3636,3,0.2727,4,0.3636
2022,boys,group:throws,bay-shore,replacement,False,1,,,,,,
2022,boys,group:throws,class-a,automatic,False,6,0,0.0,0,0.0,0,0.0
2022,boys,group:throws,redwood-empire,at_large_combined,True,4,,,,,,
2022,boys,group:throws,redwood-empire,automatic,False,12,8,0.6667,7,0.5833,8,0.6667
2022,boys,group:throws,redwood-empire,next_best_mark,False,4,,,,,,
2022,boys,group:throws,redwood-empire,replacement,False,1,,,,,,
2022,boys,group:throws,tri-valley,automatic,False,12,4,0.3333,1,0.0833,4,0.3333
2022,boys,group:relays,bay-shore,at_large_combined,True,2,,,,,,
2022,boys,group:relays,bay-shore,automatic,False,12,5,0.4167,3,0.25,5,0.4167
2022,boys,group:relays,bay-shore,next_best_mark,False,2,,,,,,
2022,boys,group:relays,bay-shore,unexplained,False,1,,,,,,
2022,boys,group:relays,class-a,automatic,False,5,0,0.0,0,0.0,0,0.0
2022,boys,group:relays,redwood-empire,automatic,False,12,1,0.0833,1,0.0833,1,0.0833
2022,boys,group:relays,tri-valley,at_large_combined,True,3,,,,,,
2022,boys,group:relays,tri-valley,automatic,False,11,9,0.8182,8,0.7273,10,0.9091
2022,boys,group:relays,tri-valley,next_best_mark,False,3,,,,,,
2022,boys,all,bay-shore,at_large_combined,True,5,0,0.0,0,0.0,0,0.0
2022,boys,all,bay-shore,at_large_standard,False,2,,,,,,
2022,boys,all,bay-shore,automatic,False,91,32,0.3516,22,0.2418,50,0.5495
2022,boys,all,bay-shore,next_best_mark,False,3,,,,,,
2022,boys,all,bay-shore,replacement,False,3,,,,,,
2022,boys,all,bay-shore,unexplained,False,1,,,,,,
2022,boys,all,class-a,at_large_combined,True,1,,,,,,
2022,boys,all,class-a,automatic,False,40,4,0.1,4,0.1,12,0.3
2022,boys,all,class-a,next_best_mark,False,1,,,,,,
2022,boys,all,class-a,replacement,False,4,,,,,,
2022,boys,all,redwood-empire,at_large_combined,True,8,3,0.375,1,0.125,3,0.375
2022,boys,all,redwood-empire,automatic,False,89,27,0.3034,22,0.2472,39,0.4382
2022,boys,all,redwood-empire,next_best_mark,False,8,3,0.375,1,0.125,3,0.375
2022,boys,all,redwood-empire,replacement,False,3,,,,,,
2022,boys,all,tri-valley,at_large_combined,True,35,10,0.2857,3,0.0857,16,0.4571
2022,boys,all,tri-valley,at_large_standard,False,2,,,,,,
2022,boys,all,tri-valley,automatic,False,90,55,0.6111,45,0.5,66,0.7333
2022,boys,all,tri-valley,next_best_mark,False,33,10,0.303,3,0.0909,16,0.4848
2022,boys,all,tri-valley,replacement,False,2,,,,,,
2022,all,100,bay-shore,automatic,False,12,4,0.3333,3,0.25,4,0.3333
2022,all,100,class-a,automatic,False,5,0,0.0,0,0.0,0,0.0
2022,all,100,redwood-empire,automatic,False,11,2,0.1818,2,0.1818,2,0.1818
2022,all,100,tri-valley,at_large_combined,True,6,1,0.1667,0,0.0,1,0.1667
2022,all,100,tri-valley,automatic,False,12,9,0.75,7,0.5833,9,0.75
2022,all,100,tri-valley,next_best_mark,False,6,1,0.1667,0,0.0,1,0.1667
2022,all,100H,bay-shore,automatic,False,6,3,0.5,3,0.5,3,0.5
2022,all,100H,class-a,automatic,False,3,,,,,,
2022,all,100H,redwood-empire,automatic,False,6,1,0.1667,1,0.1667,1,0.1667
2022,all,100H,tri-valley,at_large_combined,True,3,,,,,,
2022,all,100H,tri-valley,automatic,False,6,3,0.5,2,0.3333,3,0.5
2022,all,100H,tri-valley,next_best_mark,False,3,,,,,,
2022,all,110H,bay-shore,automatic,False,6,1,0.1667,0,0.0,1,0.1667
2022,all,110H,class-a,automatic,False,3,,,,,,
2022,all,110H,redwood-empire,at_large_combined,True,1,,,,,,
2022,all,110H,redwood-empire,automatic,False,5,3,0.6,2,0.4,3,0.6
2022,all,110H,redwood-empire,next_best_mark,False,1,,,,,,
2022,all,110H,tri-valley,at_large_combined,True,1,,,,,,
2022,all,110H,tri-valley,automatic,False,5,4,0.8,4,0.8,4,0.8
2022,all,110H,tri-valley,next_best_mark,False,1,,,,,,
2022,all,1600,bay-shore,automatic,False,8,3,0.375,2,0.25,4,0.5
2022,all,1600,bay-shore,replacement,False,4,,,,,,
2022,all,1600,class-a,automatic,False,4,,,,,,
2022,all,1600,class-a,replacement,False,3,,,,,,
2022,all,1600,redwood-empire,at_large_combined,True,1,,,,,,
2022,all,1600,redwood-empire,automatic,False,11,2,0.1818,2,0.1818,5,0.4545
2022,all,1600,redwood-empire,next_best_mark,False,1,,,,,,
2022,all,1600,tri-valley,at_large_combined,True,2,,,,,,
2022,all,1600,tri-valley,automatic,False,10,6,0.6,5,0.5,7,0.7
2022,all,1600,tri-valley,next_best_mark,False,2,,,,,,
2022,all,1600,tri-valley,replacement,False,2,,,,,,
2022,all,1600,tri-valley,unexplained,False,1,,,,,,
2022,all,200,bay-shore,at_large_combined,True,2,,,,,,
2022,all,200,bay-shore,at_large_standard,False,2,,,,,,
2022,all,200,bay-shore,automatic,False,11,4,0.3636,3,0.2727,4,0.3636
2022,all,200,bay-shore,unexplained,False,1,,,,,,
2022,all,200,class-a,automatic,False,5,1,0.2,1,0.2,1,0.2
2022,all,200,redwood-empire,automatic,False,8,0,0.0,0,0.0,1,0.125
2022,all,200,redwood-empire,replacement,False,3,,,,,,
2022,all,200,tri-valley,at_large_combined,True,7,1,0.1429,0,0.0,1,0.1429
2022,all,200,tri-valley,at_large_standard,False,2,,,,,,
2022,all,200,tri-valley,automatic,False,11,9,0.8182,8,0.7273,9,0.8182
2022,all,200,tri-valley,next_best_mark,False,5,1,0.2,0,0.0,1,0.2
2022,all,200,tri-valley,replacement,False,1,,,,,,
2022,all,300H,bay-shore,automatic,False,12,4,0.3333,2,0.1667,4,0.3333
2022,all,300H,class-a,automatic,False,6,2,0.3333,2,0.3333,2,0.3333
2022,all,300H,redwood-empire,automatic,False,10,3,0.3,3,0.3,3,0.3
2022,all,300H,tri-valley,at_large_combined,True,5,0,0.0,0,0.0,0,0.0
2022,all,300H,tri-valley,automatic,False,11,6,0.5455,5,0.4545,6,0.5455
2022,all,300H,tri-valley,next_best_mark,False,5,0,0.0,0,0.0,0,0.0
2022,all,300H,tri-valley,replacement,False,1,,,,,,
2022,all,3200,bay-shore,automatic,False,12,4,0.3333,4,0.3333,12,1.0
2022,all,3200,class-a,automatic,False,5,1,0.2,1,0.2,5,1.0
2022,all,3200,class-a,replacement,False,1,,,,,,
2022,all,3200,class-a,unexplained,False,1,,,,,,
2022,all,3200,redwood-empire,automatic,False,12,3,0.25,3,0.25,12,1.0
2022,all,3200,redwood-empire,replacement,False,1,,,,,,
2022,all,3200,tri-valley,at_large_combined,True,4,,,,,,
2022,all,3200,tri-valley,automatic,False,11,7,0.6364,4,0.3636,11,1.0
2022,all,3200,tri-valley,next_best_mark,False,4,,,,,,
2022,all,400,bay-shore,automatic,False,10,3,0.3,2,0.2,3,0.3
2022,all,400,bay-shore,replacement,False,2,,,,,,
2022,all,400,class-a,automatic,False,4,,,,,,
2022,all,400,class-a,replacement,False,2,,,,,,
2022,all,400,redwood-empire,automatic,False,8,2,0.25,2,0.25,2,0.25
2022,all,400,redwood-empire,replacement,False,1,,,,,,
2022,all,400,tri-valley,at_large_combined,True,6,3,0.5,2,0.3333,3,0.5
2022,all,400,tri-valley,automatic,False,12,8,0.6667,6,0.5,8,0.6667
2022,all,400,tri-valley,next_best_mark,False,6,3,0.5,2,0.3333,3,0.5
2022,all,4x100,bay-shore,automatic,False,12,5,0.4167,3,0.25,5,0.4167
2022,all,4x100,class-a,automatic,False,6,0,0.0,0,0.0,0,0.0
2022,all,4x100,redwood-empire,automatic,False,10,2,0.2,1,0.1,2,0.2
2022,all,4x100,redwood-empire,replacement,False,2,,,,,,
2022,all,4x100,tri-valley,at_large_combined,True,6,0,0.0,0,0.0,0,0.0
2022,all,4x100,tri-valley,automatic,False,12,8,0.6667,8,0.6667,9,0.75
2022,all,4x100,tri-valley,next_best_mark,False,6,0,0.0,0,0.0,0,0.0
2022,all,4x400,bay-shore,at_large_combined,True,2,,,,,,
2022,all,4x400,bay-shore,automatic,False,12,5,0.4167,4,0.3333,5,0.4167
2022,all,4x400,bay-shore,next_best_mark,False,2,,,,,,
2022,all,4x400,bay-shore,unexplained,False,1,,,,,,
2022,all,4x400,class-a,automatic,False,5,0,0.0,0,0.0,0,0.0
2022,all,4x400,redwood-empire,automatic,False,11,1,0.0909,0,0.0,1,0.0909
2022,all,4x400,tri-valley,at_large_combined,True,3,,,,,,
2022,all,4x400,tri-valley,automatic,False,11,9,0.8182,8,0.7273,9,0.8182
2022,all,4x400,tri-valley,next_best_mark,False,3,,,,,,
2022,all,800,bay-shore,automatic,False,11,3,0.2727,3,0.2727,7,0.6364
2022,all,800,bay-shore,replacement,False,1,,,,,,
2022,all,800,class-a,automatic,False,6,1,0.1667,1,0.1667,1,0.1667
2022,all,800,redwood-empire,at_large_combined,True,1,,,,,,
2022,all,800,redwood-empire,automatic,False,11,2,0.1818,1,0.0909,4,0.3636
2022,all,800,redwood-empire,next_best_mark,False,1,,,,,,
2022,all,800,tri-valley,at_large_combined,True,4,,,,,,
2022,all,800,tri-valley,automatic,False,12,8,0.6667,6,0.5,10,0.8333
2022,all,800,tri-valley,next_best_mark,False,4,,,,,,
2022,all,800,tri-valley,replacement,False,1,,,,,,
2022,all,DT,bay-shore,automatic,False,9,2,0.2222,2,0.2222,2,0.2222
2022,all,DT,bay-shore,replacement,False,1,,,,,,
2022,all,DT,class-a,automatic,False,6,0,0.0,0,0.0,0,0.0
2022,all,DT,redwood-empire,at_large_combined,True,1,,,,,,
2022,all,DT,redwood-empire,automatic,False,11,5,0.4545,5,0.4545,5,0.4545
2022,all,DT,redwood-empire,next_best_mark,False,1,,,,,,
2022,all,DT,redwood-empire,replacement,False,1,,,,,,
2022,all,DT,tri-valley,at_large_combined,True,3,,,,,,
2022,all,DT,tri-valley,automatic,False,12,7,0.5833,2,0.1667,7,0.5833
2022,all,DT,tri-valley,next_best_mark,False,3,,,,,,
2022,all,HJ,bay-shore,automatic,False,12,1,0.0833,1,0.0833,12,1.0
2022,all,HJ,class-a,automatic,False,6,0,0.0,0,0.0,6,1.0
2022,all,HJ,redwood-empire,at_large_combined,True,3,,,,,,
2022,all,HJ,redwood-empire,automatic,False,12,8,0.6667,6,0.5,12,1.0
2022,all,HJ,redwood-empire,next_best_mark,False,3,,,,,,
2022,all,HJ,tri-valley,at_large_combined,True,7,1,0.1429,0,0.0,7,1.0
2022,all,HJ,tri-valley,automatic,False,11,6,0.5455,6,0.5455,11,1.0
2022,all,HJ,tri-valley,next_best_mark,False,7,1,0.1429,0,0.0,7,1.0
2022,all,LJ,bay-shore,at_large_combined,True,1,,,,,,
2022,all,LJ,bay-shore,automatic,False,10,5,0.5,4,0.4,5,0.5
2022,all,LJ,bay-shore,next_best_mark,False,1,,,,,,
2022,all,LJ,bay-shore,replacement,False,1,,,,,,
2022,all,LJ,class-a,at_large_combined,True,1,,,,,,
2022,all,LJ,class-a,automatic,False,5,2,0.4,2,0.4,2,0.4
2022,all,LJ,class-a,next_best_mark,False,1,,,,,,
2022,all,LJ,class-a,replacement,False,1,,,,,,
2022,all,LJ,redwood-empire,automatic,False,9,3,0.3333,3,0.3333,3,0.3333
2022,all,LJ,tri-valley,at_large_combined,True,2,,,,,,
2022,all,LJ,tri-valley,automatic,False,11,7,0.6364,4,0.3636,7,0.6364
2022,all,LJ,tri-valley,next_best_mark,False,2,,,,,,
2022,all,LJ,tri-valley,unexplained,False,1,,,,,,
2022,all,PV,bay-shore,at_large_combined,True,3,,,,,,
2022,all,PV,bay-shore,automatic,False,11,2,0.1818,2,0.1818,11,1.0
2022,all,PV,bay-shore,next_best_mark,False,3,,,,,,
2022,all,PV,class-a,automatic,False,5,0,0.0,0,0.0,5,1.0
2022,all,PV,redwood-empire,at_large_combined,True,1,,,,,,
2022,all,PV,redwood-empire,automatic,False,11,5,0.4545,4,0.3636,11,1.0
2022,all,PV,redwood-empire,next_best_mark,False,1,,,,,,
2022,all,PV,redwood-empire,replacement,False,1,,,,,,
2022,all,PV,tri-valley,at_large_combined,True,5,3,0.6,1,0.2,5,1.0
2022,all,PV,tri-valley,automatic,False,11,6,0.5455,5,0.4545,11,1.0
2022,all,PV,tri-valley,next_best_mark,False,5,3,0.6,1,0.2,5,1.0
2022,all,SP,bay-shore,automatic,False,10,2,0.2,1,0.1,2,0.2
2022,all,SP,bay-shore,replacement,False,1,,,,,,
2022,all,SP,class-a,automatic,False,5,0,0.0,0,0.0,0,0.0
2022,all,SP,redwood-empire,at_large_combined,True,3,,,,,,
2022,all,SP,redwood-empire,automatic,False,11,6,0.5455,4,0.3636,6,0.5455
2022,all,SP,redwood-empire,next_best_mark,False,3,,,,,,
2022,all,SP,tri-valley,at_large_combined,True,3,,,,,,
2022,all,SP,tri-valley,automatic,False,11,7,0.6364,4,0.3636,7,0.6364
2022,all,SP,tri-valley,next_best_mark,False,3,,,,,,
2022,all,TJ,bay-shore,automatic,False,12,4,0.3333,3,0.25,4,0.3333
2022,all,TJ,class-a,automatic,False,5,1,0.2,1,0.2,1,0.2
2022,all,TJ,class-a,replacement,False,1,,,,,,
2022,all,TJ,redwood-empire,at_large_combined,True,2,,,,,,
2022,all,TJ,redwood-empire,automatic,False,10,5,0.5,2,0.2,5,0.5
2022,all,TJ,redwood-empire,next_best_mark,False,2,,,,,,
2022,all,TJ,redwood-empire,replacement,False,1,,,,,,
2022,all,TJ,tri-valley,at_large_combined,True,2,,,,,,
2022,all,TJ,tri-valley,automatic,False,12,8,0.6667,6,0.5,8,0.6667
2022,all,TJ,tri-valley,next_best_mark,False,2,,,,,,
2022,all,group:sprints_hurdles,bay-shore,at_large_combined,True,2,,,,,,
2022,all,group:sprints_hurdles,bay-shore,at_large_standard,False,2,,,,,,
2022,all,group:sprints_hurdles,bay-shore,automatic,False,47,16,0.3404,11,0.234,16,0.3404
2022,all,group:sprints_hurdles,bay-shore,unexplained,False,1,,,,,,
2022,all,group:sprints_hurdles,class-a,automatic,False,22,3,0.1364,3,0.1364,3,0.1364
2022,all,group:sprints_hurdles,redwood-empire,at_large_combined,True,1,,,,,,
2022,all,group:sprints_hurdles,redwood-empire,automatic,False,40,9,0.225,8,0.2,10,0.25
2022,all,group:sprints_hurdles,redwood-empire,next_best_mark,False,1,,,,,,
2022,all,group:sprints_hurdles,redwood-empire,replacement,False,3,,,,,,
2022,all,group:sprints_hurdles,tri-valley,at_large_combined,True,22,3,0.1364,0,0.0,3,0.1364
2022,all,group:sprints_hurdles,tri-valley,at_large_standard,False,2,,,,,,
2022,all,group:sprints_hurdles,tri-valley,automatic,False,45,31,0.6889,26,0.5778,31,0.6889
2022,all,group:sprints_hurdles,tri-valley,next_best_mark,False,20,3,0.15,0,0.0,3,0.15
2022,all,group:sprints_hurdles,tri-valley,replacement,False,2,,,,,,
2022,all,group:400_800,bay-shore,automatic,False,21,6,0.2857,5,0.2381,10,0.4762
2022,all,group:400_800,bay-shore,replacement,False,3,,,,,,
2022,all,group:400_800,class-a,automatic,False,10,1,0.1,1,0.1,1,0.1
2022,all,group:400_800,class-a,replacement,False,2,,,,,,
2022,all,group:400_800,redwood-empire,at_large_combined,True,1,,,,,,
2022,all,group:400_800,redwood-empire,automatic,False,19,4,0.2105,3,0.1579,6,0.3158
2022,all,group:400_800,redwood-empire,next_best_mark,False,1,,,,,,
2022,all,group:400_800,redwood-empire,replacement,False,1,,,,,,
2022,all,group:400_800,tri-valley,at_large_combined,True,10,4,0.4,3,0.3,5,0.5
2022,all,group:400_800,tri-valley,automatic,False,24,16,0.6667,12,0.5,18,0.75
2022,all,group:400_800,tri-valley,next_best_mark,False,10,4,0.4,3,0.3,5,0.5
2022,all,group:400_800,tri-valley,replacement,False,1,,,,,,
2022,all,group:distance,bay-shore,automatic,False,20,7,0.35,6,0.3,16,0.8
2022,all,group:distance,bay-shore,replacement,False,4,,,,,,
2022,all,group:distance,class-a,automatic,False,9,2,0.2222,2,0.2222,6,0.6667
2022,all,group:distance,class-a,replacement,False,4,,,,,,
2022,all,group:distance,class-a,unexplained,False,1,,,,,,
2022,all,group:distance,redwood-empire,at_large_combined,True,1,,,,,,
2022,all,group:distance,redwood-empire,automatic,False,23,5,0.2174,5,0.2174,17,0.7391
2022,all,group:distance,redwood-empire,next_best_mark,False,1,,,,,,
2022,all,group:distance,redwood-empire,replacement,False,1,,,,,,
2022,all,group:distance,tri-valley,at_large_combined,True,6,3,0.5,1,0.1667,6,1.0
2022,all,group:distance,tri-valley,automatic,False,21,13,0.619,9,0.4286,18,0.8571
2022,all,group:distance,tri-valley,next_best_mark,False,6,3,0.5,1,0.1667,6,1.0
2022,all,group:distance,tri-valley,replacement,False,2,,,,,,
2022,all,group:distance,tri-valley,unexplained,False,1,,,,,,
2022,all,group:jumps,bay-shore,at_large_combined,True,4,,,,,,
2022,all,group:jumps,bay-shore,automatic,False,45,12,0.2667,10,0.2222,32,0.7111
2022,all,group:jumps,bay-shore,next_best_mark,False,4,,,,,,
2022,all,group:jumps,bay-shore,replacement,False,1,,,,,,
2022,all,group:jumps,class-a,at_large_combined,True,1,,,,,,
2022,all,group:jumps,class-a,automatic,False,21,3,0.1429,3,0.1429,14,0.6667
2022,all,group:jumps,class-a,next_best_mark,False,1,,,,,,
2022,all,group:jumps,class-a,replacement,False,2,,,,,,
2022,all,group:jumps,redwood-empire,at_large_combined,True,6,2,0.3333,0,0.0,4,0.6667
2022,all,group:jumps,redwood-empire,automatic,False,42,21,0.5,15,0.3571,31,0.7381
2022,all,group:jumps,redwood-empire,next_best_mark,False,6,2,0.3333,0,0.0,4,0.6667
2022,all,group:jumps,redwood-empire,replacement,False,2,,,,,,
2022,all,group:jumps,tri-valley,at_large_combined,True,16,5,0.3125,2,0.125,13,0.8125
2022,all,group:jumps,tri-valley,automatic,False,45,27,0.6,21,0.4667,37,0.8222
2022,all,group:jumps,tri-valley,next_best_mark,False,16,5,0.3125,2,0.125,13,0.8125
2022,all,group:jumps,tri-valley,unexplained,False,1,,,,,,
2022,all,group:throws,bay-shore,automatic,False,19,4,0.2105,3,0.1579,4,0.2105
2022,all,group:throws,bay-shore,replacement,False,2,,,,,,
2022,all,group:throws,class-a,automatic,False,11,0,0.0,0,0.0,0,0.0
2022,all,group:throws,redwood-empire,at_large_combined,True,4,,,,,,
2022,all,group:throws,redwood-empire,automatic,False,22,11,0.5,9,0.4091,11,0.5
2022,all,group:throws,redwood-empire,next_best_mark,False,4,,,,,,
2022,all,group:throws,redwood-empire,replacement,False,1,,,,,,
2022,all,group:throws,tri-valley,at_large_combined,True,6,3,0.5,3,0.5,3,0.5
2022,all,group:throws,tri-valley,automatic,False,23,14,0.6087,6,0.2609,14,0.6087
2022,all,group:throws,tri-valley,next_best_mark,False,6,3,0.5,3,0.5,3,0.5
2022,all,group:relays,bay-shore,at_large_combined,True,2,,,,,,
2022,all,group:relays,bay-shore,automatic,False,24,10,0.4167,7,0.2917,10,0.4167
2022,all,group:relays,bay-shore,next_best_mark,False,2,,,,,,
2022,all,group:relays,bay-shore,unexplained,False,1,,,,,,
2022,all,group:relays,class-a,automatic,False,11,0,0.0,0,0.0,0,0.0
2022,all,group:relays,redwood-empire,automatic,False,21,3,0.1429,1,0.0476,3,0.1429
2022,all,group:relays,redwood-empire,replacement,False,2,,,,,,
2022,all,group:relays,tri-valley,at_large_combined,True,9,1,0.1111,0,0.0,1,0.1111
2022,all,group:relays,tri-valley,automatic,False,23,17,0.7391,16,0.6957,18,0.7826
2022,all,group:relays,tri-valley,next_best_mark,False,9,1,0.1111,0,0.0,1,0.1111
2022,all,all,bay-shore,at_large_combined,True,8,0,0.0,0,0.0,3,0.375
2022,all,all,bay-shore,at_large_standard,False,2,,,,,,
2022,all,all,bay-shore,automatic,False,176,55,0.3125,42,0.2386,88,0.5
2022,all,all,bay-shore,next_best_mark,False,6,0,0.0,0,0.0,3,0.5
2022,all,all,bay-shore,replacement,False,10,1,0.1,1,0.1,1,0.1
2022,all,all,bay-shore,unexplained,False,2,,,,,,
2022,all,all,class-a,at_large_combined,True,1,,,,,,
2022,all,all,class-a,automatic,False,84,9,0.1071,9,0.1071,24,0.2857
2022,all,all,class-a,next_best_mark,False,1,,,,,,
2022,all,all,class-a,replacement,False,8,0,0.0,0,0.0,1,0.125
2022,all,all,class-a,unexplained,False,1,,,,,,
2022,all,all,redwood-empire,at_large_combined,True,13,4,0.3077,1,0.0769,7,0.5385
2022,all,all,redwood-empire,automatic,False,167,53,0.3174,41,0.2455,78,0.4671
2022,all,all,redwood-empire,next_best_mark,False,13,4,0.3077,1,0.0769,7,0.5385
2022,all,all,redwood-empire,replacement,False,10,0,0.0,0,0.0,2,0.2
2022,all,all,tri-valley,at_large_combined,True,69,19,0.2754,9,0.1304,31,0.4493
2022,all,all,tri-valley,at_large_standard,False,2,,,,,,
2022,all,all,tri-valley,automatic,False,181,118,0.6519,90,0.4972,136,0.7514
2022,all,all,tri-valley,next_best_mark,False,67,19,0.2836,9,0.1343,31,0.4627
2022,all,all,tri-valley,replacement,False,5,0,0.0,0,0.0,1,0.2
2022,all,all,tri-valley,unexplained,False,2,,,,,,
2023,girls,100,bay-shore,automatic,False,6,2,0.3333,2,0.3333,2,0.3333
2023,girls,100,class-a,automatic,False,3,,,,,,
2023,girls,100,redwood-empire,automatic,False,6,1,0.1667,0,0.0,1,0.1667
2023,girls,100,tri-valley,at_large_combined,True,3,,,,,,
2023,girls,100,tri-valley,automatic,False,6,3,0.5,3,0.5,3,0.5
2023,girls,100,tri-valley,next_best_mark,False,3,,,,,,
2023,girls,100H,bay-shore,automatic,False,6,2,0.3333,2,0.3333,2,0.3333
2023,girls,100H,class-a,automatic,False,3,,,,,,
2023,girls,100H,redwood-empire,automatic,False,6,2,0.3333,2,0.3333,3,0.5
2023,girls,100H,tri-valley,at_large_combined,True,3,,,,,,
2023,girls,100H,tri-valley,automatic,False,5,1,0.2,1,0.2,1,0.2
2023,girls,100H,tri-valley,next_best_mark,False,3,,,,,,
2023,girls,1600,bay-shore,automatic,False,5,0,0.0,0,0.0,1,0.2
2023,girls,1600,bay-shore,unexplained,False,1,,,,,,
2023,girls,1600,class-a,at_large_combined,True,2,,,,,,
2023,girls,1600,class-a,automatic,False,2,,,,,,
2023,girls,1600,class-a,next_best_mark,False,2,,,,,,
2023,girls,1600,class-a,replacement,False,1,,,,,,
2023,girls,1600,redwood-empire,automatic,False,5,2,0.4,1,0.2,2,0.4
2023,girls,1600,redwood-empire,replacement,False,1,,,,,,
2023,girls,1600,tri-valley,automatic,False,4,,,,,,
2023,girls,1600,tri-valley,replacement,False,3,,,,,,
2023,girls,200,bay-shore,automatic,False,6,1,0.1667,0,0.0,1,0.1667
2023,girls,200,class-a,automatic,False,3,,,,,,
2023,girls,200,redwood-empire,automatic,False,5,1,0.2,0,0.0,1,0.2
2023,girls,200,redwood-empire,replacement,False,1,,,,,,
2023,girls,200,tri-valley,at_large_combined,True,4,,,,,,
2023,girls,200,tri-valley,at_large_standard,False,2,,,,,,
2023,girls,200,tri-valley,automatic,False,5,4,0.8,4,0.8,4,0.8
2023,girls,200,tri-valley,next_best_mark,False,2,,,,,,
2023,girls,300H,bay-shore,automatic,False,6,0,0.0,0,0.0,0,0.0
2023,girls,300H,class-a,automatic,False,3,,,,,,
2023,girls,300H,redwood-empire,automatic,False,5,2,0.4,2,0.4,2,0.4
2023,girls,300H,redwood-empire,replacement,False,1,,,,,,
2023,girls,300H,tri-valley,at_large_combined,True,3,,,,,,
2023,girls,300H,tri-valley,automatic,False,6,3,0.5,3,0.5,4,0.6667
2023,girls,300H,tri-valley,next_best_mark,False,3,,,,,,
2023,girls,3200,bay-shore,automatic,False,6,1,0.1667,0,0.0,6,1.0
2023,girls,3200,class-a,automatic,False,2,,,,,,
2023,girls,3200,redwood-empire,automatic,False,6,3,0.5,3,0.5,6,1.0
2023,girls,3200,tri-valley,at_large_combined,True,3,,,,,,
2023,girls,3200,tri-valley,automatic,False,6,4,0.6667,3,0.5,6,1.0
2023,girls,3200,tri-valley,next_best_mark,False,3,,,,,,
2023,girls,400,bay-shore,automatic,False,5,2,0.4,2,0.4,2,0.4
2023,girls,400,bay-shore,replacement,False,1,,,,,,
2023,girls,400,class-a,automatic,False,3,,,,,,
2023,girls,400,redwood-empire,automatic,False,6,2,0.3333,2,0.3333,2,0.3333
2023,girls,400,tri-valley,automatic,False,5,4,0.8,2,0.4,4,0.8
2023,girls,400,tri-valley,replacement,False,4,,,,,,
2023,girls,4x100,bay-shore,automatic,False,6,3,0.5,2,0.3333,3,0.5
2023,girls,4x100,class-a,automatic,False,3,,,,,,
2023,girls,4x100,redwood-empire,automatic,False,5,2,0.4,1,0.2,2,0.4
2023,girls,4x100,tri-valley,at_large_combined,True,3,,,,,,
2023,girls,4x100,tri-valley,automatic,False,6,3,0.5,3,0.5,3,0.5
2023,girls,4x100,tri-valley,next_best_mark,False,3,,,,,,
2023,girls,4x400,bay-shore,automatic,False,4,,,,,,
2023,girls,4x400,bay-shore,replacement,False,1,,,,,,
2023,girls,4x400,class-a,automatic,False,3,,,,,,
2023,girls,4x400,redwood-empire,automatic,False,6,1,0.1667,1,0.1667,1,0.1667
2023,girls,4x400,tri-valley,at_large_combined,True,3,,,,,,
2023,girls,4x400,tri-valley,automatic,False,6,4,0.6667,2,0.3333,4,0.6667
2023,girls,4x400,tri-valley,next_best_mark,False,3,,,,,,
2023,girls,800,bay-shore,automatic,False,5,1,0.2,0,0.0,1,0.2
2023,girls,800,bay-shore,replacement,False,1,,,,,,
2023,girls,800,class-a,automatic,False,1,,,,,,
2023,girls,800,class-a,replacement,False,2,,,,,,
2023,girls,800,redwood-empire,automatic,False,6,0,0.0,0,0.0,1,0.1667
2023,girls,800,tri-valley,at_large_combined,True,3,,,,,,
2023,girls,800,tri-valley,automatic,False,5,5,1.0,5,1.0,5,1.0
2023,girls,800,tri-valley,next_best_mark,False,3,,,,,,
2023,girls,800,tri-valley,unexplained,False,1,,,,,,
2023,girls,DT,bay-shore,automatic,False,4,,,,,,
2023,girls,DT,class-a,automatic,False,2,,,,,,
2023,girls,DT,redwood-empire,automatic,False,5,1,0.2,0,0.0,1,0.2
2023,girls,DT,tri-valley,at_large_combined,True,2,,,,,,
2023,girls,DT,tri-valley,automatic,False,6,6,1.0,4,0.6667,6,1.0
2023,girls,DT,tri-valley,next_best_mark,False,2,,,,,,
2023,girls,HJ,bay-shore,automatic,False,6,1,0.1667,1,0.1667,6,1.0
2023,girls,HJ,class-a,automatic,False,3,,,,,,
2023,girls,HJ,redwood-empire,at_large_combined,True,4,,,,,,
2023,girls,HJ,redwood-empire,automatic,False,6,3,0.5,2,0.3333,6,1.0
2023,girls,HJ,redwood-empire,next_best_mark,False,4,,,,,,
2023,girls,HJ,tri-valley,at_large_combined,True,3,,,,,,
2023,girls,HJ,tri-valley,automatic,False,6,3,0.5,2,0.3333,6,1.0
2023,girls,HJ,tri-valley,next_best_mark,False,3,,,,,,
2023,girls,LJ,bay-shore,at_large_combined,True,2,,,,,,
2023,girls,LJ,bay-shore,automatic,False,5,2,0.4,2,0.4,2,0.4
2023,girls,LJ,bay-shore,next_best_mark,False,2,,,,,,
2023,girls,LJ,class-a,automatic,False,3,,,,,,
2023,girls,LJ,redwood-empire,at_large_combined,True,1,,,,,,
2023,girls,LJ,redwood-empire,automatic,False,5,3,0.6,3,0.6,3,0.6
2023,girls,LJ,redwood-empire,next_best_mark,False,1,,,,,,
2023,girls,LJ,redwood-empire,replacement,False,1,,,,,,
2023,girls,LJ,redwood-empire,unexplained,False,1,,,,,,
2023,girls,LJ,tri-valley,automatic,False,5,3,0.6,1,0.2,3,0.6
2023,girls,LJ,tri-valley,replacement,False,1,,,,,,
2023,girls,PV,bay-shore,at_large_combined,True,3,,,,,,
2023,girls,PV,bay-shore,automatic,False,6,4,0.6667,2,0.3333,6,1.0
2023,girls,PV,bay-shore,next_best_mark,False,3,,,,,,
2023,girls,PV,class-a,automatic,False,3,,,,,,
2023,girls,PV,redwood-empire,at_large_combined,True,1,,,,,,
2023,girls,PV,redwood-empire,automatic,False,6,2,0.3333,2,0.3333,6,1.0
2023,girls,PV,redwood-empire,next_best_mark,False,1,,,,,,
2023,girls,PV,tri-valley,automatic,False,6,2,0.3333,2,0.3333,6,1.0
2023,girls,SP,bay-shore,automatic,False,4,,,,,,
2023,girls,SP,class-a,automatic,False,3,,,,,,
2023,girls,SP,redwood-empire,at_large_combined,True,2,,,,,,
2023,girls,SP,redwood-empire,automatic,False,6,2,0.3333,2,0.3333,2,0.3333
2023,girls,SP,redwood-empire,next_best_mark,False,2,,,,,,
2023,girls,SP,tri-valley,at_large_combined,True,1,,,,,,
2023,girls,SP,tri-valley,automatic,False,6,5,0.8333,4,0.6667,5,0.8333
2023,girls,SP,tri-valley,next_best_mark,False,1,,,,,,
2023,girls,TJ,bay-shore,at_large_combined,True,2,,,,,,
2023,girls,TJ,bay-shore,automatic,False,6,4,0.6667,3,0.5,4,0.6667
2023,girls,TJ,bay-shore,next_best_mark,False,2,,,,,,
2023,girls,TJ,class-a,automatic,False,3,,,,,,
2023,girls,TJ,redwood-empire,at_large_combined,True,1,,,,,,
2023,girls,TJ,redwood-empire,automatic,False,6,2,0.3333,1,0.1667,2,0.3333
2023,girls,TJ,redwood-empire,next_best_mark,False,1,,,,,,
2023,girls,TJ,tri-valley,automatic,False,6,3,0.5,2,0.3333,3,0.5
2023,girls,group:sprints_hurdles,bay-shore,automatic,False,24,5,0.2083,4,0.1667,5,0.2083
2023,girls,group:sprints_hurdles,class-a,automatic,False,12,6,0.5,6,0.5,7,0.5833
2023,girls,group:sprints_hurdles,redwood-empire,automatic,False,22,6,0.2727,4,0.1818,7,0.3182
2023,girls,group:sprints_hurdles,redwood-empire,replacement,False,2,,,,,,
2023,girls,group:sprints_hurdles,tri-valley,at_large_combined,True,13,1,0.0769,0,0.0,1,0.0769
2023,girls,group:sprints_hurdles,tri-valley,at_large_standard,False,2,,,,,,
2023,girls,group:sprints_hurdles,tri-valley,automatic,False,22,11,0.5,11,0.5,12,0.5455
2023,girls,group:sprints_hurdles,tri-valley,next_best_mark,False,11,1,0.0909,0,0.0,1,0.0909
2023,girls,group:400_800,bay-shore,automatic,False,10,3,0.3,2,0.2,3,0.3
2023,girls,group:400_800,bay-shore,replacement,False,2,,,,,,
2023,girls,group:400_800,class-a,automatic,False,4,,,,,,
2023,girls,group:400_800,class-a,replacement,False,2,,,,,,
2023,girls,group:400_800,redwood-empire,automatic,False,12,2,0.1667,2,0.1667,3,0.25
2023,girls,group:400_800,tri-valley,at_large_combined,True,3,,,,,,
2023,girls,group:400_800,tri-valley,automatic,False,10,9,0.9,7,0.7,9,0.9
2023,girls,group:400_800,tri-valley,next_best_mark,False,3,,,,,,
2023,girls,group:400_800,tri-valley,replacement,False,4,,,,,,
2023,girls,group:400_800,tri-valley,unexplained,False,1,,,,,,
2023,girls,group:distance,bay-shore,automatic,False,11,1,0.0909,0,0.0,7,0.6364
2023,girls,group:distance,bay-shore,unexplained,False,1,,,,,,
2023,girls,group:distance,class-a,at_large_combined,True,2,,,,,,
2023,girls,group:distance,class-a,automatic,False,4,,,,,,
2023,girls,group:distance,class-a,next_best_mark,False,2,,,,,,
2023,girls,group:distance,class-a,replacement,False,1,,,,,,
2023,girls,group:distance,redwood-empire,automatic,False,11,5,0.4545,4,0.3636,8,0.7273
2023,girls,group:distance,redwood-empire,replacement,False,1,,,,,,
2023,girls,group:distance,tri-valley,at_large_combined,True,3,,,,,,
2023,girls,group:distance,tri-valley,automatic,False,10,7,0.7,6,0.6,10,1.0
2023,girls,group:distance,tri-valley,next_best_mark,False,3,,,,,,
2023,girls,group:distance,tri-valley,replacement,False,3,,,,,,
2023,girls,group:jumps,bay-shore,at_large_combined,True,7,0,0.0,0,0.0,3,0.4286
2023,girls,group:jumps,bay-shore,automatic,False,23,11,0.4783,8,0.3478,18,0.7826
2023,girls,group:jumps,bay-shore,next_best_mark,False,7,0,0.0,0,0.0,3,0.4286
2023,girls,group:jumps,class-a,automatic,False,12,2,0.1667,0,0.0,7,0.5833
2023,girls,group:jumps,redwood-empire,at_large_combined,True,7,3,0.4286,1,0.1429,6,0.8571
2023,girls,group:jumps,redwood-empire,automatic,False,23,10,0.4348,8,0.3478,17,0.7391
2023,girls,group:jumps,redwood-empire,next_best_mark,False,7,3,0.4286,1,0.1429,6,0.8571
2023,girls,group:jumps,redwood-empire,replacement,False,1,,,,,,
2023,girls,group:jumps,redwood-empire,unexplained,False,1,,,,,,
2023,girls,group:jumps,tri-valley,at_large_combined,True,3,,,,,,
2023,girls,group:jumps,tri-valley,automatic,False,23,11,0.4783,7,0.3043,18,0.7826
2023,girls,group:jumps,tri-valley,next_best_mark,False,3,,,,,,
2023,girls,group:jumps,tri-valley,replacement,False,1,,,,,,
2023,girls,group:throws,bay-shore,automatic,False,8,0,0.0,0,0.0,0,0.0
2023,girls,group:throws,class-a,automatic,False,5,2,0.4,1,0.2,2,0.4
2023,girls,group:throws,redwood-empire,at_large_combined,True,2,,,,,,
2023,girls,group:throws,redwood-empire,automatic,False,11,3,0.2727,2,0.1818,3,0.2727
2023,girls,group:throws,redwood-empire,next_best_mark,False,2,,,,,,
2023,girls,group:throws,tri-valley,at_large_combined,True,3,,,,,,
2023,girls,group:throws,tri-valley,automatic,False,12,11,0.9167,8,0.6667,11,0.9167
2023,girls,group:throws,tri-valley,next_best_mark,False,3,,,,,,
2023,girls,group:relays,bay-shore,automatic,False,10,4,0.4,3,0.3,4,0.4
2023,girls,group:relays,bay-shore,replacement,False,1,,,,,,
2023,girls,group:relays,class-a,automatic,False,6,2,0.3333,2,0.3333,2,0.3333
2023,girls,group:relays,redwood-empire,automatic,False,11,3,0.2727,2,0.1818,3,0.2727
2023,girls,group:relays,tri-valley,at_large_combined,True,6,0,0.0,0,0.0,1,0.1667
2023,girls,group:relays,tri-valley,automatic,False,12,7,0.5833,5,0.4167,7,0.5833
2023,girls,group:relays,tri-valley,next_best_mark,False,6,0,0.0,0,0.0,1,0.1667
2023,girls,all,bay-shore,at_large_combined,True,7,0,0.0,0,0.0,3,0.4286
2023,girls,all,bay-shore,automatic,False,86,24,0.2791,17,0.1977,37,0.4302
2023,girls,all,bay-shore,next_best_mark,False,7,0,0.0,0,0.0,3,0.4286
2023,girls,all,bay-shore,replacement,False,3,,,,,,
2023,girls,all,bay-shore,unexplained,False,1,,,,,,
2023,girls,all,class-a,at_large_combined,True,2,,,,,,
2023,girls,all,class-a,automatic,False,43,15,0.3488,12,0.2791,23,0.5349
2023,girls,all,class-a,next_best_mark,False,2,,,,,,
2023,girls,all,class-a,replacement,False,3,,,,,,
2023,girls,all,redwood-empire,at_large_combined,True,9,3,0.3333,1,0.1111,6,0.6667
2023,girls,all,redwood-empire,automatic,False,90,29,0.3222,22,0.2444,41,0.4556
2023,girls,all,redwood-empire,next_best_mark,False,9,3,0.3333,1,0.1111,6,0.6667
2023,girls,all,redwood-empire,replacement,False,4,,,,,,
2023,girls,all,redwood-empire,unexplained,False,1,,,,,,
2023,girls,all,tri-valley,at_large_combined,True,31,3,0.0968,1,0.0323,12,0.3871
2023,girls,all,tri-valley,at_large_standard,False,2,,,,,,
2023,girls,all,tri-valley,automatic,False,89,56,0.6292,44,0.4944,67,0.7528
2023,girls,all,tri-valley,next_best_mark,False,29,3,0.1034,1,0.0345,12,0.4138
2023,girls,all,tri-valley,replacement,False,8,0,0.0,0,0.0,1,0.125
2023,girls,all,tri-valley,unexplained,False,1,,,,,,
2023,boys,100,bay-shore,automatic,False,6,3,0.5,2,0.3333,3,0.5
2023,boys,100,class-a,automatic,False,3,,,,,,
2023,boys,100,redwood-empire,automatic,False,6,1,0.1667,0,0.0,1,0.1667
2023,boys,100,tri-valley,at_large_combined,True,3,,,,,,
2023,boys,100,tri-valley,automatic,False,6,4,0.6667,4,0.6667,4,0.6667
2023,boys,100,tri-valley,next_best_mark,False,3,,,,,,
2023,boys,100,tri-valley,unexplained,False,3,,,,,,
2023,boys,110H,bay-shore,at_large_combined,True,1,,,,,,
2023,boys,110H,bay-shore,automatic,False,4,,,,,,
2023,boys,110H,bay-shore,next_best_mark,False,1,,,,,,
2023,boys,110H,class-a,at_large_combined,True,1,,,,,,
2023,boys,110H,class-a,automatic,False,3,,,,,,
2023,boys,110H,class-a,next_best_mark,False,1,,,,,,
2023,boys,110H,redwood-empire,automatic,False,5,1,0.2,1,0.2,1,0.2
2023,boys,110H,tri-valley,at_large_combined,True,1,,,,,,
2023,boys,110H,tri-valley,automatic,False,6,5,0.8333,4,0.6667,5,0.8333
2023,boys,110H,tri-valley,next_best_mark,False,1,,,,,,
2023,boys,110H,tri-valley,unexplained,False,1,,,,,,
2023,boys,1600,bay-shore,automatic,False,6,3,0.5,3,0.5,5,0.8333
2023,boys,1600,class-a,automatic,False,1,,,,,,
2023,boys,1600,class-a,replacement,False,2,,,,,,
2023,boys,1600,redwood-empire,at_large_combined,True,1,,,,,,
2023,boys,1600,redwood-empire,at_large_standard,False,1,,,,,,
2023,boys,1600,redwood-empire,automatic,False,5,0,0.0,0,0.0,0,0.0
2023,boys,1600,tri-valley,at_large_combined,True,10,1,0.1,0,0.0,3,0.3
2023,boys,1600,tri-valley,at_large_standard,False,7,0,0.0,0,0.0,1,0.1429
2023,boys,1600,tri-valley,automatic,False,4,,,,,,
2023,boys,1600,tri-valley,next_best_mark,False,3,,,,,,
2023,boys,200,bay-shore,at_large_combined,True,2,,,,,,
2023,boys,200,bay-shore,at_large_standard,False,2,,,,,,
2023,boys,200,bay-shore,automatic,False,3,,,,,,
2023,boys,200,class-a,automatic,False,2,,,,,,
2023,boys,200,class-a,replacement,False,1,,,,,,
2023,boys,200,redwood-empire,automatic,False,5,0,0.0,0,0.0,0,0.0
2023,boys,200,tri-valley,at_large_combined,True,6,1,0.1667,1,0.1667,1,0.1667
2023,boys,200,tri-valley,at_large_standard,False,4,,,,,,
2023,boys,200,tri-valley,automatic,False,5,3,0.6,2,0.4,3,0.6
2023,boys,200,tri-valley,next_best_mark,False,2,,,,,,
2023,boys,300H,bay-shore,automatic,False,4,,,,,,
2023,boys,300H,bay-shore,replacement,False,1,,,,,,
2023,boys,300H,class-a,automatic,False,3,,,,,,
2023,boys,300H,redwood-empire,at_large_combined,True,2,,,,,,
2023,boys,300H,redwood-empire,automatic,False,6,3,0.5,2,0.3333,3,0.5
2023,boys,300H,redwood-empire,next_best_mark,False,2,,,,,,
2023,boys,300H,tri-valley,at_large_combined,True,1,,,,,,
2023,boys,300H,tri-valley,automatic,False,6,3,0.5,3,0.5,3,0.5
2023,boys,300H,tri-valley,next_best_mark,False,1,,,,,,
2023,boys,3200,bay-shore,automatic,False,6,1,0.1667,1,0.1667,6,1.0
2023,boys,3200,class-a,automatic,False,3,,,,,,
2023,boys,3200,redwood-empire,automatic,False,6,2,0.3333,2,0.3333,6,1.0
2023,boys,3200,tri-valley,at_large_combined,True,2,,,,,,
2023,boys,3200,tri-valley,automatic,False,6,4,0.6667,2,0.3333,6,1.0
2023,boys,3200,tri-valley,next_best_mark,False,2,,,,,,
2023,boys,400,bay-shore,at_large_combined,True,1,,,,,,
2023,boys,400,bay-shore,automatic,False,5,1,0.2,1,0.2,2,0.4
2023,boys,400,bay-shore,next_best_mark,False,1,,,,,,
2023,boys,400,class-a,automatic,False,3,,,,,,
2023,boys,400,redwood-empire,automatic,False,6,2,0.3333,1,0.1667,2,0.3333
2023,boys,400,tri-valley,at_large_combined,True,2,,,,,,
2023,boys,400,tri-valley,automatic,False,6,3,0.5,3,0.5,3,0.5
2023,boys,400,tri-valley,next_best_mark,False,2,,,,,,
2023,boys,4x100,bay-shore,automatic,False,6,1,0.1667,1,0.1667,2,0.3333
2023,boys,4x100,class-a,automatic,False,2,,,,,,
2023,boys,4x100,class-a,replacement,False,1,,,,,,
2023,boys,4x100,redwood-empire,automatic,False,6,1,0.1667,1,0.1667,1,0.1667
2023,boys,4x100,tri-valley,at_large_combined,True,3,,,,,,
2023,boys,4x100,tri-valley,automatic,False,6,5,0.8333,4,0.6667,5,0.8333
2023,boys,4x100,tri-valley,next_best_mark,False,3,,,,,,
2023,boys,4x100,tri-valley,unexplained,False,1,,,,,,
2023,boys,4x400,bay-shore,automatic,False,6,1,0.1667,1,0.1667,1,0.1667
2023,boys,4x400,class-a,automatic,False,3,,,,,,
2023,boys,4x400,redwood-empire,automatic,False,6,1,0.1667,1,0.1667,1,0.1667
2023,boys,4x400,tri-valley,at_large_combined,True,3,,,,,,
2023,boys,4x400,tri-valley,automatic,False,6,5,0.8333,3,0.5,5,0.8333
2023,boys,4x400,tri-valley,next_best_mark,False,3,,,,,,
2023,boys,800,bay-shore,automatic,False,4,,,,,,
2023,boys,800,bay-shore,replacement,False,2,,,,,,
2023,boys,800,class-a,at_large_combined,True,1,,,,,,
2023,boys,800,class-a,at_large_standard,False,1,,,,,,
2023,boys,800,class-a,automatic,False,3,,,,,,
2023,boys,800,redwood-empire,automatic,False,6,0,0.0,0,0.0,1,0.1667
2023,boys,800,tri-valley,at_large_combined,True,4,,,,,,
2023,boys,800,tri-valley,at_large_standard,False,1,,,,,,
2023,boys,800,tri-valley,automatic,False,5,4,0.8,3,0.6,5,1.0
2023,boys,800,tri-valley,next_best_mark,False,3,,,,,,
2023,boys,DT,bay-shore,automatic,False,6,2,0.3333,1,0.1667,2,0.3333
2023,boys,DT,class-a,automatic,False,2,,,,,,
2023,boys,DT,redwood-empire,at_large_combined,True,3,,,,,,
2023,boys,DT,redwood-empire,automatic,False,5,3,0.6,2,0.4,3,0.6
2023,boys,DT,redwood-empire,next_best_mark,False,3,,,,,,
2023,boys,DT,redwood-empire,replacement,False,1,,,,,,
2023,boys,DT,tri-valley,automatic,False,6,2,0.3333,2,0.3333,2,0.3333
2023,boys,DT,unknown,unexplained,False,1,,,,,,
2023,boys,HJ,bay-shore,at_large_combined,True,1,,,,,,
2023,boys,HJ,bay-shore,automatic,False,6,1,0.1667,0,0.0,6,1.0
2023,boys,HJ,bay-shore,next_best_mark,False,1,,,,,,
2023,boys,HJ,class-a,automatic,False,2,,,,,,
2023,boys,HJ,redwood-empire,at_large_combined,True,2,,,,,,
2023,boys,HJ,redwood-empire,automatic,False,5,3,0.6,3,0.6,5,1.0
2023,boys,HJ,redwood-empire,next_best_mark,False,2,,,,,,
2023,boys,HJ,tri-valley,at_large_combined,True,2,,,,,,
2023,boys,HJ,tri-valley,automatic,False,5,3,0.6,3,0.6,5,1.0
2023,boys,HJ,tri-valley,next_best_mark,False,2,,,,,,
2023,boys,LJ,bay-shore,at_large_combined,True,1,,,,,,
2023,boys,LJ,bay-shore,automatic,False,4,,,,,,
2023,boys,LJ,bay-shore,next_best_mark,False,1,,,,,,
2023,boys,LJ,bay-shore,replacement,False,1,,,,,,
2023,boys,LJ,class-a,automatic,False,2,,,,,,
2023,boys,LJ,redwood-empire,automatic,False,6,1,0.1667,0,0.0,1,0.1667
2023,boys,LJ,tri-valley,automatic,False,6,3,0.5,3,0.5,3,0.5
2023,boys,LJ,tri-valley,replacement,False,1,,,,,,
2023,boys,PV,bay-shore,automatic,False,6,4,0.6667,4,0.6667,6,1.0
2023,boys,PV,class-a,automatic,False,3,,,,,,
2023,boys,PV,redwood-empire,at_large_combined,True,2,,,,,,
2023,boys,PV,redwood-empire,automatic,False,4,,,,,,
2023,boys,PV,redwood-empire,next_best_mark,False,2,,,,,,
2023,boys,PV,tri-valley,automatic,False,6,4,0.6667,2,0.3333,6,1.0
2023,boys,SP,bay-shore,automatic,False,6,2,0.3333,2,0.3333,2,0.3333
2023,boys,SP,class-a,automatic,False,2,,,,,,
2023,boys,SP,class-a,replacement,False,1,,,,,,
2023,boys,SP,redwood-empire,at_large_combined,True,1,,,,,,
2023,boys,SP,redwood-empire,automatic,False,6,4,0.6667,2,0.3333,4,0.6667
2023,boys,SP,redwood-empire,next_best_mark,False,1,,,,,,
2023,boys,SP,tri-valley,at_large_combined,True,2,,,,,,
2023,boys,SP,tri-valley,automatic,False,5,2,0.4,1,0.2,2,0.4
2023,boys,SP,tri-valley,next_best_mark,False,2,,,,,,
2023,boys,TJ,bay-shore,at_large_combined,True,2,,,,,,
2023,boys,TJ,bay-shore,automatic,False,4,,,,,,
2023,boys,TJ,bay-shore,next_best_mark,False,2,,,,,,
2023,boys,TJ,class-a,automatic,False,2,,,,,,
2023,boys,TJ,redwood-empire,automatic,False,6,0,0.0,0,0.0,0,0.0
2023,boys,TJ,tri-valley,automatic,False,6,5,0.8333,3,0.5,5,0.8333
2023,boys,TJ,unknown,unexplained,False,1,,,,,,
2023,boys,group:sprints_hurdles,bay-shore,at_large_combined,True,3,,,,,,
2023,boys,group:sprints_hurdles,bay-shore,at_large_standard,False,2,,,,,,
2023,boys,group:sprints_hurdles,bay-shore,automatic,False,17,7,0.4118,6,0.3529,10,0.5882
2023,boys,group:sprints_hurdles,bay-shore,next_best_mark,False,1,,,,,,
2023,boys,group:sprints_hurdles,bay-shore,replacement,False,1,,,,,,
2023,boys,group:sprints_hurdles,class-a,at_large_combined,True,1,,,,,,
2023,boys,group:sprints_hurdles,class-a,automatic,False,11,0,0.0,0,0.0,0,0.0
2023,boys,group:sprints_hurdles,class-a,next_best_mark,False,1,,,,,,
2023,boys,group:sprints_hurdles,class-a,replacement,False,1,,,,,,
2023,boys,group:sprints_hurdles,redwood-empire,at_large_combined,True,2,,,,,,
2023,boys,group:sprints_hurdles,redwood-empire,automatic,False,22,5,0.2273,3,0.1364,5,0.2273
2023,boys,group:sprints_hurdles,redwood-empire,next_best_mark,False,2,,,,,,
2023,boys,group:sprints_hurdles,tri-valley,at_large_combined,True,11,1,0.0909,1,0.0909,1,0.0909
2023,boys,group:sprints_hurdles,tri-valley,at_large_standard,False,4,,,,,,
2023,boys,group:sprints_hurdles,tri-valley,automatic,False,23,15,0.6522,13,0.5652,15,0.6522
2023,boys,group:sprints_hurdles,tri-valley,next_best_mark,False,7,1,0.1429,1,0.1429,1,0.1429
2023,boys,group:sprints_hurdles,tri-valley,unexplained,False,4,,,,,,
2023,boys,group:400_800,bay-shore,at_large_combined,True,1,,,,,,
2023,boys,group:400_800,bay-shore,automatic,False,9,2,0.2222,2,0.2222,5,0.5556
2023,boys,group:400_800,bay-shore,next_best_mark,False,1,,,,,,
2023,boys,group:400_800,bay-shore,replacement,False,2,,,,,,
2023,boys,group:400_800,class-a,at_large_combined,True,1,,,,,,
2023,boys,group:400_800,class-a,at_large_standard,False,1,,,,,,
2023,boys,group:400_800,class-a,automatic,False,6,2,0.3333,1,0.1667,2,0.3333
2023,boys,group:400_800,redwood-empire,automatic,False,12,2,0.1667,1,0.0833,3,0.25
2023,boys,group:400_800,tri-valley,at_large_combined,True,6,1,0.1667,1,0.1667,1,0.1667
2023,boys,group:400_800,tri-valley,at_large_standard,False,1,,,,,,
2023,boys,group:400_800,tri-valley,automatic,False,11,7,0.6364,6,0.5455,8,0.7273
2023,boys,group:400_800,tri-valley,next_best_mark,False,5,1,0.2,1,0.2,1,0.2
2023,boys,group:distance,bay-shore,automatic,False,12,4,0.3333,4,0.3333,11,0.9167
2023,boys,group:distance,class-a,automatic,False,4,,,,,,
2023,boys,group:distance,class-a,replacement,False,2,,,,,,
2023,boys,group:distance,redwood-empire,at_large_combined,True,1,,,,,,
2023,boys,group:distance,redwood-empire,at_large_standard,False,1,,,,,,
2023,boys,group:distance,redwood-empire,automatic,False,11,2,0.1818,2,0.1818,6,0.5455
2023,boys,group:distance,tri-valley,at_large_combined,True,12,1,0.0833,0,0.0,5,0.4167
2023,boys,group:distance,tri-valley,at_large_standard,False,7,0,0.0,0,0.0,1,0.1429
2023,boys,group:distance,tri-valley,automatic,False,10,8,0.8,5,0.5,10,1.0
2023,boys,group:distance,tri-valley,next_best_mark,False,5,1,0.2,0,0.0,4,0.8
2023,boys,group:jumps,bay-shore,at_large_combined,True,4,,,,,,
2023,boys,group:jumps,bay-shore,automatic,False,20,11,0.55,9,0.45,18,0.9
2023,boys,group:jumps,bay-shore,next_best_mark,False,4,,,,,,
2023,boys,group:jumps,bay-shore,replacement,False,1,,,,,,
2023,boys,group:jumps,class-a,automatic,False,9,3,0.3333,1,0.1111,7,0.7778
2023,boys,group:jumps,redwood-empire,at_large_combined,True,4,,,,,,
2023,boys,group:jumps,redwood-empire,automatic,False,21,5,0.2381,3,0.1429,10,0.4762
2023,boys,group:jumps,redwood-empire,next_best_mark,False,4,,,,,,
2023,boys,group:jumps,tri-valley,at_large_combined,True,2,,,,,,
2023,boys,group:jumps,tri-valley,automatic,False,23,15,0.6522,11,0.4783,19,0.8261
2023,boys,group:jumps,tri-valley,next_best_mark,False,2,,,,,,
2023,boys,group:jumps,tri-valley,replacement,False,1,,,,,,
2023,boys,group:jumps,unknown,unexplained,False,1,,,,,,
2023,boys,group:throws,bay-shore,automatic,False,12,4,0.3333,3,0.25,4,0.3333
2023,boys,group:throws,class-a,automatic,False,4,,,,,,
2023,boys,group:throws,class-a,replacement,False,1,,,,,,
2023,boys,group:throws,redwood-empire,at_large_combined,True,4,,,,,,
2023,boys,group:throws,redwood-empire,automatic,False,11,7,0.6364,4,0.3636,7,0.6364
2023,boys,group:throws,redwood-empire,next_best_mark,False,4,,,,,,
2023,boys,group:throws,redwood-empire,replacement,False,1,,,,,,
2023,boys,group:throws,tri-valley,at_large_combined,True,2,,,,,,
2023,boys,group:throws,tri-valley,automatic,False,11,4,0.3636,3,0.2727,4,0.3636
2023,boys,group:throws,tri-valley,next_best_mark,False,2,,,,,,
2023,boys,group:throws,unknown,unexplained,False,1,,,,,,
2023,boys,group:relays,bay-shore,automatic,False,12,2,0.1667,2,0.1667,3,0.25
2023,boys,group:relays,class-a,automatic,False,5,1,0.2,1,0.2,1,0.2
2023,boys,group:relays,class-a,replacement,False,1,,,,,,
2023,boys,group:relays,redwood-empire,automatic,False,12,2,0.1667,2,0.1667,2,0.1667
2023,boys,group:relays,tri-valley,at_large_combined,True,6,0,0.0,0,0.0,0,0.0
2023,boys,group:relays,tri-valley,automatic,False,12,10,0.8333,7,0.5833,10,0.8333
2023,boys,group:relays,tri-valley,next_best_mark,False,6,0,0.0,0,0.0,0,0.0
2023,boys,group:relays,tri-valley,unexplained,False,1,,,,,,
2023,boys,all,bay-shore,at_large_combined,True,8,2,0.25,2,0.25,3,0.375
2023,boys,all,bay-shore,at_large_standard,False,2,,,,,,
2023,boys,all,bay-shore,automatic,False,82,30,0.3659,26,0.3171,51,0.622
2023,boys,all,bay-shore,next_best_mark,False,6,1,0.1667,1,0.1667,2,0.3333
2023,boys,all,bay-shore,replacement,False,4,,,,,,
2023,boys,all,class-a,at_large_combined,True,2,,,,,,
2023,boys,all,class-a,at_large_standard,False,1,,,,,,
2023,boys,all,class-a,automatic,False,39,9,0.2308,5,0.1282,15,0.3846
2023,boys,all,class-a,next_best_mark,False,1,,,,,,
2023,boys,all,class-a,replacement,False,5,0,0.0,0,0.0,0,0.0
2023,boys,all,redwood-empire,at_large_combined,True,11,0,0.0,0,0.0,4,0.3636
2023,boys,all,redwood-empire,at_large_standard,False,1,,,,,,
2023,boys,all,redwood-empire,automatic,False,89,23,0.2584,15,0.1685,33,0.3708
2023,boys,all,redwood-empire,next_best_mark,False,10,0,0.0,0,0.0,4,0.4
2023,boys,all,redwood-empire,replacement,False,1,,,,,,
2023,boys,all,tri-valley,at_large_combined,True,39,3,0.0769,2,0.0513,9,0.2308
2023,boys,all,tri-valley,at_large_standard,False,12,0,0.0,0,0.0,1,0.0833
2023,boys,all,tri-valley,automatic,False,90,59,0.6556,45,0.5,66,0.7333
2023,boys,all,tri-valley,next_best_mark,False,27,3,0.1111,2,0.0741,8,0.2963
2023,boys,all,tri-valley,replacement,False,1,,,,,,
2023,boys,all,tri-valley,unexplained,False,5,0,0.0,0,0.0,0,0.0
2023,boys,all,unknown,unexplained,False,2,,,,,,
2023,all,100,bay-shore,automatic,False,12,5,0.4167,4,0.3333,5,0.4167
2023,all,100,class-a,automatic,False,6,2,0.3333,2,0.3333,2,0.3333
2023,all,100,redwood-empire,automatic,False,12,2,0.1667,0,0.0,2,0.1667
2023,all,100,tri-valley,at_large_combined,True,6,0,0.0,0,0.0,0,0.0
2023,all,100,tri-valley,automatic,False,12,7,0.5833,7,0.5833,7,0.5833
2023,all,100,tri-valley,next_best_mark,False,6,0,0.0,0,0.0,0,0.0
2023,all,100,tri-valley,unexplained,False,3,,,,,,
2023,all,100H,bay-shore,automatic,False,6,2,0.3333,2,0.3333,2,0.3333
2023,all,100H,class-a,automatic,False,3,,,,,,
2023,all,100H,redwood-empire,automatic,False,6,2,0.3333,2,0.3333,3,0.5
2023,all,100H,tri-valley,at_large_combined,True,3,,,,,,
2023,all,100H,tri-valley,automatic,False,5,1,0.2,1,0.2,1,0.2
2023,all,100H,tri-valley,next_best_mark,False,3,,,,,,
2023,all,110H,bay-shore,at_large_combined,True,1,,,,,,
2023,all,110H,bay-shore,automatic,False,4,,,,,,
2023,all,110H,bay-shore,next_best_mark,False,1,,,,,,
2023,all,110H,class-a,at_large_combined,True,1,,,,,,
2023,all,110H,class-a,automatic,False,3,,,,,,
2023,all,110H,class-a,next_best_mark,False,1,,,,,,
2023,all,110H,redwood-empire,automatic,False,5,1,0.2,1,0.2,1,0.2
2023,all,110H,tri-valley,at_large_combined,True,1,,,,,,
2023,all,110H,tri-valley,automatic,False,6,5,0.8333,4,0.6667,5,0.8333
2023,all,110H,tri-valley,next_best_mark,False,1,,,,,,
2023,all,110H,tri-valley,unexplained,False,1,,,,,,
2023,all,1600,bay-shore,automatic,False,11,3,0.2727,3,0.2727,6,0.5455
2023,all,1600,bay-shore,unexplained,False,1,,,,,,
2023,all,1600,class-a,at_large_combined,True,2,,,,,,
2023,all,1600,class-a,automatic,False,3,,,,,,
2023,all,1600,class-a,next_best_mark,False,2,,,,,,
2023,all,1600,class-a,replacement,False,3,,,,,,
2023,all,1600,redwood-empire,at_large_combined,True,1,,,,,,
2023,all,1600,redwood-empire,at_large_standard,False,1,,,,,,
2023,all,1600,redwood-empire,automatic,False,10,2,0.2,1,0.1,2,0.2
2023,all,1600,redwood-empire,replacement,False,1,,,,,,
2023,all,1600,tri-valley,at_large_combined,True,10,1,0.1,0,0.0,3,0.3
2023,all,1600,tri-valley,at_large_standard,False,7,0,0.0,0,0.0,1,0.1429
2023,all,1600,tri-valley,automatic,False,8,7,0.875,6,0.75,8,1.0
2023,all,1600,tri-valley,next_best_mark,False,3,,,,,,
2023,all,1600,tri-valley,replacement,False,3,,,,,,
2023,all,200,bay-shore,at_large_combined,True,2,,,,,,
2023,all,200,bay-shore,at_large_standard,False,2,,,,,,
2023,all,200,bay-shore,automatic,False,9,3,0.3333,2,0.2222,4,0.4444
2023,all,200,class-a,automatic,False,5,2,0.4,2,0.4,2,0.4
2023,all,200,class-a,replacement,False,1,,,,,,
2023,all,200,redwood-empire,automatic,False,10,1,0.1,0,0.0,1,0.1
2023,all,200,redwood-empire,replacement,False,1,,,,,,
2023,all,200,tri-valley,at_large_combined,True,10,1,0.1,1,0.1,1,0.1
2023,all,200,tri-valley,at_large_standard,False,6,0,0.0,0,0.0,0,0.0
2023,all,200,tri-valley,automatic,False,10,7,0.7,6,0.6,7,0.7
2023,all,200,tri-valley,next_best_mark,False,4,,,,,,
2023,all,300H,bay-shore,automatic,False,10,1,0.1,1,0.1,2,0.2
2023,all,300H,bay-shore,replacement,False,1,,,,,,
2023,all,300H,class-a,automatic,False,6,1,0.1667,1,0.1667,1,0.1667
2023,all,300H,redwood-empire,at_large_combined,True,2,,,,,,
2023,all,300H,redwood-empire,automatic,False,11,5,0.4545,4,0.3636,5,0.4545
2023,all,300H,redwood-empire,next_best_mark,False,2,,,,,,
2023,all,300H,redwood-empire,replacement,False,1,,,,,,
2023,all,300H,tri-valley,at_large_combined,True,4,,,,,,
2023,all,300H,tri-valley,automatic,False,12,6,0.5,6,0.5,7,0.5833
2023,all,300H,tri-valley,next_best_mark,False,4,,,,,,
2023,all,3200,bay-shore,automatic,False,12,2,0.1667,1,0.0833,12,1.0
2023,all,3200,class-a,automatic,False,5,1,0.2,1,0.2,5,1.0
2023,all,3200,redwood-empire,automatic,False,12,5,0.4167,5,0.4167,12,1.0
2023,all,3200,tri-valley,at_large_combined,True,5,0,0.0,0,0.0,5,1.0
2023,all,3200,tri-valley,automatic,False,12,8,0.6667,5,0.4167,12,1.0
2023,all,3200,tri-valley,next_best_mark,False,5,0,0.0,0,0.0,5,1.0
2023,all,400,bay-shore,at_large_combined,True,1,,,,,,
2023,all,400,bay-shore,automatic,False,10,3,0.3,3,0.3,4,0.4
2023,all,400,bay-shore,next_best_mark,False,1,,,,,,
2023,all,400,bay-shore,replacement,False,1,,,,,,
2023,all,400,class-a,automatic,False,6,0,0.0,0,0.0,0,0.0
2023,all,400,redwood-empire,automatic,False,12,4,0.3333,3,0.25,4,0.3333
2023,all,400,tri-valley,at_large_combined,True,2,,,,,,
2023,all,400,tri-valley,automatic,False,11,7,0.6364,5,0.4545,7,0.6364
2023,all,400,tri-valley,next_best_mark,False,2,,,,,,
2023,all,400,tri-valley,replacement,False,4,,,,,,
2023,all,4x100,bay-shore,automatic,False,12,4,0.3333,3,0.25,5,0.4167
2023,all,4x100,class-a,automatic,False,5,0,0.0,0,0.0,0,0.0
2023,all,4x100,class-a,replacement,False,1,,,,,,
2023,all,4x100,redwood-empire,automatic,False,11,3,0.2727,2,0.1818,3,0.2727
2023,all,4x100,tri-valley,at_large_combined,True,6,0,0.0,0,0.0,0,0.0
2023,all,4x100,tri-valley,automatic,False,12,8,0.6667,7,0.5833,8,0.6667
2023,all,4x100,tri-valley,next_best_mark,False,6,0,0.0,0,0.0,0,0.0
2023,all,4x100,tri-valley,unexplained,False,1,,,,,,
2023,all,4x400,bay-shore,automatic,False,10,2,0.2,2,0.2,2,0.2
2023,all,4x400,bay-shore,replacement,False,1,,,,,,
2023,all,4x400,class-a,automatic,False,6,3,0.5,3,0.5,3,0.5
2023,all,4x400,redwood-empire,automatic,False,12,2,0.1667,2,0.1667,2,0.1667
2023,all,4x400,tri-valley,at_large_combined,True,6,0,0.0,0,0.0,1,0.1667
2023,all,4x400,tri-valley,automatic,False,12,9,0.75,5,0.4167,9,0.75
2023,all,4x400,tri-valley,next_best_mark,False,6,0,0.0,0,0.0,1,0.1667
2023,all,800,bay-shore,automatic,False,9,2,0.2222,1,0.1111,4,0.4444
2023,all,800,bay-shore,replacement,False,3,,,,,,
2023,all,800,class-a,at_large_combined,True,1,,,,,,
2023,all,800,class-a,at_large_standard,False,1,,,,,,
2023,all,800,class-a,automatic,False,4,,,,,,
2023,all,800,class-a,replacement,False,2,,,,,,
2023,all,800,redwood-empire,automatic,False,12,0,0.0,0,0.0,2,0.1667
2023,all,800,tri-valley,at_large_combined,True,7,1,0.1429,1,0.1429,3,0.4286
2023,all,800,tri-valley,at_large_standard,False,1,,,,,,
2023,all,800,tri-valley,automatic,False,10,9,0.9,8,0.8,10,1.0
2023,all,800,tri-valley,next_best_mark,False,6,1,0.1667,1,0.1667,3,0.5
2023,all,800,tri-valley,unexplained,False,1,,,,,,
2023,all,DT,bay-shore,automatic,False,10,2,0.2,1,0.1,2,0.2
2023,all,DT,class-a,automatic,False,4,,,,,,
2023,all,DT,redwood-empire,at_large_combined,True,3,,,,,,
2023,all,DT,redwood-empire,automatic,False,10,4,0.4,2,0.2,4,0.4
2023,all,DT,redwood-empire,next_best_mark,False,3,,,,,,
2023,all,DT,redwood-empire,replacement,False,1,,,,,,
2023,all,DT,tri-valley,at_large_combined,True,2,,,,,,
2023,all,DT,tri-valley,automatic,False,12,8,0.6667,6,0.5,8,0.6667
2023,all,DT,tri-valley,next_best_mark,False,2,,,,,,
2023,all,DT,unknown,unexplained,False,1,,,,,,
2023,all,HJ,bay-shore,at_large_combined,True,1,,,,,,
2023,all,HJ,bay-shore,automatic,False,12,2,0.1667,1,0.0833,12,1.0
2023,all,HJ,bay-shore,next_best_mark,False,1,,,,,,
2023,all,HJ,class-a,automatic,False,5,2,0.4,0,0.0,5,1.0
2023,all,HJ,redwood-empire,at_large_combined,True,6,2,0.3333,1,0.1667,6,1.0
2023,all,HJ,redwood-empire,automatic,False,11,6,0.5455,5,0.4545,11,1.0
2023,all,HJ,redwood-empire,next_best_mark,False,6,2,0.3333,1,0.1667,6,1.0
2023,all,HJ,tri-valley,at_large_combined,True,5,0,0.0,0,0.0,5,1.0
2023,all,HJ,tri-valley,automatic,False,11,6,0.5455,5,0.4545,11,1.0
2023,all,HJ,tri-valley,next_best_mark,False,5,0,0.0,0,0.0,5,1.0
2023,all,LJ,bay-shore,at_large_combined,True,3,,,,,,
2023,all,LJ,bay-shore,automatic,False,9,6,0.6667,5,0.5556,6,0.6667
2023,all,LJ,bay-shore,next_best_mark,False,3,,,,,,
2023,all,LJ,bay-shore,replacement,False,1,,,,,,
2023,all,LJ,class-a,automatic,False,5,2,0.4,1,0.2,2,0.4
2023,all,LJ,redwood-empire,at_large_combined,True,1,,,,,,
2023,all,LJ,redwood-empire,automatic,False,11,4,0.3636,3,0.2727,4,0.3636
2023,all,LJ,redwood-empire,next_best_mark,False,1,,,,,,
2023,all,LJ,redwood-empire,replacement,False,1,,,,,,
2023,all,LJ,redwood-empire,unexplained,False,1,,,,,,
2023,all,LJ,tri-valley,automatic,False,11,6,0.5455,4,0.3636,6,0.5455
2023,all,LJ,tri-valley,replacement,False,2,,,,,,
2023,all,PV,bay-shore,at_large_combined,True,3,,,,,,
2023,all,PV,bay-shore,automatic,False,12,8,0.6667,6,0.5,12,1.0
2023,all,PV,bay-shore,next_best_mark,False,3,,,,,,
2023,all,PV,class-a,automatic,False,6,0,0.0,0,0.0,6,1.0
2023,all,PV,redwood-empire,at_large_combined,True,3,,,,,,
2023,all,PV,redwood-empire,automatic,False,10,3,0.3,2,0.2,10,1.0
2023,all,PV,redwood-empire,next_best_mark,False,3,,,,,,
2023,all,PV,tri-valley,automatic,False,12,6,0.5,4,0.3333,12,1.0
2023,all,SP,bay-shore,automatic,False,10,2,0.2,2,0.2,2,0.2
2023,all,SP,class-a,automatic,False,5,2,0.4,1,0.2,2,0.4
2023,all,SP,class-a,replacement,False,1,,,,,,
2023,all,SP,redwood-empire,at_large_combined,True,3,,,,,,
2023,all,SP,redwood-empire,automatic,False,12,6,0.5,4,0.3333,6,0.5
2023,all,SP,redwood-empire,next_best_mark,False,3,,,,,,
2023,all,SP,tri-valley,at_large_combined,True,3,,,,,,
2023,all,SP,tri-valley,automatic,False,11,7,0.6364,5,0.4545,7,0.6364
2023,all,SP,tri-valley,next_best_mark,False,3,,,,,,
2023,all,TJ,bay-shore,at_large_combined,True,4,,,,,,
2023,all,TJ,bay-shore,automatic,False,10,6,0.6,5,0.5,6,0.6
2023,all,TJ,bay-shore,next_best_mark,False,4,,,,,,
2023,all,TJ,class-a,automatic,False,5,1,0.2,0,0.0,1,0.2
2023,all,TJ,redwood-empire,at_large_combined,True,1,,,,,,
2023,all,TJ,redwood-empire,automatic,False,12,2,0.1667,1,0.0833,2,0.1667
2023,all,TJ,redwood-empire,next_best_mark,False,1,,,,,,
2023,all,TJ,tri-valley,automatic,False,12,8,0.6667,5,0.4167,8,0.6667
2023,all,TJ,unknown,unexplained,False,1,,,,,,
2023,all,group:sprints_hurdles,bay-shore,at_large_combined,True,3,,,,,,
2023,all,group:sprints_hurdles,bay-shore,at_large_standard,False,2,,,,,,
2023,all,group:sprints_hurdles,bay-shore,automatic,False,41,12,0.2927,10,0.2439,15,0.3659
2023,all,group:sprints_hurdles,bay-shore,next_best_mark,False,1,,,,,,
2023,all,group:sprints_hurdles,bay-shore,replacement,False,1,,,,,,
2023,all,group:sprints_hurdles,class-a,at_large_combined,True,1,,,,,,
2023,all,group:sprints_hurdles,class-a,automatic,False,23,6,0.2609,6,0.2609,7,0.3043
2023,all,group:sprints_hurdles,class-a,next_best_mark,False,1,,,,,,
2023,all,group:sprints_hurdles,class-a,replacement,False,1,,,,,,
2023,all,group:sprints_hurdles,redwood-empire,at_large_combined,True,2,,,,,,
2023,all,group:sprints_hurdles,redwood-empire,automatic,False,44,11,0.25,7,0.1591,12,0.2727
2023,all,group:sprints_hurdles,redwood-empire,next_best_mark,False,2,,,,,,
2023,all,group:sprints_hurdles,redwood-empire,replacement,False,2,,,,,,
2023,all,group:sprints_hurdles,tri-valley,at_large_combined,True,24,2,0.0833,1,0.0417,2,0.0833
2023,all,group:sprints_hurdles,tri-valley,at_large_standard,False,6,0,0.0,0,0.0,0,0.0
2023,all,group:sprints_hurdles,tri-valley,automatic,False,45,26,0.5778,24,0.5333,27,0.6
2023,all,group:sprints_hurdles,tri-valley,next_best_mark,False,18,2,0.1111,1,0.0556,2,0.1111
2023,all,group:sprints_hurdles,tri-valley,unexplained,False,4,,,,,,
2023,all,group:400_800,bay-shore,at_large_combined,True,1,,,,,,
2023,all,group:400_800,bay-shore,automatic,False,19,5,0.2632,4,0.2105,8,0.4211
2023,all,group:400_800,bay-shore,next_best_mark,False,1,,,,,,
2023,all,group:400_800,bay-shore,replacement,False,4,,,,,,
2023,all,group:400_800,class-a,at_large_combined,True,1,,,,,,
2023,all,group:400_800,class-a,at_large_standard,False,1,,,,,,
2023,all,group:400_800,class-a,automatic,False,10,3,0.3,2,0.2,3,0.3
2023,all,group:400_800,class-a,replacement,False,2,,,,,,
2023,all,group:400_800,redwood-empire,automatic,False,24,4,0.1667,3,0.125,6,0.25
2023,all,group:400_800,tri-valley,at_large_combined,True,9,1,0.1111,1,0.1111,3,0.3333
2023,all,group:400_800,tri-valley,at_large_standard,False,1,,,,,,
2023,all,group:400_800,tri-valley,automatic,False,21,16,0.7619,13,0.619,17,0.8095
2023,all,group:400_800,tri-valley,next_best_mark,False,8,1,0.125,1,0.125,3,0.375
2023,all,group:400_800,tri-valley,replacement,False,4,,,,,,
2023,all,group:400_800,tri-valley,unexplained,False,1,,,,,,
2023,all,group:distance,bay-shore,automatic,False,23,5,0.2174,4,0.1739,18,0.7826
2023,all,group:distance,bay-shore,unexplained,False,1,,,,,,
2023,all,group:distance,class-a,at_large_combined,True,2,,,,,,
2023,all,group:distance,class-a,automatic,False,8,3,0.375,3,0.375,7,0.875
2023,all,group:distance,class-a,next_best_mark,False,2,,,,,,
2023,all,group:distance,class-a,replacement,False,3,,,,,,
2023,all,group:distance,redwood-empire,at_large_combined,True,1,,,,,,
2023,all,group:distance,redwood-empire,at_large_standard,False,1,,,,,,
2023,all,group:distance,redwood-empire,automatic,False,22,7,0.3182,6,0.2727,14,0.6364
2023,all,group:distance,redwood-empire,replacement,False,1,,,,,,
2023,all,group:distance,tri-valley,at_large_combined,True,15,1,0.0667,0,0.0,8,0.5333
2023,all,group:distance,tri-valley,at_large_standard,False,7,0,0.0,0,0.0,1,0.1429
2023,all,group:distance,tri-valley,automatic,False,20,15,0.75,11,0.55,20,1.0
2023,all,group:distance,tri-valley,next_best_mark,False,8,1,0.125,0,0.0,7,0.875
2023,all,group:distance,tri-valley,replacement,False,3,,,,,,
2023,all,group:jumps,bay-shore,at_large_combined,True,11,1,0.0909,1,0.0909,5,0.4545
2023,all,group:jumps,bay-shore,automatic,False,43,22,0.5116,17,0.3953,36,0.8372
2023,all,group:jumps,bay-shore,next_best_mark,False,11,1,0.0909,1,0.0909,5,0.4545
2023,all,group:jumps,bay-shore,replacement,False,1,,,,,,
2023,all,group:jumps,class-a,automatic,False,21,5,0.2381,1,0.0476,14,0.6667
2023,all,group:jumps,redwood-empire,at_large_combined,True,11,3,0.2727,1,0.0909,10,0.9091
2023,all,group:jumps,redwood-empire,automatic,False,44,15,0.3409,11,0.25,27,0.6136
2023,all,group:jumps,redwood-empire,next_best_mark,False,11,3,0.2727,1,0.0909,10,0.9091
2023,all,group:jumps,redwood-empire,replacement,False,1,,,,,,
2023,all,group:jumps,redwood-empire,unexplained,False,1,,,,,,
2023,all,group:jumps,tri-valley,at_large_combined,True,5,0,0.0,0,0.0,5,1.0
2023,all,group:jumps,tri-valley,automatic,False,46,26,0.5652,18,0.3913,37,0.8043
2023,all,group:jumps,tri-valley,next_best_mark,False,5,0,0.0,0,0.0,5,1.0
2023,all,group:jumps,tri-valley,replacement,False,2,,,,,,
2023,all,group:jumps,unknown,unexplained,False,1,,,,,,
2023,all,group:throws,bay-shore,automatic,False,20,4,0.2,3,0.15,4,0.2
2023,all,group:throws,class-a,automatic,False,9,4,0.4444,2,0.2222,4,0.4444
2023,all,group:throws,class-a,replacement,False,1,,,,,,
2023,all,group:throws,redwood-empire,at_large_combined,True,6,0,0.0,0,0.0,0,0.0
2023,all,group:throws,redwood-empire,automatic,False,22,10,0.4545,6,0.2727,10,0.4545
2023,all,group:throws,redwood-empire,next_best_mark,False,6,0,0.0,0,0.0,0,0.0
2023,all,group:throws,redwood-empire,replacement,False,1,,,,,,
2023,all,group:throws,tri-valley,at_large_combined,True,5,2,0.4,1,0.2,2,0.4
2023,all,group:throws,tri-valley,automatic,False,23,15,0.6522,11,0.4783,15,0.6522
2023,all,group:throws,tri-valley,next_best_mark,False,5,2,0.4,1,0.2,2,0.4
2023,all,group:throws,unknown,unexplained,False,1,,,,,,
2023,all,group:relays,bay-shore,automatic,False,22,6,0.2727,5,0.2273,7,0.3182
2023,all,group:relays,bay-shore,replacement,False,1,,,,,,
2023,all,group:relays,class-a,automatic,False,11,3,0.2727,3,0.2727,3,0.2727
2023,all,group:relays,class-a,replacement,False,1,,,,,,
2023,all,group:relays,redwood-empire,automatic,False,23,5,0.2174,4,0.1739,5,0.2174
2023,all,group:relays,tri-valley,at_large_combined,True,12,0,0.0,0,0.0,1,0.0833
2023,all,group:relays,tri-valley,automatic,False,24,17,0.7083,12,0.5,17,0.7083
2023,all,group:relays,tri-valley,next_best_mark,False,12,0,0.0,0,0.0,1,0.0833
2023,all,group:relays,tri-valley,unexplained,False,1,,,,,,
2023,all,all,bay-shore,at_large_combined,True,15,2,0.1333,2,0.1333,6,0.4
2023,all,all,bay-shore,at_large_standard,False,2,,,,,,
2023,all,all,bay-shore,automatic,False,168,54,0.3214,43,0.256,88,0.5238
2023,all,all,bay-shore,next_best_mark,False,13,1,0.0769,1,0.0769,5,0.3846
2023,all,all,bay-shore,replacement,False,7,0,0.0,0,0.0,0,0.0
2023,all,all,bay-shore,unexplained,False,1,,,,,,
2023,all,all,class-a,at_large_combined,True,4,,,,,,
2023,all,all,class-a,at_large_standard,False,1,,,,,,
2023,all,all,class-a,automatic,False,82,24,0.2927,17,0.2073,38,0.4634
2023,all,all,class-a,next_best_mark,False,3,,,,,,
2023,all,all,class-a,replacement,False,8,1,0.125,0,0.0,1,0.125
2023,all,all,redwood-empire,at_large_combined,True,20,3,0.15,1,0.05,10,0.5
2023,all,all,redwood-empire,at_large_standard,False,1,,,,,,
2023,all,all,redwood-empire,automatic,False,179,52,0.2905,37,0.2067,74,0.4134
2023,all,all,redwood-empire,next_best_mark,False,19,3,0.1579,1,0.0526,10,0.5263
2023,all,all,redwood-empire,replacement,False,5,1,0.2,1,0.2,1,0.2
2023,all,all,redwood-empire,unexplained,False,1,,,,,,
2023,all,all,tri-valley,at_large_combined,True,70,6,0.0857,3,0.0429,21,0.3
2023,all,all,tri-valley,at_large_standard,False,14,0,0.0,0,0.0,1,0.0714
2023,all,all,tri-valley,automatic,False,179,115,0.6425,89,0.4972,133,0.743
2023,all,all,tri-valley,next_best_mark,False,56,6,0.1071,3,0.0536,20,0.3571
2023,all,all,tri-valley,replacement,False,9,0,0.0,0,0.0,1,0.1111
2023,all,all,tri-valley,unexplained,False,6,0,0.0,0,0.0,1,0.1667
2023,all,all,unknown,unexplained,False,2,,,,,,
2024,girls,100,bay-shore,automatic,False,6,2,0.3333,1,0.1667,2,0.3333
2024,girls,100,class-a,automatic,False,3,,,,,,
2024,girls,100,redwood-empire,automatic,False,6,0,0.0,0,0.0,0,0.0
2024,girls,100,tri-valley,at_large_combined,True,3,,,,,,
2024,girls,100,tri-valley,automatic,False,6,4,0.6667,3,0.5,4,0.6667
2024,girls,100,tri-valley,next_best_mark,False,3,,,,,,
2024,girls,100H,bay-shore,automatic,False,6,2,0.3333,1,0.1667,2,0.3333
2024,girls,100H,class-a,at_large_combined,True,2,,,,,,
2024,girls,100H,class-a,automatic,False,3,,,,,,
2024,girls,100H,class-a,next_best_mark,False,2,,,,,,
2024,girls,100H,redwood-empire,automatic,False,6,0,0.0,0,0.0,0,0.0
2024,girls,100H,tri-valley,at_large_combined,True,1,,,,,,
2024,girls,100H,tri-valley,automatic,False,6,2,0.3333,2,0.3333,2,0.3333
2024,girls,100H,tri-valley,next_best_mark,False,1,,,,,,
2024,girls,1600,bay-shore,automatic,False,5,0,0.0,0,0.0,2,0.4
2024,girls,1600,bay-shore,unexplained,False,1,,,,,,
2024,girls,1600,class-a,at_large_combined,True,2,,,,,,
2024,girls,1600,class-a,at_large_standard,False,1,,,,,,
2024,girls,1600,class-a,automatic,False,2,,,,,,
2024,girls,1600,class-a,next_best_mark,False,1,,,,,,
2024,girls,1600,redwood-empire,automatic,False,4,,,,,,
2024,girls,1600,redwood-empire,replacement,False,2,,,,,,
2024,girls,1600,tri-valley,at_large_combined,True,8,2,0.25,1,0.125,2,0.25
2024,girls,1600,tri-valley,at_large_standard,False,6,1,0.1667,0,0.0,1,0.1667
2024,girls,1600,tri-valley,automatic,False,4,,,,,,
2024,girls,1600,tri-valley,next_best_mark,False,2,,,,,,
2024,girls,200,bay-shore,automatic,False,6,1,0.1667,0,0.0,1,0.1667
2024,girls,200,class-a,at_large_combined,True,1,,,,,,
2024,girls,200,class-a,automatic,False,2,,,,,,
2024,girls,200,class-a,next_best_mark,False,1,,,,,,
2024,girls,200,redwood-empire,automatic,False,5,1,0.2,1,0.2,1,0.2
2024,girls,200,redwood-empire,replacement,False,1,,,,,,
2024,girls,200,tri-valley,at_large_combined,True,2,,,,,,
2024,girls,200,tri-valley,automatic,False,6,5,0.8333,4,0.6667,5,0.8333
2024,girls,200,tri-valley,next_best_mark,False,2,,,,,,
2024,girls,200,tri-valley,unexplained,False,1,,,,,,
2024,girls,300H,bay-shore,automatic,False,6,2,0.3333,1,0.1667,2,0.3333
2024,girls,300H,class-a,automatic,False,3,,,,,,
2024,girls,300H,redwood-empire,automatic,False,6,0,0.0,0,0.0,0,0.0
2024,girls,300H,tri-valley,at_large_combined,True,2,,,,,,
2024,girls,300H,tri-valley,automatic,False,6,4,0.6667,3,0.5,4,0.6667
2024,girls,300H,tri-valley,next_best_mark,False,2,,,,,,
2024,girls,3200,bay-shore,automatic,False,6,0,0.0,0,0.0,6,1.0
2024,girls,3200,class-a,at_large_combined,True,1,,,,,,
2024,girls,3200,class-a,automatic,False,3,,,,,,
2024,girls,3200,class-a,next_best_mark,False,1,,,,,,
2024,girls,3200,redwood-empire,automatic,False,6,3,0.5,2,0.3333,6,1.0
2024,girls,3200,tri-valley,at_large_combined,True,2,,,,,,
2024,girls,3200,tri-valley,automatic,False,5,4,0.8,3,0.6,5,1.0
2024,girls,3200,tri-valley,next_best_mark,False,2,,,,,,
2024,girls,400,bay-shore,automatic,False,6,0,0.0,0,0.0,0,0.0
2024,girls,400,class-a,automatic,False,3,,,,,,
2024,girls,400,class-a,unexplained,False,1,,,,,,
2024,girls,400,redwood-empire,automatic,False,5,3,0.6,2,0.4,3,0.6
2024,girls,400,redwood-empire,replacement,False,1,,,,,,
2024,girls,400,tri-valley,at_large_combined,True,1,,,,,,
2024,girls,400,tri-valley,at_large_standard,False,1,,,,,,
2024,girls,400,tri-valley,automatic,False,6,4,0.6667,4,0.6667,4,0.6667
2024,girls,400,tri-valley,replacement,False,1,,,,,,
2024,girls,4x100,bay-shore,automatic,False,6,1,0.1667,1,0.1667,1,0.1667
2024,girls,4x100,class-a,automatic,False,3,,,,,,
2024,girls,4x100,redwood-empire,automatic,False,6,0,0.0,0,0.0,0,0.0
2024,girls,4x100,tri-valley,at_large_combined,True,3,,,,,,
2024,girls,4x100,tri-valley,automatic,False,6,4,0.6667,4,0.6667,6,1.0
2024,girls,4x100,tri-valley,next_best_mark,False,3,,,,,,
2024,girls,4x400,bay-shore,automatic,False,6,0,0.0,0,0.0,0,0.0
2024,girls,4x400,class-a,automatic,False,3,,,,,,
2024,girls,4x400,redwood-empire,automatic,False,6,1,0.1667,0,0.0,1,0.1667
2024,girls,4x400,tri-valley,at_large_combined,True,3,,,,,,
2024,girls,4x400,tri-valley,automatic,False,6,5,0.8333,4,0.6667,5,0.8333
2024,girls,4x400,tri-valley,next_best_mark,False,3,,,,,,
2024,girls,800,bay-shore,automatic,False,4,,,,,,
2024,girls,800,bay-shore,replacement,False,2,,,,,,
2024,girls,800,class-a,automatic,False,1,,,,,,
2024,girls,800,class-a,replacement,False,1,,,,,,
2024,girls,800,class-a,unexplained,False,1,,,,,,
2024,girls,800,redwood-empire,automatic,False,6,1,0.1667,1,0.1667,2,0.3333
2024,girls,800,tri-valley,at_large_combined,True,4,,,,,,
2024,girls,800,tri-valley,at_large_standard,False,1,,,,,,
2024,girls,800,tri-valley,automatic,False,6,4,0.6667,4,0.6667,6,1.0
2024,girls,800,tri-valley,next_best_mark,False,3,,,,,,
2024,girls,DT,bay-shore,automatic,False,5,1,0.2,0,0.0,1,0.2
2024,girls,DT,class-a,automatic,False,3,,,,,,
2024,girls,DT,redwood-empire,automatic,False,6,1,0.1667,1,0.1667,1,0.1667
2024,girls,DT,tri-valley,at_large_combined,True,2,,,,,,
2024,girls,DT,tri-valley,automatic,False,6,6,1.0,4,0.6667,6,1.0
2024,girls,DT,tri-valley,next_best_mark,False,2,,,,,,
2024,girls,HJ,bay-shore,automatic,False,6,0,0.0,0,0.0,6,1.0
2024,girls,HJ,class-a,automatic,False,3,,,,,,
2024,girls,HJ,redwood-empire,at_large_combined,True,1,,,,,,
2024,girls,HJ,redwood-empire,automatic,False,6,3,0.5,2,0.3333,6,1.0
2024,girls,HJ,redwood-empire,next_best_mark,False,1,,,,,,
2024,girls,HJ,redwood-empire,unexplained,False,2,,,,,,
2024,girls,HJ,tri-valley,at_large_combined,True,1,,,,,,
2024,girls,HJ,tri-valley,automatic,False,5,5,1.0,5,1.0,5,1.0
2024,girls,HJ,tri-valley,next_best_mark,False,1,,,,,,
2024,girls,HJ,tri-valley,replacement,False,1,,,,,,
2024,girls,LJ,bay-shore,at_large_combined,True,3,,,,,,
2024,girls,LJ,bay-shore,automatic,False,5,3,0.6,2,0.4,3,0.6
2024,girls,LJ,bay-shore,next_best_mark,False,3,,,,,,
2024,girls,LJ,class-a,automatic,False,3,,,,,,
2024,girls,LJ,redwood-empire,automatic,False,5,1,0.2,1,0.2,1,0.2
2024,girls,LJ,redwood-empire,replacement,False,1,,,,,,
2024,girls,LJ,tri-valley,automatic,False,6,3,0.5,2,0.3333,3,0.5
2024,girls,PV,bay-shore,automatic,False,5,1,0.2,1,0.2,5,1.0
2024,girls,PV,class-a,automatic,False,1,,,,,,
2024,girls,PV,class-a,replacement,False,1,,,,,,
2024,girls,PV,redwood-empire,automatic,False,5,1,0.2,1,0.2,5,1.0
2024,girls,PV,tri-valley,at_large_combined,True,4,,,,,,
2024,girls,PV,tri-valley,automatic,False,6,5,0.8333,4,0.6667,6,1.0
2024,girls,PV,tri-valley,next_best_mark,False,4,,,,,,
2024,girls,SP,bay-shore,automatic,False,4,,,,,,
2024,girls,SP,class-a,automatic,False,3,,,,,,
2024,girls,SP,redwood-empire,at_large_combined,True,3,,,,,,
2024,girls,SP,redwood-empire,automatic,False,6,4,0.6667,2,0.3333,4,0.6667
2024,girls,SP,redwood-empire,next_best_mark,False,3,,,,,,
2024,girls,SP,tri-valley,automatic,False,6,3,0.5,2,0.3333,3,0.5
2024,girls,TJ,bay-shore,at_large_combined,True,2,,,,,,
2024,girls,TJ,bay-shore,automatic,False,6,4,0.6667,4,0.6667,4,0.6667
2024,girls,TJ,bay-shore,next_best_mark,False,2,,,,,,
2024,girls,TJ,class-a,automatic,False,2,,,,,,
2024,girls,TJ,redwood-empire,automatic,False,6,2,0.3333,0,0.0,2,0.3333
2024,girls,TJ,redwood-empire,replacement,False,1,,,,,,
2024,girls,TJ,redwood-empire,unexplained,False,1,,,,,,
2024,girls,TJ,tri-valley,automatic,False,6,3,0.5,2,0.3333,3,0.5
2024,girls,group:sprints_hurdles,bay-shore,automatic,False,24,7,0.2917,3,0.125,7,0.2917
2024,girls,group:sprints_hurdles,class-a,at_large_combined,True,3,,,,,,
2024,girls,group:sprints_hurdles,class-a,automatic,False,11,8,0.7273,8,0.7273,8,0.7273
2024,girls,group:sprints_hurdles,class-a,next_best_mark,False,3,,,,,,
2024,girls,group:sprints_hurdles,redwood-empire,automatic,False,23,1,0.0435,1,0.0435,1,0.0435
2024,girls,group:sprints_hurdles,redwood-empire,replacement,False,1,,,,,,
2024,girls,group:sprints_hurdles,tri-valley,at_large_combined,True,8,0,0.0,0,0.0,0,0.0
2024,girls,group:sprints_hurdles,tri-valley,automatic,False,24,15,0.625,12,0.5,15,0.625
2024,girls,group:sprints_hurdles,tri-valley,next_best_mark,False,8,0,0.0,0,0.0,0,0.0
2024,girls,group:sprints_hurdles,tri-valley,unexplained,False,1,,,,,,
2024,girls,group:400_800,bay-shore,automatic,False,10,1,0.1,0,0.0,1,0.1
2024,girls,group:400_800,bay-shore,replacement,False,2,,,,,,
2024,girls,group:400_800,class-a,automatic,False,4,,,,,,
2024,girls,group:400_800,class-a,replacement,False,1,,,,,,
2024,girls,group:400_800,class-a,unexplained,False,2,,,,,,
2024,girls,group:400_800,redwood-empire,automatic,False,11,4,0.3636,3,0.2727,5,0.4545
2024,girls,group:400_800,redwood-empire,replacement,False,1,,,,,,
2024,girls,group:400_800,tri-valley,at_large_combined,True,5,1,0.2,1,0.2,2,0.4
2024,girls,group:400_800,tri-valley,at_large_standard,False,2,,,,,,
2024,girls,group:400_800,tri-valley,automatic,False,12,8,0.6667,8,0.6667,10,0.8333
2024,girls,group:400_800,tri-valley,next_best_mark,False,3,,,,,,
2024,girls,group:400_800,tri-valley,replacement,False,1,,,,,,
2024,girls,group:distance,bay-shore,automatic,False,11,0,0.0,0,0.0,8,0.7273
2024,girls,group:distance,bay-shore,unexplained,False,1,,,,,,
2024,girls,group:distance,class-a,at_large_combined,True,3,,,,,,
2024,girls,group:distance,class-a,at_large_standard,False,1,,,,,,
2024,girls,group:distance,class-a,automatic,False,5,2,0.4,2,0.4,5,1.0
2024,girls,group:distance,class-a,next_best_mark,False,2,,,,,,
2024,girls,group:distance,redwood-empire,automatic,False,10,4,0.4,3,0.3,8,0.8
2024,girls,group:distance,redwood-empire,replacement,False,2,,,,,,
2024,girls,group:distance,tri-valley,at_large_combined,True,10,2,0.2,1,0.1,4,0.4
2024,girls,group:distance,tri-valley,at_large_standard,False,6,1,0.1667,0,0.0,1,0.1667
2024,girls,group:distance,tri-valley,automatic,False,9,8,0.8889,6,0.6667,9,1.0
2024,girls,group:distance,tri-valley,next_best_mark,False,4,,,,,,
2024,girls,group:jumps,bay-shore,at_large_combined,True,5,0,0.0,0,0.0,0,0.0
2024,girls,group:jumps,bay-shore,automatic,False,22,8,0.3636,7,0.3182,18,0.8182
2024,girls,group:jumps,bay-shore,next_best_mark,False,5,0,0.0,0,0.0,0,0.0
2024,girls,group:jumps,class-a,automatic,False,9,3,0.3333,1,0.1111,6,0.6667
2024,girls,group:jumps,class-a,replacement,False,1,,,,,,
2024,girls,group:jumps,redwood-empire,at_large_combined,True,1,,,,,,
2024,girls,group:jumps,redwood-empire,automatic,False,22,7,0.3182,4,0.1818,14,0.6364
2024,girls,group:jumps,redwood-empire,next_best_mark,False,1,,,,,,
2024,girls,group:jumps,redwood-empire,replacement,False,2,,,,,,
2024,girls,group:jumps,redwood-empire,unexplained,False,3,,,,,,
2024,girls,group:jumps,tri-valley,at_large_combined,True,5,0,0.0,0,0.0,5,1.0
2024,girls,group:jumps,tri-valley,automatic,False,23,16,0.6957,13,0.5652,17,0.7391
2024,girls,group:jumps,tri-valley,next_best_mark,False,5,0,0.0,0,0.0,5,1.0
2024,girls,group:jumps,tri-valley,replacement,False,1,,,,,,
2024,girls,group:throws,bay-shore,automatic,False,9,2,0.2222,1,0.1111,2,0.2222
2024,girls,group:throws,class-a,automatic,False,6,2,0.3333,2,0.3333,2,0.3333
2024,girls,group:throws,redwood-empire,at_large_combined,True,3,,,,,,
2024,girls,group:throws,redwood-empire,automatic,False,12,5,0.4167,3,0.25,5,0.4167
2024,girls,group:throws,redwood-empire,next_best_mark,False,3,,,,,,
2024,girls,group:throws,tri-valley,at_large_combined,True,2,,,,,,
2024,girls,group:throws,tri-valley,automatic,False,12,9,0.75,6,0.5,9,0.75
2024,girls,group:throws,tri-valley,next_best_mark,False,2,,,,,,
2024,girls,group:relays,bay-shore,automatic,False,12,1,0.0833,1,0.0833,1,0.0833
2024,girls,group:relays,class-a,automatic,False,6,2,0.3333,2,0.3333,2,0.3333
2024,girls,group:relays,redwood-empire,automatic,False,12,1,0.0833,0,0.0,1,0.0833
2024,girls,group:relays,tri-valley,at_large_combined,True,6,1,0.1667,1,0.1667,1,0.1667
2024,girls,group:relays,tri-valley,automatic,False,12,9,0.75,8,0.6667,11,0.9167
2024,girls,group:relays,tri-valley,next_best_mark,False,6,1,0.1667,1,0.1667,1,0.1667
2024,girls,all,bay-shore,at_large_combined,True,5,0,0.0,0,0.0,0,0.0
2024,girls,all,bay-shore,automatic,False,88,19,0.2159,12,0.1364,37,0.4205
2024,girls,all,bay-shore,next_best_mark,False,5,0,0.0,0,0.0,0,0.0
2024,girls,all,bay-shore,replacement,False,2,,,,,,
2024,girls,all,bay-shore,unexplained,False,1,,,,,,
2024,girls,all,class-a,at_large_combined,True,6,0,0.0,0,0.0,2,0.3333
2024,girls,all,class-a,at_large_standard,False,1,,,,,,
2024,girls,all,class-a,automatic,False,41,19,0.4634,15,0.3659,25,0.6098
2024,girls,all,class-a,next_best_mark,False,5,0,0.0,0,0.0,2,0.4
2024,girls,all,class-a,replacement,False,2,,,,,,
2024,girls,all,class-a,unexplained,False,2,,,,,,
2024,girls,all,redwood-empire,at_large_combined,True,4,,,,,,
2024,girls,all,redwood-empire,automatic,False,90,22,0.2444,14,0.1556,34,0.3778
2024,girls,all,redwood-empire,next_best_mark,False,4,,,,,,
2024,girls,all,redwood-empire,replacement,False,6,0,0.0,0,0.0,0,0.0
2024,girls,all,redwood-empire,unexplained,False,3,,,,,,
2024,girls,all,tri-valley,at_large_combined,True,36,4,0.1111,3,0.0833,12,0.3333
2024,girls,all,tri-valley,at_large_standard,False,8,1,0.125,0,0.0,1,0.125
2024,girls,all,tri-valley,automatic,False,92,65,0.7065,53,0.5761,71,0.7717
2024,girls,all,tri-valley,next_best_mark,False,28,3,0.1071,3,0.1071,11,0.3929
2024,girls,all,tri-valley,replacement,False,2,,,,,,
2024,girls,all,tri-valley,unexplained,False,1,,,,,,
2024,boys,100,bay-shore,at_large_combined,True,3,,,,,,
2024,boys,100,bay-shore,at_large_standard,False,1,,,,,,
2024,boys,100,bay-shore,automatic,False,6,4,0.6667,2,0.3333,4,0.6667
2024,boys,100,bay-shore,next_best_mark,False,2,,,,,,
2024,boys,100,class-a,automatic,False,3,,,,,,
2024,boys,100,redwood-empire,automatic,False,6,0,0.0,0,0.0,0,0.0
2024,boys,100,tri-valley,at_large_combined,True,8,0,0.0,0,0.0,0,0.0
2024,boys,100,tri-valley,at_large_standard,False,7,0,0.0,0,0.0,0,0.0
2024,boys,100,tri-valley,automatic,False,6,4,0.6667,4,0.6667,4,0.6667
2024,boys,100,tri-valley,next_best_mark,False,1,,,,,,
2024,boys,110H,bay-shore,automatic,False,5,2,0.4,2,0.4,2,0.4
2024,boys,110H,class-a,automatic,False,3,,,,,,
2024,boys,110H,redwood-empire,automatic,False,6,1,0.1667,0,0.0,1,0.1667
2024,boys,110H,tri-valley,at_large_combined,True,3,,,,,,
2024,boys,110H,tri-valley,automatic,False,6,4,0.6667,3,0.5,4,0.6667
2024,boys,110H,tri-valley,next_best_mark,False,3,,,,,,
2024,boys,1600,bay-shore,at_large_combined,True,1,,,,,,
2024,boys,1600,bay-shore,at_large_standard,False,1,,,,,,
2024,boys,1600,bay-shore,automatic,False,5,3,0.6,1,0.2,4,0.8
2024,boys,1600,class-a,automatic,False,1,,,,,,
2024,boys,1600,class-a,replacement,False,2,,,,,,
2024,boys,1600,class-a,unexplained,False,1,,,,,,
2024,boys,1600,redwood-empire,automatic,False,6,1,0.1667,1,0.1667,1,0.1667
2024,boys,1600,tri-valley,at_large_combined,True,5,2,0.4,2,0.4,2,0.4
2024,boys,1600,tri-valley,at_large_standard,False,2,,,,,,
2024,boys,1600,tri-valley,automatic,False,6,2,0.3333,2,0.3333,5,0.8333
2024,boys,1600,tri-valley,next_best_mark,False,3,,,,,,
2024,boys,200,bay-shore,automatic,False,5,0,0.0,0,0.0,0,0.0
2024,boys,200,class-a,automatic,False,3,,,,,,
2024,boys,200,redwood-empire,automatic,False,5,0,0.0,0,0.0,1,0.2
2024,boys,200,tri-valley,at_large_combined,True,3,,,,,,
2024,boys,200,tri-valley,automatic,False,6,4,0.6667,4,0.6667,5,0.8333
2024,boys,200,tri-valley,next_best_mark,False,3,,,,,,
2024,boys,300H,bay-shore,automatic,False,4,,,,,,
2024,boys,300H,class-a,automatic,False,3,,,,,,
2024,boys,300H,redwood-empire,automatic,False,6,2,0.3333,1,0.1667,2,0.3333
2024,boys,300H,tri-valley,at_large_combined,True,2,,,,,,
2024,boys,300H,tri-valley,automatic,False,6,4,0.6667,3,0.5,4,0.6667
2024,boys,300H,tri-valley,next_best_mark,False,2,,,,,,
2024,boys,3200,bay-shore,at_large_combined,True,1,,,,,,
2024,boys,3200,bay-shore,automatic,False,6,4,0.6667,3,0.5,6,1.0
2024,boys,3200,bay-shore,next_best_mark,False,1,,,,,,
2024,boys,3200,class-a,automatic,False,3,,,,,,
2024,boys,3200,redwood-empire,automatic,False,6,0,0.0,0,0.0,6,1.0
2024,boys,3200,tri-valley,at_large_combined,True,2,,,,,,
2024,boys,3200,tri-valley,automatic,False,6,1,0.1667,1,0.1667,6,1.0
2024,boys,3200,tri-valley,next_best_mark,False,2,,,,,,
2024,boys,400,bay-shore,automatic,False,7,0,0.0,0,0.0,0,0.0
2024,boys,400,class-a,automatic,False,3,,,,,,
2024,boys,400,redwood-empire,automatic,False,5,2,0.4,2,0.4,2,0.4
2024,boys,400,tri-valley,at_large_combined,True,4,,,,,,
2024,boys,400,tri-valley,at_large_standard,False,1,,,,,,
2024,boys,400,tri-valley,automatic,False,6,5,0.8333,4,0.6667,5,0.8333
2024,boys,400,tri-valley,next_best_mark,False,3,,,,,,
2024,boys,4x100,bay-shore,at_large_combined,True,1,,,,,,
2024,boys,4x100,bay-shore,automatic,False,6,2,0.3333,1,0.1667,2,0.3333
2024,boys,4x100,bay-shore,next_best_mark,False,1,,,,,,
2024,boys,4x100,class-a,automatic,False,2,,,,,,
2024,boys,4x100,class-a,replacement,False,1,,,,,,
2024,boys,4x100,redwood-empire,automatic,False,6,1,0.1667,1,0.1667,1,0.1667
2024,boys,4x100,tri-valley,at_large_combined,True,2,,,,,,
2024,boys,4x100,tri-valley,automatic,False,6,3,0.5,3,0.5,3,0.5
2024,boys,4x100,tri-valley,next_best_mark,False,2,,,,,,
2024,boys,4x400,bay-shore,automatic,False,5,1,0.2,1,0.2,2,0.4
2024,boys,4x400,bay-shore,replacement,False,1,,,,,,
2024,boys,4x400,class-a,automatic,False,2,,,,,,
2024,boys,4x400,class-a,replacement,False,1,,,,,,
2024,boys,4x400,redwood-empire,automatic,False,5,2,0.4,2,0.4,2,0.4
2024,boys,4x400,redwood-empire,replacement,False,1,,,,,,
2024,boys,4x400,tri-valley,at_large_combined,True,3,,,,,,
2024,boys,4x400,tri-valley,automatic,False,6,4,0.6667,2,0.3333,4,0.6667
2024,boys,4x400,tri-valley,next_best_mark,False,3,,,,,,
2024,boys,800,bay-shore,automatic,False,3,,,,,,
2024,boys,800,bay-shore,replacement,False,2,,,,,,
2024,boys,800,class-a,at_large_combined,True,3,,,,,,
2024,boys,800,class-a,at_large_standard,False,3,,,,,,
2024,boys,800,class-a,automatic,False,3,,,,,,
2024,boys,800,redwood-empire,at_large_combined,True,2,,,,,,
2024,boys,800,redwood-empire,at_large_standard,False,2,,,,,,
2024,boys,800,redwood-empire,automatic,False,4,,,,,,
2024,boys,800,tri-valley,at_large_combined,True,5,1,0.2,1,0.2,1,0.2
2024,boys,800,tri-valley,at_large_standard,False,3,,,,,,
2024,boys,800,tri-valley,automatic,False,5,3,0.6,2,0.4,5,1.0
2024,boys,800,tri-valley,next_best_mark,False,2,,,,,,
2024,boys,DT,bay-shore,automatic,False,6,2,0.3333,2,0.3333,2,0.3333
2024,boys,DT,class-a,automatic,False,3,,,,,,
2024,boys,DT,redwood-empire,at_large_combined,True,1,,,,,,
2024,boys,DT,redwood-empire,automatic,False,6,3,0.5,3,0.5,3,0.5
2024,boys,DT,redwood-empire,next_best_mark,False,1,,,,,,
2024,boys,DT,tri-valley,at_large_combined,True,2,,,,,,
2024,boys,DT,tri-valley,automatic,False,6,3,0.5,1,0.1667,3,0.5
2024,boys,DT,tri-valley,next_best_mark,False,2,,,,,,
2024,boys,HJ,bay-shore,automatic,False,5,1,0.2,0,0.0,5,1.0
2024,boys,HJ,class-a,automatic,False,3,,,,,,
2024,boys,HJ,redwood-empire,automatic,False,5,3,0.6,1,0.2,5,1.0
2024,boys,HJ,redwood-empire,replacement,False,1,,,,,,
2024,boys,HJ,tri-valley,at_large_combined,True,3,,,,,,
2024,boys,HJ,tri-valley,automatic,False,6,6,1.0,5,0.8333,6,1.0
2024,boys,HJ,tri-valley,next_best_mark,False,3,,,,,,
2024,boys,LJ,bay-shore,at_large_combined,True,2,,,,,,
2024,boys,LJ,bay-shore,automatic,False,5,3,0.6,3,0.6,3,0.6
2024,boys,LJ,bay-shore,next_best_mark,False,2,,,,,,
2024,boys,LJ,class-a,automatic,False,2,,,,,,
2024,boys,LJ,class-a,replacement,False,1,,,,,,
2024,boys,LJ,redwood-empire,automatic,False,4,,,,,,
2024,boys,LJ,redwood-empire,unexplained,False,1,,,,,,
2024,boys,LJ,tri-valley,at_large_combined,True,1,,,,,,
2024,boys,LJ,tri-valley,automatic,False,4,,,,,,
2024,boys,LJ,tri-valley,next_best_mark,False,1,,,,,,
2024,boys,LJ,tri-valley,replacement,False,1,,,,,,
2024,boys,PV,bay-shore,automatic,False,6,3,0.5,2,0.3333,6,1.0
2024,boys,PV,class-a,automatic,False,3,,,,,,
2024,boys,PV,redwood-empire,automatic,False,5,2,0.4,2,0.4,5,1.0
2024,boys,PV,redwood-empire,replacement,False,1,,,,,,
2024,boys,PV,tri-valley,at_large_combined,True,4,,,,,,
2024,boys,PV,tri-valley,automatic,False,6,3,0.5,2,0.3333,6,1.0
2024,boys,PV,tri-valley,next_best_mark,False,4,,,,,,
2024,boys,SP,bay-shore,at_large_combined,True,1,,,,,,
2024,boys,SP,bay-shore,automatic,False,6,5,0.8333,2,0.3333,5,0.8333
2024,boys,SP,bay-shore,next_best_mark,False,1,,,,,,
2024,boys,SP,class-a,automatic,False,3,,,,,,
2024,boys,SP,redwood-empire,at_large_combined,True,2,,,,,,
2024,boys,SP,redwood-empire,automatic,False,6,3,0.5,3,0.5,3,0.5
2024,boys,SP,redwood-empire,next_best_mark,False,2,,,,,,
2024,boys,SP,tri-valley,automatic,False,6,1,0.1667,1,0.1667,1,0.1667
2024,boys,TJ,bay-shore,at_large_combined,True,1,,,,,,
2024,boys,TJ,bay-shore,automatic,False,5,2,0.4,2,0.4,2,0.4
2024,boys,TJ,bay-shore,next_best_mark,False,1,,,,,,
2024,boys,TJ,bay-shore,unexplained,False,1,,,,,,
2024,boys,TJ,class-a,automatic,False,3,,,,,,
2024,boys,TJ,redwood-empire,automatic,False,5,2,0.4,1,0.2,2,0.4
2024,boys,TJ,redwood-empire,replacement,False,1,,,,,,
2024,boys,TJ,tri-valley,at_large_combined,True,1,,,,,,
2024,boys,TJ,tri-valley,automatic,False,6,4,0.6667,2,0.3333,4,0.6667
2024,boys,TJ,tri-valley,next_best_mark,False,1,,,,,,
2024,boys,group:sprints_hurdles,bay-shore,at_large_combined,True,3,,,,,,
2024,boys,group:sprints_hurdles,bay-shore,at_large_standard,False,1,,,,,,
2024,boys,group:sprints_hurdles,bay-shore,automatic,False,20,8,0.4,6,0.3,8,0.4
2024,boys,group:sprints_hurdles,bay-shore,next_best_mark,False,2,,,,,,
2024,boys,group:sprints_hurdles,class-a,automatic,False,12,1,0.0833,1,0.0833,1,0.0833
2024,boys,group:sprints_hurdles,redwood-empire,automatic,False,23,3,0.1304,1,0.0435,4,0.1739
2024,boys,group:sprints_hurdles,tri-valley,at_large_combined,True,16,2,0.125,2,0.125,2,0.125
2024,boys,group:sprints_hurdles,tri-valley,at_large_standard,False,7,0,0.0,0,0.0,0,0.0
2024,boys,group:sprints_hurdles,tri-valley,automatic,False,24,16,0.6667,14,0.5833,17,0.7083
2024,boys,group:sprints_hurdles,tri-valley,next_best_mark,False,9,2,0.2222,2,0.2222,2,0.2222
2024,boys,group:400_800,bay-shore,automatic,False,10,2,0.2,1,0.1,2,0.2
2024,boys,group:400_800,bay-shore,replacement,False,2,,,,,,
2024,boys,group:400_800,class-a,at_large_combined,True,3,,,,,,
2024,boys,group:400_800,class-a,at_large_standard,False,3,,,,,,
2024,boys,group:400_800,class-a,automatic,False,6,2,0.3333,1,0.1667,2,0.3333
2024,boys,group:400_800,redwood-empire,at_large_combined,True,2,,,,,,
2024,boys,group:400_800,redwood-empire,at_large_standard,False,2,,,,,,
2024,boys,group:400_800,redwood-empire,automatic,False,9,3,0.3333,3,0.3333,4,0.4444
2024,boys,group:400_800,tri-valley,at_large_combined,True,9,1,0.1111,1,0.1111,1,0.1111
2024,boys,group:400_800,tri-valley,at_large_standard,False,4,,,,,,
2024,boys,group:400_800,tri-valley,automatic,False,11,8,0.7273,6,0.5455,10,0.9091
2024,boys,group:400_800,tri-valley,next_best_mark,False,5,0,0.0,0,0.0,0,0.0
2024,boys,group:distance,bay-shore,at_large_combined,True,2,,,,,,
2024,boys,group:distance,bay-shore,at_large_standard,False,1,,,,,,
2024,boys,group:distance,bay-shore,automatic,False,11,7,0.6364,4,0.3636,10,0.9091
2024,boys,group:distance,bay-shore,next_best_mark,False,1,,,,,,
2024,boys,group:distance,class-a,automatic,False,4,,,,,,
2024,boys,group:distance,class-a,replacement,False,2,,,,,,
2024,boys,group:distance,class-a,unexplained,False,1,,,,,,
2024,boys,group:distance,redwood-empire,automatic,False,12,1,0.0833,1,0.0833,7,0.5833
2024,boys,group:distance,tri-valley,at_large_combined,True,7,3,0.4286,2,0.2857,4,0.5714
2024,boys,group:distance,tri-valley,at_large_standard,False,2,,,,,,
2024,boys,group:distance,tri-valley,automatic,False,12,3,0.25,3,0.25,11,0.9167
2024,boys,group:distance,tri-valley,next_best_mark,False,5,2,0.4,1,0.2,3,0.6
2024,boys,group:jumps,bay-shore,at_large_combined,True,3,,,,,,
2024,boys,group:jumps,bay-shore,automatic,False,21,9,0.4286,7,0.3333,16,0.7619
2024,boys,group:jumps,bay-shore,next_best_mark,False,3,,,,,,
2024,boys,group:jumps,bay-shore,unexplained,False,1,,,,,,
2024,boys,group:jumps,class-a,automatic,False,11,2,0.1818,1,0.0909,8,0.7273
2024,boys,group:jumps,class-a,replacement,False,1,,,,,,
2024,boys,group:jumps,redwood-empire,automatic,False,19,8,0.4211,5,0.2632,13,0.6842
2024,boys,group:jumps,redwood-empire,replacement,False,3,,,,,,
2024,boys,group:jumps,redwood-empire,unexplained,False,1,,,,,,
2024,boys,group:jumps,tri-valley,at_large_combined,True,9,1,0.1111,1,0.1111,7,0.7778
2024,boys,group:jumps,tri-valley,automatic,False,22,16,0.7273,11,0.5,19,0.8636
2024,boys,group:jumps,tri-valley,next_best_mark,False,9,1,0.1111,1,0.1111,7,0.7778
2024,boys,group:jumps,tri-valley,replacement,False,1,,,,,,
2024,boys,group:throws,bay-shore,at_large_combined,True,1,,,,,,
2024,boys,group:throws,bay-shore,automatic,False,12,7,0.5833,4,0.3333,7,0.5833
2024,boys,group:throws,bay-shore,next_best_mark,False,1,,,,,,
2024,boys,group:throws,class-a,automatic,False,6,0,0.0,0,0.0,0,0.0
2024,boys,group:throws,redwood-empire,at_large_combined,True,3,,,,,,
2024,boys,group:throws,redwood-empire,automatic,False,12,6,0.5,6,0.5,6,0.5
2024,boys,group:throws,redwood-empire,next_best_mark,False,3,,,,,,
2024,boys,group:throws,tri-valley,at_large_combined,True,2,,,,,,
2024,boys,group:throws,tri-valley,automatic,False,12,4,0.3333,2,0.1667,4,0.3333
2024,boys,group:throws,tri-valley,next_best_mark,False,2,,,,,,
2024,boys,group:relays,bay-shore,at_large_combined,True,1,,,,,,
2024,boys,group:relays,bay-shore,automatic,False,11,3,0.2727,2,0.1818,4,0.3636
2024,boys,group:relays,bay-shore,next_best_mark,False,1,,,,,,
2024,boys,group:relays,bay-shore,replacement,False,1,,,,,,
2024,boys,group:relays,class-a,automatic,False,4,,,,,,
2024,boys,group:relays,class-a,replacement,False,2,,,,,,
2024,boys,group:relays,redwood-empire,automatic,False,11,3,0.2727,3,0.2727,3,0.2727
2024,boys,group:relays,redwood-empire,replacement,False,1,,,,,,
2024,boys,group:relays,tri-valley,at_large_combined,True,5,1,0.2,1,0.2,1,0.2
2024,boys,group:relays,tri-valley,automatic,False,12,7,0.5833,5,0.4167,7,0.5833
2024,boys,group:relays,tri-valley,next_best_mark,False,5,1,0.2,1,0.2,1,0.2
2024,boys,all,bay-shore,at_large_combined,True,10,0,0.0,0,0.0,1,0.1
2024,boys,all,bay-shore,at_large_standard,False,2,,,,,,
2024,boys,all,bay-shore,automatic,False,85,36,0.4235,24,0.2824,47,0.5529
2024,boys,all,bay-shore,next_best_mark,False,8,0,0.0,0,0.0,1,0.125
2024,boys,all,bay-shore,replacement,False,3,,,,,,
2024,boys,all,bay-shore,unexplained,False,1,,,,,,
2024,boys,all,class-a,at_large_combined,True,3,,,,,,
2024,boys,all,class-a,at_large_standard,False,3,,,,,,
2024,boys,all,class-a,automatic,False,43,8,0.186,6,0.1395,16,0.3721
2024,boys,all,class-a,replacement,False,5,0,0.0,0,0.0,0,0.0
2024,boys,all,class-a,unexplained,False,1,,,,,,
2024,boys,all,redwood-empire,at_large_combined,True,5,1,0.2,0,0.0,1,0.2
2024,boys,all,redwood-empire,at_large_standard,False,2,,,,,,
2024,boys,all,redwood-empire,automatic,False,86,24,0.2791,19,0.2209,37,0.4302
2024,boys,all,redwood-empire,next_best_mark,False,3,,,,,,
2024,boys,all,redwood-empire,replacement,False,4,,,,,,
2024,boys,all,redwood-empire,unexplained,False,1,,,,,,
2024,boys,all,tri-valley,at_large_combined,True,48,8,0.1667,7,0.1458,15,0.3125
2024,boys,all,tri-valley,at_large_standard,False,13,2,0.1538,2,0.1538,2,0.1538
2024,boys,all,tri-valley,automatic,False,93,54,0.5806,41,0.4409,68,0.7312
2024,boys,all,tri-valley,next_best_mark,False,35,6,0.1714,5,0.1429,13,0.3714
2024,boys,all,tri-valley,replacement,False,1,,,,,,
2024,all,100,bay-shore,at_large_combined,True,3,,,,,,
2024,all,100,bay-shore,at_large_standard,False,1,,,,,,
2024,all,100,bay-shore,automatic,False,12,6,0.5,3,0.25,6,0.5
2024,all,100,bay-shore,next_best_mark,False,2,,,,,,
2024,all,100,class-a,automatic,False,6,2,0.3333,2,0.3333,2,0.3333
2024,all,100,redwood-empire,automatic,False,12,0,0.0,0,0.0,0,0.0
2024,all,100,tri-valley,at_large_combined,True,11,0,0.0,0,0.0,0,0.0
2024,all,100,tri-valley,at_large_standard,False,7,0,0.0,0,0.0,0,0.0
2024,all,100,tri-valley,automatic,False,12,8,0.6667,7,0.5833,8,0.6667
2024,all,100,tri-valley,next_best_mark,False,4,,,,,,
2024,all,100H,bay-shore,automatic,False,6,2,0.3333,1,0.1667,2,0.3333
2024,all,100H,class-a,at_large_combined,True,2,,,,,,
2024,all,100H,class-a,automatic,False,3,,,,,,
2024,all,100H,class-a,next_best_mark,False,2,,,,,,
2024,all,100H,redwood-empire,automatic,False,6,0,0.0,0,0.0,0,0.0
2024,all,100H,tri-valley,at_large_combined,True,1,,,,,,
2024,all,100H,tri-valley,automatic,False,6,2,0.3333,2,0.3333,2,0.3333
2024,all,100H,tri-valley,next_best_mark,False,1,,,,,,
2024,all,110H,bay-shore,automatic,False,5,2,0.4,2,0.4,2,0.4
2024,all,110H,class-a,automatic,False,3,,,,,,
2024,all,110H,redwood-empire,automatic,False,6,1,0.1667,0,0.0,1,0.1667
2024,all,110H,tri-valley,at_large_combined,True,3,,,,,,
2024,all,110H,tri-valley,automatic,False,6,4,0.6667,3,0.5,4,0.6667
2024,all,110H,tri-valley,next_best_mark,False,3,,,,,,
2024,all,1600,bay-shore,at_large_combined,True,1,,,,,,
2024,all,1600,bay-shore,at_large_standard,False,1,,,,,,
2024,all,1600,bay-shore,automatic,False,10,3,0.3,1,0.1,6,0.6
2024,all,1600,bay-shore,unexplained,False,1,,,,,,
2024,all,1600,class-a,at_large_combined,True,2,,,,,,
2024,all,1600,class-a,at_large_standard,False,1,,,,,,
2024,all,1600,class-a,automatic,False,3,,,,,,
2024,all,1600,class-a,next_best_mark,False,1,,,,,,
2024,all,1600,class-a,replacement,False,2,,,,,,
2024,all,1600,class-a,unexplained,False,1,,,,,,
2024,all,1600,redwood-empire,automatic,False,10,2,0.2,2,0.2,3,0.3
2024,all,1600,redwood-empire,replacement,False,2,,,,,,
2024,all,1600,tri-valley,at_large_combined,True,13,4,0.3077,3,0.2308,4,0.3077
2024,all,1600,tri-valley,at_large_standard,False,8,2,0.25,1,0.125,2,0.25
2024,all,1600,tri-valley,automatic,False,10,6,0.6,5,0.5,9,0.9
2024,all,1600,tri-valley,next_best_mark,False,5,2,0.4,2,0.4,2,0.4
2024,all,200,bay-shore,automatic,False,11,1,0.0909,0,0.0,1,0.0909
2024,all,200,class-a,at_large_combined,True,1,,,,,,
2024,all,200,class-a,automatic,False,5,1,0.2,1,0.2,1,0.2
2024,all,200,class-a,next_best_mark,False,1,,,,,,
2024,all,200,redwood-empire,automatic,False,10,1,0.1,1,0.1,2,0.2
2024,all,200,redwood-empire,replacement,False,1,,,,,,
2024,all,200,tri-valley,at_large_combined,True,5,2,0.4,2,0.4,2,0.4
2024,all,200,tri-valley,automatic,False,12,9,0.75,8,0.6667,10,0.8333
2024,all,200,tri-valley,next_best_mark,False,5,2,0.4,2,0.4,2,0.4
2024,all,200,tri-valley,unexplained,False,1,,,,,,
2024,all,300H,bay-shore,automatic,False,10,4,0.4,3,0.3,4,0.4
2024,all,300H,class-a,automatic,False,6,2,0.3333,2,0.3333,2,0.3333
2024,all,300H,redwood-empire,automatic,False,12,2,0.1667,1,0.0833,2,0.1667
2024,all,300H,tri-valley,at_large_combined,True,4,,,,,,
2024,all,300H,tri-valley,automatic,False,12,8,0.6667,6,0.5,8,0.6667
2024,all,300H,tri-valley,next_best_mark,False,4,,,,,,
2024,all,3200,bay-shore,at_large_combined,True,1,,,,,,
2024,all,3200,bay-shore,automatic,False,12,4,0.3333,3,0.25,12,1.0
2024,all,3200,bay-shore,next_best_mark,False,1,,,,,,
2024,all,3200,class-a,at_large_combined,True,1,,,,,,
2024,all,3200,class-a,automatic,False,6,3,0.5,3,0.5,6,1.0
2024,all,3200,class-a,next_best_mark,False,1,,,,,,
2024,all,3200,redwood-empire,automatic,False,12,3,0.25,2,0.1667,12,1.0
2024,all,3200,tri-valley,at_large_combined,True,4,,,,,,
2024,all,3200,tri-valley,automatic,False,11,5,0.4545,4,0.3636,11,1.0
2024,all,3200,tri-valley,next_best_mark,False,4,,,,,,
2024,all,400,bay-shore,automatic,False,13,0,0.0,0,0.0,0,0.0
2024,all,400,class-a,automatic,False,6,2,0.3333,0,0.0,2,0.3333
2024,all,400,class-a,unexplained,False,1,,,,,,
2024,all,400,redwood-empire,automatic,False,10,5,0.5,4,0.4,5,0.5
2024,all,400,redwood-empire,replacement,False,1,,,,,,
2024,all,400,tri-valley,at_large_combined,True,5,0,0.0,0,0.0,0,0.0
2024,all,400,tri-valley,at_large_standard,False,2,,,,,,
2024,all,400,tri-valley,automatic,False,12,9,0.75,8,0.6667,9,0.75
2024,all,400,tri-valley,next_best_mark,False,3,,,,,,
2024,all,400,tri-valley,replacement,False,1,,,,,,
2024,all,4x100,bay-shore,at_large_combined,True,1,,,,,,
2024,all,4x100,bay-shore,automatic,False,12,3,0.25,2,0.1667,3,0.25
2024,all,4x100,bay-shore,next_best_mark,False,1,,,,,,
2024,all,4x100,class-a,automatic,False,5,1,0.2,1,0.2,2,0.4
2024,all,4x100,class-a,replacement,False,1,,,,,,
2024,all,4x100,redwood-empire,automatic,False,12,1,0.0833,1,0.0833,1,0.0833
2024,all,4x100,tri-valley,at_large_combined,True,5,1,0.2,1,0.2,1,0.2
2024,all,4x100,tri-valley,automatic,False,12,7,0.5833,7,0.5833,9,0.75
2024,all,4x100,tri-valley,next_best_mark,False,5,1,0.2,1,0.2,1,0.2
2024,all,4x400,bay-shore,automatic,False,11,1,0.0909,1,0.0909,2,0.1818
2024,all,4x400,bay-shore,replacement,False,1,,,,,,
2024,all,4x400,class-a,automatic,False,5,2,0.4,2,0.4,2,0.4
2024,all,4x400,class-a,replacement,False,1,,,,,,
2024,all,4x400,redwood-empire,automatic,False,11,3,0.2727,2,0.1818,3,0.2727
2024,all,4x400,redwood-empire,replacement,False,1,,,,,,
2024,all,4x400,tri-valley,at_large_combined,True,6,1,0.1667,1,0.1667,1,0.1667
2024,all,4x400,tri-valley,automatic,False,12,9,0.75,6,0.5,9,0.75
2024,all,4x400,tri-valley,next_best_mark,False,6,1,0.1667,1,0.1667,1,0.1667
2024,all,800,bay-shore,automatic,False,7,3,0.4286,1,0.1429,3,0.4286
2024,all,800,bay-shore,replacement,False,4,,,,,,
2024,all,800,class-a,at_large_combined,True,3,,,,,,
2024,all,800,class-a,at_large_standard,False,3,,,,,,
2024,all,800,class-a,automatic,False,4,,,,,,
2024,all,800,class-a,replacement,False,1,,,,,,
2024,all,800,class-a,unexplained,False,1,,,,,,
2024,all,800,redwood-empire,at_large_combined,True,2,,,,,,
2024,all,800,redwood-empire,at_large_standard,False,2,,,,,,
2024,all,800,redwood-empire,automatic,False,10,2,0.2,2,0.2,4,0.4
2024,all,800,tri-valley,at_large_combined,True,9,2,0.2222,2,0.2222,3,0.3333
2024,all,800,tri-valley,at_large_standard,False,4,,,,,,
2024,all,800,tri-valley,automatic,False,11,7,0.6364,6,0.5455,11,1.0
2024,all,800,tri-valley,next_best_mark,False,5,1,0.2,1,0.2,2,0.4
2024,all,DT,bay-shore,automatic,False,11,3,0.2727,2,0.1818,3,0.2727
2024,all,DT,class-a,automatic,False,6,1,0.1667,1,0.1667,1,0.1667
2024,all,DT,redwood-empire,at_large_combined,True,1,,,,,,
2024,all,DT,redwood-empire,automatic,False,12,4,0.3333,4,0.3333,4,0.3333
2024,all,DT,redwood-empire,next_best_mark,False,1,,,,,,
2024,all,DT,tri-valley,at_large_combined,True,4,,,,,,
2024,all,DT,tri-valley,automatic,False,12,9,0.75,5,0.4167,9,0.75
2024,all,DT,tri-valley,next_best_mark,False,4,,,,,,
2024,all,HJ,bay-shore,automatic,False,11,1,0.0909,0,0.0,11,1.0
2024,all,HJ,class-a,automatic,False,6,0,0.0,0,0.0,6,1.0
2024,all,HJ,redwood-empire,at_large_combined,True,1,,,,,,
2024,all,HJ,redwood-empire,automatic,False,11,6,0.5455,3,0.2727,11,1.0
2024,all,HJ,redwood-empire,next_best_mark,False,1,,,,,,
2024,all,HJ,redwood-empire,replacement,False,1,,,,,,
2024,all,HJ,redwood-empire,unexplained,False,2,,,,,,
2024,all,HJ,tri-valley,at_large_combined,True,4,,,,,,
2024,all,HJ,tri-valley,automatic,False,11,11,1.0,10,0.9091,11,1.0
2024,all,HJ,tri-valley,next_best_mark,False,4,,,,,,
2024,all,HJ,tri-valley,replacement,False,1,,,,,,
2024,all,LJ,bay-shore,at_large_combined,True,5,0,0.0,0,0.0,0,0.0
2024,all,LJ,bay-shore,automatic,False,10,6,0.6,5,0.5,6,0.6
2024,all,LJ,bay-shore,next_best_mark,False,5,0,0.0,0,0.0,0,0.0
2024,all,LJ,class-a,automatic,False,5,3,0.6,1,0.2,3,0.6
2024,all,LJ,class-a,replacement,False,1,,,,,,
2024,all,LJ,redwood-empire,automatic,False,9,2,0.2222,2,0.2222,2,0.2222
2024,all,LJ,redwood-empire,replacement,False,1,,,,,,
2024,all,LJ,redwood-empire,unexplained,False,1,,,,,,
2024,all,LJ,tri-valley,at_large_combined,True,1,,,,,,
2024,all,LJ,tri-valley,automatic,False,10,6,0.6,4,0.4,6,0.6
2024,all,LJ,tri-valley,next_best_mark,False,1,,,,,,
2024,all,LJ,tri-valley,replacement,False,1,,,,,,
2024,all,PV,bay-shore,automatic,False,11,4,0.3636,3,0.2727,11,1.0
2024,all,PV,class-a,automatic,False,4,,,,,,
2024,all,PV,class-a,replacement,False,1,,,,,,
2024,all,PV,redwood-empire,automatic,False,10,3,0.3,3,0.3,10,1.0
2024,all,PV,redwood-empire,replacement,False,1,,,,,,
2024,all,PV,tri-valley,at_large_combined,True,8,0,0.0,0,0.0,8,1.0
2024,all,PV,tri-valley,automatic,False,12,8,0.6667,6,0.5,12,1.0
2024,all,PV,tri-valley,next_best_mark,False,8,0,0.0,0,0.0,8,1.0
2024,all,SP,bay-shore,at_large_combined,True,1,,,,,,
2024,all,SP,bay-shore,automatic,False,10,6,0.6,3,0.3,6,0.6
2024,all,SP,bay-shore,next_best_mark,False,1,,,,,,
2024,all,SP,class-a,automatic,False,6,1,0.1667,1,0.1667,1,0.1667
2024,all,SP,redwood-empire,at_large_combined,True,5,0,0.0,0,0.0,0,0.0
2024,all,SP,redwood-empire,automatic,False,12,7,0.5833,5,0.4167,7,0.5833
2024,all,SP,redwood-empire,next_best_mark,False,5,0,0.0,0,0.0,0,0.0
2024,all,SP,tri-valley,automatic,False,12,4,0.3333,3,0.25,4,0.3333
2024,all,TJ,bay-shore,at_large_combined,True,3,,,,,,
2024,all,TJ,bay-shore,automatic,False,11,6,0.5455,6,0.5455,6,0.5455
2024,all,TJ,bay-shore,next_best_mark,False,3,,,,,,
2024,all,TJ,bay-shore,unexplained,False,1,,,,,,
2024,all,TJ,class-a,automatic,False,5,1,0.2,1,0.2,1,0.2
2024,all,TJ,redwood-empire,automatic,False,11,4,0.3636,1,0.0909,4,0.3636
2024,all,TJ,redwood-empire,replacement,False,2,,,,,,
2024,all,TJ,redwood-empire,unexplained,False,1,,,,,,
2024,all,TJ,tri-valley,at_large_combined,True,1,,,,,,
2024,all,TJ,tri-valley,automatic,False,12,7,0.5833,4,0.3333,7,0.5833
2024,all,TJ,tri-valley,next_best_mark,False,1,,,,,,
2024,all,group:sprints_hurdles,bay-shore,at_large_combined,True,3,,,,,,
2024,all,group:sprints_hurdles,bay-shore,at_large_standard,False,1,,,,,,
2024,all,group:sprints_hurdles,bay-shore,automatic,False,44,15,0.3409,9,0.2045,15,0.3409
2024,all,group:sprints_hurdles,bay-shore,next_best_mark,False,2,,,,,,
2024,all,group:sprints_hurdles,class-a,at_large_combined,True,3,,,,,,
2024,all,group:sprints_hurdles,class-a,automatic,False,23,9,0.3913,9,0.3913,9,0.3913
2024,all,group:sprints_hurdles,class-a,next_best_mark,False,3,,,,,,
2024,all,group:sprints_hurdles,redwood-empire,automatic,False,46,4,0.087,2,0.0435,5,0.1087
2024,all,group:sprints_hurdles,redwood-empire,replacement,False,1,,,,,,
2024,all,group:sprints_hurdles,tri-valley,at_large_combined,True,24,2,0.0833,2,0.0833,2,0.0833
2024,all,group:sprints_hurdles,tri-valley,at_large_standard,False,7,0,0.0,0,0.0,0,0.0
2024,all,group:sprints_hurdles,tri-valley,automatic,False,48,31,0.6458,26,0.5417,32,0.6667
2024,all,group:sprints_hurdles,tri-valley,next_best_mark,False,17,2,0.1176,2,0.1176,2,0.1176
2024,all,group:sprints_hurdles,tri-valley,unexplained,False,1,,,,,,
2024,all,group:400_800,bay-shore,automatic,False,20,3,0.15,1,0.05,3,0.15
2024,all,group:400_800,bay-shore,replacement,False,4,,,,,,
2024,all,group:400_800,class-a,at_large_combined,True,3,,,,,,
2024,all,group:400_800,class-a,at_large_standard,False,3,,,,,,
2024,all,group:400_800,class-a,automatic,False,10,4,0.4,1,0.1,4,0.4
2024,all,group:400_800,class-a,replacement,False,1,,,,,,
2024,all,group:400_800,class-a,unexplained,False,2,,,,,,
2024,all,group:400_800,redwood-empire,at_large_combined,True,2,,,,,,
2024,all,group:400_800,redwood-empire,at_large_standard,False,2,,,,,,
2024,all,group:400_800,redwood-empire,automatic,False,20,7,0.35,6,0.3,9,0.45
2024,all,group:400_800,redwood-empire,replacement,False,1,,,,,,
2024,all,group:400_800,tri-valley,at_large_combined,True,14,2,0.1429,2,0.1429,3,0.2143
2024,all,group:400_800,tri-valley,at_large_standard,False,6,1,0.1667,1,0.1667,1,0.1667
2024,all,group:400_800,tri-valley,automatic,False,23,16,0.6957,14,0.6087,20,0.8696
2024,all,group:400_800,tri-valley,next_best_mark,False,8,1,0.125,1,0.125,2,0.25
2024,all,group:400_800,tri-valley,replacement,False,1,,,,,,
2024,all,group:distance,bay-shore,at_large_combined,True,2,,,,,,
2024,all,group:distance,bay-shore,at_large_standard,False,1,,,,,,
2024,all,group:distance,bay-shore,automatic,False,22,7,0.3182,4,0.1818,18,0.8182
2024,all,group:distance,bay-shore,next_best_mark,False,1,,,,,,
2024,all,group:distance,bay-shore,unexplained,False,1,,,,,,
2024,all,group:distance,class-a,at_large_combined,True,3,,,,,,
2024,all,group:distance,class-a,at_large_standard,False,1,,,,,,
2024,all,group:distance,class-a,automatic,False,9,4,0.4444,4,0.4444,8,0.8889
2024,all,group:distance,class-a,next_best_mark,False,2,,,,,,
2024,all,group:distance,class-a,replacement,False,2,,,,,,
2024,all,group:distance,class-a,unexplained,False,1,,,,,,
2024,all,group:distance,redwood-empire,automatic,False,22,5,0.2273,4,0.1818,15,0.6818
2024,all,group:distance,redwood-empire,replacement,False,2,,,,,,
2024,all,group:distance,tri-valley,at_large_combined,True,17,5,0.2941,3,0.1765,8,0.4706
2024,all,group:distance,tri-valley,at_large_standard,False,8,2,0.25,1,0.125,2,0.25
2024,all,group:distance,tri-valley,automatic,False,21,11,0.5238,9,0.4286,20,0.9524
2024,all,group:distance,tri-valley,next_best_mark,False,9,3,0.3333,2,0.2222,6,0.6667
2024,all,group:jumps,bay-shore,at_large_combined,True,8,0,0.0,0,0.0,0,0.0
2024,all,group:jumps,bay-shore,automatic,False,43,17,0.3953,14,0.3256,34,0.7907
2024,all,group:jumps,bay-shore,next_best_mark,False,8,0,0.0,0,0.0,0,0.0
2024,all,group:jumps,bay-shore,unexplained,False,1,,,,,,
2024,all,group:jumps,class-a,automatic,False,20,5,0.25,2,0.1,14,0.7
2024,all,group:jumps,class-a,replacement,False,2,,,,,,
2024,all,group:jumps,redwood-empire,at_large_combined,True,1,,,,,,
2024,all,group:jumps,redwood-empire,automatic,False,41,15,0.3659,9,0.2195,27,0.6585
2024,all,group:jumps,redwood-empire,next_best_mark,False,1,,,,,,
2024,all,group:jumps,redwood-empire,replacement,False,5,0,0.0,0,0.0,2,0.4
2024,all,group:jumps,redwood-empire,unexplained,False,4,,,,,,
2024,all,group:jumps,tri-valley,at_large_combined,True,14,1,0.0714,1,0.0714,12,0.8571
2024,all,group:jumps,tri-valley,automatic,False,45,32,0.7111,24,0.5333,36,0.8
2024,all,group:jumps,tri-valley,next_best_mark,False,14,1,0.0714,1,0.0714,12,0.8571
2024,all,group:jumps,tri-valley,replacement,False,2,,,,,,
2024,all,group:throws,bay-shore,at_large_combined,True,1,,,,,,
2024,all,group:throws,bay-shore,automatic,False,21,9,0.4286,5,0.2381,9,0.4286
2024,all,group:throws,bay-shore,next_best_mark,False,1,,,,,,
2024,all,group:throws,class-a,automatic,False,12,2,0.1667,2,0.1667,2,0.1667
2024,all,group:throws,redwood-empire,at_large_combined,True,6,1,0.1667,0,0.0,1,0.1667
2024,all,group:throws,redwood-empire,automatic,False,24,11,0.4583,9,0.375,11,0.4583
2024,all,group:throws,redwood-empire,next_best_mark,False,6,1,0.1667,0,0.0,1,0.1667
2024,all,group:throws,tri-valley,at_large_combined,True,4,,,,,,
2024,all,group:throws,tri-valley,automatic,False,24,13,0.5417,8,0.3333,13,0.5417
2024,all,group:throws,tri-valley,next_best_mark,False,4,,,,,,
2024,all,group:relays,bay-shore,at_large_combined,True,1,,,,,,
2024,all,group:relays,bay-shore,automatic,False,23,4,0.1739,3,0.1304,5,0.2174
2024,all,group:relays,bay-shore,next_best_mark,False,1,,,,,,
2024,all,group:relays,bay-shore,replacement,False,1,,,,,,
2024,all,group:relays,class-a,automatic,False,10,3,0.3,3,0.3,4,0.4
2024,all,group:relays,class-a,replacement,False,2,,,,,,
2024,all,group:relays,redwood-empire,automatic,False,23,4,0.1739,3,0.1304,4,0.1739
2024,all,group:relays,redwood-empire,replacement,False,1,,,,,,
2024,all,group:relays,tri-valley,at_large_combined,True,11,2,0.1818,2,0.1818,2,0.1818
2024,all,group:relays,tri-valley,automatic,False,24,16,0.6667,13,0.5417,18,0.75
2024,all,group:relays,tri-valley,next_best_mark,False,11,2,0.1818,2,0.1818,2,0.1818
2024,all,all,bay-shore,at_large_combined,True,15,0,0.0,0,0.0,1,0.0667
2024,all,all,bay-shore,at_large_standard,False,2,,,,,,
2024,all,all,bay-shore,automatic,False,173,55,0.3179,36,0.2081,84,0.4855
2024,all,all,bay-shore,next_best_mark,False,13,0,0.0,0,0.0,1,0.0769
2024,all,all,bay-shore,replacement,False,5,0,0.0,0,0.0,1,0.2
2024,all,all,bay-shore,unexplained,False,2,,,,,,
2024,all,all,class-a,at_large_combined,True,9,0,0.0,0,0.0,2,0.2222
2024,all,all,class-a,at_large_standard,False,4,,,,,,
2024,all,all,class-a,automatic,False,84,27,0.3214,21,0.25,41,0.4881
2024,all,all,class-a,next_best_mark,False,5,0,0.0,0,0.0,2,0.4
2024,all,all,class-a,replacement,False,7,0,0.0,0,0.0,1,0.1429
2024,all,all,class-a,unexplained,False,3,,,,,,
2024,all,all,redwood-empire,at_large_combined,True,9,1,0.1111,0,0.0,2,0.2222
2024,all,all,redwood-empire,at_large_standard,False,2,,,,,,
2024,all,all,redwood-empire,automatic,False,176,46,0.2614,33,0.1875,71,0.4034
2024,all,all,redwood-empire,next_best_mark,False,7,1,0.1429,0,0.0,2,0.2857
2024,all,all,redwood-empire,replacement,False,10,0,0.0,0,0.0,2,0.2
2024,all,all,redwood-empire,unexplained,False,4,,,,,,
2024,all,all,tri-valley,at_large_combined,True,84,12,0.1429,10,0.119,27,0.3214
2024,all,all,tri-valley,at_large_standard,False,21,3,0.1429,2,0.0952,3,0.1429
2024,all,all,tri-valley,automatic,False,185,119,0.6432,94,0.5081,139,0.7514
2024,all,all,tri-valley,next_best_mark,False,63,9,0.1429,8,0.127,24,0.381
2024,all,all,tri-valley,replacement,False,3,,,,,,
2024,all,all,tri-valley,unexplained,False,1,,,,,,
2025,girls,100,bay-shore,automatic,False,6,3,0.5,2,0.3333,3,0.5
2025,girls,100,class-a,automatic,False,3,,,,,,
2025,girls,100,redwood-empire,automatic,False,5,1,0.2,1,0.2,1,0.2
2025,girls,100,redwood-empire,replacement,False,1,,,,,,
2025,girls,100,tri-valley,at_large_combined,True,4,,,,,,
2025,girls,100,tri-valley,at_large_standard,False,2,,,,,,
2025,girls,100,tri-valley,automatic,False,6,4,0.6667,3,0.5,4,0.6667
2025,girls,100,tri-valley,next_best_mark,False,2,,,,,,
2025,girls,100H,bay-shore,automatic,False,6,2,0.3333,1,0.1667,2,0.3333
2025,girls,100H,class-a,at_large_combined,True,2,,,,,,
2025,girls,100H,class-a,automatic,False,2,,,,,,
2025,girls,100H,class-a,next_best_mark,False,2,,,,,,
2025,girls,100H,redwood-empire,at_large_combined,True,1,,,,,,
2025,girls,100H,redwood-empire,automatic,False,5,0,0.0,0,0.0,0,0.0
2025,girls,100H,redwood-empire,next_best_mark,False,1,,,,,,
2025,girls,100H,redwood-empire,replacement,False,1,,,,,,
2025,girls,100H,tri-valley,automatic,False,6,5,0.8333,4,0.6667,5,0.8333
2025,girls,1600,bay-shore,automatic,False,3,,,,,,
2025,girls,1600,bay-shore,replacement,False,2,,,,,,
2025,girls,1600,bay-shore,unexplained,False,1,,,,,,
2025,girls,1600,class-a,automatic,False,3,,,,,,
2025,girls,1600,redwood-empire,at_large_combined,True,3,,,,,,
2025,girls,1600,redwood-empire,at_large_standard,False,1,,,,,,
2025,girls,1600,redwood-empire,automatic,False,6,5,0.8333,4,0.6667,6,1.0
2025,girls,1600,redwood-empire,next_best_mark,False,2,,,,,,
2025,girls,1600,tri-valley,at_large_combined,True,4,,,,,,
2025,girls,1600,tri-valley,at_large_standard,False,3,,,,,,
2025,girls,1600,tri-valley,automatic,False,2,,,,,,
2025,girls,1600,tri-valley,next_best_mark,False,1,,,,,,
2025,girls,200,bay-shore,automatic,False,5,2,0.4,1,0.2,2,0.4
2025,girls,200,bay-shore,unexplained,False,1,,,,,,
2025,girls,200,class-a,at_large_combined,True,1,,,,,,
2025,girls,200,class-a,at_large_standard,False,1,,,,,,
2025,girls,200,class-a,automatic,False,3,,,,,,
2025,girls,200,redwood-empire,automatic,False,4,,,,,,
2025,girls,200,redwood-empire,replacement,False,2,,,,,,
2025,girls,200,tri-valley,at_large_combined,True,5,0,0.0,0,0.0,0,0.0
2025,girls,200,tri-valley,at_large_standard,False,3,,,,,,
2025,girls,200,tri-valley,automatic,False,6,5,0.8333,4,0.6667,5,0.8333
2025,girls,200,tri-valley,next_best_mark,False,2,,,,,,
2025,girls,300H,bay-shore,automatic,False,6,0,0.0,0,0.0,0,0.0
2025,girls,300H,class-a,automatic,False,3,,,,,,
2025,girls,300H,redwood-empire,automatic,False,6,2,0.3333,2,0.3333,2,0.3333
2025,girls,300H,tri-valley,at_large_combined,True,3,,,,,,
2025,girls,300H,tri-valley,automatic,False,6,4,0.6667,3,0.5,4,0.6667
2025,girls,300H,tri-valley,next_best_mark,False,3,,,,,,
2025,girls,3200,bay-shore,automatic,False,6,1,0.1667,0,0.0,6,1.0
2025,girls,3200,class-a,automatic,False,3,,,,,,
2025,girls,3200,redwood-empire,at_large_combined,True,2,,,,,,
2025,girls,3200,redwood-empire,automatic,False,6,4,0.6667,4,0.6667,6,1.0
2025,girls,3200,redwood-empire,next_best_mark,False,2,,,,,,
2025,girls,3200,tri-valley,at_large_combined,True,1,,,,,,
2025,girls,3200,tri-valley,automatic,False,5,2,0.4,2,0.4,5,1.0
2025,girls,3200,tri-valley,next_best_mark,False,1,,,,,,
2025,girls,400,bay-shore,automatic,False,6,2,0.3333,2,0.3333,2,0.3333
2025,girls,400,class-a,at_large_combined,True,1,,,,,,
2025,girls,400,class-a,at_large_standard,False,1,,,,,,
2025,girls,400,class-a,automatic,False,2,,,,,,
2025,girls,400,redwood-empire,automatic,False,5,2,0.4,1,0.2,2,0.4
2025,girls,400,redwood-empire,replacement,False,1,,,,,,
2025,girls,400,tri-valley,at_large_combined,True,4,,,,,,
2025,girls,400,tri-valley,at_large_standard,False,2,,,,,,
2025,girls,400,tri-valley,automatic,False,5,4,0.8,3,0.6,4,0.8
2025,girls,400,tri-valley,next_best_mark,False,2,,,,,,
2025,girls,4x100,bay-shore,at_large_combined,True,1,,,,,,
2025,girls,4x100,bay-shore,automatic,False,6,3,0.5,2,0.3333,3,0.5
2025,girls,4x100,bay-shore,next_best_mark,False,1,,,,,,
2025,girls,4x100,class-a,automatic,False,2,,,,,,
2025,girls,4x100,class-a,replacement,False,1,,,,,,
2025,girls,4x100,redwood-empire,automatic,False,6,1,0.1667,1,0.1667,1,0.1667
2025,girls,4x100,tri-valley,at_large_combined,True,2,,,,,,
2025,girls,4x100,tri-valley,automatic,False,6,4,0.6667,3,0.5,4,0.6667
2025,girls,4x100,tri-valley,next_best_mark,False,2,,,,,,
2025,girls,4x400,bay-shore,automatic,False,5,1,0.2,1,0.2,1,0.2
2025,girls,4x400,bay-shore,replacement,False,1,,,,,,
2025,girls,4x400,class-a,at_large_combined,True,1,,,,,,
2025,girls,4x400,class-a,automatic,False,3,,,,,,
2025,girls,4x400,class-a,next_best_mark,False,1,,,,,,
2025,girls,4x400,redwood-empire,automatic,False,6,1,0.1667,0,0.0,1,0.1667
2025,girls,4x400,tri-valley,at_large_combined,True,2,,,,,,
2025,girls,4x400,tri-valley,automatic,False,6,5,0.8333,5,0.8333,6,1.0
2025,girls,4x400,tri-valley,next_best_mark,False,2,,,,,,
2025,girls,800,bay-shore,automatic,False,6,0,0.0,0,0.0,0,0.0
2025,girls,800,class-a,at_large_combined,True,2,,,,,,
2025,girls,800,class-a,at_large_standard,False,1,,,,,,
2025,girls,800,class-a,automatic,False,3,,,,,,
2025,girls,800,class-a,next_best_mark,False,1,,,,,,
2025,girls,800,redwood-empire,automatic,False,6,0,0.0,0,0.0,2,0.3333
2025,girls,800,tri-valley,at_large_combined,True,2,,,,,,
2025,girls,800,tri-valley,at_large_standard,False,1,,,,,,
2025,girls,800,tri-valley,automatic,False,5,4,0.8,3,0.6,4,0.8
2025,girls,800,tri-valley,next_best_mark,False,1,,,,,,
2025,girls,DT,bay-shore,automatic,False,6,1,0.1667,0,0.0,1,0.1667
2025,girls,DT,class-a,automatic,False,3,,,,,,
2025,girls,DT,redwood-empire,at_large_combined,True,2,,,,,,
2025,girls,DT,redwood-empire,automatic,False,6,3,0.5,2,0.3333,3,0.5
2025,girls,DT,redwood-empire,next_best_mark,False,2,,,,,,
2025,girls,DT,tri-valley,at_large_combined,True,1,,,,,,
2025,girls,DT,tri-valley,automatic,False,6,4,0.6667,3,0.5,4,0.6667
2025,girls,DT,tri-valley,next_best_mark,False,1,,,,,,
2025,girls,HJ,bay-shore,automatic,False,3,,,,,,
2025,girls,HJ,bay-shore,replacement,False,2,,,,,,
2025,girls,HJ,class-a,at_large_combined,True,1,,,,,,
2025,girls,HJ,class-a,automatic,False,2,,,,,,
2025,girls,HJ,class-a,next_best_mark,False,1,,,,,,
2025,girls,HJ,redwood-empire,automatic,False,5,2,0.4,1,0.2,5,1.0
2025,girls,HJ,redwood-empire,replacement,False,1,,,,,,
2025,girls,HJ,tri-valley,at_large_combined,True,3,,,,,,
2025,girls,HJ,tri-valley,automatic,False,6,5,0.8333,5,0.8333,6,1.0
2025,girls,HJ,tri-valley,next_best_mark,False,3,,,,,,
2025,girls,LJ,bay-shore,at_large_combined,True,1,,,,,,
2025,girls,LJ,bay-shore,automatic,False,6,3,0.5,2,0.3333,3,0.5
2025,girls,LJ,bay-shore,next_best_mark,False,1,,,,,,
2025,girls,LJ,class-a,automatic,False,1,,,,,,
2025,girls,LJ,class-a,replacement,False,1,,,,,,
2025,girls,LJ,redwood-empire,automatic,False,5,1,0.2,1,0.2,1,0.2
2025,girls,LJ,tri-valley,at_large_combined,True,1,,,,,,
2025,girls,LJ,tri-valley,automatic,False,4,,,,,,
2025,girls,LJ,tri-valley,next_best_mark,False,1,,,,,,
2025,girls,LJ,tri-valley,replacement,False,1,,,,,,
2025,girls,PV,bay-shore,automatic,False,6,2,0.3333,1,0.1667,6,1.0
2025,girls,PV,class-a,automatic,False,3,,,,,,
2025,girls,PV,redwood-empire,at_large_combined,True,1,,,,,,
2025,girls,PV,redwood-empire,automatic,False,7,2,0.2857,2,0.2857,7,1.0
2025,girls,PV,redwood-empire,next_best_mark,False,1,,,,,,
2025,girls,PV,tri-valley,at_large_combined,True,1,,,,,,
2025,girls,PV,tri-valley,automatic,False,6,3,0.5,2,0.3333,6,1.0
2025,girls,PV,tri-valley,next_best_mark,False,1,,,,,,
2025,girls,SP,bay-shore,automatic,False,6,0,0.0,0,0.0,0,0.0
2025,girls,SP,class-a,automatic,False,3,,,,,,
2025,girls,SP,redwood-empire,at_large_combined,True,1,,,,,,
2025,girls,SP,redwood-empire,automatic,False,6,4,0.6667,2,0.3333,4,0.6667
2025,girls,SP,redwood-empire,next_best_mark,False,1,,,,,,
2025,girls,SP,tri-valley,at_large_combined,True,2,,,,,,
2025,girls,SP,tri-valley,automatic,False,6,4,0.6667,3,0.5,4,0.6667
2025,girls,SP,tri-valley,next_best_mark,False,2,,,,,,
2025,girls,TJ,bay-shore,at_large_combined,True,1,,,,,,
2025,girls,TJ,bay-shore,automatic,False,6,5,0.8333,4,0.6667,5,0.8333
2025,girls,TJ,bay-shore,next_best_mark,False,1,,,,,,
2025,girls,TJ,class-a,automatic,False,2,,,,,,
2025,girls,TJ,class-a,unexplained,False,1,,,,,,
2025,girls,TJ,redwood-empire,automatic,False,6,2,0.3333,1,0.1667,2,0.3333
2025,girls,TJ,tri-valley,at_large_combined,True,2,,,,,,
2025,girls,TJ,tri-valley,automatic,False,6,2,0.3333,1,0.1667,2,0.3333
2025,girls,TJ,tri-valley,next_best_mark,False,2,,,,,,
2025,girls,group:sprints_hurdles,bay-shore,automatic,False,23,7,0.3043,4,0.1739,7,0.3043
2025,girls,group:sprints_hurdles,bay-shore,unexplained,False,1,,,,,,
2025,girls,group:sprints_hurdles,class-a,at_large_combined,True,3,,,,,,
2025,girls,group:sprints_hurdles,class-a,at_large_standard,False,1,,,,,,
2025,girls,group:sprints_hurdles,class-a,automatic,False,11,2,0.1818,2,0.1818,3,0.2727
2025,girls,group:sprints_hurdles,class-a,next_best_mark,False,2,,,,,,
2025,girls,group:sprints_hurdles,redwood-empire,at_large_combined,True,1,,,,,,
2025,girls,group:sprints_hurdles,redwood-empire,automatic,False,20,4,0.2,4,0.2,4,0.2
2025,girls,group:sprints_hurdles,redwood-empire,next_best_mark,False,1,,,,,,
2025,girls,group:sprints_hurdles,redwood-empire,replacement,False,4,,,,,,
2025,girls,group:sprints_hurdles,tri-valley,at_large_combined,True,12,0,0.0,0,0.0,0,0.0
2025,girls,group:sprints_hurdles,tri-valley,at_large_standard,False,5,0,0.0,0,0.0,0,0.0
2025,girls,group:sprints_hurdles,tri-valley,automatic,False,24,18,0.75,14,0.5833,18,0.75
2025,girls,group:sprints_hurdles,tri-valley,next_best_mark,False,7,0,0.0,0,0.0,0,0.0
2025,girls,group:400_800,bay-shore,automatic,False,12,2,0.1667,2,0.1667,2,0.1667
2025,girls,group:400_800,class-a,at_large_combined,True,3,,,,,,
2025,girls,group:400_800,class-a,at_large_standard,False,2,,,,,,
2025,girls,group:400_800,class-a,automatic,False,5,3,0.6,3,0.6,3,0.6
2025,girls,group:400_800,class-a,next_best_mark,False,1,,,,,,
2025,girls,group:400_800,redwood-empire,automatic,False,11,2,0.1818,1,0.0909,4,0.3636
2025,girls,group:400_800,redwood-empire,replacement,False,1,,,,,,
2025,girls,group:400_800,tri-valley,at_large_combined,True,6,1,0.1667,0,0.0,2,0.3333
2025,girls,group:400_800,tri-valley,at_large_standard,False,3,,,,,,
2025,girls,group:400_800,tri-valley,automatic,False,10,8,0.8,6,0.6,8,0.8
2025,girls,group:400_800,tri-valley,next_best_mark,False,3,,,,,,
2025,girls,group:distance,bay-shore,automatic,False,9,1,0.1111,0,0.0,6,0.6667
2025,girls,group:distance,bay-shore,replacement,False,2,,,,,,
2025,girls,group:distance,bay-shore,unexplained,False,1,,,,,,
2025,girls,group:distance,class-a,automatic,False,6,3,0.5,2,0.3333,5,0.8333
2025,girls,group:distance,redwood-empire,at_large_combined,True,5,0,0.0,0,0.0,4,0.8
2025,girls,group:distance,redwood-empire,at_large_standard,False,1,,,,,,
2025,girls,group:distance,redwood-empire,automatic,False,12,9,0.75,8,0.6667,12,1.0
2025,girls,group:distance,redwood-empire,next_best_mark,False,4,,,,,,
2025,girls,group:distance,tri-valley,at_large_combined,True,5,0,0.0,0,0.0,1,0.2
2025,girls,group:distance,tri-valley,at_large_standard,False,3,,,,,,
2025,girls,group:distance,tri-valley,automatic,False,7,3,0.4286,2,0.2857,7,1.0
2025,girls,group:distance,tri-valley,next_best_mark,False,2,,,,,,
2025,girls,group:jumps,bay-shore,at_large_combined,True,2,,,,,,
2025,girls,group:jumps,bay-shore,automatic,False,21,10,0.4762,7,0.3333,17,0.8095
2025,girls,group:jumps,bay-shore,next_best_mark,False,2,,,,,,
2025,girls,group:jumps,bay-shore,replacement,False,2,,,,,,
2025,girls,group:jumps,class-a,at_large_combined,True,1,,,,,,
2025,girls,group:jumps,class-a,automatic,False,8,1,0.125,1,0.125,5,0.625
2025,girls,group:jumps,class-a,next_best_mark,False,1,,,,,,
2025,girls,group:jumps,class-a,replacement,False,1,,,,,,
2025,girls,group:jumps,class-a,unexplained,False,1,,,,,,
2025,girls,group:jumps,redwood-empire,at_large_combined,True,1,,,,,,
2025,girls,group:jumps,redwood-empire,automatic,False,23,7,0.3043,5,0.2174,15,0.6522
2025,girls,group:jumps,redwood-empire,next_best_mark,False,1,,,,,,
2025,girls,group:jumps,redwood-empire,replacement,False,1,,,,,,
2025,girls,group:jumps,tri-valley,at_large_combined,True,7,1,0.1429,0,0.0,4,0.5714
2025,girls,group:jumps,tri-valley,automatic,False,22,14,0.6364,11,0.5,18,0.8182
2025,girls,group:jumps,tri-valley,next_best_mark,False,7,1,0.1429,0,0.0,4,0.5714
2025,girls,group:jumps,tri-valley,replacement,False,1,,,,,,
2025,girls,group:throws,bay-shore,automatic,False,12,1,0.0833,0,0.0,1,0.0833
2025,girls,group:throws,class-a,automatic,False,6,2,0.3333,2,0.3333,2,0.3333
2025,girls,group:throws,redwood-empire,at_large_combined,True,3,,,,,,
2025,girls,group:throws,redwood-empire,automatic,False,12,7,0.5833,4,0.3333,7,0.5833
2025,girls,group:throws,redwood-empire,next_best_mark,False,3,,,,,,
2025,girls,group:throws,tri-valley,at_large_combined,True,3,,,,,,
2025,girls,group:throws,tri-valley,automatic,False,12,8,0.6667,6,0.5,8,0.6667
2025,girls,group:throws,tri-valley,next_best_mark,False,3,,,,,,
2025,girls,group:relays,bay-shore,at_large_combined,True,1,,,,,,
2025,girls,group:relays,bay-shore,automatic,False,11,4,0.3636,3,0.2727,4,0.3636
2025,girls,group:relays,bay-shore,next_best_mark,False,1,,,,,,
2025,girls,group:relays,bay-shore,replacement,False,1,,,,,,
2025,girls,group:relays,class-a,at_large_combined,True,1,,,,,,
2025,girls,group:relays,class-a,automatic,False,5,0,0.0,0,0.0,0,0.0
2025,girls,group:relays,class-a,next_best_mark,False,1,,,,,,
2025,girls,group:relays,class-a,replacement,False,1,,,,,,
2025,girls,group:relays,redwood-empire,automatic,False,12,2,0.1667,1,0.0833,2,0.1667
2025,girls,group:relays,tri-valley,at_large_combined,True,4,,,,,,
2025,girls,group:relays,tri-valley,automatic,False,12,9,0.75,8,0.6667,10,0.8333
2025,girls,group:relays,tri-valley,next_best_mark,False,4,,,,,,
2025,girls,all,bay-shore,at_large_combined,True,3,,,,,,
2025,girls,all,bay-shore,automatic,False,88,25,0.2841,16,0.1818,37,0.4205
2025,girls,all,bay-shore,next_best_mark,False,3,,,,,,
2025,girls,all,bay-shore,replacement,False,5,0,0.0,0,0.0,2,0.4
2025,girls,all,bay-shore,unexplained,False,2,,,,,,
2025,girls,all,class-a,at_large_combined,True,8,0,0.0,0,0.0,2,0.25
2025,girls,all,class-a,at_large_standard,False,3,,,,,,
2025,girls,all,class-a,automatic,False,41,11,0.2683,10,0.2439,18,0.439
2025,girls,all,class-a,next_best_mark,False,5,0,0.0,0,0.0,1,0.2
2025,girls,all,class-a,replacement,False,2,,,,,,
2025,girls,all,class-a,unexplained,False,1,,,,,,
2025,girls,all,redwood-empire,at_large_combined,True,10,0,0.0,0,0.0,5,0.5
2025,girls,all,redwood-empire,at_large_standard,False,1,,,,,,
2025,girls,all,redwood-empire,automatic,False,90,31,0.3444,23,0.2556,44,0.4889
2025,girls,all,redwood-empire,next_best_mark,False,9,0,0.0,0,0.0,5,0.5556
2025,girls,all,redwood-empire,replacement,False,6,0,0.0,0,0.0,1,0.1667
2025,girls,all,tri-valley,at_large_combined,True,37,2,0.0541,0,0.0,7,0.1892
2025,girls,all,tri-valley,at_large_standard,False,11,0,0.0,0,0.0,1,0.0909
2025,girls,all,tri-valley,automatic,False,87,60,0.6897,47,0.5402,69,0.7931
2025,girls,all,tri-valley,next_best_mark,False,26,2,0.0769,0,0.0,6,0.2308
2025,girls,all,tri-valley,replacement,False,1,,,,,,
2025,boys,100,bay-shore,at_large_combined,True,1,,,,,,
2025,boys,100,bay-shore,at_large_standard,False,1,,,,,,
2025,boys,100,bay-shore,automatic,False,6,4,0.6667,3,0.5,4,0.6667
2025,boys,100,class-a,automatic,False,3,,,,,,
2025,boys,100,redwood-empire,at_large_combined,True,2,,,,,,
2025,boys,100,redwood-empire,at_large_standard,False,2,,,,,,
2025,boys,100,redwood-empire,automatic,False,5,3,0.6,2,0.4,3,0.6
2025,boys,100,tri-valley,at_large_combined,True,7,0,0.0,0,0.0,0,0.0
2025,boys,100,tri-valley,at_large_standard,False,4,,,,,,
2025,boys,100,tri-valley,automatic,False,5,1,0.2,1,0.2,1,0.2
2025,boys,100,tri-valley,next_best_mark,False,3,,,,,,
2025,boys,110H,bay-shore,automatic,False,6,1,0.1667,1,0.1667,2,0.3333
2025,boys,110H,class-a,automatic,False,2,,,,,,
2025,boys,110H,class-a,replacement,False,1,,,,,,
2025,boys,110H,redwood-empire,automatic,False,6,1,0.1667,1,0.1667,1,0.1667
2025,boys,110H,tri-valley,at_large_combined,True,3,,,,,,
2025,boys,110H,tri-valley,automatic,False,6,5,0.8333,4,0.6667,5,0.8333
2025,boys,110H,tri-valley,next_best_mark,False,3,,,,,,
2025,boys,1600,bay-shore,automatic,False,6,1,0.1667,1,0.1667,2,0.3333
2025,boys,1600,class-a,automatic,False,3,,,,,,
2025,boys,1600,redwood-empire,at_large_combined,True,1,,,,,,
2025,boys,1600,redwood-empire,automatic,False,5,2,0.4,1,0.2,4,0.8
2025,boys,1600,redwood-empire,next_best_mark,False,1,,,,,,
2025,boys,1600,redwood-empire,replacement,False,1,,,,,,
2025,boys,1600,tri-valley,at_large_combined,True,1,,,,,,
2025,boys,1600,tri-valley,automatic,False,6,3,0.5,3,0.5,3,0.5
2025,boys,1600,tri-valley,next_best_mark,False,1,,,,,,
2025,boys,1600,tri-valley,replacement,False,1,,,,,,
2025,boys,200,bay-shore,at_large_combined,True,1,,,,,,
2025,boys,200,bay-shore,automatic,False,6,5,0.8333,4,0.6667,5,0.8333
2025,boys,200,bay-shore,next_best_mark,False,1,,,,,,
2025,boys,200,class-a,automatic,False,2,,,,,,
2025,boys,200,class-a,replacement,False,1,,,,,,
2025,boys,200,redwood-empire,at_large_combined,True,1,,,,,,
2025,boys,200,redwood-empire,automatic,False,5,0,0.0,0,0.0,0,0.0
2025,boys,200,redwood-empire,next_best_mark,False,1,,,,,,
2025,boys,200,tri-valley,at_large_combined,True,1,,,,,,
2025,boys,200,tri-valley,automatic,False,5,2,0.4,2,0.4,3,0.6
2025,boys,200,tri-valley,next_best_mark,False,1,,,,,,
2025,boys,200,tri-valley,replacement,False,1,,,,,,
2025,boys,300H,bay-shore,automatic,False,4,,,,,,
2025,boys,300H,bay-shore,replacement,False,1,,,,,,
2025,boys,300H,class-a,automatic,False,3,,,,,,
2025,boys,300H,redwood-empire,automatic,False,6,0,0.0,0,0.0,0,0.0
2025,boys,300H,tri-valley,at_large_combined,True,6,1,0.1667,0,0.0,1,0.1667
2025,boys,300H,tri-valley,at_large_standard,False,3,,,,,,
2025,boys,300H,tri-valley,automatic,False,6,3,0.5,3,0.5,3,0.5
2025,boys,300H,tri-valley,next_best_mark,False,3,,,,,,
2025,boys,3200,bay-shore,automatic,False,6,2,0.3333,2,0.3333,6,1.0
2025,boys,3200,class-a,automatic,False,3,,,,,,
2025,boys,3200,redwood-empire,automatic,False,6,1,0.1667,0,0.0,6,1.0
2025,boys,3200,tri-valley,at_large_combined,True,3,,,,,,
2025,boys,3200,tri-valley,automatic,False,6,3,0.5,3,0.5,6,1.0
2025,boys,3200,tri-valley,next_best_mark,False,3,,,,,,
2025,boys,400,bay-shore,automatic,False,5,1,0.2,1,0.2,2,0.4
2025,boys,400,bay-shore,replacement,False,1,,,,,,
2025,boys,400,class-a,automatic,False,3,,,,,,
2025,boys,400,redwood-empire,automatic,False,5,1,0.2,1,0.2,1,0.2
2025,boys,400,redwood-empire,replacement,False,1,,,,,,
2025,boys,400,tri-valley,at_large_combined,True,3,,,,,,
2025,boys,400,tri-valley,automatic,False,6,4,0.6667,4,0.6667,4,0.6667
2025,boys,400,tri-valley,next_best_mark,False,3,,,,,,
2025,boys,4x100,bay-shore,automatic,False,6,2,0.3333,2,0.3333,2,0.3333
2025,boys,4x100,class-a,automatic,False,3,,,,,,
2025,boys,4x100,redwood-empire,at_large_combined,True,1,,,,,,
2025,boys,4x100,redwood-empire,automatic,False,5,2,0.4,2,0.4,2,0.4
2025,boys,4x100,redwood-empire,next_best_mark,False,1,,,,,,
2025,boys,4x100,tri-valley,at_large_combined,True,2,,,,,,
2025,boys,4x100,tri-valley,automatic,False,6,3,0.5,2,0.3333,3,0.5
2025,boys,4x100,tri-valley,next_best_mark,False,2,,,,,,
2025,boys,4x100,tri-valley,unexplained,False,1,,,,,,
2025,boys,4x400,bay-shore,automatic,False,6,1,0.1667,0,0.0,2,0.3333
2025,boys,4x400,class-a,automatic,False,2,,,,,,
2025,boys,4x400,redwood-empire,automatic,False,4,,,,,,
2025,boys,4x400,redwood-empire,replacement,False,2,,,,,,
2025,boys,4x400,tri-valley,at_large_combined,True,3,,,,,,
2025,boys,4x400,tri-valley,automatic,False,6,3,0.5,2,0.3333,3,0.5
2025,boys,4x400,tri-valley,next_best_mark,False,3,,,,,,
2025,boys,800,bay-shore,automatic,False,5,4,0.8,3,0.6,4,0.8
2025,boys,800,class-a,replacement,False,1,,,,,,
2025,boys,800,class-a,unexplained,False,2,,,,,,
2025,boys,800,redwood-empire,at_large_combined,True,3,,,,,,
2025,boys,800,redwood-empire,at_large_standard,False,2,,,,,,
2025,boys,800,redwood-empire,automatic,False,4,,,,,,
2025,boys,800,redwood-empire,next_best_mark,False,1,,,,,,
2025,boys,800,tri-valley,at_large_combined,True,1,,,,,,
2025,boys,800,tri-valley,at_large_standard,False,1,,,,,,
2025,boys,800,tri-valley,automatic,False,4,,,,,,
2025,boys,800,tri-valley,replacement,False,2,,,,,,
2025,boys,DT,bay-shore,automatic,False,6,2,0.3333,2,0.3333,2,0.3333
2025,boys,DT,class-a,automatic,False,3,,,,,,
2025,boys,DT,redwood-empire,at_large_combined,True,1,,,,,,
2025,boys,DT,redwood-empire,automatic,False,6,2,0.3333,1,0.1667,2,0.3333
2025,boys,DT,redwood-empire,next_best_mark,False,1,,,,,,
2025,boys,DT,tri-valley,at_large_combined,True,2,,,,,,
2025,boys,DT,tri-valley,automatic,False,6,4,0.6667,3,0.5,4,0.6667
2025,boys,DT,tri-valley,next_best_mark,False,2,,,,,,
2025,boys,HJ,bay-shore,automatic,False,4,,,,,,
2025,boys,HJ,bay-shore,replacement,False,1,,,,,,
2025,boys,HJ,class-a,automatic,False,2,,,,,,
2025,boys,HJ,redwood-empire,automatic,False,7,2,0.2857,1,0.1429,7,1.0
2025,boys,HJ,tri-valley,at_large_combined,True,7,1,0.1429,1,0.1429,7,1.0
2025,boys,HJ,tri-valley,automatic,False,6,4,0.6667,4,0.6667,6,1.0
2025,boys,HJ,tri-valley,next_best_mark,False,7,1,0.1429,1,0.1429,7,1.0
2025,boys,LJ,bay-shore,automatic,False,5,4,0.8,4,0.8,4,0.8
2025,boys,LJ,class-a,automatic,False,3,,,,,,
2025,boys,LJ,redwood-empire,automatic,False,5,0,0.0,0,0.0,0,0.0
2025,boys,LJ,redwood-empire,replacement,False,1,,,,,,
2025,boys,LJ,tri-valley,at_large_combined,True,3,,,,,,
2025,boys,LJ,tri-valley,automatic,False,6,4,0.6667,2,0.3333,4,0.6667
2025,boys,LJ,tri-valley,next_best_mark,False,3,,,,,,
2025,boys,PV,bay-shore,automatic,False,5,0,0.0,0,0.0,5,1.0
2025,boys,PV,bay-shore,replacement,False,1,,,,,,
2025,boys,PV,class-a,automatic,False,2,,,,,,
2025,boys,PV,redwood-empire,automatic,False,6,3,0.5,2,0.3333,6,1.0
2025,boys,PV,tri-valley,at_large_combined,True,3,,,,,,
2025,boys,PV,tri-valley,automatic,False,6,4,0.6667,4,0.6667,6,1.0
2025,boys,PV,tri-valley,next_best_mark,False,3,,,,,,
2025,boys,SP,bay-shore,automatic,False,6,2,0.3333,0,0.0,2,0.3333
2025,boys,SP,class-a,automatic,False,3,,,,,,
2025,boys,SP,redwood-empire,automatic,False,6,2,0.3333,2,0.3333,2,0.3333
2025,boys,SP,tri-valley,at_large_combined,True,3,,,,,,
2025,boys,SP,tri-valley,automatic,False,6,4,0.6667,3,0.5,4,0.6667
2025,boys,SP,tri-valley,next_best_mark,False,3,,,,,,
2025,boys,TJ,bay-shore,automatic,False,6,3,0.5,2,0.3333,3,0.5
2025,boys,TJ,class-a,automatic,False,3,,,,,,
2025,boys,TJ,redwood-empire,automatic,False,5,0,0.0,0,0.0,0,0.0
2025,boys,TJ,tri-valley,at_large_combined,True,3,,,,,,
2025,boys,TJ,tri-valley,automatic,False,6,4,0.6667,4,0.6667,4,0.6667
2025,boys,TJ,tri-valley,next_best_mark,False,3,,,,,,
2025,boys,group:sprints_hurdles,bay-shore,at_large_combined,True,2,,,,,,
2025,boys,group:sprints_hurdles,bay-shore,at_large_standard,False,1,,,,,,
2025,boys,group:sprints_hurdles,bay-shore,automatic,False,22,12,0.5455,10,0.4545,13,0.5909
2025,boys,group:sprints_hurdles,bay-shore,next_best_mark,False,1,,,,,,
2025,boys,group:sprints_hurdles,bay-shore,replacement,False,1,,,,,,
2025,boys,group:sprints_hurdles,class-a,automatic,False,10,2,0.2,1,0.1,2,0.2
2025,boys,group:sprints_hurdles,class-a,replacement,False,2,,,,,,
2025,boys,group:sprints_hurdles,redwood-empire,at_large_combined,True,3,,,,,,
2025,boys,group:sprints_hurdles,redwood-empire,at_large_standard,False,2,,,,,,
2025,boys,group:sprints_hurdles,redwood-empire,automatic,False,22,4,0.1818,3,0.1364,4,0.1818
2025,boys,group:sprints_hurdles,redwood-empire,next_best_mark,False,1,,,,,,
2025,boys,group:sprints_hurdles,tri-valley,at_large_combined,True,17,1,0.0588,0,0.0,1,0.0588
2025,boys,group:sprints_hurdles,tri-valley,at_large_standard,False,7,0,0.0,0,0.0,0,0.0
2025,boys,group:sprints_hurdles,tri-valley,automatic,False,22,11,0.5,10,0.4545,12,0.5455
2025,boys,group:sprints_hurdles,tri-valley,next_best_mark,False,10,1,0.1,0,0.0,1,0.1
2025,boys,group:sprints_hurdles,tri-valley,replacement,False,1,,,,,,
2025,boys,group:400_800,bay-shore,automatic,False,10,5,0.5,4,0.4,6,0.6
2025,boys,group:400_800,bay-shore,replacement,False,1,,,,,,
2025,boys,group:400_800,class-a,automatic,False,3,,,,,,
2025,boys,group:400_800,class-a,replacement,False,1,,,,,,
2025,boys,group:400_800,class-a,unexplained,False,2,,,,,,
2025,boys,group:400_800,redwood-empire,at_large_combined,True,3,,,,,,
2025,boys,group:400_800,redwood-empire,at_large_standard,False,2,,,,,,
2025,boys,group:400_800,redwood-empire,automatic,False,9,3,0.3333,3,0.3333,4,0.4444
2025,boys,group:400_800,redwood-empire,next_best_mark,False,1,,,,,,
2025,boys,group:400_800,redwood-empire,replacement,False,1,,,,,,
2025,boys,group:400_800,tri-valley,at_large_combined,True,4,,,,,,
2025,boys,group:400_800,tri-valley,at_large_standard,False,1,,,,,,
2025,boys,group:400_800,tri-valley,automatic,False,10,6,0.6,5,0.5,7,0.7
2025,boys,group:400_800,tri-valley,next_best_mark,False,3,,,,,,
2025,boys,group:400_800,tri-valley,replacement,False,2,,,,,,
2025,boys,group:distance,bay-shore,automatic,False,12,3,0.25,3,0.25,8,0.6667
2025,boys,group:distance,class-a,automatic,False,6,4,0.6667,2,0.3333,5,0.8333
2025,boys,group:distance,redwood-empire,at_large_combined,True,1,,,,,,
2025,boys,group:distance,redwood-empire,automatic,False,11,3,0.2727,1,0.0909,10,0.9091
2025,boys,group:distance,redwood-empire,next_best_mark,False,1,,,,,,
2025,boys,group:distance,redwood-empire,replacement,False,1,,,,,,
2025,boys,group:distance,tri-valley,at_large_combined,True,4,,,,,,
2025,boys,group:distance,tri-valley,automatic,False,12,6,0.5,6,0.5,9,0.75
2025,boys,group:distance,tri-valley,next_best_mark,False,4,,,,,,
2025,boys,group:distance,tri-valley,replacement,False,1,,,,,,
2025,boys,group:jumps,bay-shore,automatic,False,20,8,0.4,7,0.35,16,0.8
2025,boys,group:jumps,bay-shore,replacement,False,2,,,,,,
2025,boys,group:jumps,class-a,automatic,False,10,2,0.2,0,0.0,6,0.6
2025,boys,group:jumps,redwood-empire,automatic,False,23,5,0.2174,3,0.1304,13,0.5652
2025,boys,group:jumps,redwood-empire,replacement,False,1,,,,,,
2025,boys,group:jumps,tri-valley,at_large_combined,True,16,3,0.1875,2,0.125,11,0.6875
2025,boys,group:jumps,tri-valley,automatic,False,24,16,0.6667,14,0.5833,20,0.8333
2025,boys,group:jumps,tri-valley,next_best_mark,False,16,3,0.1875,2,0.125,11,0.6875
2025,boys,group:throws,bay-shore,automatic,False,12,4,0.3333,2,0.1667,4,0.3333
2025,boys,group:throws,class-a,automatic,False,6,0,0.0,0,0.0,0,0.0
2025,boys,group:throws,redwood-empire,at_large_combined,True,1,,,,,,
2025,boys,group:throws,redwood-empire,automatic,False,12,4,0.3333,3,0.25,4,0.3333
2025,boys,group:throws,redwood-empire,next_best_mark,False,1,,,,,,
2025,boys,group:throws,tri-valley,at_large_combined,True,5,2,0.4,1,0.2,2,0.4
2025,boys,group:throws,tri-valley,automatic,False,12,8,0.6667,6,0.5,8,0.6667
2025,boys,group:throws,tri-valley,next_best_mark,False,5,2,0.4,1,0.2,2,0.4
2025,boys,group:relays,bay-shore,automatic,False,12,3,0.25,2,0.1667,4,0.3333
2025,boys,group:relays,class-a,automatic,False,5,1,0.2,1,0.2,1,0.2
2025,boys,group:relays,redwood-empire,at_large_combined,True,1,,,,,,
2025,boys,group:relays,redwood-empire,automatic,False,9,4,0.4444,4,0.4444,4,0.4444
2025,boys,group:relays,redwood-empire,next_best_mark,False,1,,,,,,
2025,boys,group:relays,redwood-empire,replacement,False,2,,,,,,
2025,boys,group:relays,tri-valley,at_large_combined,True,5,2,0.4,1,0.2,3,0.6
2025,boys,group:relays,tri-valley,automatic,False,12,6,0.5,4,0.3333,6,0.5
2025,boys,group:relays,tri-valley,next_best_mark,False,5,2,0.4,1,0.2,3,0.6
2025,boys,group:relays,tri-valley,unexplained,False,1,,,,,,
2025,boys,all,bay-shore,at_large_combined,True,2,,,,,,
2025,boys,all,bay-shore,at_large_standard,False,1,,,,,,
2025,boys,all,bay-shore,automatic,False,88,35,0.3977,28,0.3182,51,0.5795
2025,boys,all,bay-shore,next_best_mark,False,1,,,,,,
2025,boys,all,bay-shore,replacement,False,4,,,,,,
2025,boys,all,class-a,automatic,False,40,9,0.225,4,0.1,14,0.35
2025,boys,all,class-a,replacement,False,3,,,,,,
2025,boys,all,class-a,unexplained,False,2,,,,,,
2025,boys,all,redwood-empire,at_large_combined,True,9,0,0.0,0,0.0,2,0.2222
2025,boys,all,redwood-empire,at_large_standard,False,4,,,,,,
2025,boys,all,redwood-empire,automatic,False,86,23,0.2674,17,0.1977,39,0.4535
2025,boys,all,redwood-empire,next_best_mark,False,5,0,0.0,0,0.0,2,0.4
2025,boys,all,redwood-empire,replacement,False,5,0,0.0,0,0.0,0,0.0
2025,boys,all,tri-valley,at_large_combined,True,51,8,0.1569,4,0.0784,21,0.4118
2025,boys,all,tri-valley,at_large_standard,False,8,0,0.0,0,0.0,1,0.125
2025,boys,all,tri-valley,automatic,False,92,53,0.5761,45,0.4891,62,0.6739
2025,boys,all,tri-valley,next_best_mark,False,43,8,0.186,4,0.093,20,0.4651
2025,boys,all,tri-valley,replacement,False,4,,,,,,
2025,boys,all,tri-valley,unexplained,False,1,,,,,,
2025,all,100,bay-shore,at_large_combined,True,1,,,,,,
2025,all,100,bay-shore,at_large_standard,False,1,,,,,,
2025,all,100,bay-shore,automatic,False,12,7,0.5833,5,0.4167,7,0.5833
2025,all,100,class-a,automatic,False,6,0,0.0,0,0.0,0,0.0
2025,all,100,redwood-empire,at_large_combined,True,2,,,,,,
2025,all,100,redwood-empire,at_large_standard,False,2,,,,,,
2025,all,100,redwood-empire,automatic,False,10,4,0.4,3,0.3,4,0.4
2025,all,100,redwood-empire,replacement,False,1,,,,,,
2025,all,100,tri-valley,at_large_combined,True,11,0,0.0,0,0.0,0,0.0
2025,all,100,tri-valley,at_large_standard,False,6,0,0.0,0,0.0,0,0.0
2025,all,100,tri-valley,automatic,False,11,5,0.4545,4,0.3636,5,0.4545
2025,all,100,tri-valley,next_best_mark,False,5,0,0.0,0,0.0,0,0.0
2025,all,100H,bay-shore,automatic,False,6,2,0.3333,1,0.1667,2,0.3333
2025,all,100H,class-a,at_large_combined,True,2,,,,,,
2025,all,100H,class-a,automatic,False,2,,,,,,
2025,all,100H,class-a,next_best_mark,False,2,,,,,,
2025,all,100H,redwood-empire,at_large_combined,True,1,,,,,,
2025,all,100H,redwood-empire,automatic,False,5,0,0.0,0,0.0,0,0.0
2025,all,100H,redwood-empire,next_best_mark,False,1,,,,,,
2025,all,100H,redwood-empire,replacement,False,1,,,,,,
2025,all,100H,tri-valley,automatic,False,6,5,0.8333,4,0.6667,5,0.8333
2025,all,110H,bay-shore,automatic,False,6,1,0.1667,1,0.1667,2,0.3333
2025,all,110H,class-a,automatic,False,2,,,,,,
2025,all,110H,class-a,replacement,False,1,,,,,,
2025,all,110H,redwood-empire,automatic,False,6,1,0.1667,1,0.1667,1,0.1667
2025,all,110H,tri-valley,at_large_combined,True,3,,,,,,
2025,all,110H,tri-valley,automatic,False,6,5,0.8333,4,0.6667,5,0.8333
2025,all,110H,tri-valley,next_best_mark,False,3,,,,,,
2025,all,1600,bay-shore,automatic,False,9,1,0.1111,1,0.1111,2,0.2222
2025,all,1600,bay-shore,replacement,False,2,,,,,,
2025,all,1600,bay-shore,unexplained,False,1,,,,,,
2025,all,1600,class-a,automatic,False,6,4,0.6667,3,0.5,4,0.6667
2025,all,1600,redwood-empire,at_large_combined,True,4,,,,,,
2025,all,1600,redwood-empire,at_large_standard,False,1,,,,,,
2025,all,1600,redwood-empire,automatic,False,11,7,0.6364,5,0.4545,10,0.9091
2025,all,1600,redwood-empire,next_best_mark,False,3,,,,,,
2025,all,1600,redwood-empire,replacement,False,1,,,,,,
2025,all,1600,tri-valley,at_large_combined,True,5,0,0.0,0,0.0,0,0.0
2025,all,1600,tri-valley,at_large_standard,False,3,,,,,,
2025,all,1600,tri-valley,automatic,False,8,4,0.5,3,0.375,5,0.625
2025,all,1600,tri-valley,next_best_mark,False,2,,,,,,
2025,all,1600,tri-valley,replacement,False,1,,,,,,
2025,all,200,bay-shore,at_large_combined,True,1,,,,,,
2025,all,200,bay-shore,automatic,False,11,7,0.6364,5,0.4545,7,0.6364
2025,all,200,bay-shore,next_best_mark,False,1,,,,,,
2025,all,200,bay-shore,unexplained,False,1,,,,,,
2025,all,200,class-a,at_large_combined,True,1,,,,,,
2025,all,200,class-a,at_large_standard,False,1,,,,,,
2025,all,200,class-a,automatic,False,5,0,0.0,0,0.0,0,0.0
2025,all,200,class-a,replacement,False,1,,,,,,
2025,all,200,redwood-empire,at_large_combined,True,1,,,,,,
2025,all,200,redwood-empire,automatic,False,9,1,0.1111,1,0.1111,1,0.1111
2025,all,200,redwood-empire,next_best_mark,False,1,,,,,,
2025,all,200,redwood-empire,replacement,False,2,,,,,,
2025,all,200,tri-valley,at_large_combined,True,6,0,0.0,0,0.0,0,0.0
2025,all,200,tri-valley,at_large_standard,False,3,,,,,,
2025,all,200,tri-valley,automatic,False,11,7,0.6364,6,0.5455,8,0.7273
2025,all,200,tri-valley,next_best_mark,False,3,,,,,,
2025,all,200,tri-valley,replacement,False,1,,,,,,
2025,all,300H,bay-shore,automatic,False,10,2,0.2,2,0.2,2,0.2
2025,all,300H,bay-shore,replacement,False,1,,,,,,
2025,all,300H,class-a,automatic,False,6,3,0.5,2,0.3333,4,0.6667
2025,all,300H,redwood-empire,automatic,False,12,2,0.1667,2,0.1667,2,0.1667
2025,all,300H,tri-valley,at_large_combined,True,9,1,0.1111,0,0.0,1,0.1111
2025,all,300H,tri-valley,at_large_standard,False,3,,,,,,
2025,all,300H,tri-valley,automatic,False,12,7,0.5833,6,0.5,7,0.5833
2025,all,300H,tri-valley,next_best_mark,False,6,1,0.1667,0,0.0,1,0.1667
2025,all,3200,bay-shore,automatic,False,12,3,0.25,2,0.1667,12,1.0
2025,all,3200,class-a,automatic,False,6,3,0.5,1,0.1667,6,1.0
2025,all,3200,redwood-empire,at_large_combined,True,2,,,,,,
2025,all,3200,redwood-empire,automatic,False,12,5,0.4167,4,0.3333,12,1.0
2025,all,3200,redwood-empire,next_best_mark,False,2,,,,,,
2025,all,3200,tri-valley,at_large_combined,True,4,,,,,,
2025,all,3200,tri-valley,automatic,False,11,5,0.4545,5,0.4545,11,1.0
2025,all,3200,tri-valley,next_best_mark,False,4,,,,,,
2025,all,400,bay-shore,automatic,False,11,3,0.2727,3,0.2727,4,0.3636
2025,all,400,bay-shore,replacement,False,1,,,,,,
2025,all,400,class-a,at_large_combined,True,1,,,,,,
2025,all,400,class-a,at_large_standard,False,1,,,,,,
2025,all,400,class-a,automatic,False,5,0,0.0,0,0.0,0,0.0
2025,all,400,redwood-empire,automatic,False,10,3,0.3,2,0.2,3,0.3
2025,all,400,redwood-empire,replacement,False,2,,,,,,
2025,all,400,tri-valley,at_large_combined,True,7,0,0.0,0,0.0,0,0.0
2025,all,400,tri-valley,at_large_standard,False,2,,,,,,
2025,all,400,tri-valley,automatic,False,11,8,0.7273,7,0.6364,8,0.7273
2025,all,400,tri-valley,next_best_mark,False,5,0,0.0,0,0.0,0,0.0
2025,all,4x100,bay-shore,at_large_combined,True,1,,,,,,
2025,all,4x100,bay-shore,automatic,False,12,5,0.4167,4,0.3333,5,0.4167
2025,all,4x100,bay-shore,next_best_mark,False,1,,,,,,
2025,all,4x100,class-a,automatic,False,5,0,0.0,0,0.0,0,0.0
2025,all,4x100,class-a,replacement,False,1,,,,,,
2025,all,4x100,redwood-empire,at_large_combined,True,1,,,,,,
2025,all,4x100,redwood-empire,automatic,False,11,3,0.2727,3,0.2727,3,0.2727
2025,all,4x100,redwood-empire,next_best_mark,False,1,,,,,,
2025,all,4x100,tri-valley,at_large_combined,True,4,,,,,,
2025,all,4x100,tri-valley,automatic,False,12,7,0.5833,5,0.4167,7,0.5833
2025,all,4x100,tri-valley,next_best_mark,False,4,,,,,,
2025,all,4x100,tri-valley,unexplained,False,1,,,,,,
2025,all,4x400,bay-shore,automatic,False,11,2,0.1818,1,0.0909,3,0.2727
2025,all,4x400,bay-shore,replacement,False,1,,,,,,
2025,all,4x400,class-a,at_large_combined,True,1,,,,,,
2025,all,4x400,class-a,automatic,False,5,1,0.2,1,0.2,1,0.2
2025,all,4x400,class-a,next_best_mark,False,1,,,,,,
2025,all,4x400,redwood-empire,automatic,False,10,3,0.3,2,0.2,3,0.3
2025,all,4x400,redwood-empire,replacement,False,2,,,,,,
2025,all,4x400,tri-valley,at_large_combined,True,5,1,0.2,1,0.2,2,0.4
2025,all,4x400,tri-valley,automatic,False,12,8,0.6667,7,0.5833,9,0.75
2025,all,4x400,tri-valley,next_best_mark,False,5,1,0.2,1,0.2,2,0.4
2025,all,800,bay-shore,automatic,False,11,4,0.3636,3,0.2727,4,0.3636
2025,all,800,class-a,at_large_combined,True,2,,,,,,
2025,all,800,class-a,at_large_standard,False,1,,,,,,
2025,all,800,class-a,automatic,False,3,,,,,,
2025,all,800,class-a,next_best_mark,False,1,,,,,,
2025,all,800,class-a,replacement,False,1,,,,,,
2025,all,800,class-a,unexplained,False,2,,,,,,
2025,all,800,redwood-empire,at_large_combined,True,3,,,,,,
2025,all,800,redwood-empire,at_large_standard,False,2,,,,,,
2025,all,800,redwood-empire,automatic,False,10,2,0.2,2,0.2,5,0.5
2025,all,800,redwood-empire,next_best_mark,False,1,,,,,,
2025,all,800,tri-valley,at_large_combined,True,3,,,,,,
2025,all,800,tri-valley,at_large_standard,False,2,,,,,,
2025,all,800,tri-valley,automatic,False,9,6,0.6667,4,0.4444,7,0.7778
2025,all,800,tri-valley,next_best_mark,False,1,,,,,,
2025,all,800,tri-valley,replacement,False,2,,,,,,
2025,all,DT,bay-shore,automatic,False,12,3,0.25,2,0.1667,3,0.25
2025,all,DT,class-a,automatic,False,6,1,0.1667,1,0.1667,1,0.1667
2025,all,DT,redwood-empire,at_large_combined,True,3,,,,,,
2025,all,DT,redwood-empire,automatic,False,12,5,0.4167,3,0.25,5,0.4167
2025,all,DT,redwood-empire,next_best_mark,False,3,,,,,,
2025,all,DT,tri-valley,at_large_combined,True,3,,,,,,
2025,all,DT,tri-valley,automatic,False,12,8,0.6667,6,0.5,8,0.6667
2025,all,DT,tri-valley,next_best_mark,False,3,,,,,,
2025,all,HJ,bay-shore,automatic,False,7,1,0.1429,1,0.1429,7,1.0
2025,all,HJ,bay-shore,replacement,False,3,,,,,,
2025,all,HJ,class-a,at_large_combined,True,1,,,,,,
2025,all,HJ,class-a,automatic,False,4,,,,,,
2025,all,HJ,class-a,next_best_mark,False,1,,,,,,
2025,all,HJ,redwood-empire,automatic,False,12,4,0.3333,2,0.1667,12,1.0
2025,all,HJ,redwood-empire,replacement,False,1,,,,,,
2025,all,HJ,tri-valley,at_large_combined,True,10,2,0.2,1,0.1,10,1.0
2025,all,HJ,tri-valley,automatic,False,12,9,0.75,9,0.75,12,1.0
2025,all,HJ,tri-valley,next_best_mark,False,10,2,0.2,1,0.1,10,1.0
2025,all,LJ,bay-shore,at_large_combined,True,1,,,,,,
2025,all,LJ,bay-shore,automatic,False,11,7,0.6364,6,0.5455,7,0.6364
2025,all,LJ,bay-shore,next_best_mark,False,1,,,,,,
2025,all,LJ,class-a,automatic,False,4,,,,,,
2025,all,LJ,class-a,replacement,False,1,,,,,,
2025,all,LJ,redwood-empire,automatic,False,10,1,0.1,1,0.1,1,0.1
2025,all,LJ,redwood-empire,replacement,False,1,,,,,,
2025,all,LJ,tri-valley,at_large_combined,True,4,,,,,,
2025,all,LJ,tri-valley,automatic,False,10,8,0.8,5,0.5,8,0.8
2025,all,LJ,tri-valley,next_best_mark,False,4,,,,,,
2025,all,LJ,tri-valley,replacement,False,1,,,,,,
2025,all,PV,bay-shore,automatic,False,11,2,0.1818,1,0.0909,11,1.0
2025,all,PV,bay-shore,replacement,False,1,,,,,,
2025,all,PV,class-a,automatic,False,5,1,0.2,1,0.2,5,1.0
2025,all,PV,redwood-empire,at_large_combined,True,1,,,,,,
2025,all,PV,redwood-empire,automatic,False,13,5,0.3846,4,0.3077,13,1.0
2025,all,PV,redwood-empire,next_best_mark,False,1,,,,,,
2025,all,PV,tri-valley,at_large_combined,True,4,,,,,,
2025,all,PV,tri-valley,automatic,False,12,7,0.5833,6,0.5,12,1.0
2025,all,PV,tri-valley,next_best_mark,False,4,,,,,,
2025,all,SP,bay-shore,automatic,False,12,2,0.1667,0,0.0,2,0.1667
2025,all,SP,class-a,automatic,False,6,1,0.1667,1,0.1667,1,0.1667
2025,all,SP,redwood-empire,at_large_combined,True,1,,,,,,
2025,all,SP,redwood-empire,automatic,False,12,6,0.5,4,0.3333,6,0.5
2025,all,SP,redwood-empire,next_best_mark,False,1,,,,,,
2025,all,SP,tri-valley,at_large_combined,True,5,1,0.2,1,0.2,1,0.2
2025,all,SP,tri-valley,automatic,False,12,8,0.6667,6,0.5,8,0.6667
2025,all,SP,tri-valley,next_best_mark,False,5,1,0.2,1,0.2,1,0.2
2025,all,TJ,bay-shore,at_large_combined,True,1,,,,,,
2025,all,TJ,bay-shore,automatic,False,12,8,0.6667,6,0.5,8,0.6667
2025,all,TJ,bay-shore,next_best_mark,False,1,,,,,,
2025,all,TJ,class-a,automatic,False,5,2,0.4,0,0.0,2,0.4
2025,all,TJ,class-a,unexplained,False,1,,,,,,
2025,all,TJ,redwood-empire,automatic,False,11,2,0.1818,1,0.0909,2,0.1818
2025,all,TJ,tri-valley,at_large_combined,True,5,0,0.0,0,0.0,0,0.0
2025,all,TJ,tri-valley,automatic,False,12,6,0.5,5,0.4167,6,0.5
2025,all,TJ,tri-valley,next_best_mark,False,5,0,0.0,0,0.0,0,0.0
2025,all,group:sprints_hurdles,bay-shore,at_large_combined,True,2,,,,,,
2025,all,group:sprints_hurdles,bay-shore,at_large_standard,False,1,,,,,,
2025,all,group:sprints_hurdles,bay-shore,automatic,False,45,19,0.4222,14,0.3111,20,0.4444
2025,all,group:sprints_hurdles,bay-shore,next_best_mark,False,1,,,,,,
2025,all,group:sprints_hurdles,bay-shore,replacement,False,1,,,,,,
2025,all,group:sprints_hurdles,bay-shore,unexplained,False,1,,,,,,
2025,all,group:sprints_hurdles,class-a,at_large_combined,True,3,,,,,,
2025,all,group:sprints_hurdles,class-a,at_large_standard,False,1,,,,,,
2025,all,group:sprints_hurdles,class-a,automatic,False,21,4,0.1905,3,0.1429,5,0.2381
2025,all,group:sprints_hurdles,class-a,next_best_mark,False,2,,,,,,
2025,all,group:sprints_hurdles,class-a,replacement,False,2,,,,,,
2025,all,group:sprints_hurdles,redwood-empire,at_large_combined,True,4,,,,,,
2025,all,group:sprints_hurdles,redwood-empire,at_large_standard,False,2,,,,,,
2025,all,group:sprints_hurdles,redwood-empire,automatic,False,42,8,0.1905,7,0.1667,8,0.1905
2025,all,group:sprints_hurdles,redwood-empire,next_best_mark,False,2,,,,,,
2025,all,group:sprints_hurdles,redwood-empire,replacement,False,4,,,,,,
2025,all,group:sprints_hurdles,tri-valley,at_large_combined,True,29,1,0.0345,0,0.0,1,0.0345
2025,all,group:sprints_hurdles,tri-valley,at_large_standard,False,12,0,0.0,0,0.0,0,0.0
2025,all,group:sprints_hurdles,tri-valley,automatic,False,46,29,0.6304,24,0.5217,30,0.6522
2025,all,group:sprints_hurdles,tri-valley,next_best_mark,False,17,1,0.0588,0,0.0,1,0.0588
2025,all,group:sprints_hurdles,tri-valley,replacement,False,1,,,,,,
2025,all,group:400_800,bay-shore,automatic,False,22,7,0.3182,6,0.2727,8,0.3636
2025,all,group:400_800,bay-shore,replacement,False,1,,,,,,
2025,all,group:400_800,class-a,at_large_combined,True,3,,,,,,
2025,all,group:400_800,class-a,at_large_standard,False,2,,,,,,
2025,all,group:400_800,class-a,automatic,False,8,3,0.375,3,0.375,3,0.375
2025,all,group:400_800,class-a,next_best_mark,False,1,,,,,,
2025,all,group:400_800,class-a,replacement,False,1,,,,,,
2025,all,group:400_800,class-a,unexplained,False,2,,,,,,
2025,all,group:400_800,redwood-empire,at_large_combined,True,3,,,,,,
2025,all,group:400_800,redwood-empire,at_large_standard,False,2,,,,,,
2025,all,group:400_800,redwood-empire,automatic,False,20,5,0.25,4,0.2,8,0.4
2025,all,group:400_800,redwood-empire,next_best_mark,False,1,,,,,,
2025,all,group:400_800,redwood-empire,replacement,False,2,,,,,,
2025,all,group:400_800,tri-valley,at_large_combined,True,10,1,0.1,0,0.0,3,0.3
2025,all,group:400_800,tri-valley,at_large_standard,False,4,,,,,,
2025,all,group:400_800,tri-valley,automatic,False,20,14,0.7,11,0.55,15,0.75
2025,all,group:400_800,tri-valley,next_best_mark,False,6,1,0.1667,0,0.0,1,0.1667
2025,all,group:400_800,tri-valley,replacement,False,2,,,,,,
2025,all,group:distance,bay-shore,automatic,False,21,4,0.1905,3,0.1429,14,0.6667
2025,all,group:distance,bay-shore,replacement,False,2,,,,,,
2025,all,group:distance,bay-shore,unexplained,False,1,,,,,,
2025,all,group:distance,class-a,automatic,False,12,7,0.5833,4,0.3333,10,0.8333
2025,all,group:distance,redwood-empire,at_large_combined,True,6,0,0.0,0,0.0,5,0.8333
2025,all,group:distance,redwood-empire,at_large_standard,False,1,,,,,,
2025,all,group:distance,redwood-empire,automatic,False,23,12,0.5217,9,0.3913,22,0.9565
2025,all,group:distance,redwood-empire,next_best_mark,False,5,0,0.0,0,0.0,5,1.0
2025,all,group:distance,redwood-empire,replacement,False,1,,,,,,
2025,all,group:distance,tri-valley,at_large_combined,True,9,0,0.0,0,0.0,4,0.4444
2025,all,group:distance,tri-valley,at_large_standard,False,3,,,,,,
2025,all,group:distance,tri-valley,automatic,False,19,9,0.4737,8,0.4211,16,0.8421
2025,all,group:distance,tri-valley,next_best_mark,False,6,0,0.0,0,0.0,4,0.6667
2025,all,group:distance,tri-valley,replacement,False,1,,,,,,
2025,all,group:jumps,bay-shore,at_large_combined,True,2,,,,,,
2025,all,group:jumps,bay-shore,automatic,False,41,18,0.439,14,0.3415,33,0.8049
2025,all,group:jumps,bay-shore,next_best_mark,False,2,,,,,,
2025,all,group:jumps,bay-shore,replacement,False,4,,,,,,
2025,all,group:jumps,class-a,at_large_combined,True,1,,,,,,
2025,all,group:jumps,class-a,automatic,False,18,3,0.1667,1,0.0556,11,0.6111
2025,all,group:jumps,class-a,next_best_mark,False,1,,,,,,
2025,all,group:jumps,class-a,replacement,False,1,,,,,,
2025,all,group:jumps,class-a,unexplained,False,1,,,,,,
2025,all,group:jumps,redwood-empire,at_large_combined,True,1,,,,,,
2025,all,group:jumps,redwood-empire,automatic,False,46,12,0.2609,8,0.1739,28,0.6087
2025,all,group:jumps,redwood-empire,next_best_mark,False,1,,,,,,
2025,all,group:jumps,redwood-empire,replacement,False,2,,,,,,
2025,all,group:jumps,tri-valley,at_large_combined,True,23,4,0.1739,2,0.087,15,0.6522
2025,all,group:jumps,tri-valley,automatic,False,46,30,0.6522,25,0.5435,38,0.8261
2025,all,group:jumps,tri-valley,next_best_mark,False,23,4,0.1739,2,0.087,15,0.6522
2025,all,group:jumps,tri-valley,replacement,False,1,,,,,,
2025,all,group:throws,bay-shore,automatic,False,24,5,0.2083,2,0.0833,5,0.2083
2025,all,group:throws,class-a,automatic,False,12,2,0.1667,2,0.1667,2,0.1667
2025,all,group:throws,redwood-empire,at_large_combined,True,4,,,,,,
2025,all,group:throws,redwood-empire,automatic,False,24,11,0.4583,7,0.2917,11,0.4583
2025,all,group:throws,redwood-empire,next_best_mark,False,4,,,,,,
2025,all,group:throws,tri-valley,at_large_combined,True,8,2,0.25,1,0.125,2,0.25
2025,all,group:throws,tri-valley,automatic,False,24,16,0.6667,12,0.5,16,0.6667
2025,all,group:throws,tri-valley,next_best_mark,False,8,2,0.25,1,0.125,2,0.25
2025,all,group:relays,bay-shore,at_large_combined,True,1,,,,,,
2025,all,group:relays,bay-shore,automatic,False,23,7,0.3043,5,0.2174,8,0.3478
2025,all,group:relays,bay-shore,next_best_mark,False,1,,,,,,
2025,all,group:relays,bay-shore,replacement,False,1,,,,,,
2025,all,group:relays,class-a,at_large_combined,True,1,,,,,,
2025,all,group:relays,class-a,automatic,False,10,1,0.1,1,0.1,1,0.1
2025,all,group:relays,class-a,next_best_mark,False,1,,,,,,
2025,all,group:relays,class-a,replacement,False,1,,,,,,
2025,all,group:relays,redwood-empire,at_large_combined,True,1,,,,,,
2025,all,group:relays,redwood-empire,automatic,False,21,6,0.2857,5,0.2381,6,0.2857
2025,all,group:relays,redwood-empire,next_best_mark,False,1,,,,,,
2025,all,group:relays,redwood-empire,replacement,False,2,,,,,,
2025,all,group:relays,tri-valley,at_large_combined,True,9,2,0.2222,1,0.1111,3,0.3333
2025,all,group:relays,tri-valley,automatic,False,24,15,0.625,12,0.5,16,0.6667
2025,all,group:relays,tri-valley,next_best_mark,False,9,2,0.2222,1,0.1111,3,0.3333
2025,all,group:relays,tri-valley,unexplained,False,1,,,,,,
2025,all,all,bay-shore,at_large_combined,True,5,1,0.2,0,0.0,1,0.2
2025,all,all,bay-shore,at_large_standard,False,1,,,,,,
2025,all,all,bay-shore,automatic,False,176,60,0.3409,44,0.25,88,0.5
2025,all,all,bay-shore,next_best_mark,False,4,,,,,,
2025,all,all,bay-shore,replacement,False,9,0,0.0,0,0.0,4,0.4444
2025,all,all,bay-shore,unexplained,False,2,,,,,,
2025,all,all,class-a,at_large_combined,True,8,0,0.0,0,0.0,2,0.25
2025,all,all,class-a,at_large_standard,False,3,,,,,,
2025,all,all,class-a,automatic,False,81,20,0.2469,14,0.1728,32,0.3951
2025,all,all,class-a,next_best_mark,False,5,0,0.0,0,0.0,1,0.2
2025,all,all,class-a,replacement,False,5,0,0.0,0,0.0,0,0.0
2025,all,all,class-a,unexplained,False,3,,,,,,
2025,all,all,redwood-empire,at_large_combined,True,19,0,0.0,0,0.0,7,0.3684
2025,all,all,redwood-empire,at_large_standard,False,5,0,0.0,0,0.0,0,0.0
2025,all,all,redwood-empire,automatic,False,176,54,0.3068,40,0.2273,83,0.4716
2025,all,all,redwood-empire,next_best_mark,False,14,0,0.0,0,0.0,7,0.5
2025,all,all,redwood-empire,replacement,False,11,0,0.0,0,0.0,1,0.0909
2025,all,all,tri-valley,at_large_combined,True,88,10,0.1136,4,0.0455,28,0.3182
2025,all,all,tri-valley,at_large_standard,False,19,0,0.0,0,0.0,2,0.1053
2025,all,all,tri-valley,automatic,False,179,113,0.6313,92,0.514,131,0.7318
2025,all,all,tri-valley,next_best_mark,False,69,10,0.1449,4,0.058,26,0.3768
2025,all,all,tri-valley,replacement,False,5,0,0.0,0,0.0,0,0.0
2025,all,all,tri-valley,unexplained,False,1,,,,,,
2026,girls,100,bay-shore,at_large_combined,True,2,,,,,,
2026,girls,100,bay-shore,automatic,False,6,4,0.6667,4,0.6667,5,0.8333
2026,girls,100,bay-shore,next_best_mark,False,2,,,,,,
2026,girls,100,class-a,automatic,False,1,,,,,,
2026,girls,100,class-a,replacement,False,1,,,,,,
2026,girls,100,redwood-empire,automatic,False,5,0,0.0,0,0.0,0,0.0
2026,girls,100,redwood-empire,unexplained,False,1,,,,,,
2026,girls,100,tri-valley,at_large_combined,True,1,,,,,,
2026,girls,100,tri-valley,automatic,False,6,3,0.5,2,0.3333,3,0.5
2026,girls,100,tri-valley,next_best_mark,False,1,,,,,,
2026,girls,100H,bay-shore,automatic,False,6,1,0.1667,1,0.1667,1,0.1667
2026,girls,100H,class-a,automatic,False,3,,,,,,
2026,girls,100H,redwood-empire,automatic,False,6,1,0.1667,1,0.1667,1,0.1667
2026,girls,100H,tri-valley,at_large_combined,True,2,,,,,,
2026,girls,100H,tri-valley,automatic,False,5,4,0.8,2,0.4,4,0.8
2026,girls,100H,tri-valley,next_best_mark,False,2,,,,,,
2026,girls,100H,tri-valley,replacement,False,2,,,,,,
2026,girls,1600,bay-shore,automatic,False,6,1,0.1667,1,0.1667,1,0.1667
2026,girls,1600,class-a,at_large_combined,True,2,,,,,,
2026,girls,1600,class-a,at_large_standard,False,1,,,,,,
2026,girls,1600,class-a,automatic,False,2,,,,,,
2026,girls,1600,class-a,next_best_mark,False,1,,,,,,
2026,girls,1600,redwood-empire,at_large_combined,True,2,,,,,,
2026,girls,1600,redwood-empire,automatic,False,6,3,0.5,2,0.3333,5,0.8333
2026,girls,1600,redwood-empire,next_best_mark,False,2,,,,,,
2026,girls,1600,tri-valley,at_large_combined,True,6,0,0.0,0,0.0,0,0.0
2026,girls,1600,tri-valley,at_large_standard,False,6,0,0.0,0,0.0,0,0.0
2026,girls,1600,tri-valley,automatic,False,6,1,0.1667,1,0.1667,3,0.5
2026,girls,200,bay-shore,at_large_combined,True,1,,,,,,
2026,girls,200,bay-shore,automatic,False,6,4,0.6667,4,0.6667,4,0.6667
2026,girls,200,bay-shore,next_best_mark,False,1,,,,,,
2026,girls,200,bay-shore,unexplained,False,1,,,,,,
2026,girls,200,class-a,automatic,False,2,,,,,,
2026,girls,200,class-a,replacement,False,1,,,,,,
2026,girls,200,redwood-empire,automatic,False,3,,,,,,
2026,girls,200,redwood-empire,replacement,False,1,,,,,,
2026,girls,200,redwood-empire,unexplained,False,1,,,,,,
2026,girls,200,tri-valley,at_large_combined,True,1,,,,,,
2026,girls,200,tri-valley,automatic,False,5,2,0.4,2,0.4,3,0.6
2026,girls,200,tri-valley,next_best_mark,False,1,,,,,,
2026,girls,200,tri-valley,replacement,False,1,,,,,,
2026,girls,300H,bay-shore,automatic,False,6,1,0.1667,1,0.1667,1,0.1667
2026,girls,300H,class-a,automatic,False,3,,,,,,
2026,girls,300H,redwood-empire,automatic,False,6,1,0.1667,1,0.1667,1,0.1667
2026,girls,300H,tri-valley,at_large_combined,True,6,1,0.1667,0,0.0,1,0.1667
2026,girls,300H,tri-valley,at_large_standard,False,3,,,,,,
2026,girls,300H,tri-valley,automatic,False,6,5,0.8333,4,0.6667,5,0.8333
2026,girls,300H,tri-valley,next_best_mark,False,3,,,,,,
2026,girls,3200,bay-shore,automatic,False,6,2,0.3333,2,0.3333,6,1.0
2026,girls,3200,class-a,automatic,False,2,,,,,,
2026,girls,3200,class-a,unexplained,False,1,,,,,,
2026,girls,3200,redwood-empire,automatic,False,5,2,0.4,0,0.0,5,1.0
2026,girls,3200,redwood-empire,replacement,False,1,,,,,,
2026,girls,3200,tri-valley,at_large_combined,True,3,,,,,,
2026,girls,3200,tri-valley,automatic,False,5,3,0.6,3,0.6,5,1.0
2026,girls,3200,tri-valley,next_best_mark,False,3,,,,,,
2026,girls,400,bay-shore,automatic,False,6,2,0.3333,1,0.1667,2,0.3333
2026,girls,400,class-a,automatic,False,3,,,,,,
2026,girls,400,redwood-empire,automatic,False,5,2,0.4,2,0.4,2,0.4
2026,girls,400,tri-valley,at_large_combined,True,3,,,,,,
2026,girls,400,tri-valley,automatic,False,5,3,0.6,3,0.6,3,0.6
2026,girls,400,tri-valley,next_best_mark,False,3,,,,,,
2026,girls,400,tri-valley,replacement,False,1,,,,,,
2026,girls,4x100,bay-shore,automatic,False,6,0,0.0,0,0.0,1,0.1667
2026,girls,4x100,class-a,automatic,False,3,,,,,,
2026,girls,4x100,redwood-empire,automatic,False,6,2,0.3333,1,0.1667,2,0.3333
2026,girls,4x100,tri-valley,at_large_combined,True,3,,,,,,
2026,girls,4x100,tri-valley,automatic,False,6,5,0.8333,5,0.8333,5,0.8333
2026,girls,4x100,tri-valley,next_best_mark,False,3,,,,,,
2026,girls,4x400,bay-shore,automatic,False,5,0,0.0,0,0.0,0,0.0
2026,girls,4x400,class-a,automatic,False,2,,,,,,
2026,girls,4x400,class-a,replacement,False,1,,,,,,
2026,girls,4x400,redwood-empire,automatic,False,5,3,0.6,1,0.2,3,0.6
2026,girls,4x400,redwood-empire,unexplained,False,1,,,,,,
2026,girls,4x400,tri-valley,at_large_combined,True,3,,,,,,
2026,girls,4x400,tri-valley,automatic,False,4,,,,,,
2026,girls,4x400,tri-valley,next_best_mark,False,3,,,,,,
2026,girls,4x400,tri-valley,replacement,False,1,,,,,,
2026,girls,800,bay-shore,automatic,False,4,,,,,,
2026,girls,800,bay-shore,replacement,False,1,,,,,,
2026,girls,800,bay-shore,unexplained,False,1,,,,,,
2026,girls,800,class-a,at_large_combined,True,1,,,,,,
2026,girls,800,class-a,automatic,False,2,,,,,,
2026,girls,800,class-a,next_best_mark,False,1,,,,,,
2026,girls,800,redwood-empire,automatic,False,5,1,0.2,1,0.2,3,0.6
2026,girls,800,redwood-empire,unexplained,False,1,,,,,,
2026,girls,800,tri-valley,at_large_combined,True,2,,,,,,
2026,girls,800,tri-valley,at_large_standard,False,1,,,,,,
2026,girls,800,tri-valley,automatic,False,6,5,0.8333,3,0.5,6,1.0
2026,girls,800,tri-valley,next_best_mark,False,1,,,,,,
2026,girls,DT,bay-shore,automatic,False,6,1,0.1667,1,0.1667,1,0.1667
2026,girls,DT,class-a,automatic,False,3,,,,,,
2026,girls,DT,redwood-empire,at_large_combined,True,1,,,,,,
2026,girls,DT,redwood-empire,automatic,False,6,4,0.6667,3,0.5,4,0.6667
2026,girls,DT,redwood-empire,next_best_mark,False,1,,,,,,
2026,girls,DT,tri-valley,at_large_combined,True,1,,,,,,
2026,girls,DT,tri-valley,automatic,False,6,3,0.5,1,0.1667,3,0.5
2026,girls,DT,tri-valley,next_best_mark,False,1,,,,,,
2026,girls,DT,tri-valley,unexplained,False,1,,,,,,
2026,girls,HJ,bay-shore,automatic,False,6,2,0.3333,2,0.3333,6,1.0
2026,girls,HJ,class-a,automatic,False,3,,,,,,
2026,girls,HJ,redwood-empire,at_large_combined,True,3,,,,,,
2026,girls,HJ,redwood-empire,automatic,False,6,3,0.5,3,0.5,6,1.0
2026,girls,HJ,redwood-empire,next_best_mark,False,3,,,,,,
2026,girls,HJ,tri-valley,at_large_combined,True,2,,,,,,
2026,girls,HJ,tri-valley,automatic,False,5,3,0.6,2,0.4,5,1.0
2026,girls,HJ,tri-valley,next_best_mark,False,2,,,,,,
2026,girls,LJ,bay-shore,at_large_combined,True,2,,,,,,
2026,girls,LJ,bay-shore,automatic,False,4,,,,,,
2026,girls,LJ,bay-shore,next_best_mark,False,2,,,,,,
2026,girls,LJ,class-a,automatic,False,3,,,,,,
2026,girls,LJ,redwood-empire,at_large_combined,True,1,,,,,,
2026,girls,LJ,redwood-empire,automatic,False,6,4,0.6667,2,0.3333,4,0.6667
2026,girls,LJ,redwood-empire,next_best_mark,False,1,,,,,,
2026,girls,LJ,tri-valley,automatic,False,5,2,0.4,1,0.2,2,0.4
2026,girls,LJ,tri-valley,replacement,False,1,,,,,,
2026,girls,PV,bay-shore,automatic,False,6,1,0.1667,1,0.1667,6,1.0
2026,girls,PV,class-a,automatic,False,3,,,,,,
2026,girls,PV,redwood-empire,at_large_combined,True,1,,,,,,
2026,girls,PV,redwood-empire,automatic,False,6,2,0.3333,2,0.3333,6,1.0
2026,girls,PV,redwood-empire,next_best_mark,False,1,,,,,,
2026,girls,PV,tri-valley,at_large_combined,True,5,0,0.0,0,0.0,5,1.0
2026,girls,PV,tri-valley,automatic,False,6,5,0.8333,3,0.5,6,1.0
2026,girls,PV,tri-valley,next_best_mark,False,5,0,0.0,0,0.0,5,1.0
2026,girls,SP,bay-shore,at_large_combined,True,2,,,,,,
2026,girls,SP,bay-shore,automatic,False,6,4,0.6667,3,0.5,4,0.6667
2026,girls,SP,bay-shore,next_best_mark,False,2,,,,,,
2026,girls,SP,class-a,automatic,False,3,,,,,,
2026,girls,SP,redwood-empire,automatic,False,5,2,0.4,1,0.2,2,0.4
2026,girls,SP,redwood-empire,unexplained,False,1,,,,,,
2026,girls,SP,tri-valley,at_large_combined,True,1,,,,,,
2026,girls,SP,tri-valley,automatic,False,6,3,0.5,2,0.3333,3,0.5
2026,girls,SP,tri-valley,next_best_mark,False,1,,,,,,
2026,girls,TJ,bay-shore,at_large_combined,True,2,,,,,,
2026,girls,TJ,bay-shore,automatic,False,6,4,0.6667,4,0.6667,4,0.6667
2026,girls,TJ,bay-shore,next_best_mark,False,2,,,,,,
2026,girls,TJ,class-a,automatic,False,3,,,,,,
2026,girls,TJ,redwood-empire,automatic,False,6,1,0.1667,0,0.0,1,0.1667
2026,girls,TJ,tri-valley,automatic,False,6,3,0.5,1,0.1667,3,0.5
2026,girls,TJ,tri-valley,unexplained,False,1,,,,,,
2026,girls,group:sprints_hurdles,bay-shore,at_large_combined,True,3,,,,,,
2026,girls,group:sprints_hurdles,bay-shore,automatic,False,24,10,0.4167,10,0.4167,11,0.4583
2026,girls,group:sprints_hurdles,bay-shore,next_best_mark,False,3,,,,,,
2026,girls,group:sprints_hurdles,bay-shore,unexplained,False,1,,,,,,
2026,girls,group:sprints_hurdles,class-a,automatic,False,9,0,0.0,0,0.0,0,0.0
2026,girls,group:sprints_hurdles,class-a,replacement,False,2,,,,,,
2026,girls,group:sprints_hurdles,redwood-empire,automatic,False,20,3,0.15,2,0.1,3,0.15
2026,girls,group:sprints_hurdles,redwood-empire,replacement,False,1,,,,,,
2026,girls,group:sprints_hurdles,redwood-empire,unexplained,False,2,,,,,,
2026,girls,group:sprints_hurdles,tri-valley,at_large_combined,True,10,3,0.3,2,0.2,3,0.3
2026,girls,group:sprints_hurdles,tri-valley,at_large_standard,False,3,,,,,,
2026,girls,group:sprints_hurdles,tri-valley,automatic,False,22,14,0.6364,10,0.4545,15,0.6818
2026,girls,group:sprints_hurdles,tri-valley,next_best_mark,False,7,3,0.4286,2,0.2857,3,0.4286
2026,girls,group:sprints_hurdles,tri-valley,replacement,False,3,,,,,,
2026,girls,group:400_800,bay-shore,automatic,False,10,2,0.2,1,0.1,2,0.2
2026,girls,group:400_800,bay-shore,replacement,False,1,,,,,,
2026,girls,group:400_800,bay-shore,unexplained,False,1,,,,,,
2026,girls,group:400_800,class-a,at_large_combined,True,1,,,,,,
2026,girls,group:400_800,class-a,automatic,False,5,1,0.2,1,0.2,1,0.2
2026,girls,group:400_800,class-a,next_best_mark,False,1,,,,,,
2026,girls,group:400_800,redwood-empire,automatic,False,10,3,0.3,3,0.3,5,0.5
2026,girls,group:400_800,redwood-empire,unexplained,False,1,,,,,,
2026,girls,group:400_800,tri-valley,at_large_combined,True,5,2,0.4,1,0.2,2,0.4
2026,girls,group:400_800,tri-valley,at_large_standard,False,1,,,,,,
2026,girls,group:400_800,tri-valley,automatic,False,11,8,0.7273,6,0.5455,9,0.8182
2026,girls,group:400_800,tri-valley,next_best_mark,False,4,,,,,,
2026,girls,group:400_800,tri-valley,replacement,False,1,,,,,,
2026,girls,group:distance,bay-shore,automatic,False,12,3,0.25,3,0.25,7,0.5833
2026,girls,group:distance,class-a,at_large_combined,True,2,,,,,,
2026,girls,group:distance,class-a,at_large_standard,False,1,,,,,,
2026,girls,group:distance,class-a,automatic,False,4,,,,,,
2026,girls,group:distance,class-a,next_best_mark,False,1,,,,,,
2026,girls,group:distance,class-a,unexplained,False,1,,,,,,
2026,girls,group:distance,redwood-empire,at_large_combined,True,2,,,,,,
2026,girls,group:distance,redwood-empire,automatic,False,11,5,0.4545,2,0.1818,10,0.9091
2026,girls,group:distance,redwood-empire,next_best_mark,False,2,,,,,,
2026,girls,group:distance,redwood-empire,replacement,False,1,,,,,,
2026,girls,group:distance,tri-valley,at_large_combined,True,9,1,0.1111,1,0.1111,3,0.3333
2026,girls,group:distance,tri-valley,at_large_standard,False,6,0,0.0,0,0.0,0,0.0
2026,girls,group:distance,tri-valley,automatic,False,11,4,0.3636,4,0.3636,8,0.7273
2026,girls,group:distance,tri-valley,next_best_mark,False,3,,,,,,
2026,girls,group:jumps,bay-shore,at_large_combined,True,4,,,,,,
2026,girls,group:jumps,bay-shore,automatic,False,22,10,0.4545,10,0.4545,19,0.8636
2026,girls,group:jumps,bay-shore,next_best_mark,False,4,,,,,,
2026,girls,group:jumps,class-a,automatic,False,12,0,0.0,0,0.0,6,0.5
2026,girls,group:jumps,redwood-empire,at_large_combined,True,5,0,0.0,0,0.0,4,0.8
2026,girls,group:jumps,redwood-empire,automatic,False,24,10,0.4167,7,0.2917,17,0.7083
2026,girls,group:jumps,redwood-empire,next_best_mark,False,5,0,0.0,0,0.0,4,0.8
2026,girls,group:jumps,tri-valley,at_large_combined,True,7,0,0.0,0,0.0,7,1.0
2026,girls,group:jumps,tri-valley,automatic,False,22,13,0.5909,7,0.3182,16,0.7273
2026,girls,group:jumps,tri-valley,next_best_mark,False,7,0,0.0,0,0.0,7,1.0
2026,girls,group:jumps,tri-valley,replacement,False,1,,,,,,
2026,girls,group:jumps,tri-valley,unexplained,False,1,,,,,,
2026,girls,group:throws,bay-shore,at_large_combined,True,2,,,,,,
2026,girls,group:throws,bay-shore,automatic,False,12,5,0.4167,4,0.3333,5,0.4167
2026,girls,group:throws,bay-shore,next_best_mark,False,2,,,,,,
2026,girls,group:throws,class-a,automatic,False,6,1,0.1667,1,0.1667,1,0.1667
2026,girls,group:throws,redwood-empire,at_large_combined,True,1,,,,,,
2026,girls,group:throws,redwood-empire,automatic,False,11,6,0.5455,4,0.3636,6,0.5455
2026,girls,group:throws,redwood-empire,next_best_mark,False,1,,,,,,
2026,girls,group:throws,redwood-empire,unexplained,False,1,,,,,,
2026,girls,group:throws,tri-valley,at_large_combined,True,2,,,,,,
2026,girls,group:throws,tri-valley,automatic,False,12,6,0.5,3,0.25,6,0.5
2026,girls,group:throws,tri-valley,next_best_mark,False,2,,,,,,
2026,girls,group:throws,tri-valley,unexplained,False,1,,,,,,
2026,girls,group:relays,bay-shore,automatic,False,11,0,0.0,0,0.0,1,0.0909
2026,girls,group:relays,class-a,automatic,False,5,0,0.0,0,0.0,0,0.0
2026,girls,group:relays,class-a,replacement,False,1,,,,,,
2026,girls,group:relays,redwood-empire,automatic,False,11,5,0.4545,2,0.1818,5,0.4545
2026,girls,group:relays,redwood-empire,unexplained,False,1,,,,,,
2026,girls,group:relays,tri-valley,at_large_combined,True,6,1,0.1667,1,0.1667,1,0.1667
2026,girls,group:relays,tri-valley,automatic,False,10,8,0.8,8,0.8,8,0.8
2026,girls,group:relays,tri-valley,next_best_mark,False,6,1,0.1667,1,0.1667,1,0.1667
2026,girls,group:relays,tri-valley,replacement,False,1,,,,,,
2026,girls,all,bay-shore,at_large_combined,True,9,0,0.0,0,0.0,0,0.0
2026,girls,all,bay-shore,automatic,False,91,30,0.3297,28,0.3077,45,0.4945
2026,girls,all,bay-shore,next_best_mark,False,9,0,0.0,0,0.0,0,0.0
2026,girls,all,bay-shore,replacement,False,1,,,,,,
2026,girls,all,bay-shore,unexplained,False,2,,,,,,
2026,girls,all,class-a,at_large_combined,True,3,,,,,,
2026,girls,all,class-a,at_large_standard,False,1,,,,,,
2026,girls,all,class-a,automatic,False,41,4,0.0976,3,0.0732,12,0.2927
2026,girls,all,class-a,next_best_mark,False,2,,,,,,
2026,girls,all,class-a,replacement,False,3,,,,,,
2026,girls,all,class-a,unexplained,False,1,,,,,,
2026,girls,all,redwood-empire,at_large_combined,True,8,1,0.125,1,0.125,5,0.625
2026,girls,all,redwood-empire,automatic,False,87,32,0.3678,20,0.2299,46,0.5287
2026,girls,all,redwood-empire,next_best_mark,False,8,1,0.125,1,0.125,5,0.625
2026,girls,all,redwood-empire,replacement,False,2,,,,,,
2026,girls,all,redwood-empire,unexplained,False,5,0,0.0,0,0.0,0,0.0
2026,girls,all,tri-valley,at_large_combined,True,39,7,0.1795,5,0.1282,16,0.4103
2026,girls,all,tri-valley,at_large_standard,False,10,0,0.0,0,0.0,0,0.0
2026,girls,all,tri-valley,automatic,False,88,53,0.6023,38,0.4318,62,0.7045
2026,girls,all,tri-valley,next_best_mark,False,29,7,0.2414,5,0.1724,16,0.5517
2026,girls,all,tri-valley,replacement,False,6,1,0.1667,1,0.1667,1,0.1667
2026,girls,all,tri-valley,unexplained,False,2,,,,,,
2026,boys,100,bay-shore,automatic,False,6,4,0.6667,3,0.5,4,0.6667
2026,boys,100,class-a,automatic,False,3,,,,,,
2026,boys,100,redwood-empire,automatic,False,6,0,0.0,0,0.0,0,0.0
2026,boys,100,tri-valley,at_large_combined,True,3,,,,,,
2026,boys,100,tri-valley,automatic,False,6,4,0.6667,3,0.5,4,0.6667
2026,boys,100,tri-valley,next_best_mark,False,3,,,,,,
2026,boys,110H,bay-shore,automatic,False,6,3,0.5,3,0.5,3,0.5
2026,boys,110H,class-a,automatic,False,2,,,,,,
2026,boys,110H,class-a,replacement,False,1,,,,,,
2026,boys,110H,redwood-empire,automatic,False,5,0,0.0,0,0.0,0,0.0
2026,boys,110H,redwood-empire,replacement,False,1,,,,,,
2026,boys,110H,tri-valley,at_large_combined,True,3,,,,,,
2026,boys,110H,tri-valley,automatic,False,5,4,0.8,3,0.6,5,1.0
2026,boys,110H,tri-valley,next_best_mark,False,3,,,,,,
2026,boys,110H,tri-valley,replacement,False,1,,,,,,
2026,boys,1600,bay-shore,automatic,False,5,0,0.0,0,0.0,1,0.2
2026,boys,1600,bay-shore,replacement,False,1,,,,,,
2026,boys,1600,class-a,automatic,False,2,,,,,,
2026,boys,1600,class-a,replacement,False,1,,,,,,
2026,boys,1600,redwood-empire,at_large_combined,True,4,,,,,,
2026,boys,1600,redwood-empire,at_large_standard,False,2,,,,,,
2026,boys,1600,redwood-empire,automatic,False,3,,,,,,
2026,boys,1600,redwood-empire,next_best_mark,False,2,,,,,,
2026,boys,1600,tri-valley,at_large_combined,True,3,,,,,,
2026,boys,1600,tri-valley,at_large_standard,False,3,,,,,,
2026,boys,1600,tri-valley,automatic,False,6,3,0.5,3,0.5,4,0.6667
2026,boys,200,bay-shore,at_large_combined,True,2,,,,,,
2026,boys,200,bay-shore,at_large_standard,False,2,,,,,,
2026,boys,200,bay-shore,automatic,False,6,2,0.3333,2,0.3333,3,0.5
2026,boys,200,class-a,at_large_combined,True,1,,,,,,
2026,boys,200,class-a,at_large_standard,False,1,,,,,,
2026,boys,200,class-a,automatic,False,3,,,,,,
2026,boys,200,redwood-empire,automatic,False,5,1,0.2,1,0.2,1,0.2
2026,boys,200,redwood-empire,replacement,False,1,,,,,,
2026,boys,200,tri-valley,at_large_combined,True,12,0,0.0,0,0.0,0,0.0
2026,boys,200,tri-valley,at_large_standard,False,9,0,0.0,0,0.0,0,0.0
2026,boys,200,tri-valley,automatic,False,4,,,,,,
2026,boys,200,tri-valley,next_best_mark,False,3,,,,,,
2026,boys,300H,bay-shore,automatic,False,6,1,0.1667,1,0.1667,1,0.1667
2026,boys,300H,class-a,automatic,False,3,,,,,,
2026,boys,300H,redwood-empire,automatic,False,6,1,0.1667,1,0.1667,1,0.1667
2026,boys,300H,tri-valley,at_large_combined,True,4,,,,,,
2026,boys,300H,tri-valley,at_large_standard,False,1,,,,,,
2026,boys,300H,tri-valley,automatic,False,6,4,0.6667,3,0.5,5,0.8333
2026,boys,300H,tri-valley,next_best_mark,False,3,,,,,,
2026,boys,3200,bay-shore,at_large_combined,True,2,,,,,,
2026,boys,3200,bay-shore,automatic,False,6,5,0.8333,4,0.6667,6,1.0
2026,boys,3200,bay-shore,next_best_mark,False,2,,,,,,
2026,boys,3200,class-a,automatic,False,3,,,,,,
2026,boys,3200,redwood-empire,automatic,False,6,1,0.1667,1,0.1667,6,1.0
2026,boys,3200,tri-valley,at_large_combined,True,1,,,,,,
2026,boys,3200,tri-valley,automatic,False,6,1,0.1667,1,0.1667,6,1.0
2026,boys,3200,tri-valley,next_best_mark,False,1,,,,,,
2026,boys,400,bay-shore,automatic,False,6,2,0.3333,2,0.3333,2,0.3333
2026,boys,400,class-a,automatic,False,2,,,,,,
2026,boys,400,redwood-empire,at_large_combined,True,1,,,,,,
2026,boys,400,redwood-empire,at_large_standard,False,1,,,,,,
2026,boys,400,redwood-empire,automatic,False,5,1,0.2,1,0.2,1,0.2
2026,boys,400,tri-valley,at_large_combined,True,3,,,,,,
2026,boys,400,tri-valley,automatic,False,6,5,0.8333,3,0.5,5,0.8333
2026,boys,400,tri-valley,next_best_mark,False,3,,,,,,
2026,boys,4x100,bay-shore,automatic,False,6,1,0.1667,1,0.1667,1,0.1667
2026,boys,4x100,class-a,automatic,False,3,,,,,,
2026,boys,4x100,redwood-empire,automatic,False,6,1,0.1667,1,0.1667,2,0.3333
2026,boys,4x100,tri-valley,at_large_combined,True,3,,,,,,
2026,boys,4x100,tri-valley,automatic,False,6,3,0.5,3,0.5,4,0.6667
2026,boys,4x100,tri-valley,next_best_mark,False,3,,,,,,
2026,boys,4x400,bay-shore,automatic,False,6,1,0.1667,1,0.1667,1,0.1667
2026,boys,4x400,class-a,automatic,False,3,,,,,,
2026,boys,4x400,redwood-empire,automatic,False,5,1,0.2,1,0.2,1,0.2
2026,boys,4x400,redwood-empire,replacement,False,1,,,,,,
2026,boys,4x400,tri-valley,at_large_combined,True,3,,,,,,
2026,boys,4x400,tri-valley,automatic,False,6,4,0.6667,4,0.6667,4,0.6667
2026,boys,4x400,tri-valley,next_best_mark,False,3,,,,,,
2026,boys,800,bay-shore,automatic,False,5,1,0.2,1,0.2,2,0.4
2026,boys,800,bay-shore,replacement,False,1,,,,,,
2026,boys,800,class-a,automatic,False,3,,,,,,
2026,boys,800,redwood-empire,at_large_combined,True,4,,,,,,
2026,boys,800,redwood-empire,at_large_standard,False,3,,,,,,
2026,boys,800,redwood-empire,automatic,False,5,3,0.6,2,0.4,5,1.0
2026,boys,800,redwood-empire,next_best_mark,False,1,,,,,,
2026,boys,800,tri-valley,at_large_combined,True,6,0,0.0,0,0.0,1,0.1667
2026,boys,800,tri-valley,at_large_standard,False,4,,,,,,
2026,boys,800,tri-valley,automatic,False,5,4,0.8,3,0.6,4,0.8
2026,boys,800,tri-valley,next_best_mark,False,2,,,,,,
2026,boys,DT,bay-shore,automatic,False,6,2,0.3333,1,0.1667,2,0.3333
2026,boys,DT,class-a,automatic,False,3,,,,,,
2026,boys,DT,redwood-empire,automatic,False,6,4,0.6667,2,0.3333,4,0.6667
2026,boys,DT,redwood-empire,unexplained,False,1,,,,,,
2026,boys,DT,tri-valley,at_large_combined,True,3,,,,,,
2026,boys,DT,tri-valley,automatic,False,5,3,0.6,3,0.6,3,0.6
2026,boys,DT,tri-valley,next_best_mark,False,3,,,,,,
2026,boys,HJ,bay-shore,automatic,False,6,2,0.3333,2,0.3333,6,1.0
2026,boys,HJ,class-a,automatic,False,2,,,,,,
2026,boys,HJ,redwood-empire,automatic,False,5,3,0.6,2,0.4,5,1.0
2026,boys,HJ,redwood-empire,replacement,False,1,,,,,,
2026,boys,HJ,tri-valley,at_large_combined,True,3,,,,,,
2026,boys,HJ,tri-valley,automatic,False,6,3,0.5,3,0.5,6,1.0
2026,boys,HJ,tri-valley,next_best_mark,False,3,,,,,,
2026,boys,LJ,bay-shore,at_large_combined,True,1,,,,,,
2026,boys,LJ,bay-shore,automatic,False,5,3,0.6,3,0.6,3,0.6
2026,boys,LJ,bay-shore,next_best_mark,False,1,,,,,,
2026,boys,LJ,class-a,automatic,False,2,,,,,,
2026,boys,LJ,class-a,unexplained,False,1,,,,,,
2026,boys,LJ,redwood-empire,automatic,False,5,0,0.0,0,0.0,0,0.0
2026,boys,LJ,redwood-empire,unexplained,False,1,,,,,,
2026,boys,LJ,tri-valley,at_large_combined,True,2,,,,,,
2026,boys,LJ,tri-valley,automatic,False,6,5,0.8333,3,0.5,5,0.8333
2026,boys,LJ,tri-valley,next_best_mark,False,2,,,,,,
2026,boys,LJ,tri-valley,unexplained,False,1,,,,,,
2026,boys,PV,bay-shore,automatic,False,6,0,0.0,0,0.0,6,1.0
2026,boys,PV,class-a,automatic,False,3,,,,,,
2026,boys,PV,redwood-empire,automatic,False,5,2,0.4,2,0.4,5,1.0
2026,boys,PV,redwood-empire,replacement,False,1,,,,,,
2026,boys,PV,tri-valley,at_large_combined,True,4,,,,,,
2026,boys,PV,tri-valley,automatic,False,5,4,0.8,4,0.8,5,1.0
2026,boys,PV,tri-valley,next_best_mark,False,4,,,,,,
2026,boys,SP,bay-shore,automatic,False,6,1,0.1667,0,0.0,1,0.1667
2026,boys,SP,class-a,automatic,False,3,,,,,,
2026,boys,SP,redwood-empire,automatic,False,6,3,0.5,3,0.5,3,0.5
2026,boys,SP,tri-valley,at_large_combined,True,2,,,,,,
2026,boys,SP,tri-valley,automatic,False,6,5,0.8333,3,0.5,5,0.8333
2026,boys,SP,tri-valley,next_best_mark,False,2,,,,,,
2026,boys,TJ,bay-shore,automatic,False,6,3,0.5,1,0.1667,3,0.5
2026,boys,TJ,class-a,automatic,False,2,,,,,,
2026,boys,TJ,class-a,unexplained,False,1,,,,,,
2026,boys,TJ,redwood-empire,at_large_combined,True,1,,,,,,
2026,boys,TJ,redwood-empire,automatic,False,6,3,0.5,2,0.3333,3,0.5
2026,boys,TJ,redwood-empire,next_best_mark,False,1,,,,,,
2026,boys,TJ,tri-valley,at_large_combined,True,1,,,,,,
2026,boys,TJ,tri-valley,automatic,False,6,3,0.5,3,0.5,3,0.5
2026,boys,TJ,tri-valley,next_best_mark,False,1,,,,,,
2026,boys,group:sprints_hurdles,bay-shore,at_large_combined,True,2,,,,,,
2026,boys,group:sprints_hurdles,bay-shore,at_large_standard,False,2,,,,,,
2026,boys,group:sprints_hurdles,bay-shore,automatic,False,24,10,0.4167,9,0.375,11,0.4583
2026,boys,group:sprints_hurdles,class-a,at_large_combined,True,1,,,,,,
2026,boys,group:sprints_hurdles,class-a,at_large_standard,False,1,,,,,,
2026,boys,group:sprints_hurdles,class-a,automatic,False,11,1,0.0909,1,0.0909,1,0.0909
2026,boys,group:sprints_hurdles,class-a,replacement,False,1,,,,,,
2026,boys,group:sprints_hurdles,redwood-empire,automatic,False,22,2,0.0909,2,0.0909,2,0.0909
2026,boys,group:sprints_hurdles,redwood-empire,replacement,False,2,,,,,,
2026,boys,group:sprints_hurdles,tri-valley,at_large_combined,True,22,0,0.0,0,0.0,0,0.0
2026,boys,group:sprints_hurdles,tri-valley,at_large_standard,False,10,0,0.0,0,0.0,0,0.0
2026,boys,group:sprints_hurdles,tri-valley,automatic,False,21,15,0.7143,12,0.5714,18,0.8571
2026,boys,group:sprints_hurdles,tri-valley,next_best_mark,False,12,0,0.0,0,0.0,0,0.0
2026,boys,group:sprints_hurdles,tri-valley,replacement,False,1,,,,,,
2026,boys,group:400_800,bay-shore,automatic,False,11,3,0.2727,3,0.2727,4,0.3636
2026,boys,group:400_800,bay-shore,replacement,False,1,,,,,,
2026,boys,group:400_800,class-a,automatic,False,5,0,0.0,0,0.0,0,0.0
2026,boys,group:400_800,redwood-empire,at_large_combined,True,5,0,0.0,0,0.0,0,0.0
2026,boys,group:400_800,redwood-empire,at_large_standard,False,4,,,,,,
2026,boys,group:400_800,redwood-empire,automatic,False,10,4,0.4,3,0.3,6,0.6
2026,boys,group:400_800,redwood-empire,next_best_mark,False,1,,,,,,
2026,boys,group:400_800,tri-valley,at_large_combined,True,9,0,0.0,0,0.0,1,0.1111
2026,boys,group:400_800,tri-valley,at_large_standard,False,4,,,,,,
2026,boys,group:400_800,tri-valley,automatic,False,11,9,0.8182,6,0.5455,9,0.8182
2026,boys,group:400_800,tri-valley,next_best_mark,False,5,0,0.0,0,0.0,0,0.0
2026,boys,group:distance,bay-shore,at_large_combined,True,2,,,,,,
2026,boys,group:distance,bay-shore,automatic,False,11,5,0.4545,4,0.3636,7,0.6364
2026,boys,group:distance,bay-shore,next_best_mark,False,2,,,,,,
2026,boys,group:distance,bay-shore,replacement,False,1,,,,,,
2026,boys,group:distance,class-a,automatic,False,5,2,0.4,1,0.2,4,0.8
2026,boys,group:distance,class-a,replacement,False,1,,,,,,
2026,boys,group:distance,redwood-empire,at_large_combined,True,4,,,,,,
2026,boys,group:distance,redwood-empire,at_large_standard,False,2,,,,,,
2026,boys,group:distance,redwood-empire,automatic,False,9,3,0.3333,2,0.2222,9,1.0
2026,boys,group:distance,redwood-empire,next_best_mark,False,2,,,,,,
2026,boys,group:distance,tri-valley,at_large_combined,True,4,,,,,,
2026,boys,group:distance,tri-valley,at_large_standard,False,3,,,,,,
2026,boys,group:distance,tri-valley,automatic,False,12,4,0.3333,4,0.3333,10,0.8333
2026,boys,group:distance,tri-valley,next_best_mark,False,1,,,,,,
2026,boys,group:jumps,bay-shore,at_large_combined,True,1,,,,,,
2026,boys,group:jumps,bay-shore,automatic,False,23,8,0.3478,6,0.2609,18,0.7826
2026,boys,group:jumps,bay-shore,next_best_mark,False,1,,,,,,
2026,boys,group:jumps,class-a,automatic,False,9,0,0.0,0,0.0,5,0.5556
2026,boys,group:jumps,class-a,unexplained,False,2,,,,,,
2026,boys,group:jumps,redwood-empire,at_large_combined,True,1,,,,,,
2026,boys,group:jumps,redwood-empire,automatic,False,21,8,0.381,6,0.2857,13,0.619
2026,boys,group:jumps,redwood-empire,next_best_mark,False,1,,,,,,
2026,boys,group:jumps,redwood-empire,replacement,False,2,,,,,,
2026,boys,group:jumps,redwood-empire,unexplained,False,1,,,,,,
2026,boys,group:jumps,tri-valley,at_large_combined,True,10,3,0.3,0,0.0,8,0.8
2026,boys,group:jumps,tri-valley,automatic,False,23,15,0.6522,13,0.5652,19,0.8261
2026,boys,group:jumps,tri-valley,next_best_mark,False,10,3,0.3,0,0.0,8,0.8
2026,boys,group:jumps,tri-valley,unexplained,False,1,,,,,,
2026,boys,group:throws,bay-shore,automatic,False,12,3,0.25,1,0.0833,3,0.25
2026,boys,group:throws,class-a,automatic,False,6,0,0.0,0,0.0,0,0.0
2026,boys,group:throws,redwood-empire,automatic,False,12,7,0.5833,5,0.4167,7,0.5833
2026,boys,group:throws,redwood-empire,unexplained,False,1,,,,,,
2026,boys,group:throws,tri-valley,at_large_combined,True,5,0,0.0,0,0.0,0,0.0
2026,boys,group:throws,tri-valley,automatic,False,11,8,0.7273,6,0.5455,8,0.7273
2026,boys,group:throws,tri-valley,next_best_mark,False,5,0,0.0,0,0.0,0,0.0
2026,boys,group:relays,bay-shore,automatic,False,12,2,0.1667,2,0.1667,2,0.1667
2026,boys,group:relays,class-a,automatic,False,6,0,0.0,0,0.0,0,0.0
2026,boys,group:relays,redwood-empire,automatic,False,11,2,0.1818,2,0.1818,3,0.2727
2026,boys,group:relays,redwood-empire,replacement,False,1,,,,,,
2026,boys,group:relays,tri-valley,at_large_combined,True,6,3,0.5,1,0.1667,3,0.5
2026,boys,group:relays,tri-valley,automatic,False,12,7,0.5833,7,0.5833,8,0.6667
2026,boys,group:relays,tri-valley,next_best_mark,False,6,3,0.5,1,0.1667,3,0.5
2026,boys,all,bay-shore,at_large_combined,True,5,0,0.0,0,0.0,2,0.4
2026,boys,all,bay-shore,at_large_standard,False,2,,,,,,
2026,boys,all,bay-shore,automatic,False,93,31,0.3333,25,0.2688,45,0.4839
2026,boys,all,bay-shore,next_best_mark,False,3,,,,,,
2026,boys,all,bay-shore,replacement,False,2,,,,,,
2026,boys,all,class-a,at_large_combined,True,1,,,,,,
2026,boys,all,class-a,at_large_standard,False,1,,,,,,
2026,boys,all,class-a,automatic,False,42,3,0.0714,2,0.0476,10,0.2381
2026,boys,all,class-a,replacement,False,2,,,,,,
2026,boys,all,class-a,unexplained,False,2,,,,,,
2026,boys,all,redwood-empire,at_large_combined,True,10,1,0.1,1,0.1,2,0.2
2026,boys,all,redwood-empire,at_large_standard,False,6,0,0.0,0,0.0,0,0.0
2026,boys,all,redwood-empire,automatic,False,85,26,0.3059,20,0.2353,40,0.4706
2026,boys,all,redwood-empire,next_best_mark,False,4,,,,,,
2026,boys,all,redwood-empire,replacement,False,5,0,0.0,0,0.0,2,0.4
2026,boys,all,redwood-empire,unexplained,False,2,,,,,,
2026,boys,all,tri-valley,at_large_combined,True,56,7,0.125,1,0.0179,14,0.25
2026,boys,all,tri-valley,at_large_standard,False,17,1,0.0588,0,0.0,2,0.1176
2026,boys,all,tri-valley,automatic,False,90,58,0.6444,48,0.5333,72,0.8
2026,boys,all,tri-valley,next_best_mark,False,39,6,0.1538,1,0.0256,12,0.3077
2026,boys,all,tri-valley,replacement,False,1,,,,,,
2026,boys,all,tri-valley,unexplained,False,1,,,,,,
2026,all,100,bay-shore,at_large_combined,True,2,,,,,,
2026,all,100,bay-shore,automatic,False,12,8,0.6667,7,0.5833,9,0.75
2026,all,100,bay-shore,next_best_mark,False,2,,,,,,
2026,all,100,class-a,automatic,False,4,,,,,,
2026,all,100,class-a,replacement,False,1,,,,,,
2026,all,100,redwood-empire,automatic,False,11,0,0.0,0,0.0,0,0.0
2026,all,100,redwood-empire,unexplained,False,1,,,,,,
2026,all,100,tri-valley,at_large_combined,True,4,,,,,,
2026,all,100,tri-valley,automatic,False,12,7,0.5833,5,0.4167,7,0.5833
2026,all,100,tri-valley,next_best_mark,False,4,,,,,,
2026,all,100H,bay-shore,automatic,False,6,1,0.1667,1,0.1667,1,0.1667
2026,all,100H,class-a,automatic,False,3,,,,,,
2026,all,100H,redwood-empire,automatic,False,6,1,0.1667,1,0.1667,1,0.1667
2026,all,100H,tri-valley,at_large_combined,True,2,,,,,,
2026,all,100H,tri-valley,automatic,False,5,4,0.8,2,0.4,4,0.8
2026,all,100H,tri-valley,next_best_mark,False,2,,,,,,
2026,all,100H,tri-valley,replacement,False,2,,,,,,
2026,all,110H,bay-shore,automatic,False,6,3,0.5,3,0.5,3,0.5
2026,all,110H,class-a,automatic,False,2,,,,,,
2026,all,110H,class-a,replacement,False,1,,,,,,
2026,all,110H,redwood-empire,automatic,False,5,0,0.0,0,0.0,0,0.0
2026,all,110H,redwood-empire,replacement,False,1,,,,,,
2026,all,110H,tri-valley,at_large_combined,True,3,,,,,,
2026,all,110H,tri-valley,automatic,False,5,4,0.8,3,0.6,5,1.0
2026,all,110H,tri-valley,next_best_mark,False,3,,,,,,
2026,all,110H,tri-valley,replacement,False,1,,,,,,
2026,all,1600,bay-shore,automatic,False,11,1,0.0909,1,0.0909,2,0.1818
2026,all,1600,bay-shore,replacement,False,1,,,,,,
2026,all,1600,class-a,at_large_combined,True,2,,,,,,
2026,all,1600,class-a,at_large_standard,False,1,,,,,,
2026,all,1600,class-a,automatic,False,4,,,,,,
2026,all,1600,class-a,next_best_mark,False,1,,,,,,
2026,all,1600,class-a,replacement,False,1,,,,,,
2026,all,1600,redwood-empire,at_large_combined,True,6,2,0.3333,2,0.3333,3,0.5
2026,all,1600,redwood-empire,at_large_standard,False,2,,,,,,
2026,all,1600,redwood-empire,automatic,False,9,5,0.5556,3,0.3333,8,0.8889
2026,all,1600,redwood-empire,next_best_mark,False,4,,,,,,
2026,all,1600,tri-valley,at_large_combined,True,9,1,0.1111,0,0.0,1,0.1111
2026,all,1600,tri-valley,at_large_standard,False,9,1,0.1111,0,0.0,1,0.1111
2026,all,1600,tri-valley,automatic,False,12,4,0.3333,4,0.3333,7,0.5833
2026,all,200,bay-shore,at_large_combined,True,3,,,,,,
2026,all,200,bay-shore,at_large_standard,False,2,,,,,,
2026,all,200,bay-shore,automatic,False,12,6,0.5,6,0.5,7,0.5833
2026,all,200,bay-shore,next_best_mark,False,1,,,,,,
2026,all,200,bay-shore,unexplained,False,1,,,,,,
2026,all,200,class-a,at_large_combined,True,1,,,,,,
2026,all,200,class-a,at_large_standard,False,1,,,,,,
2026,all,200,class-a,automatic,False,5,0,0.0,0,0.0,0,0.0
2026,all,200,class-a,replacement,False,1,,,,,,
2026,all,200,redwood-empire,automatic,False,8,2,0.25,1,0.125,2,0.25
2026,all,200,redwood-empire,replacement,False,2,,,,,,
2026,all,200,redwood-empire,unexplained,False,1,,,,,,
2026,all,200,tri-valley,at_large_combined,True,13,0,0.0,0,0.0,0,0.0
2026,all,200,tri-valley,at_large_standard,False,9,0,0.0,0,0.0,0,0.0
2026,all,200,tri-valley,automatic,False,9,5,0.5556,5,0.5556,7,0.7778
2026,all,200,tri-valley,next_best_mark,False,4,,,,,,
2026,all,200,tri-valley,replacement,False,1,,,,,,
2026,all,300H,bay-shore,automatic,False,12,2,0.1667,2,0.1667,2,0.1667
2026,all,300H,class-a,automatic,False,6,1,0.1667,1,0.1667,1,0.1667
2026,all,300H,redwood-empire,automatic,False,12,2,0.1667,2,0.1667,2,0.1667
2026,all,300H,tri-valley,at_large_combined,True,10,1,0.1,0,0.0,1,0.1
2026,all,300H,tri-valley,at_large_standard,False,4,,,,,,
2026,all,300H,tri-valley,automatic,False,12,9,0.75,7,0.5833,10,0.8333
2026,all,300H,tri-valley,next_best_mark,False,6,1,0.1667,0,0.0,1,0.1667
2026,all,3200,bay-shore,at_large_combined,True,2,,,,,,
2026,all,3200,bay-shore,automatic,False,12,7,0.5833,6,0.5,12,1.0
2026,all,3200,bay-shore,next_best_mark,False,2,,,,,,
2026,all,3200,class-a,automatic,False,5,1,0.2,0,0.0,5,1.0
2026,all,3200,class-a,unexplained,False,1,,,,,,
2026,all,3200,redwood-empire,automatic,False,11,3,0.2727,1,0.0909,11,1.0
2026,all,3200,redwood-empire,replacement,False,1,,,,,,
2026,all,3200,tri-valley,at_large_combined,True,4,,,,,,
2026,all,3200,tri-valley,automatic,False,11,4,0.3636,4,0.3636,11,1.0
2026,all,3200,tri-valley,next_best_mark,False,4,,,,,,
2026,all,400,bay-shore,automatic,False,12,4,0.3333,3,0.25,4,0.3333
2026,all,400,class-a,automatic,False,5,0,0.0,0,0.0,0,0.0
2026,all,400,redwood-empire,at_large_combined,True,1,,,,,,
2026,all,400,redwood-empire,at_large_standard,False,1,,,,,,
2026,all,400,redwood-empire,automatic,False,10,3,0.3,3,0.3,3,0.3
2026,all,400,tri-valley,at_large_combined,True,6,1,0.1667,0,0.0,1,0.1667
2026,all,400,tri-valley,automatic,False,11,8,0.7273,6,0.5455,8,0.7273
2026,all,400,tri-valley,next_best_mark,False,6,1,0.1667,0,0.0,1,0.1667
2026,all,400,tri-valley,replacement,False,1,,,,,,
2026,all,4x100,bay-shore,automatic,False,12,1,0.0833,1,0.0833,2,0.1667
2026,all,4x100,class-a,automatic,False,6,0,0.0,0,0.0,0,0.0
2026,all,4x100,redwood-empire,automatic,False,12,3,0.25,2,0.1667,4,0.3333
2026,all,4x100,tri-valley,at_large_combined,True,6,1,0.1667,1,0.1667,1,0.1667
2026,all,4x100,tri-valley,automatic,False,12,8,0.6667,8,0.6667,9,0.75
2026,all,4x100,tri-valley,next_best_mark,False,6,1,0.1667,1,0.1667,1,0.1667
2026,all,4x400,bay-shore,automatic,False,11,1,0.0909,1,0.0909,1,0.0909
2026,all,4x400,class-a,automatic,False,5,0,0.0,0,0.0,0,0.0
2026,all,4x400,class-a,replacement,False,1,,,,,,
2026,all,4x400,redwood-empire,automatic,False,10,4,0.4,2,0.2,4,0.4
2026,all,4x400,redwood-empire,replacement,False,1,,,,,,
2026,all,4x400,redwood-empire,unexplained,False,1,,,,,,
2026,all,4x400,tri-valley,at_large_combined,True,6,3,0.5,1,0.1667,3,0.5
2026,all,4x400,tri-valley,automatic,False,10,7,0.7,7,0.7,7,0.7
2026,all,4x400,tri-valley,next_best_mark,False,6,3,0.5,1,0.1667,3,0.5
2026,all,4x400,tri-valley,replacement,False,1,,,,,,
2026,all,800,bay-shore,automatic,False,9,1,0.1111,1,0.1111,2,0.2222
2026,all,800,bay-shore,replacement,False,2,,,,,,
2026,all,800,bay-shore,unexplained,False,1,,,,,,
2026,all,800,class-a,at_large_combined,True,1,,,,,,
2026,all,800,class-a,automatic,False,5,1,0.2,1,0.2,1,0.2
2026,all,800,class-a,next_best_mark,False,1,,,,,,
2026,all,800,redwood-empire,at_large_combined,True,4,,,,,,
2026,all,800,redwood-empire,at_large_standard,False,3,,,,,,
2026,all,800,redwood-empire,automatic,False,10,4,0.4,3,0.3,8,0.8
2026,all,800,redwood-empire,next_best_mark,False,1,,,,,,
2026,all,800,redwood-empire,unexplained,False,1,,,,,,
2026,all,800,tri-valley,at_large_combined,True,8,1,0.125,1,0.125,2,0.25
2026,all,800,tri-valley,at_large_standard,False,5,0,0.0,0,0.0,1,0.2
2026,all,800,tri-valley,automatic,False,11,9,0.8182,6,0.5455,10,0.9091
2026,all,800,tri-valley,next_best_mark,False,3,,,,,,
2026,all,DT,bay-shore,automatic,False,12,3,0.25,2,0.1667,3,0.25
2026,all,DT,class-a,automatic,False,6,1,0.1667,1,0.1667,1,0.1667
2026,all,DT,redwood-empire,at_large_combined,True,1,,,,,,
2026,all,DT,redwood-empire,automatic,False,12,8,0.6667,5,0.4167,8,0.6667
2026,all,DT,redwood-empire,next_best_mark,False,1,,,,,,
2026,all,DT,redwood-empire,unexplained,False,1,,,,,,
2026,all,DT,tri-valley,at_large_combined,True,4,,,,,,
2026,all,DT,tri-valley,automatic,False,11,6,0.5455,4,0.3636,6,0.5455
2026,all,DT,tri-valley,next_best_mark,False,4,,,,,,
2026,all,DT,tri-valley,unexplained,False,1,,,,,,
2026,all,HJ,bay-shore,automatic,False,12,4,0.3333,4,0.3333,12,1.0
2026,all,HJ,class-a,automatic,False,5,0,0.0,0,0.0,5,1.0
2026,all,HJ,redwood-empire,at_large_combined,True,3,,,,,,
2026,all,HJ,redwood-empire,automatic,False,11,6,0.5455,5,0.4545,11,1.0
2026,all,HJ,redwood-empire,next_best_mark,False,3,,,,,,
2026,all,HJ,redwood-empire,replacement,False,1,,,,,,
2026,all,HJ,tri-valley,at_large_combined,True,5,0,0.0,0,0.0,5,1.0
2026,all,HJ,tri-valley,automatic,False,11,6,0.5455,5,0.4545,11,1.0
2026,all,HJ,tri-valley,next_best_mark,False,5,0,0.0,0,0.0,5,1.0
2026,all,LJ,bay-shore,at_large_combined,True,3,,,,,,
2026,all,LJ,bay-shore,automatic,False,9,6,0.6667,6,0.6667,6,0.6667
2026,all,LJ,bay-shore,next_best_mark,False,3,,,,,,
2026,all,LJ,class-a,automatic,False,5,0,0.0,0,0.0,0,0.0
2026,all,LJ,class-a,unexplained,False,1,,,,,,
2026,all,LJ,redwood-empire,at_large_combined,True,1,,,,,,
2026,all,LJ,redwood-empire,automatic,False,11,4,0.3636,2,0.1818,4,0.3636
2026,all,LJ,redwood-empire,next_best_mark,False,1,,,,,,
2026,all,LJ,redwood-empire,unexplained,False,1,,,,,,
2026,all,LJ,tri-valley,at_large_combined,True,2,,,,,,
2026,all,LJ,tri-valley,automatic,False,11,7,0.6364,4,0.3636,7,0.6364
2026,all,LJ,tri-valley,next_best_mark,False,2,,,,,,
2026,all,LJ,tri-valley,replacement,False,1,,,,,,
2026,all,LJ,tri-valley,unexplained,False,1,,,,,,
2026,all,PV,bay-shore,automatic,False,12,1,0.0833,1,0.0833,12,1.0
2026,all,PV,class-a,automatic,False,6,0,0.0,0,0.0,6,1.0
2026,all,PV,redwood-empire,at_large_combined,True,1,,,,,,
2026,all,PV,redwood-empire,automatic,False,11,4,0.3636,4,0.3636,11,1.0
2026,all,PV,redwood-empire,next_best_mark,False,1,,,,,,
2026,all,PV,redwood-empire,replacement,False,1,,,,,,
2026,all,PV,tri-valley,at_large_combined,True,9,2,0.2222,0,0.0,9,1.0
2026,all,PV,tri-valley,automatic,False,11,9,0.8182,7,0.6364,11,1.0
2026,all,PV,tri-valley,next_best_mark,False,9,2,0.2222,0,0.0,9,1.0
2026,all,SP,bay-shore,at_large_combined,True,2,,,,,,
2026,all,SP,bay-shore,automatic,False,12,5,0.4167,3,0.25,5,0.4167
2026,all,SP,bay-shore,next_best_mark,False,2,,,,,,
2026,all,SP,class-a,automatic,False,6,0,0.0,0,0.0,0,0.0
2026,all,SP,redwood-empire,automatic,False,11,5,0.4545,4,0.3636,5,0.4545
2026,all,SP,redwood-empire,unexplained,False,1,,,,,,
2026,all,SP,tri-valley,at_large_combined,True,3,,,,,,
2026,all,SP,tri-valley,automatic,False,12,8,0.6667,5,0.4167,8,0.6667
2026,all,SP,tri-valley,next_best_mark,False,3,,,,,,
2026,all,TJ,bay-shore,at_large_combined,True,2,,,,,,
2026,all,TJ,bay-shore,automatic,False,12,7,0.5833,5,0.4167,7,0.5833
2026,all,TJ,bay-shore,next_best_mark,False,2,,,,,,
2026,all,TJ,class-a,automatic,False,5,0,0.0,0,0.0,0,0.0
2026,all,TJ,class-a,unexplained,False,1,,,,,,
2026,all,TJ,redwood-empire,at_large_combined,True,1,,,,,,
2026,all,TJ,redwood-empire,automatic,False,12,4,0.3333,2,0.1667,4,0.3333
2026,all,TJ,redwood-empire,next_best_mark,False,1,,,,,,
2026,all,TJ,tri-valley,at_large_combined,True,1,,,,,,
2026,all,TJ,tri-valley,automatic,False,12,6,0.5,4,0.3333,6,0.5
2026,all,TJ,tri-valley,next_best_mark,False,1,,,,,,
2026,all,TJ,tri-valley,unexplained,False,1,,,,,,
2026,all,group:sprints_hurdles,bay-shore,at_large_combined,True,5,0,0.0,0,0.0,0,0.0
2026,all,group:sprints_hurdles,bay-shore,at_large_standard,False,2,,,,,,
2026,all,group:sprints_hurdles,bay-shore,automatic,False,48,20,0.4167,19,0.3958,22,0.4583
2026,all,group:sprints_hurdles,bay-shore,next_best_mark,False,3,,,,,,
2026,all,group:sprints_hurdles,bay-shore,unexplained,False,1,,,,,,
2026,all,group:sprints_hurdles,class-a,at_large_combined,True,1,,,,,,
2026,all,group:sprints_hurdles,class-a,at_large_standard,False,1,,,,,,
2026,all,group:sprints_hurdles,class-a,automatic,False,20,1,0.05,1,0.05,1,0.05
2026,all,group:sprints_hurdles,class-a,replacement,False,3,,,,,,
2026,all,group:sprints_hurdles,redwood-empire,automatic,False,42,5,0.119,4,0.0952,5,0.119
2026,all,group:sprints_hurdles,redwood-empire,replacement,False,3,,,,,,
2026,all,group:sprints_hurdles,redwood-empire,unexplained,False,2,,,,,,
2026,all,group:sprints_hurdles,tri-valley,at_large_combined,True,32,3,0.0938,2,0.0625,3,0.0938
2026,all,group:sprints_hurdles,tri-valley,at_large_standard,False,13,0,0.0,0,0.0,0,0.0
2026,all,group:sprints_hurdles,tri-valley,automatic,False,43,29,0.6744,22,0.5116,33,0.7674
2026,all,group:sprints_hurdles,tri-valley,next_best_mark,False,19,3,0.1579,2,0.1053,3,0.1579
2026,all,group:sprints_hurdles,tri-valley,replacement,False,4,,,,,,
2026,all,group:400_800,bay-shore,automatic,False,21,5,0.2381,4,0.1905,6,0.2857
2026,all,group:400_800,bay-shore,replacement,False,2,,,,,,
2026,all,group:400_800,bay-shore,unexplained,False,1,,,,,,
2026,all,group:400_800,class-a,at_large_combined,True,1,,,,,,
2026,all,group:400_800,class-a,automatic,False,10,1,0.1,1,0.1,1,0.1
2026,all,group:400_800,class-a,next_best_mark,False,1,,,,,,
2026,all,group:400_800,redwood-empire,at_large_combined,True,5,0,0.0,0,0.0,0,0.0
2026,all,group:400_800,redwood-empire,at_large_standard,False,4,,,,,,
2026,all,group:400_800,redwood-empire,automatic,False,20,7,0.35,6,0.3,11,0.55
2026,all,group:400_800,redwood-empire,next_best_mark,False,1,,,,,,
2026,all,group:400_800,redwood-empire,unexplained,False,1,,,,,,
2026,all,group:400_800,tri-valley,at_large_combined,True,14,2,0.1429,1,0.0714,3,0.2143
2026,all,group:400_800,tri-valley,at_large_standard,False,5,0,0.0,0,0.0,1,0.2
2026,all,group:400_800,tri-valley,automatic,False,22,17,0.7727,12,0.5455,18,0.8182
2026,all,group:400_800,tri-valley,next_best_mark,False,9,2,0.2222,1,0.1111,2,0.2222
2026,all,group:400_800,tri-valley,replacement,False,1,,,,,,
2026,all,group:distance,bay-shore,at_large_combined,True,2,,,,,,
2026,all,group:distance,bay-shore,automatic,False,23,8,0.3478,7,0.3043,14,0.6087
2026,all,group:distance,bay-shore,next_best_mark,False,2,,,,,,
2026,all,group:distance,bay-shore,replacement,False,1,,,,,,
2026,all,group:distance,class-a,at_large_combined,True,2,,,,,,
2026,all,group:distance,class-a,at_large_standard,False,1,,,,,,
2026,all,group:distance,class-a,automatic,False,9,4,0.4444,2,0.2222,8,0.8889
2026,all,group:distance,class-a,next_best_mark,False,1,,,,,,
2026,all,group:distance,class-a,replacement,False,1,,,,,,
2026,all,group:distance,class-a,unexplained,False,1,,,,,,
2026,all,group:distance,redwood-empire,at_large_combined,True,6,2,0.3333,2,0.3333,3,0.5
2026,all,group:distance,redwood-empire,at_large_standard,False,2,,,,,,
2026,all,group:distance,redwood-empire,automatic,False,20,8,0.4,4,0.2,19,0.95
2026,all,group:distance,redwood-empire,next_best_mark,False,4,,,,,,
2026,all,group:distance,redwood-empire,replacement,False,1,,,,,,
2026,all,group:distance,tri-valley,at_large_combined,True,13,2,0.1538,1,0.0769,5,0.3846
2026,all,group:distance,tri-valley,at_large_standard,False,9,1,0.1111,0,0.0,1,0.1111
2026,all,group:distance,tri-valley,automatic,False,23,8,0.3478,8,0.3478,18,0.7826
2026,all,group:distance,tri-valley,next_best_mark,False,4,,,,,,
2026,all,group:jumps,bay-shore,at_large_combined,True,5,0,0.0,0,0.0,0,0.0
2026,all,group:jumps,bay-shore,automatic,False,45,18,0.4,16,0.3556,37,0.8222
2026,all,group:jumps,bay-shore,next_best_mark,False,5,0,0.0,0,0.0,0,0.0
2026,all,group:jumps,class-a,automatic,False,21,0,0.0,0,0.0,11,0.5238
2026,all,group:jumps,class-a,unexplained,False,2,,,,,,
2026,all,group:jumps,redwood-empire,at_large_combined,True,6,0,0.0,0,0.0,4,0.6667
2026,all,group:jumps,redwood-empire,automatic,False,45,18,0.4,13,0.2889,30,0.6667
2026,all,group:jumps,redwood-empire,next_best_mark,False,6,0,0.0,0,0.0,4,0.6667
2026,all,group:jumps,redwood-empire,replacement,False,2,,,,,,
2026,all,group:jumps,redwood-empire,unexplained,False,1,,,,,,
2026,all,group:jumps,tri-valley,at_large_combined,True,17,3,0.1765,0,0.0,15,0.8824
2026,all,group:jumps,tri-valley,automatic,False,45,28,0.6222,20,0.4444,35,0.7778
2026,all,group:jumps,tri-valley,next_best_mark,False,17,3,0.1765,0,0.0,15,0.8824
2026,all,group:jumps,tri-valley,replacement,False,1,,,,,,
2026,all,group:jumps,tri-valley,unexplained,False,2,,,,,,
2026,all,group:throws,bay-shore,at_large_combined,True,2,,,,,,
2026,all,group:throws,bay-shore,automatic,False,24,8,0.3333,5,0.2083,8,0.3333
2026,all,group:throws,bay-shore,next_best_mark,False,2,,,,,,
2026,all,group:throws,class-a,automatic,False,12,1,0.0833,1,0.0833,1,0.0833
2026,all,group:throws,redwood-empire,at_large_combined,True,1,,,,,,
2026,all,group:throws,redwood-empire,automatic,False,23,13,0.5652,9,0.3913,13,0.5652
2026,all,group:throws,redwood-empire,next_best_mark,False,1,,,,,,
2026,all,group:throws,redwood-empire,unexplained,False,2,,,,,,
2026,all,group:throws,tri-valley,at_large_combined,True,7,0,0.0,0,0.0,0,0.0
2026,all,group:throws,tri-valley,automatic,False,23,14,0.6087,9,0.3913,14,0.6087
2026,all,group:throws,tri-valley,next_best_mark,False,7,0,0.0,0,0.0,0,0.0
2026,all,group:throws,tri-valley,unexplained,False,1,,,,,,
2026,all,group:relays,bay-shore,automatic,False,23,2,0.087,2,0.087,3,0.1304
2026,all,group:relays,class-a,automatic,False,11,0,0.0,0,0.0,0,0.0
2026,all,group:relays,class-a,replacement,False,1,,,,,,
2026,all,group:relays,redwood-empire,automatic,False,22,7,0.3182,4,0.1818,8,0.3636
2026,all,group:relays,redwood-empire,replacement,False,1,,,,,,
2026,all,group:relays,redwood-empire,unexplained,False,1,,,,,,
2026,all,group:relays,tri-valley,at_large_combined,True,12,4,0.3333,2,0.1667,4,0.3333
2026,all,group:relays,tri-valley,automatic,False,22,15,0.6818,15,0.6818,16,0.7273
2026,all,group:relays,tri-valley,next_best_mark,False,12,4,0.3333,2,0.1667,4,0.3333
2026,all,group:relays,tri-valley,replacement,False,1,,,,,,
2026,all,all,bay-shore,at_large_combined,True,14,0,0.0,0,0.0,2,0.1429
2026,all,all,bay-shore,at_large_standard,False,2,,,,,,
2026,all,all,bay-shore,automatic,False,184,61,0.3315,53,0.288,90,0.4891
2026,all,all,bay-shore,next_best_mark,False,12,0,0.0,0,0.0,2,0.1667
2026,all,all,bay-shore,replacement,False,3,,,,,,
2026,all,all,bay-shore,unexplained,False,2,,,,,,
2026,all,all,class-a,at_large_combined,True,4,,,,,,
2026,all,all,class-a,at_large_standard,False,2,,,,,,
2026,all,all,class-a,automatic,False,83,7,0.0843,5,0.0602,22,0.2651
2026,all,all,class-a,next_best_mark,False,2,,,,,,
2026,all,all,class-a,replacement,False,5,0,0.0,0,0.0,0,0.0
2026,all,all,class-a,unexplained,False,3,,,,,,
2026,all,all,redwood-empire,at_large_combined,True,18,2,0.1111,2,0.1111,7,0.3889
2026,all,all,redwood-empire,at_large_standard,False,6,0,0.0,0,0.0,0,0.0
2026,all,all,redwood-empire,automatic,False,172,58,0.3372,40,0.2326,86,0.5
2026,all,all,redwood-empire,next_best_mark,False,12,2,0.1667,2,0.1667,7,0.5833
2026,all,all,redwood-empire,replacement,False,7,0,0.0,0,0.0,3,0.4286
2026,all,all,redwood-empire,unexplained,False,7,0,0.0,0,0.0,0,0.0
2026,all,all,tri-valley,at_large_combined,True,95,14,0.1474,6,0.0632,30,0.3158
2026,all,all,tri-valley,at_large_standard,False,27,1,0.037,0,0.0,2,0.0741
2026,all,all,tri-valley,automatic,False,178,111,0.6236,86,0.4831,134,0.7528
2026,all,all,tri-valley,next_best_mark,False,68,13,0.1912,6,0.0882,28,0.4118
2026,all,all,tri-valley,replacement,False,7,1,0.1429,1,0.1429,1,0.1429
2026,all,all,tri-valley,unexplained,False,3,,,,,,
2022-2026 pooled,girls,100,bay-shore,at_large_combined,True,2,,,,,,
2022-2026 pooled,girls,100,bay-shore,automatic,False,30,13,0.4333,10,0.3333,14,0.4667
2022-2026 pooled,girls,100,bay-shore,next_best_mark,False,2,,,,,,
2022-2026 pooled,girls,100,class-a,automatic,False,13,4,0.3077,4,0.3077,4,0.3077
2022-2026 pooled,girls,100,class-a,replacement,False,1,,,,,,
2022-2026 pooled,girls,100,redwood-empire,automatic,False,27,3,0.1111,2,0.0741,3,0.1111
2022-2026 pooled,girls,100,redwood-empire,replacement,False,1,,,,,,
2022-2026 pooled,girls,100,redwood-empire,unexplained,False,1,,,,,,
2022-2026 pooled,girls,100,tri-valley,at_large_combined,True,14,0,0.0,0,0.0,0,0.0
2022-2026 pooled,girls,100,tri-valley,at_large_standard,False,2,,,,,,
2022-2026 pooled,girls,100,tri-valley,automatic,False,30,19,0.6333,15,0.5,19,0.6333
2022-2026 pooled,girls,100,tri-valley,next_best_mark,False,12,0,0.0,0,0.0,0,0.0
2022-2026 pooled,girls,100H,bay-shore,automatic,False,30,10,0.3333,8,0.2667,10,0.3333
2022-2026 pooled,girls,100H,class-a,at_large_combined,True,4,,,,,,
2022-2026 pooled,girls,100H,class-a,automatic,False,14,5,0.3571,5,0.3571,6,0.4286
2022-2026 pooled,girls,100H,class-a,next_best_mark,False,4,,,,,,
2022-2026 pooled,girls,100H,redwood-empire,at_large_combined,True,1,,,,,,
2022-2026 pooled,girls,100H,redwood-empire,automatic,False,29,4,0.1379,4,0.1379,5,0.1724
2022-2026 pooled,girls,100H,redwood-empire,next_best_mark,False,1,,,,,,
2022-2026 pooled,girls,100H,redwood-empire,replacement,False,1,,,,,,
2022-2026 pooled,girls,100H,tri-valley,at_large_combined,True,9,3,0.3333,2,0.2222,3,0.3333
2022-2026 pooled,girls,100H,tri-valley,automatic,False,28,15,0.5357,11,0.3929,15,0.5357
2022-2026 pooled,girls,100H,tri-valley,next_best_mark,False,9,3,0.3333,2,0.2222,3,0.3333
2022-2026 pooled,girls,100H,tri-valley,replacement,False,2,,,,,,
2022-2026 pooled,girls,1600,bay-shore,automatic,False,23,2,0.087,2,0.087,5,0.2174
2022-2026 pooled,girls,1600,bay-shore,replacement,False,4,,,,,,
2022-2026 pooled,girls,1600,bay-shore,unexplained,False,3,,,,,,
2022-2026 pooled,girls,1600,class-a,at_large_combined,True,6,1,0.1667,0,0.0,2,0.3333
2022-2026 pooled,girls,1600,class-a,at_large_standard,False,2,,,,,,
2022-2026 pooled,girls,1600,class-a,automatic,False,11,8,0.7273,7,0.6364,9,0.8182
2022-2026 pooled,girls,1600,class-a,next_best_mark,False,4,,,,,,
2022-2026 pooled,girls,1600,class-a,replacement,False,3,,,,,,
2022-2026 pooled,girls,1600,redwood-empire,at_large_combined,True,6,1,0.1667,1,0.1667,4,0.6667
2022-2026 pooled,girls,1600,redwood-empire,at_large_standard,False,1,,,,,,
2022-2026 pooled,girls,1600,redwood-empire,automatic,False,26,13,0.5,10,0.3846,18,0.6923
2022-2026 pooled,girls,1600,redwood-empire,next_best_mark,False,5,1,0.2,1,0.2,4,0.8
2022-2026 pooled,girls,1600,redwood-empire,replacement,False,3,,,,,,
2022-2026 pooled,girls,1600,tri-valley,at_large_combined,True,18,2,0.1111,1,0.0556,2,0.1111
2022-2026 pooled,girls,1600,tri-valley,at_large_standard,False,15,1,0.0667,0,0.0,1,0.0667
2022-2026 pooled,girls,1600,tri-valley,automatic,False,21,12,0.5714,9,0.4286,16,0.7619
2022-2026 pooled,girls,1600,tri-valley,next_best_mark,False,3,,,,,,
2022-2026 pooled,girls,1600,tri-valley,replacement,False,4,,,,,,
2022-2026 pooled,girls,1600,tri-valley,unexplained,False,1,,,,,,
2022-2026 pooled,girls,200,bay-shore,at_large_combined,True,1,,,,,,
2022-2026 pooled,girls,200,bay-shore,automatic,False,29,9,0.3103,6,0.2069,9,0.3103
2022-2026 pooled,girls,200,bay-shore,next_best_mark,False,1,,,,,,
2022-2026 pooled,girls,200,bay-shore,unexplained,False,3,,,,,,
2022-2026 pooled,girls,200,class-a,at_large_combined,True,2,,,,,,
2022-2026 pooled,girls,200,class-a,at_large_standard,False,1,,,,,,
2022-2026 pooled,girls,200,class-a,automatic,False,13,4,0.3077,4,0.3077,4,0.3077
2022-2026 pooled,girls,200,class-a,next_best_mark,False,1,,,,,,
2022-2026 pooled,girls,200,class-a,replacement,False,1,,,,,,
2022-2026 pooled,girls,200,redwood-empire,automatic,False,20,4,0.2,2,0.1,5,0.25
2022-2026 pooled,girls,200,redwood-empire,replacement,False,7,0,0.0,0,0.0,0,0.0
2022-2026 pooled,girls,200,redwood-empire,unexplained,False,1,,,,,,
2022-2026 pooled,girls,200,tri-valley,at_large_combined,True,14,1,0.0714,0,0.0,1,0.0714
2022-2026 pooled,girls,200,tri-valley,at_large_standard,False,5,0,0.0,0,0.0,0,0.0
2022-2026 pooled,girls,200,tri-valley,automatic,False,27,20,0.7407,18,0.6667,21,0.7778
2022-2026 pooled,girls,200,tri-valley,next_best_mark,False,9,1,0.1111,0,0.0,1,0.1111
2022-2026 pooled,girls,200,tri-valley,replacement,False,2,,,,,,
2022-2026 pooled,girls,200,tri-valley,unexplained,False,1,,,,,,
2022-2026 pooled,girls,300H,bay-shore,automatic,False,30,6,0.2,4,0.1333,6,0.2
2022-2026 pooled,girls,300H,class-a,automatic,False,15,4,0.2667,4,0.2667,5,0.3333
2022-2026 pooled,girls,300H,redwood-empire,automatic,False,29,6,0.2069,6,0.2069,6,0.2069
2022-2026 pooled,girls,300H,redwood-empire,replacement,False,1,,,,,,
2022-2026 pooled,girls,300H,tri-valley,at_large_combined,True,17,2,0.1176,0,0.0,2,0.1176
2022-2026 pooled,girls,300H,tri-valley,at_large_standard,False,3,,,,,,
2022-2026 pooled,girls,300H,tri-valley,automatic,False,30,20,0.6667,16,0.5333,21,0.7
2022-2026 pooled,girls,300H,tri-valley,next_best_mark,False,14,2,0.1429,0,0.0,2,0.1429
2022-2026 pooled,girls,3200,bay-shore,automatic,False,30,6,0.2,4,0.1333,30,1.0
2022-2026 pooled,girls,3200,class-a,at_large_combined,True,1,,,,,,
2022-2026 pooled,girls,3200,class-a,automatic,False,12,3,0.25,2,0.1667,12,1.0
2022-2026 pooled,girls,3200,class-a,next_best_mark,False,1,,,,,,
2022-2026 pooled,girls,3200,class-a,replacement,False,1,,,,,,
2022-2026 pooled,girls,3200,class-a,unexplained,False,2,,,,,,
2022-2026 pooled,girls,3200,redwood-empire,at_large_combined,True,2,,,,,,
2022-2026 pooled,girls,3200,redwood-empire,automatic,False,29,14,0.4828,11,0.3793,29,1.0
2022-2026 pooled,girls,3200,redwood-empire,next_best_mark,False,2,,,,,,
2022-2026 pooled,girls,3200,redwood-empire,replacement,False,2,,,,,,
2022-2026 pooled,girls,3200,tri-valley,at_large_combined,True,10,1,0.1,1,0.1,10,1.0
2022-2026 pooled,girls,3200,tri-valley,automatic,False,26,16,0.6154,12,0.4615,26,1.0
2022-2026 pooled,girls,3200,tri-valley,next_best_mark,False,10,1,0.1,1,0.1,10,1.0
2022-2026 pooled,girls,400,bay-shore,automatic,False,27,6,0.2222,5,0.1852,6,0.2222
2022-2026 pooled,girls,400,bay-shore,replacement,False,3,,,,,,
2022-2026 pooled,girls,400,class-a,at_large_combined,True,1,,,,,,
2022-2026 pooled,girls,400,class-a,at_large_standard,False,1,,,,,,
2022-2026 pooled,girls,400,class-a,automatic,False,13,1,0.0769,0,0.0,1,0.0769
2022-2026 pooled,girls,400,class-a,replacement,False,1,,,,,,
2022-2026 pooled,girls,400,class-a,unexplained,False,1,,,,,,
2022-2026 pooled,girls,400,redwood-empire,automatic,False,24,11,0.4583,9,0.375,11,0.4583
2022-2026 pooled,girls,400,redwood-empire,replacement,False,3,,,,,,
2022-2026 pooled,girls,400,tri-valley,at_large_combined,True,11,3,0.2727,2,0.1818,3,0.2727
2022-2026 pooled,girls,400,tri-valley,at_large_standard,False,3,,,,,,
2022-2026 pooled,girls,400,tri-valley,automatic,False,27,19,0.7037,14,0.5185,19,0.7037
2022-2026 pooled,girls,400,tri-valley,next_best_mark,False,8,3,0.375,2,0.25,3,0.375
2022-2026 pooled,girls,400,tri-valley,replacement,False,6,0,0.0,0,0.0,0,0.0
2022-2026 pooled,girls,4x100,bay-shore,at_large_combined,True,1,,,,,,
2022-2026 pooled,girls,4x100,bay-shore,automatic,False,30,10,0.3333,7,0.2333,11,0.3667
2022-2026 pooled,girls,4x100,bay-shore,next_best_mark,False,1,,,,,,
2022-2026 pooled,girls,4x100,class-a,automatic,False,14,1,0.0714,1,0.0714,1,0.0714
2022-2026 pooled,girls,4x100,class-a,replacement,False,1,,,,,,
2022-2026 pooled,girls,4x100,redwood-empire,automatic,False,27,6,0.2222,3,0.1111,6,0.2222
2022-2026 pooled,girls,4x100,redwood-empire,replacement,False,2,,,,,,
2022-2026 pooled,girls,4x100,tri-valley,at_large_combined,True,14,0,0.0,0,0.0,0,0.0
2022-2026 pooled,girls,4x100,tri-valley,automatic,False,30,20,0.6667,19,0.6333,22,0.7333
2022-2026 pooled,girls,4x100,tri-valley,next_best_mark,False,14,0,0.0,0,0.0,0,0.0
2022-2026 pooled,girls,4x400,bay-shore,automatic,False,26,4,0.1538,4,0.1538,4,0.1538
2022-2026 pooled,girls,4x400,bay-shore,replacement,False,2,,,,,,
2022-2026 pooled,girls,4x400,class-a,at_large_combined,True,1,,,,,,
2022-2026 pooled,girls,4x400,class-a,automatic,False,14,3,0.2143,3,0.2143,3,0.2143
2022-2026 pooled,girls,4x400,class-a,next_best_mark,False,1,,,,,,
2022-2026 pooled,girls,4x400,class-a,replacement,False,1,,,,,,
2022-2026 pooled,girls,4x400,redwood-empire,automatic,False,28,7,0.25,2,0.0714,7,0.25
2022-2026 pooled,girls,4x400,redwood-empire,unexplained,False,1,,,,,,
2022-2026 pooled,girls,4x400,tri-valley,at_large_combined,True,14,3,0.2143,2,0.1429,4,0.2857
2022-2026 pooled,girls,4x400,tri-valley,automatic,False,28,21,0.75,18,0.6429,22,0.7857
2022-2026 pooled,girls,4x400,tri-valley,next_best_mark,False,14,3,0.2143,2,0.1429,4,0.2857
2022-2026 pooled,girls,4x400,tri-valley,replacement,False,1,,,,,,
2022-2026 pooled,girls,800,bay-shore,automatic,False,24,2,0.0833,0,0.0,3,0.125
2022-2026 pooled,girls,800,bay-shore,replacement,False,5,0,0.0,0,0.0,0,0.0
2022-2026 pooled,girls,800,bay-shore,unexplained,False,1,,,,,,
2022-2026 pooled,girls,800,class-a,at_large_combined,True,3,,,,,,
2022-2026 pooled,girls,800,class-a,at_large_standard,False,1,,,,,,
2022-2026 pooled,girls,800,class-a,automatic,False,10,7,0.7,6,0.6,7,0.7
2022-2026 pooled,girls,800,class-a,next_best_mark,False,2,,,,,,
2022-2026 pooled,girls,800,class-a,replacement,False,3,,,,,,
2022-2026 pooled,girls,800,class-a,unexplained,False,1,,,,,,
2022-2026 pooled,girls,800,redwood-empire,automatic,False,28,3,0.1071,3,0.1071,10,0.3571
2022-2026 pooled,girls,800,redwood-empire,unexplained,False,1,,,,,,
2022-2026 pooled,girls,800,tri-valley,at_large_combined,True,13,4,0.3077,3,0.2308,9,0.6923
2022-2026 pooled,girls,800,tri-valley,at_large_standard,False,3,,,,,,
2022-2026 pooled,girls,800,tri-valley,automatic,False,28,22,0.7857,18,0.6429,26,0.9286
2022-2026 pooled,girls,800,tri-valley,next_best_mark,False,10,4,0.4,3,0.3,8,0.8
2022-2026 pooled,girls,800,tri-valley,replacement,False,1,,,,,,
2022-2026 pooled,girls,800,tri-valley,unexplained,False,1,,,,,,
2022-2026 pooled,girls,DT,bay-shore,automatic,False,25,3,0.12,1,0.04,3,0.12
2022-2026 pooled,girls,DT,class-a,automatic,False,14,4,0.2857,4,0.2857,4,0.2857
2022-2026 pooled,girls,DT,redwood-empire,at_large_combined,True,3,,,,,,
2022-2026 pooled,girls,DT,redwood-empire,automatic,False,28,10,0.3571,7,0.25,10,0.3571
2022-2026 pooled,girls,DT,redwood-empire,next_best_mark,False,3,,,,,,
2022-2026 pooled,girls,DT,tri-valley,at_large_combined,True,9,3,0.3333,3,0.3333,3,0.3333
2022-2026 pooled,girls,DT,tri-valley,automatic,False,30,24,0.8,14,0.4667,24,0.8
2022-2026 pooled,girls,DT,tri-valley,next_best_mark,False,9,3,0.3333,3,0.3333,3,0.3333
2022-2026 pooled,girls,DT,tri-valley,unexplained,False,1,,,,,,
2022-2026 pooled,girls,HJ,bay-shore,automatic,False,27,4,0.1481,4,0.1481,27,1.0
2022-2026 pooled,girls,HJ,bay-shore,replacement,False,2,,,,,,
2022-2026 pooled,girls,HJ,class-a,at_large_combined,True,1,,,,,,
2022-2026 pooled,girls,HJ,class-a,automatic,False,14,1,0.0714,0,0.0,14,1.0
2022-2026 pooled,girls,HJ,class-a,next_best_mark,False,1,,,,,,
2022-2026 pooled,girls,HJ,redwood-empire,at_large_combined,True,10,3,0.3,1,0.1,10,1.0
2022-2026 pooled,girls,HJ,redwood-empire,automatic,False,29,13,0.4483,9,0.3103,29,1.0
2022-2026 pooled,girls,HJ,redwood-empire,next_best_mark,False,10,3,0.3,1,0.1,10,1.0
2022-2026 pooled,girls,HJ,redwood-empire,replacement,False,1,,,,,,
2022-2026 pooled,girls,HJ,redwood-empire,unexplained,False,2,,,,,,
2022-2026 pooled,girls,HJ,tri-valley,at_large_combined,True,12,1,0.0833,0,0.0,12,1.0
2022-2026 pooled,girls,HJ,tri-valley,automatic,False,27,20,0.7407,18,0.6667,27,1.0
2022-2026 pooled,girls,HJ,tri-valley,next_best_mark,False,12,1,0.0833,0,0.0,12,1.0
2022-2026 pooled,girls,HJ,tri-valley,replacement,False,1,,,,,,
2022-2026 pooled,girls,LJ,bay-shore,at_large_combined,True,8,1,0.125,0,0.0,1,0.125
2022-2026 pooled,girls,LJ,bay-shore,automatic,False,24,13,0.5417,11,0.4583,13,0.5417
2022-2026 pooled,girls,LJ,bay-shore,next_best_mark,False,8,1,0.125,0,0.0,1,0.125
2022-2026 pooled,girls,LJ,bay-shore,replacement,False,1,,,,,,
2022-2026 pooled,girls,LJ,class-a,automatic,False,13,4,0.3077,2,0.1538,4,0.3077
2022-2026 pooled,girls,LJ,class-a,replacement,False,1,,,,,,
2022-2026 pooled,girls,LJ,redwood-empire,at_large_combined,True,2,,,,,,
2022-2026 pooled,girls,LJ,redwood-empire,automatic,False,25,11,0.44,9,0.36,11,0.44
2022-2026 pooled,girls,LJ,redwood-empire,next_best_mark,False,2,,,,,,
2022-2026 pooled,girls,LJ,redwood-empire,replacement,False,2,,,,,,
2022-2026 pooled,girls,LJ,redwood-empire,unexplained,False,1,,,,,,
2022-2026 pooled,girls,LJ,tri-valley,at_large_combined,True,2,,,,,,
2022-2026 pooled,girls,LJ,tri-valley,automatic,False,26,16,0.6154,9,0.3462,16,0.6154
2022-2026 pooled,girls,LJ,tri-valley,next_best_mark,False,2,,,,,,
2022-2026 pooled,girls,LJ,tri-valley,replacement,False,3,,,,,,
2022-2026 pooled,girls,LJ,tri-valley,unexplained,False,1,,,,,,
2022-2026 pooled,girls,PV,bay-shore,at_large_combined,True,6,0,0.0,0,0.0,6,1.0
2022-2026 pooled,girls,PV,bay-shore,automatic,False,29,9,0.3103,6,0.2069,29,1.0
2022-2026 pooled,girls,PV,bay-shore,next_best_mark,False,6,0,0.0,0,0.0,6,1.0
2022-2026 pooled,girls,PV,class-a,automatic,False,13,2,0.1538,1,0.0769,13,1.0
2022-2026 pooled,girls,PV,class-a,replacement,False,1,,,,,,
2022-2026 pooled,girls,PV,redwood-empire,at_large_combined,True,4,,,,,,
2022-2026 pooled,girls,PV,redwood-empire,automatic,False,30,11,0.3667,10,0.3333,30,1.0
2022-2026 pooled,girls,PV,redwood-empire,next_best_mark,False,4,,,,,,
2022-2026 pooled,girls,PV,tri-valley,at_large_combined,True,11,0,0.0,0,0.0,11,1.0
2022-2026 pooled,girls,PV,tri-valley,automatic,False,30,18,0.6,13,0.4333,30,1.0
2022-2026 pooled,girls,PV,tri-valley,next_best_mark,False,11,0,0.0,0,0.0,11,1.0
2022-2026 pooled,girls,SP,bay-shore,at_large_combined,True,2,,,,,,
2022-2026 pooled,girls,SP,bay-shore,automatic,False,24,5,0.2083,4,0.1667,5,0.2083
2022-2026 pooled,girls,SP,bay-shore,next_best_mark,False,2,,,,,,
2022-2026 pooled,girls,SP,bay-shore,replacement,False,1,,,,,,
2022-2026 pooled,girls,SP,class-a,automatic,False,14,3,0.2143,2,0.1429,3,0.2143
2022-2026 pooled,girls,SP,redwood-empire,at_large_combined,True,6,0,0.0,0,0.0,0,0.0
2022-2026 pooled,girls,SP,redwood-empire,automatic,False,28,14,0.5,8,0.2857,14,0.5
2022-2026 pooled,girls,SP,redwood-empire,next_best_mark,False,6,0,0.0,0,0.0,0,0.0
2022-2026 pooled,girls,SP,redwood-empire,unexplained,False,1,,,,,,
2022-2026 pooled,girls,SP,tri-valley,at_large_combined,True,7,2,0.2857,1,0.1429,2,0.2857
2022-2026 pooled,girls,SP,tri-valley,automatic,False,29,20,0.6897,14,0.4828,20,0.6897
2022-2026 pooled,girls,SP,tri-valley,next_best_mark,False,7,2,0.2857,1,0.1429,2,0.2857
2022-2026 pooled,girls,TJ,bay-shore,at_large_combined,True,7,0,0.0,0,0.0,0,0.0
2022-2026 pooled,girls,TJ,bay-shore,automatic,False,30,19,0.6333,17,0.5667,19,0.6333
2022-2026 pooled,girls,TJ,bay-shore,next_best_mark,False,7,0,0.0,0,0.0,0,0.0
2022-2026 pooled,girls,TJ,class-a,automatic,False,13,0,0.0,0,0.0,0,0.0
2022-2026 pooled,girls,TJ,class-a,unexplained,False,1,,,,,,
2022-2026 pooled,girls,TJ,redwood-empire,at_large_combined,True,2,,,,,,
2022-2026 pooled,girls,TJ,redwood-empire,automatic,False,28,10,0.3571,3,0.1071,10,0.3571
2022-2026 pooled,girls,TJ,redwood-empire,next_best_mark,False,2,,,,,,
2022-2026 pooled,girls,TJ,redwood-empire,replacement,False,2,,,,,,
2022-2026 pooled,girls,TJ,redwood-empire,unexplained,False,1,,,,,,
2022-2026 pooled,girls,TJ,tri-valley,at_large_combined,True,2,,,,,,
2022-2026 pooled,girls,TJ,tri-valley,automatic,False,30,15,0.5,9,0.3,15,0.5
2022-2026 pooled,girls,TJ,tri-valley,next_best_mark,False,2,,,,,,
2022-2026 pooled,girls,TJ,tri-valley,unexplained,False,1,,,,,,
2022-2026 pooled,girls,group:sprints_hurdles,bay-shore,at_large_combined,True,3,,,,,,
2022-2026 pooled,girls,group:sprints_hurdles,bay-shore,automatic,False,119,38,0.3193,28,0.2353,39,0.3277
2022-2026 pooled,girls,group:sprints_hurdles,bay-shore,next_best_mark,False,3,,,,,,
2022-2026 pooled,girls,group:sprints_hurdles,bay-shore,unexplained,False,3,,,,,,
2022-2026 pooled,girls,group:sprints_hurdles,class-a,at_large_combined,True,6,0,0.0,0,0.0,1,0.1667
2022-2026 pooled,girls,group:sprints_hurdles,class-a,at_large_standard,False,1,,,,,,
2022-2026 pooled,girls,group:sprints_hurdles,class-a,automatic,False,55,17,0.3091,17,0.3091,19,0.3455
2022-2026 pooled,girls,group:sprints_hurdles,class-a,next_best_mark,False,5,0,0.0,0,0.0,1,0.2
2022-2026 pooled,girls,group:sprints_hurdles,class-a,replacement,False,2,,,,,,
2022-2026 pooled,girls,group:sprints_hurdles,redwood-empire,at_large_combined,True,1,,,,,,
2022-2026 pooled,girls,group:sprints_hurdles,redwood-empire,automatic,False,105,17,0.1619,14,0.1333,19,0.181
2022-2026 pooled,girls,group:sprints_hurdles,redwood-empire,next_best_mark,False,1,,,,,,
2022-2026 pooled,girls,group:sprints_hurdles,redwood-empire,replacement,False,10,0,0.0,0,0.0,0,0.0
2022-2026 pooled,girls,group:sprints_hurdles,redwood-empire,unexplained,False,2,,,,,,
2022-2026 pooled,girls,group:sprints_hurdles,tri-valley,at_large_combined,True,54,6,0.1111,2,0.037,6,0.1111
2022-2026 pooled,girls,group:sprints_hurdles,tri-valley,at_large_standard,False,10,0,0.0,0,0.0,0,0.0
2022-2026 pooled,girls,group:sprints_hurdles,tri-valley,automatic,False,115,74,0.6435,60,0.5217,76,0.6609
2022-2026 pooled,girls,group:sprints_hurdles,tri-valley,next_best_mark,False,44,6,0.1364,2,0.0455,6,0.1364
2022-2026 pooled,girls,group:sprints_hurdles,tri-valley,replacement,False,4,,,,,,
2022-2026 pooled,girls,group:sprints_hurdles,tri-valley,unexplained,False,1,,,,,,
2022-2026 pooled,girls,group:400_800,bay-shore,automatic,False,51,8,0.1569,5,0.098,9,0.1765
2022-2026 pooled,girls,group:400_800,bay-shore,replacement,False,8,0,0.0,0,0.0,0,0.0
2022-2026 pooled,girls,group:400_800,bay-shore,unexplained,False,1,,,,,,
2022-2026 pooled,girls,group:400_800,class-a,at_large_combined,True,4,,,,,,
2022-2026 pooled,girls,group:400_800,class-a,at_large_standard,False,2,,,,,,
2022-2026 pooled,girls,group:400_800,class-a,automatic,False,23,8,0.3478,6,0.2609,8,0.3478
2022-2026 pooled,girls,group:400_800,class-a,next_best_mark,False,2,,,,,,
2022-2026 pooled,girls,group:400_800,class-a,replacement,False,4,,,,,,
2022-2026 pooled,girls,group:400_800,class-a,unexplained,False,2,,,,,,
2022-2026 pooled,girls,group:400_800,redwood-empire,automatic,False,52,14,0.2692,12,0.2308,21,0.4038
2022-2026 pooled,girls,group:400_800,redwood-empire,replacement,False,3,,,,,,
2022-2026 pooled,girls,group:400_800,redwood-empire,unexplained,False,1,,,,,,
2022-2026 pooled,girls,group:400_800,tri-valley,at_large_combined,True,24,7,0.2917,5,0.2083,12,0.5
2022-2026 pooled,girls,group:400_800,tri-valley,at_large_standard,False,6,0,0.0,0,0.0,1,0.1667
2022-2026 pooled,girls,group:400_800,tri-valley,automatic,False,55,41,0.7455,32,0.5818,45,0.8182
2022-2026 pooled,girls,group:400_800,tri-valley,next_best_mark,False,18,7,0.3889,5,0.2778,11,0.6111
2022-2026 pooled,girls,group:400_800,tri-valley,replacement,False,7,0,0.0,0,0.0,0,0.0
2022-2026 pooled,girls,group:400_800,tri-valley,unexplained,False,1,,,,,,
2022-2026 pooled,girls,group:distance,bay-shore,automatic,False,53,8,0.1509,6,0.1132,35,0.6604
2022-2026 pooled,girls,group:distance,bay-shore,replacement,False,4,,,,,,
2022-2026 pooled,girls,group:distance,bay-shore,unexplained,False,3,,,,,,
2022-2026 pooled,girls,group:distance,class-a,at_large_combined,True,7,1,0.1429,0,0.0,3,0.4286
2022-2026 pooled,girls,group:distance,class-a,at_large_standard,False,2,,,,,,
2022-2026 pooled,girls,group:distance,class-a,automatic,False,23,11,0.4783,9,0.3913,21,0.913
2022-2026 pooled,girls,group:distance,class-a,next_best_mark,False,5,1,0.2,0,0.0,3,0.6
2022-2026 pooled,girls,group:distance,class-a,replacement,False,4,,,,,,
2022-2026 pooled,girls,group:distance,class-a,unexplained,False,2,,,,,,
2022-2026 pooled,girls,group:distance,redwood-empire,at_large_combined,True,8,1,0.125,1,0.125,6,0.75
2022-2026 pooled,girls,group:distance,redwood-empire,at_large_standard,False,1,,,,,,
2022-2026 pooled,girls,group:distance,redwood-empire,automatic,False,55,27,0.4909,21,0.3818,47,0.8545
2022-2026 pooled,girls,group:distance,redwood-empire,next_best_mark,False,7,1,0.1429,1,0.1429,6,0.8571
2022-2026 pooled,girls,group:distance,redwood-empire,replacement,False,5,0,0.0,0,0.0,2,0.4
2022-2026 pooled,girls,group:distance,tri-valley,at_large_combined,True,28,3,0.1071,2,0.0714,12,0.4286
2022-2026 pooled,girls,group:distance,tri-valley,at_large_standard,False,15,1,0.0667,0,0.0,1,0.0667
2022-2026 pooled,girls,group:distance,tri-valley,automatic,False,47,28,0.5957,21,0.4468,42,0.8936
2022-2026 pooled,girls,group:distance,tri-valley,next_best_mark,False,13,2,0.1538,2,0.1538,11,0.8462
2022-2026 pooled,girls,group:distance,tri-valley,replacement,False,4,,,,,,
2022-2026 pooled,girls,group:distance,tri-valley,unexplained,False,1,,,,,,
2022-2026 pooled,girls,group:jumps,bay-shore,at_large_combined,True,21,1,0.0476,0,0.0,7,0.3333
2022-2026 pooled,girls,group:jumps,bay-shore,automatic,False,110,45,0.4091,38,0.3455,88,0.8
2022-2026 pooled,girls,group:jumps,bay-shore,next_best_mark,False,21,1,0.0476,0,0.0,7,0.3333
2022-2026 pooled,girls,group:jumps,bay-shore,replacement,False,3,,,,,,
2022-2026 pooled,girls,group:jumps,class-a,at_large_combined,True,1,,,,,,
2022-2026 pooled,girls,group:jumps,class-a,automatic,False,53,7,0.1321,3,0.0566,31,0.5849
2022-2026 pooled,girls,group:jumps,class-a,next_best_mark,False,1,,,,,,
2022-2026 pooled,girls,group:jumps,class-a,replacement,False,2,,,,,,
2022-2026 pooled,girls,group:jumps,class-a,unexplained,False,1,,,,,,
2022-2026 pooled,girls,group:jumps,redwood-empire,at_large_combined,True,18,4,0.2222,1,0.0556,15,0.8333
2022-2026 pooled,girls,group:jumps,redwood-empire,automatic,False,112,45,0.4018,31,0.2768,80,0.7143
2022-2026 pooled,girls,group:jumps,redwood-empire,next_best_mark,False,18,4,0.2222,1,0.0556,15,0.8333
2022-2026 pooled,girls,group:jumps,redwood-empire,replacement,False,5,0,0.0,0,0.0,1,0.2
2022-2026 pooled,girls,group:jumps,redwood-empire,unexplained,False,4,,,,,,
2022-2026 pooled,girls,group:jumps,tri-valley,at_large_combined,True,27,1,0.037,0,0.0,23,0.8519
2022-2026 pooled,girls,group:jumps,tri-valley,automatic,False,113,69,0.6106,49,0.4336,88,0.7788
2022-2026 pooled,girls,group:jumps,tri-valley,next_best_mark,False,27,1,0.037,0,0.0,23,0.8519
2022-2026 pooled,girls,group:jumps,tri-valley,replacement,False,4,,,,,,
2022-2026 pooled,girls,group:jumps,tri-valley,unexplained,False,2,,,,,,
2022-2026 pooled,girls,group:throws,bay-shore,at_large_combined,True,2,,,,,,
2022-2026 pooled,girls,group:throws,bay-shore,automatic,False,49,8,0.1633,5,0.102,8,0.1633
2022-2026 pooled,girls,group:throws,bay-shore,next_best_mark,False,2,,,,,,
2022-2026 pooled,girls,group:throws,bay-shore,replacement,False,1,,,,,,
2022-2026 pooled,girls,group:throws,class-a,automatic,False,28,7,0.25,6,0.2143,7,0.25
2022-2026 pooled,girls,group:throws,redwood-empire,at_large_combined,True,9,0,0.0,0,0.0,0,0.0
2022-2026 pooled,girls,group:throws,redwood-empire,automatic,False,56,24,0.4286,15,0.2679,24,0.4286
2022-2026 pooled,girls,group:throws,redwood-empire,next_best_mark,False,9,0,0.0,0,0.0,0,0.0
2022-2026 pooled,girls,group:throws,redwood-empire,unexplained,False,1,,,,,,
2022-2026 pooled,girls,group:throws,tri-valley,at_large_combined,True,16,5,0.3125,4,0.25,5,0.3125
2022-2026 pooled,girls,group:throws,tri-valley,automatic,False,59,44,0.7458,28,0.4746,44,0.7458
2022-2026 pooled,girls,group:throws,tri-valley,next_best_mark,False,16,5,0.3125,4,0.25,5,0.3125
2022-2026 pooled,girls,group:throws,tri-valley,unexplained,False,1,,,,,,
2022-2026 pooled,girls,group:relays,bay-shore,at_large_combined,True,1,,,,,,
2022-2026 pooled,girls,group:relays,bay-shore,automatic,False,56,14,0.25,11,0.1964,15,0.2679
2022-2026 pooled,girls,group:relays,bay-shore,next_best_mark,False,1,,,,,,
2022-2026 pooled,girls,group:relays,bay-shore,replacement,False,2,,,,,,
2022-2026 pooled,girls,group:relays,class-a,at_large_combined,True,1,,,,,,
2022-2026 pooled,girls,group:relays,class-a,automatic,False,28,4,0.1429,4,0.1429,4,0.1429
2022-2026 pooled,girls,group:relays,class-a,next_best_mark,False,1,,,,,,
2022-2026 pooled,girls,group:relays,class-a,replacement,False,2,,,,,,
2022-2026 pooled,girls,group:relays,redwood-empire,automatic,False,55,13,0.2364,5,0.0909,13,0.2364
2022-2026 pooled,girls,group:relays,redwood-empire,replacement,False,2,,,,,,
2022-2026 pooled,girls,group:relays,redwood-empire,unexplained,False,1,,,,,,
2022-2026 pooled,girls,group:relays,tri-valley,at_large_combined,True,28,3,0.1071,2,0.0714,4,0.1429
2022-2026 pooled,girls,group:relays,tri-valley,automatic,False,58,41,0.7069,37,0.6379,44,0.7586
2022-2026 pooled,girls,group:relays,tri-valley,next_best_mark,False,28,3,0.1071,2,0.0714,4,0.1429
2022-2026 pooled,girls,group:relays,tri-valley,replacement,False,1,,,,,,
2022-2026 pooled,girls,all,bay-shore,at_large_combined,True,27,1,0.037,0,0.0,7,0.2593
2022-2026 pooled,girls,all,bay-shore,automatic,False,438,121,0.2763,93,0.2123,194,0.4429
2022-2026 pooled,girls,all,bay-shore,next_best_mark,False,27,1,0.037,0,0.0,7,0.2593
2022-2026 pooled,girls,all,bay-shore,replacement,False,18,0,0.0,0,0.0,2,0.1111
2022-2026 pooled,girls,all,bay-shore,unexplained,False,7,0,0.0,0,0.0,0,0.0
2022-2026 pooled,girls,all,class-a,at_large_combined,True,19,1,0.0526,0,0.0,7,0.3684
2022-2026 pooled,girls,all,class-a,at_large_standard,False,5,0,0.0,0,0.0,1,0.2
2022-2026 pooled,girls,all,class-a,automatic,False,210,54,0.2571,45,0.2143,90,0.4286
2022-2026 pooled,girls,all,class-a,next_best_mark,False,14,1,0.0714,0,0.0,6,0.4286
2022-2026 pooled,girls,all,class-a,replacement,False,14,1,0.0714,0,0.0,3,0.2143
2022-2026 pooled,girls,all,class-a,unexplained,False,5,0,0.0,0,0.0,2,0.4
2022-2026 pooled,girls,all,redwood-empire,at_large_combined,True,36,5,0.1389,2,0.0556,21,0.5833
2022-2026 pooled,girls,all,redwood-empire,at_large_standard,False,1,,,,,,
2022-2026 pooled,girls,all,redwood-empire,automatic,False,435,140,0.3218,98,0.2253,204,0.469
2022-2026 pooled,girls,all,redwood-empire,next_best_mark,False,35,5,0.1429,2,0.0571,21,0.6
2022-2026 pooled,girls,all,redwood-empire,replacement,False,25,0,0.0,0,0.0,3,0.12
2022-2026 pooled,girls,all,redwood-empire,unexplained,False,9,0,0.0,0,0.0,2,0.2222
2022-2026 pooled,girls,all,tri-valley,at_large_combined,True,177,25,0.1412,15,0.0847,62,0.3503
2022-2026 pooled,girls,all,tri-valley,at_large_standard,False,31,1,0.0323,0,0.0,2,0.0645
2022-2026 pooled,girls,all,tri-valley,automatic,False,447,297,0.6644,227,0.5078,339,0.7584
2022-2026 pooled,girls,all,tri-valley,next_best_mark,False,146,24,0.1644,15,0.1027,60,0.411
2022-2026 pooled,girls,all,tri-valley,replacement,False,20,1,0.05,1,0.05,4,0.2
2022-2026 pooled,girls,all,tri-valley,unexplained,False,6,2,0.3333,1,0.1667,3,0.5
2022-2026 pooled,boys,100,bay-shore,at_large_combined,True,4,,,,,,
2022-2026 pooled,boys,100,bay-shore,at_large_standard,False,2,,,,,,
2022-2026 pooled,boys,100,bay-shore,automatic,False,30,17,0.5667,12,0.4,17,0.5667
2022-2026 pooled,boys,100,bay-shore,next_best_mark,False,2,,,,,,
2022-2026 pooled,boys,100,class-a,automatic,False,14,0,0.0,0,0.0,0,0.0
2022-2026 pooled,boys,100,redwood-empire,at_large_combined,True,2,,,,,,
2022-2026 pooled,boys,100,redwood-empire,at_large_standard,False,2,,,,,,
2022-2026 pooled,boys,100,redwood-empire,automatic,False,29,5,0.1724,3,0.1034,5,0.1724
2022-2026 pooled,boys,100,tri-valley,at_large_combined,True,24,1,0.0417,0,0.0,1,0.0417
2022-2026 pooled,boys,100,tri-valley,at_large_standard,False,11,0,0.0,0,0.0,0,0.0
2022-2026 pooled,boys,100,tri-valley,automatic,False,29,17,0.5862,15,0.5172,17,0.5862
2022-2026 pooled,boys,100,tri-valley,next_best_mark,False,13,1,0.0769,0,0.0,1,0.0769
2022-2026 pooled,boys,100,tri-valley,unexplained,False,3,,,,,,
2022-2026 pooled,boys,110H,bay-shore,at_large_combined,True,1,,,,,,
2022-2026 pooled,boys,110H,bay-shore,automatic,False,27,8,0.2963,7,0.2593,10,0.3704
2022-2026 pooled,boys,110H,bay-shore,next_best_mark,False,1,,,,,,
2022-2026 pooled,boys,110H,class-a,at_large_combined,True,1,,,,,,
2022-2026 pooled,boys,110H,class-a,automatic,False,13,1,0.0769,1,0.0769,1,0.0769
2022-2026 pooled,boys,110H,class-a,next_best_mark,False,1,,,,,,
2022-2026 pooled,boys,110H,class-a,replacement,False,2,,,,,,
2022-2026 pooled,boys,110H,redwood-empire,at_large_combined,True,1,,,,,,
2022-2026 pooled,boys,110H,redwood-empire,automatic,False,27,6,0.2222,4,0.1481,6,0.2222
2022-2026 pooled,boys,110H,redwood-empire,next_best_mark,False,1,,,,,,
2022-2026 pooled,boys,110H,redwood-empire,replacement,False,1,,,,,,
2022-2026 pooled,boys,110H,tri-valley,at_large_combined,True,11,0,0.0,0,0.0,0,0.0
2022-2026 pooled,boys,110H,tri-valley,automatic,False,28,22,0.7857,18,0.6429,23,0.8214
2022-2026 pooled,boys,110H,tri-valley,next_best_mark,False,11,0,0.0,0,0.0,0,0.0
2022-2026 pooled,boys,110H,tri-valley,replacement,False,1,,,,,,
2022-2026 pooled,boys,110H,tri-valley,unexplained,False,1,,,,,,
2022-2026 pooled,boys,1600,bay-shore,at_large_combined,True,1,,,,,,
2022-2026 pooled,boys,1600,bay-shore,at_large_standard,False,1,,,,,,
2022-2026 pooled,boys,1600,bay-shore,automatic,False,26,9,0.3462,6,0.2308,15,0.5769
2022-2026 pooled,boys,1600,bay-shore,replacement,False,3,,,,,,
2022-2026 pooled,boys,1600,class-a,automatic,False,9,3,0.3333,2,0.2222,3,0.3333
2022-2026 pooled,boys,1600,class-a,replacement,False,6,0,0.0,0,0.0,0,0.0
2022-2026 pooled,boys,1600,class-a,unexplained,False,1,,,,,,
2022-2026 pooled,boys,1600,redwood-empire,at_large_combined,True,6,1,0.1667,1,0.1667,3,0.5
2022-2026 pooled,boys,1600,redwood-empire,at_large_standard,False,3,,,,,,
2022-2026 pooled,boys,1600,redwood-empire,automatic,False,25,5,0.2,3,0.12,10,0.4
2022-2026 pooled,boys,1600,redwood-empire,next_best_mark,False,3,,,,,,
2022-2026 pooled,boys,1600,redwood-empire,replacement,False,1,,,,,,
2022-2026 pooled,boys,1600,tri-valley,at_large_combined,True,21,6,0.2857,3,0.1429,8,0.381
2022-2026 pooled,boys,1600,tri-valley,at_large_standard,False,12,2,0.1667,1,0.0833,3,0.25
2022-2026 pooled,boys,1600,tri-valley,automatic,False,27,15,0.5556,14,0.5185,20,0.7407
2022-2026 pooled,boys,1600,tri-valley,next_best_mark,False,9,4,0.4444,2,0.2222,5,0.5556
2022-2026 pooled,boys,1600,tri-valley,replacement,False,2,,,,,,
2022-2026 pooled,boys,200,bay-shore,at_large_combined,True,7,1,0.1429,1,0.1429,1,0.1429
2022-2026 pooled,boys,200,bay-shore,at_large_standard,False,6,1,0.1667,1,0.1667,1,0.1667
2022-2026 pooled,boys,200,bay-shore,automatic,False,25,12,0.48,10,0.4,14,0.56
2022-2026 pooled,boys,200,bay-shore,next_best_mark,False,1,,,,,,
2022-2026 pooled,boys,200,class-a,at_large_combined,True,1,,,,,,
2022-2026 pooled,boys,200,class-a,at_large_standard,False,1,,,,,,
2022-2026 pooled,boys,200,class-a,automatic,False,12,0,0.0,0,0.0,0,0.0
2022-2026 pooled,boys,200,class-a,replacement,False,2,,,,,,
2022-2026 pooled,boys,200,redwood-empire,at_large_combined,True,1,,,,,,
2022-2026 pooled,boys,200,redwood-empire,automatic,False,25,1,0.04,1,0.04,2,0.08
2022-2026 pooled,boys,200,redwood-empire,next_best_mark,False,1,,,,,,
2022-2026 pooled,boys,200,redwood-empire,replacement,False,2,,,,,,
2022-2026 pooled,boys,200,tri-valley,at_large_combined,True,27,3,0.1111,3,0.1111,3,0.1111
2022-2026 pooled,boys,200,tri-valley,at_large_standard,False,15,0,0.0,0,0.0,0,0.0
2022-2026 pooled,boys,200,tri-valley,automatic,False,26,17,0.6538,15,0.5769,20,0.7692
2022-2026 pooled,boys,200,tri-valley,next_best_mark,False,12,3,0.25,3,0.25,3,0.25
2022-2026 pooled,boys,200,tri-valley,replacement,False,1,,,,,,
2022-2026 pooled,boys,300H,bay-shore,automatic,False,24,7,0.2917,6,0.25,8,0.3333
2022-2026 pooled,boys,300H,bay-shore,replacement,False,2,,,,,,
2022-2026 pooled,boys,300H,class-a,automatic,False,15,5,0.3333,4,0.2667,5,0.3333
2022-2026 pooled,boys,300H,redwood-empire,at_large_combined,True,2,,,,,,
2022-2026 pooled,boys,300H,redwood-empire,automatic,False,28,8,0.2857,6,0.2143,8,0.2857
2022-2026 pooled,boys,300H,redwood-empire,next_best_mark,False,2,,,,,,
2022-2026 pooled,boys,300H,tri-valley,at_large_combined,True,15,1,0.0667,0,0.0,1,0.0667
2022-2026 pooled,boys,300H,tri-valley,at_large_standard,False,4,,,,,,
2022-2026 pooled,boys,300H,tri-valley,automatic,False,29,16,0.5517,14,0.4828,17,0.5862
2022-2026 pooled,boys,300H,tri-valley,next_best_mark,False,11,1,0.0909,0,0.0,1,0.0909
2022-2026 pooled,boys,300H,tri-valley,replacement,False,1,,,,,,
2022-2026 pooled,boys,3200,bay-shore,at_large_combined,True,3,,,,,,
2022-2026 pooled,boys,3200,bay-shore,automatic,False,30,14,0.4667,12,0.4,30,1.0
2022-2026 pooled,boys,3200,bay-shore,next_best_mark,False,3,,,,,,
2022-2026 pooled,boys,3200,class-a,automatic,False,15,6,0.4,4,0.2667,15,1.0
2022-2026 pooled,boys,3200,redwood-empire,automatic,False,30,5,0.1667,4,0.1333,30,1.0
2022-2026 pooled,boys,3200,tri-valley,at_large_combined,True,11,2,0.1818,0,0.0,11,1.0
2022-2026 pooled,boys,3200,tri-valley,automatic,False,30,13,0.4333,10,0.3333,30,1.0
2022-2026 pooled,boys,3200,tri-valley,next_best_mark,False,11,2,0.1818,0,0.0,11,1.0
2022-2026 pooled,boys,400,bay-shore,at_large_combined,True,1,,,,,,
2022-2026 pooled,boys,400,bay-shore,automatic,False,29,7,0.2414,6,0.2069,9,0.3103
2022-2026 pooled,boys,400,bay-shore,next_best_mark,False,1,,,,,,
2022-2026 pooled,boys,400,bay-shore,replacement,False,1,,,,,,
2022-2026 pooled,boys,400,class-a,automatic,False,13,1,0.0769,0,0.0,1,0.0769
2022-2026 pooled,boys,400,class-a,replacement,False,1,,,,,,
2022-2026 pooled,boys,400,redwood-empire,at_large_combined,True,1,,,,,,
2022-2026 pooled,boys,400,redwood-empire,at_large_standard,False,1,,,,,,
2022-2026 pooled,boys,400,redwood-empire,automatic,False,26,6,0.2308,5,0.1923,6,0.2308
2022-2026 pooled,boys,400,redwood-empire,replacement,False,1,,,,,,
2022-2026 pooled,boys,400,tri-valley,at_large_combined,True,15,1,0.0667,0,0.0,1,0.0667
2022-2026 pooled,boys,400,tri-valley,at_large_standard,False,1,,,,,,
2022-2026 pooled,boys,400,tri-valley,automatic,False,30,21,0.7,18,0.6,21,0.7
2022-2026 pooled,boys,400,tri-valley,next_best_mark,False,14,1,0.0714,0,0.0,1,0.0714
2022-2026 pooled,boys,4x100,bay-shore,at_large_combined,True,1,,,,,,
2022-2026 pooled,boys,4x100,bay-shore,automatic,False,30,8,0.2667,6,0.2,9,0.3
2022-2026 pooled,boys,4x100,bay-shore,next_best_mark,False,1,,,,,,
2022-2026 pooled,boys,4x100,class-a,automatic,False,13,0,0.0,0,0.0,1,0.0769
2022-2026 pooled,boys,4x100,class-a,replacement,False,2,,,,,,
2022-2026 pooled,boys,4x100,redwood-empire,at_large_combined,True,1,,,,,,
2022-2026 pooled,boys,4x100,redwood-empire,automatic,False,29,6,0.2069,6,0.2069,7,0.2414
2022-2026 pooled,boys,4x100,redwood-empire,next_best_mark,False,1,,,,,,
2022-2026 pooled,boys,4x100,tri-valley,at_large_combined,True,13,3,0.2308,2,0.1538,3,0.2308
2022-2026 pooled,boys,4x100,tri-valley,automatic,False,30,18,0.6,16,0.5333,20,0.6667
2022-2026 pooled,boys,4x100,tri-valley,next_best_mark,False,13,3,0.2308,2,0.1538,3,0.2308
2022-2026 pooled,boys,4x100,tri-valley,unexplained,False,2,,,,,,
2022-2026 pooled,boys,4x400,bay-shore,at_large_combined,True,2,,,,,,
2022-2026 pooled,boys,4x400,bay-shore,automatic,False,29,7,0.2414,5,0.1724,9,0.3103
2022-2026 pooled,boys,4x400,bay-shore,next_best_mark,False,2,,,,,,
2022-2026 pooled,boys,4x400,bay-shore,replacement,False,1,,,,,,
2022-2026 pooled,boys,4x400,bay-shore,unexplained,False,1,,,,,,
2022-2026 pooled,boys,4x400,class-a,automatic,False,12,3,0.25,3,0.25,3,0.25
2022-2026 pooled,boys,4x400,class-a,replacement,False,1,,,,,,
2022-2026 pooled,boys,4x400,redwood-empire,automatic,False,26,6,0.2308,6,0.2308,6,0.2308
2022-2026 pooled,boys,4x400,redwood-empire,replacement,False,4,,,,,,
2022-2026 pooled,boys,4x400,tri-valley,at_large_combined,True,12,3,0.25,1,0.0833,4,0.3333
2022-2026 pooled,boys,4x400,tri-valley,automatic,False,29,21,0.7241,15,0.5172,21,0.7241
2022-2026 pooled,boys,4x400,tri-valley,next_best_mark,False,12,3,0.25,1,0.0833,4,0.3333
2022-2026 pooled,boys,800,bay-shore,automatic,False,23,11,0.4783,9,0.3913,17,0.7391
2022-2026 pooled,boys,800,bay-shore,replacement,False,5,0,0.0,0,0.0,1,0.2
2022-2026 pooled,boys,800,class-a,at_large_combined,True,4,,,,,,
2022-2026 pooled,boys,800,class-a,at_large_standard,False,4,,,,,,
2022-2026 pooled,boys,800,class-a,automatic,False,12,3,0.25,2,0.1667,3,0.25
2022-2026 pooled,boys,800,class-a,replacement,False,1,,,,,,
2022-2026 pooled,boys,800,class-a,unexplained,False,2,,,,,,
2022-2026 pooled,boys,800,redwood-empire,at_large_combined,True,10,0,0.0,0,0.0,1,0.1
2022-2026 pooled,boys,800,redwood-empire,at_large_standard,False,7,0,0.0,0,0.0,0,0.0
2022-2026 pooled,boys,800,redwood-empire,automatic,False,25,7,0.28,5,0.2,13,0.52
2022-2026 pooled,boys,800,redwood-empire,next_best_mark,False,3,,,,,,
2022-2026 pooled,boys,800,tri-valley,at_large_combined,True,18,2,0.1111,2,0.1111,4,0.2222
2022-2026 pooled,boys,800,tri-valley,at_large_standard,False,9,1,0.1111,1,0.1111,3,0.3333
2022-2026 pooled,boys,800,tri-valley,automatic,False,25,17,0.68,12,0.48,22,0.88
2022-2026 pooled,boys,800,tri-valley,next_best_mark,False,9,1,0.1111,1,0.1111,1,0.1111
2022-2026 pooled,boys,800,tri-valley,replacement,False,2,,,,,,
2022-2026 pooled,boys,DT,bay-shore,automatic,False,29,10,0.3448,8,0.2759,10,0.3448
2022-2026 pooled,boys,DT,bay-shore,replacement,False,1,,,,,,
2022-2026 pooled,boys,DT,class-a,automatic,False,14,1,0.0714,0,0.0,1,0.0714
2022-2026 pooled,boys,DT,redwood-empire,at_large_combined,True,6,2,0.3333,0,0.0,2,0.3333
2022-2026 pooled,boys,DT,redwood-empire,automatic,False,29,16,0.5517,12,0.4138,16,0.5517
2022-2026 pooled,boys,DT,redwood-empire,next_best_mark,False,6,2,0.3333,0,0.0,2,0.3333
2022-2026 pooled,boys,DT,redwood-empire,replacement,False,2,,,,,,
2022-2026 pooled,boys,DT,redwood-empire,unexplained,False,1,,,,,,
2022-2026 pooled,boys,DT,tri-valley,at_large_combined,True,7,1,0.1429,0,0.0,1,0.1429
2022-2026 pooled,boys,DT,tri-valley,automatic,False,29,14,0.4828,9,0.3103,14,0.4828
2022-2026 pooled,boys,DT,tri-valley,next_best_mark,False,7,1,0.1429,0,0.0,1,0.1429
2022-2026 pooled,boys,DT,unknown,unexplained,False,1,,,,,,
2022-2026 pooled,boys,HJ,bay-shore,at_large_combined,True,1,,,,,,
2022-2026 pooled,boys,HJ,bay-shore,automatic,False,27,5,0.1852,3,0.1111,27,1.0
2022-2026 pooled,boys,HJ,bay-shore,next_best_mark,False,1,,,,,,
2022-2026 pooled,boys,HJ,bay-shore,replacement,False,1,,,,,,
2022-2026 pooled,boys,HJ,class-a,automatic,False,12,1,0.0833,0,0.0,12,1.0
2022-2026 pooled,boys,HJ,redwood-empire,at_large_combined,True,3,,,,,,
2022-2026 pooled,boys,HJ,redwood-empire,automatic,False,28,17,0.6071,12,0.4286,28,1.0
2022-2026 pooled,boys,HJ,redwood-empire,next_best_mark,False,3,,,,,,
2022-2026 pooled,boys,HJ,redwood-empire,replacement,False,2,,,,,,
2022-2026 pooled,boys,HJ,tri-valley,at_large_combined,True,19,3,0.1579,2,0.1053,19,1.0
2022-2026 pooled,boys,HJ,tri-valley,automatic,False,29,18,0.6207,17,0.5862,29,1.0
2022-2026 pooled,boys,HJ,tri-valley,next_best_mark,False,19,3,0.1579,2,0.1053,19,1.0
2022-2026 pooled,boys,LJ,bay-shore,at_large_combined,True,5,0,0.0,0,0.0,0,0.0
2022-2026 pooled,boys,LJ,bay-shore,automatic,False,25,17,0.68,15,0.6,17,0.68
2022-2026 pooled,boys,LJ,bay-shore,next_best_mark,False,5,0,0.0,0,0.0,0,0.0
2022-2026 pooled,boys,LJ,bay-shore,replacement,False,1,,,,,,
2022-2026 pooled,boys,LJ,class-a,at_large_combined,True,1,,,,,,
2022-2026 pooled,boys,LJ,class-a,automatic,False,11,3,0.2727,2,0.1818,3,0.2727
2022-2026 pooled,boys,LJ,class-a,next_best_mark,False,1,,,,,,
2022-2026 pooled,boys,LJ,class-a,replacement,False,2,,,,,,
2022-2026 pooled,boys,LJ,class-a,unexplained,False,1,,,,,,
2022-2026 pooled,boys,LJ,redwood-empire,automatic,False,25,3,0.12,2,0.08,3,0.12
2022-2026 pooled,boys,LJ,redwood-empire,replacement,False,1,,,,,,
2022-2026 pooled,boys,LJ,redwood-empire,unexplained,False,2,,,,,,
2022-2026 pooled,boys,LJ,tri-valley,at_large_combined,True,7,3,0.4286,1,0.1429,3,0.4286
2022-2026 pooled,boys,LJ,tri-valley,automatic,False,27,18,0.6667,12,0.4444,18,0.6667
2022-2026 pooled,boys,LJ,tri-valley,next_best_mark,False,7,3,0.4286,1,0.1429,3,0.4286
2022-2026 pooled,boys,LJ,tri-valley,replacement,False,2,,,,,,
2022-2026 pooled,boys,LJ,tri-valley,unexplained,False,1,,,,,,
2022-2026 pooled,boys,PV,bay-shore,automatic,False,28,8,0.2857,7,0.25,28,1.0
2022-2026 pooled,boys,PV,bay-shore,replacement,False,1,,,,,,
2022-2026 pooled,boys,PV,class-a,automatic,False,13,0,0.0,0,0.0,13,1.0
2022-2026 pooled,boys,PV,redwood-empire,at_large_combined,True,2,,,,,,
2022-2026 pooled,boys,PV,redwood-empire,automatic,False,25,9,0.36,7,0.28,25,1.0
2022-2026 pooled,boys,PV,redwood-empire,next_best_mark,False,2,,,,,,
2022-2026 pooled,boys,PV,redwood-empire,replacement,False,3,,,,,,
2022-2026 pooled,boys,PV,tri-valley,at_large_combined,True,15,6,0.4,2,0.1333,15,1.0
2022-2026 pooled,boys,PV,tri-valley,automatic,False,28,18,0.6429,15,0.5357,28,1.0
2022-2026 pooled,boys,PV,tri-valley,next_best_mark,False,15,6,0.4,2,0.1333,15,1.0
2022-2026 pooled,boys,SP,bay-shore,at_large_combined,True,1,,,,,,
2022-2026 pooled,boys,SP,bay-shore,automatic,False,30,12,0.4,5,0.1667,12,0.4
2022-2026 pooled,boys,SP,bay-shore,next_best_mark,False,1,,,,,,
2022-2026 pooled,boys,SP,class-a,automatic,False,14,1,0.0714,1,0.0714,1,0.0714
2022-2026 pooled,boys,SP,class-a,replacement,False,1,,,,,,
2022-2026 pooled,boys,SP,redwood-empire,at_large_combined,True,6,1,0.1667,1,0.1667,1,0.1667
2022-2026 pooled,boys,SP,redwood-empire,automatic,False,30,16,0.5333,13,0.4333,16,0.5333
2022-2026 pooled,boys,SP,redwood-empire,next_best_mark,False,6,1,0.1667,1,0.1667,1,0.1667
2022-2026 pooled,boys,SP,tri-valley,at_large_combined,True,7,1,0.1429,1,0.1429,1,0.1429
2022-2026 pooled,boys,SP,tri-valley,automatic,False,29,14,0.4828,9,0.3103,14,0.4828
2022-2026 pooled,boys,SP,tri-valley,next_best_mark,False,7,1,0.1429,1,0.1429,1,0.1429
2022-2026 pooled,boys,TJ,bay-shore,at_large_combined,True,3,,,,,,
2022-2026 pooled,boys,TJ,bay-shore,automatic,False,27,12,0.4444,8,0.2963,12,0.4444
2022-2026 pooled,boys,TJ,bay-shore,next_best_mark,False,3,,,,,,
2022-2026 pooled,boys,TJ,bay-shore,unexplained,False,1,,,,,,
2022-2026 pooled,boys,TJ,class-a,automatic,False,12,5,0.4167,2,0.1667,5,0.4167
2022-2026 pooled,boys,TJ,class-a,replacement,False,1,,,,,,
2022-2026 pooled,boys,TJ,class-a,unexplained,False,1,,,,,,
2022-2026 pooled,boys,TJ,redwood-empire,at_large_combined,True,2,,,,,,
2022-2026 pooled,boys,TJ,redwood-empire,automatic,False,28,7,0.25,4,0.1429,7,0.25
2022-2026 pooled,boys,TJ,redwood-empire,next_best_mark,False,2,,,,,,
2022-2026 pooled,boys,TJ,redwood-empire,replacement,False,1,,,,,,
2022-2026 pooled,boys,TJ,tri-valley,at_large_combined,True,7,0,0.0,0,0.0,0,0.0
2022-2026 pooled,boys,TJ,tri-valley,automatic,False,30,20,0.6667,15,0.5,20,0.6667
2022-2026 pooled,boys,TJ,tri-valley,next_best_mark,False,7,0,0.0,0,0.0,0,0.0
2022-2026 pooled,boys,TJ,unknown,unexplained,False,1,,,,,,
2022-2026 pooled,boys,group:sprints_hurdles,bay-shore,at_large_combined,True,12,1,0.0833,1,0.0833,1,0.0833
2022-2026 pooled,boys,group:sprints_hurdles,bay-shore,at_large_standard,False,8,1,0.125,1,0.125,1,0.125
2022-2026 pooled,boys,group:sprints_hurdles,bay-shore,automatic,False,106,44,0.4151,35,0.3302,49,0.4623
2022-2026 pooled,boys,group:sprints_hurdles,bay-shore,next_best_mark,False,4,,,,,,
2022-2026 pooled,boys,group:sprints_hurdles,bay-shore,replacement,False,2,,,,,,
2022-2026 pooled,boys,group:sprints_hurdles,class-a,at_large_combined,True,2,,,,,,
2022-2026 pooled,boys,group:sprints_hurdles,class-a,at_large_standard,False,1,,,,,,
2022-2026 pooled,boys,group:sprints_hurdles,class-a,automatic,False,54,6,0.1111,5,0.0926,6,0.1111
2022-2026 pooled,boys,group:sprints_hurdles,class-a,next_best_mark,False,1,,,,,,
2022-2026 pooled,boys,group:sprints_hurdles,class-a,replacement,False,4,,,,,,
2022-2026 pooled,boys,group:sprints_hurdles,redwood-empire,at_large_combined,True,6,0,0.0,0,0.0,0,0.0
2022-2026 pooled,boys,group:sprints_hurdles,redwood-empire,at_large_standard,False,2,,,,,,
2022-2026 pooled,boys,group:sprints_hurdles,redwood-empire,automatic,False,109,20,0.1835,14,0.1284,21,0.1927
2022-2026 pooled,boys,group:sprints_hurdles,redwood-empire,next_best_mark,False,4,,,,,,
2022-2026 pooled,boys,group:sprints_hurdles,redwood-empire,replacement,False,3,,,,,,
2022-2026 pooled,boys,group:sprints_hurdles,tri-valley,at_large_combined,True,77,5,0.0649,3,0.039,5,0.0649
2022-2026 pooled,boys,group:sprints_hurdles,tri-valley,at_large_standard,False,30,0,0.0,0,0.0,0,0.0
2022-2026 pooled,boys,group:sprints_hurdles,tri-valley,automatic,False,112,72,0.6429,62,0.5536,77,0.6875
2022-2026 pooled,boys,group:sprints_hurdles,tri-valley,next_best_mark,False,47,5,0.1064,3,0.0638,5,0.1064
2022-2026 pooled,boys,group:sprints_hurdles,tri-valley,replacement,False,3,,,,,,
2022-2026 pooled,boys,group:sprints_hurdles,tri-valley,unexplained,False,4,,,,,,
2022-2026 pooled,boys,group:400_800,bay-shore,at_large_combined,True,1,,,,,,
2022-2026 pooled,boys,group:400_800,bay-shore,automatic,False,52,18,0.3462,15,0.2885,26,0.5
2022-2026 pooled,boys,group:400_800,bay-shore,next_best_mark,False,1,,,,,,
2022-2026 pooled,boys,group:400_800,bay-shore,replacement,False,6,0,0.0,0,0.0,1,0.1667
2022-2026 pooled,boys,group:400_800,class-a,at_large_combined,True,4,,,,,,
2022-2026 pooled,boys,group:400_800,class-a,at_large_standard,False,4,,,,,,
2022-2026 pooled,boys,group:400_800,class-a,automatic,False,25,4,0.16,2,0.08,4,0.16
2022-2026 pooled,boys,group:400_800,class-a,replacement,False,2,,,,,,
2022-2026 pooled,boys,group:400_800,class-a,unexplained,False,2,,,,,,
2022-2026 pooled,boys,group:400_800,redwood-empire,at_large_combined,True,11,0,0.0,0,0.0,1,0.0909
2022-2026 pooled,boys,group:400_800,redwood-empire,at_large_standard,False,8,0,0.0,0,0.0,0,0.0
2022-2026 pooled,boys,group:400_800,redwood-empire,automatic,False,51,13,0.2549,10,0.1961,19,0.3725
2022-2026 pooled,boys,group:400_800,redwood-empire,next_best_mark,False,3,,,,,,
2022-2026 pooled,boys,group:400_800,redwood-empire,replacement,False,1,,,,,,
2022-2026 pooled,boys,group:400_800,tri-valley,at_large_combined,True,33,3,0.0909,2,0.0606,5,0.1515
2022-2026 pooled,boys,group:400_800,tri-valley,at_large_standard,False,10,1,0.1,1,0.1,3,0.3
2022-2026 pooled,boys,group:400_800,tri-valley,automatic,False,55,38,0.6909,30,0.5455,43,0.7818
2022-2026 pooled,boys,group:400_800,tri-valley,next_best_mark,False,23,2,0.087,1,0.0435,2,0.087
2022-2026 pooled,boys,group:400_800,tri-valley,replacement,False,2,,,,,,
2022-2026 pooled,boys,group:distance,bay-shore,at_large_combined,True,4,,,,,,
2022-2026 pooled,boys,group:distance,bay-shore,at_large_standard,False,1,,,,,,
2022-2026 pooled,boys,group:distance,bay-shore,automatic,False,56,23,0.4107,18,0.3214,45,0.8036
2022-2026 pooled,boys,group:distance,bay-shore,next_best_mark,False,3,,,,,,
2022-2026 pooled,boys,group:distance,bay-shore,replacement,False,3,,,,,,
2022-2026 pooled,boys,group:distance,class-a,automatic,False,24,9,0.375,6,0.25,18,0.75
2022-2026 pooled,boys,group:distance,class-a,replacement,False,6,0,0.0,0,0.0,0,0.0
2022-2026 pooled,boys,group:distance,class-a,unexplained,False,1,,,,,,
2022-2026 pooled,boys,group:distance,redwood-empire,at_large_combined,True,6,1,0.1667,1,0.1667,3,0.5
2022-2026 pooled,boys,group:distance,redwood-empire,at_large_standard,False,3,,,,,,
2022-2026 pooled,boys,group:distance,redwood-empire,automatic,False,55,10,0.1818,7,0.1273,40,0.7273
2022-2026 pooled,boys,group:distance,redwood-empire,next_best_mark,False,3,,,,,,
2022-2026 pooled,boys,group:distance,redwood-empire,replacement,False,1,,,,,,
2022-2026 pooled,boys,group:distance,tri-valley,at_large_combined,True,32,8,0.25,3,0.0938,19,0.5938
2022-2026 pooled,boys,group:distance,tri-valley,at_large_standard,False,12,2,0.1667,1,0.0833,3,0.25
2022-2026 pooled,boys,group:distance,tri-valley,automatic,False,57,28,0.4912,24,0.4211,50,0.8772
2022-2026 pooled,boys,group:distance,tri-valley,next_best_mark,False,20,6,0.3,2,0.1,16,0.8
2022-2026 pooled,boys,group:distance,tri-valley,replacement,False,2,,,,,,
2022-2026 pooled,boys,group:jumps,bay-shore,at_large_combined,True,9,1,0.1111,1,0.1111,2,0.2222
2022-2026 pooled,boys,group:jumps,bay-shore,automatic,False,107,42,0.3925,33,0.3084,84,0.785
2022-2026 pooled,boys,group:jumps,bay-shore,next_best_mark,False,9,1,0.1111,1,0.1111,2,0.2222
2022-2026 pooled,boys,group:jumps,bay-shore,replacement,False,3,,,,,,
2022-2026 pooled,boys,group:jumps,bay-shore,unexplained,False,1,,,,,,
2022-2026 pooled,boys,group:jumps,class-a,at_large_combined,True,1,,,,,,
2022-2026 pooled,boys,group:jumps,class-a,automatic,False,48,9,0.1875,4,0.0833,33,0.6875
2022-2026 pooled,boys,group:jumps,class-a,next_best_mark,False,1,,,,,,
2022-2026 pooled,boys,group:jumps,class-a,replacement,False,3,,,,,,
2022-2026 pooled,boys,group:jumps,class-a,unexplained,False,2,,,,,,
2022-2026 pooled,boys,group:jumps,redwood-empire,at_large_combined,True,7,1,0.1429,0,0.0,5,0.7143
2022-2026 pooled,boys,group:jumps,redwood-empire,automatic,False,106,36,0.3396,25,0.2358,63,0.5943
2022-2026 pooled,boys,group:jumps,redwood-empire,next_best_mark,False,7,1,0.1429,0,0.0,5,0.7143
2022-2026 pooled,boys,group:jumps,redwood-empire,replacement,False,7,0,0.0,0,0.0,5,0.7143
2022-2026 pooled,boys,group:jumps,redwood-empire,unexplained,False,2,,,,,,
2022-2026 pooled,boys,group:jumps,tri-valley,at_large_combined,True,48,12,0.25,5,0.1042,37,0.7708
2022-2026 pooled,boys,group:jumps,tri-valley,automatic,False,114,74,0.6491,59,0.5175,95,0.8333
2022-2026 pooled,boys,group:jumps,tri-valley,next_best_mark,False,48,12,0.25,5,0.1042,37,0.7708
2022-2026 pooled,boys,group:jumps,tri-valley,replacement,False,2,,,,,,
2022-2026 pooled,boys,group:jumps,tri-valley,unexplained,False,1,,,,,,
2022-2026 pooled,boys,group:jumps,unknown,unexplained,False,1,,,,,,
2022-2026 pooled,boys,group:throws,bay-shore,at_large_combined,True,1,,,,,,
2022-2026 pooled,boys,group:throws,bay-shore,automatic,False,59,22,0.3729,13,0.2203,22,0.3729
2022-2026 pooled,boys,group:throws,bay-shore,next_best_mark,False,1,,,,,,
2022-2026 pooled,boys,group:throws,bay-shore,replacement,False,1,,,,,,
2022-2026 pooled,boys,group:throws,class-a,automatic,False,28,2,0.0714,1,0.0357,2,0.0714
2022-2026 pooled,boys,group:throws,class-a,replacement,False,1,,,,,,
2022-2026 pooled,boys,group:throws,redwood-empire,at_large_combined,True,12,3,0.25,1,0.0833,3,0.25
2022-2026 pooled,boys,group:throws,redwood-empire,automatic,False,59,32,0.5424,25,0.4237,32,0.5424
2022-2026 pooled,boys,group:throws,redwood-empire,next_best_mark,False,12,3,0.25,1,0.0833,3,0.25
2022-2026 pooled,boys,group:throws,redwood-empire,replacement,False,2,,,,,,
2022-2026 pooled,boys,group:throws,redwood-empire,unexplained,False,1,,,,,,
2022-2026 pooled,boys,group:throws,tri-valley,at_large_combined,True,14,2,0.1429,1,0.0714,2,0.1429
2022-2026 pooled,boys,group:throws,tri-valley,automatic,False,58,28,0.4828,18,0.3103,28,0.4828
2022-2026 pooled,boys,group:throws,tri-valley,next_best_mark,False,14,2,0.1429,1,0.0714,2,0.1429
2022-2026 pooled,boys,group:throws,unknown,unexplained,False,1,,,,,,
2022-2026 pooled,boys,group:relays,bay-shore,at_large_combined,True,3,,,,,,
2022-2026 pooled,boys,group:relays,bay-shore,automatic,False,59,15,0.2542,11,0.1864,18,0.3051
2022-2026 pooled,boys,group:relays,bay-shore,next_best_mark,False,3,,,,,,
2022-2026 pooled,boys,group:relays,bay-shore,replacement,False,1,,,,,,
2022-2026 pooled,boys,group:relays,bay-shore,unexplained,False,1,,,,,,
2022-2026 pooled,boys,group:relays,class-a,automatic,False,25,3,0.12,3,0.12,4,0.16
2022-2026 pooled,boys,group:relays,class-a,replacement,False,3,,,,,,
2022-2026 pooled,boys,group:relays,redwood-empire,at_large_combined,True,1,,,,,,
2022-2026 pooled,boys,group:relays,redwood-empire,automatic,False,55,12,0.2182,12,0.2182,13,0.2364
2022-2026 pooled,boys,group:relays,redwood-empire,next_best_mark,False,1,,,,,,
2022-2026 pooled,boys,group:relays,redwood-empire,replacement,False,4,,,,,,
2022-2026 pooled,boys,group:relays,tri-valley,at_large_combined,True,25,6,0.24,3,0.12,7,0.28
2022-2026 pooled,boys,group:relays,tri-valley,automatic,False,59,39,0.661,31,0.5254,41,0.6949
2022-2026 pooled,boys,group:relays,tri-valley,next_best_mark,False,25,6,0.24,3,0.12,7,0.28
2022-2026 pooled,boys,group:relays,tri-valley,unexplained,False,2,,,,,,
2022-2026 pooled,boys,all,bay-shore,at_large_combined,True,30,2,0.0667,2,0.0667,6,0.2
2022-2026 pooled,boys,all,bay-shore,at_large_standard,False,9,1,0.1111,1,0.1111,1,0.1111
2022-2026 pooled,boys,all,bay-shore,automatic,False,439,164,0.3736,125,0.2847,244,0.5558
2022-2026 pooled,boys,all,bay-shore,next_best_mark,False,21,1,0.0476,1,0.0476,5,0.2381
2022-2026 pooled,boys,all,bay-shore,replacement,False,16,1,0.0625,1,0.0625,4,0.25
2022-2026 pooled,boys,all,bay-shore,unexplained,False,2,,,,,,
2022-2026 pooled,boys,all,class-a,at_large_combined,True,7,0,0.0,0,0.0,0,0.0
2022-2026 pooled,boys,all,class-a,at_large_standard,False,5,0,0.0,0,0.0,0,0.0
2022-2026 pooled,boys,all,class-a,automatic,False,204,33,0.1618,21,0.1029,67,0.3284
2022-2026 pooled,boys,all,class-a,next_best_mark,False,2,,,,,,
2022-2026 pooled,boys,all,class-a,replacement,False,19,0,0.0,0,0.0,0,0.0
2022-2026 pooled,boys,all,class-a,unexplained,False,5,0,0.0,0,0.0,0,0.0
2022-2026 pooled,boys,all,redwood-empire,at_large_combined,True,43,5,0.1163,2,0.0465,12,0.2791
2022-2026 pooled,boys,all,redwood-empire,at_large_standard,False,13,0,0.0,0,0.0,0,0.0
2022-2026 pooled,boys,all,redwood-empire,automatic,False,435,123,0.2828,93,0.2138,188,0.4322
2022-2026 pooled,boys,all,redwood-empire,next_best_mark,False,30,5,0.1667,2,0.0667,12,0.4
2022-2026 pooled,boys,all,redwood-empire,replacement,False,18,1,0.0556,1,0.0556,6,0.3333
2022-2026 pooled,boys,all,redwood-empire,unexplained,False,3,,,,,,
2022-2026 pooled,boys,all,tri-valley,at_large_combined,True,229,36,0.1572,17,0.0742,75,0.3275
2022-2026 pooled,boys,all,tri-valley,at_large_standard,False,52,3,0.0577,2,0.0385,6,0.1154
2022-2026 pooled,boys,all,tri-valley,automatic,False,455,279,0.6132,224,0.4923,334,0.7341
2022-2026 pooled,boys,all,tri-valley,next_best_mark,False,177,33,0.1864,15,0.0847,69,0.3898
2022-2026 pooled,boys,all,tri-valley,replacement,False,9,0,0.0,0,0.0,0,0.0
2022-2026 pooled,boys,all,tri-valley,unexplained,False,7,0,0.0,0,0.0,0,0.0
2022-2026 pooled,boys,all,unknown,unexplained,False,2,,,,,,
2022-2026 pooled,all,100,bay-shore,at_large_combined,True,6,0,0.0,0,0.0,0,0.0
2022-2026 pooled,all,100,bay-shore,at_large_standard,False,2,,,,,,
2022-2026 pooled,all,100,bay-shore,automatic,False,60,30,0.5,22,0.3667,31,0.5167
2022-2026 pooled,all,100,bay-shore,next_best_mark,False,4,,,,,,
2022-2026 pooled,all,100,class-a,automatic,False,27,4,0.1481,4,0.1481,4,0.1481
2022-2026 pooled,all,100,class-a,replacement,False,1,,,,,,
2022-2026 pooled,all,100,redwood-empire,at_large_combined,True,2,,,,,,
2022-2026 pooled,all,100,redwood-empire,at_large_standard,False,2,,,,,,
2022-2026 pooled,all,100,redwood-empire,automatic,False,56,8,0.1429,5,0.0893,8,0.1429
2022-2026 pooled,all,100,redwood-empire,replacement,False,1,,,,,,
2022-2026 pooled,all,100,redwood-empire,unexplained,False,1,,,,,,
2022-2026 pooled,all,100,tri-valley,at_large_combined,True,38,1,0.0263,0,0.0,1,0.0263
2022-2026 pooled,all,100,tri-valley,at_large_standard,False,13,0,0.0,0,0.0,0,0.0
2022-2026 pooled,all,100,tri-valley,automatic,False,59,36,0.6102,30,0.5085,36,0.6102
2022-2026 pooled,all,100,tri-valley,next_best_mark,False,25,1,0.04,0,0.0,1,0.04
2022-2026 pooled,all,100,tri-valley,unexplained,False,3,,,,,,
2022-2026 pooled,all,100H,bay-shore,automatic,False,30,10,0.3333,8,0.2667,10,0.3333
2022-2026 pooled,all,100H,class-a,at_large_combined,True,4,,,,,,
2022-2026 pooled,all,100H,class-a,automatic,False,14,5,0.3571,5,0.3571,6,0.4286
2022-2026 pooled,all,100H,class-a,next_best_mark,False,4,,,,,,
2022-2026 pooled,all,100H,redwood-empire,at_large_combined,True,1,,,,,,
2022-2026 pooled,all,100H,redwood-empire,automatic,False,29,4,0.1379,4,0.1379,5,0.1724
2022-2026 pooled,all,100H,redwood-empire,next_best_mark,False,1,,,,,,
2022-2026 pooled,all,100H,redwood-empire,replacement,False,1,,,,,,
2022-2026 pooled,all,100H,tri-valley,at_large_combined,True,9,3,0.3333,2,0.2222,3,0.3333
2022-2026 pooled,all,100H,tri-valley,automatic,False,28,15,0.5357,11,0.3929,15,0.5357
2022-2026 pooled,all,100H,tri-valley,next_best_mark,False,9,3,0.3333,2,0.2222,3,0.3333
2022-2026 pooled,all,100H,tri-valley,replacement,False,2,,,,,,
2022-2026 pooled,all,110H,bay-shore,at_large_combined,True,1,,,,,,
2022-2026 pooled,all,110H,bay-shore,automatic,False,27,8,0.2963,7,0.2593,10,0.3704
2022-2026 pooled,all,110H,bay-shore,next_best_mark,False,1,,,,,,
2022-2026 pooled,all,110H,class-a,at_large_combined,True,1,,,,,,
2022-2026 pooled,all,110H,class-a,automatic,False,13,1,0.0769,1,0.0769,1,0.0769
2022-2026 pooled,all,110H,class-a,next_best_mark,False,1,,,,,,
2022-2026 pooled,all,110H,class-a,replacement,False,2,,,,,,
2022-2026 pooled,all,110H,redwood-empire,at_large_combined,True,1,,,,,,
2022-2026 pooled,all,110H,redwood-empire,automatic,False,27,6,0.2222,4,0.1481,6,0.2222
2022-2026 pooled,all,110H,redwood-empire,next_best_mark,False,1,,,,,,
2022-2026 pooled,all,110H,redwood-empire,replacement,False,1,,,,,,
2022-2026 pooled,all,110H,tri-valley,at_large_combined,True,11,0,0.0,0,0.0,0,0.0
2022-2026 pooled,all,110H,tri-valley,automatic,False,28,22,0.7857,18,0.6429,23,0.8214
2022-2026 pooled,all,110H,tri-valley,next_best_mark,False,11,0,0.0,0,0.0,0,0.0
2022-2026 pooled,all,110H,tri-valley,replacement,False,1,,,,,,
2022-2026 pooled,all,110H,tri-valley,unexplained,False,1,,,,,,
2022-2026 pooled,all,1600,bay-shore,at_large_combined,True,1,,,,,,
2022-2026 pooled,all,1600,bay-shore,at_large_standard,False,1,,,,,,
2022-2026 pooled,all,1600,bay-shore,automatic,False,49,11,0.2245,8,0.1633,20,0.4082
2022-2026 pooled,all,1600,bay-shore,replacement,False,7,1,0.1429,1,0.1429,1,0.1429
2022-2026 pooled,all,1600,bay-shore,unexplained,False,3,,,,,,
2022-2026 pooled,all,1600,class-a,at_large_combined,True,6,1,0.1667,0,0.0,2,0.3333
2022-2026 pooled,all,1600,class-a,at_large_standard,False,2,,,,,,
2022-2026 pooled,all,1600,class-a,automatic,False,20,11,0.55,9,0.45,12,0.6
2022-2026 pooled,all,1600,class-a,next_best_mark,False,4,,,,,,
2022-2026 pooled,all,1600,class-a,replacement,False,9,0,0.0,0,0.0,0,0.0
2022-2026 pooled,all,1600,class-a,unexplained,False,1,,,,,,
2022-2026 pooled,all,1600,redwood-empire,at_large_combined,True,12,2,0.1667,2,0.1667,7,0.5833
2022-2026 pooled,all,1600,redwood-empire,at_large_standard,False,4,,,,,,
2022-2026 pooled,all,1600,redwood-empire,automatic,False,51,18,0.3529,13,0.2549,28,0.549
2022-2026 pooled,all,1600,redwood-empire,next_best_mark,False,8,2,0.25,2,0.25,7,0.875
2022-2026 pooled,all,1600,redwood-empire,replacement,False,4,,,,,,
2022-2026 pooled,all,1600,tri-valley,at_large_combined,True,39,8,0.2051,4,0.1026,10,0.2564
2022-2026 pooled,all,1600,tri-valley,at_large_standard,False,27,3,0.1111,1,0.037,4,0.1481
2022-2026 pooled,all,1600,tri-valley,automatic,False,48,27,0.5625,23,0.4792,36,0.75
2022-2026 pooled,all,1600,tri-valley,next_best_mark,False,12,5,0.4167,3,0.25,6,0.5
2022-2026 pooled,all,1600,tri-valley,replacement,False,6,0,0.0,0,0.0,2,0.3333
2022-2026 pooled,all,1600,tri-valley,unexplained,False,1,,,,,,
2022-2026 pooled,all,200,bay-shore,at_large_combined,True,8,1,0.125,1,0.125,1,0.125
2022-2026 pooled,all,200,bay-shore,at_large_standard,False,6,1,0.1667,1,0.1667,1,0.1667
2022-2026 pooled,all,200,bay-shore,automatic,False,54,21,0.3889,16,0.2963,23,0.4259
2022-2026 pooled,all,200,bay-shore,next_best_mark,False,2,,,,,,
2022-2026 pooled,all,200,bay-shore,unexplained,False,3,,,,,,
2022-2026 pooled,all,200,class-a,at_large_combined,True,3,,,,,,
2022-2026 pooled,all,200,class-a,at_large_standard,False,2,,,,,,
2022-2026 pooled,all,200,class-a,automatic,False,25,4,0.16,4,0.16,4,0.16
2022-2026 pooled,all,200,class-a,next_best_mark,False,1,,,,,,
2022-2026 pooled,all,200,class-a,replacement,False,3,,,,,,
2022-2026 pooled,all,200,redwood-empire,at_large_combined,True,1,,,,,,
2022-2026 pooled,all,200,redwood-empire,automatic,False,45,5,0.1111,3,0.0667,7,0.1556
2022-2026 pooled,all,200,redwood-empire,next_best_mark,False,1,,,,,,
2022-2026 pooled,all,200,redwood-empire,replacement,False,9,0,0.0,0,0.0,0,0.0
2022-2026 pooled,all,200,redwood-empire,unexplained,False,1,,,,,,
2022-2026 pooled,all,200,tri-valley,at_large_combined,True,41,4,0.0976,3,0.0732,4,0.0976
2022-2026 pooled,all,200,tri-valley,at_large_standard,False,20,0,0.0,0,0.0,0,0.0
2022-2026 pooled,all,200,tri-valley,automatic,False,53,37,0.6981,33,0.6226,41,0.7736
2022-2026 pooled,all,200,tri-valley,next_best_mark,False,21,4,0.1905,3,0.1429,4,0.1905
2022-2026 pooled,all,200,tri-valley,replacement,False,3,,,,,,
2022-2026 pooled,all,200,tri-valley,unexplained,False,1,,,,,,
2022-2026 pooled,all,300H,bay-shore,automatic,False,54,13,0.2407,10,0.1852,14,0.2593
2022-2026 pooled,all,300H,bay-shore,replacement,False,2,,,,,,
2022-2026 pooled,all,300H,class-a,automatic,False,30,9,0.3,8,0.2667,10,0.3333
2022-2026 pooled,all,300H,redwood-empire,at_large_combined,True,2,,,,,,
2022-2026 pooled,all,300H,redwood-empire,automatic,False,57,14,0.2456,12,0.2105,14,0.2456
2022-2026 pooled,all,300H,redwood-empire,next_best_mark,False,2,,,,,,
2022-2026 pooled,all,300H,redwood-empire,replacement,False,1,,,,,,
2022-2026 pooled,all,300H,tri-valley,at_large_combined,True,32,3,0.0938,0,0.0,3,0.0938
2022-2026 pooled,all,300H,tri-valley,at_large_standard,False,7,0,0.0,0,0.0,0,0.0
2022-2026 pooled,all,300H,tri-valley,automatic,False,59,36,0.6102,30,0.5085,38,0.6441
2022-2026 pooled,all,300H,tri-valley,next_best_mark,False,25,3,0.12,0,0.0,3,0.12
2022-2026 pooled,all,300H,tri-valley,replacement,False,1,,,,,,
2022-2026 pooled,all,3200,bay-shore,at_large_combined,True,3,,,,,,
2022-2026 pooled,all,3200,bay-shore,automatic,False,60,20,0.3333,16,0.2667,60,1.0
2022-2026 pooled,all,3200,bay-shore,next_best_mark,False,3,,,,,,
2022-2026 pooled,all,3200,class-a,at_large_combined,True,1,,,,,,
2022-2026 pooled,all,3200,class-a,automatic,False,27,9,0.3333,6,0.2222,27,1.0
2022-2026 pooled,all,3200,class-a,next_best_mark,False,1,,,,,,
2022-2026 pooled,all,3200,class-a,replacement,False,1,,,,,,
2022-2026 pooled,all,3200,class-a,unexplained,False,2,,,,,,
2022-2026 pooled,all,3200,redwood-empire,at_large_combined,True,2,,,,,,
2022-2026 pooled,all,3200,redwood-empire,automatic,False,59,19,0.322,15,0.2542,59,1.0
2022-2026 pooled,all,3200,redwood-empire,next_best_mark,False,2,,,,,,
2022-2026 pooled,all,3200,redwood-empire,replacement,False,2,,,,,,
2022-2026 pooled,all,3200,tri-valley,at_large_combined,True,21,3,0.1429,1,0.0476,21,1.0
2022-2026 pooled,all,3200,tri-valley,automatic,False,56,29,0.5179,22,0.3929,56,1.0
2022-2026 pooled,all,3200,tri-valley,next_best_mark,False,21,3,0.1429,1,0.0476,21,1.0
2022-2026 pooled,all,400,bay-shore,at_large_combined,True,1,,,,,,
2022-2026 pooled,all,400,bay-shore,automatic,False,56,13,0.2321,11,0.1964,15,0.2679
2022-2026 pooled,all,400,bay-shore,next_best_mark,False,1,,,,,,
2022-2026 pooled,all,400,bay-shore,replacement,False,4,,,,,,
2022-2026 pooled,all,400,class-a,at_large_combined,True,1,,,,,,
2022-2026 pooled,all,400,class-a,at_large_standard,False,1,,,,,,
2022-2026 pooled,all,400,class-a,automatic,False,26,2,0.0769,0,0.0,2,0.0769
2022-2026 pooled,all,400,class-a,replacement,False,2,,,,,,
2022-2026 pooled,all,400,class-a,unexplained,False,1,,,,,,
2022-2026 pooled,all,400,redwood-empire,at_large_combined,True,1,,,,,,
2022-2026 pooled,all,400,redwood-empire,at_large_standard,False,1,,,,,,
2022-2026 pooled,all,400,redwood-empire,automatic,False,50,17,0.34,14,0.28,17,0.34
2022-2026 pooled,all,400,redwood-empire,replacement,False,4,,,,,,
2022-2026 pooled,all,400,tri-valley,at_large_combined,True,26,4,0.1538,2,0.0769,4,0.1538
2022-2026 pooled,all,400,tri-valley,at_large_standard,False,4,,,,,,
2022-2026 pooled,all,400,tri-valley,automatic,False,57,40,0.7018,32,0.5614,40,0.7018
2022-2026 pooled,all,400,tri-valley,next_best_mark,False,22,4,0.1818,2,0.0909,4,0.1818
2022-2026 pooled,all,400,tri-valley,replacement,False,6,0,0.0,0,0.0,0,0.0
2022-2026 pooled,all,4x100,bay-shore,at_large_combined,True,2,,,,,,
2022-2026 pooled,all,4x100,bay-shore,automatic,False,60,18,0.3,13,0.2167,20,0.3333
2022-2026 pooled,all,4x100,bay-shore,next_best_mark,False,2,,,,,,
2022-2026 pooled,all,4x100,class-a,automatic,False,27,1,0.037,1,0.037,2,0.0741
2022-2026 pooled,all,4x100,class-a,replacement,False,3,,,,,,
2022-2026 pooled,all,4x100,redwood-empire,at_large_combined,True,1,,,,,,
2022-2026 pooled,all,4x100,redwood-empire,automatic,False,56,12,0.2143,9,0.1607,13,0.2321
2022-2026 pooled,all,4x100,redwood-empire,next_best_mark,False,1,,,,,,
2022-2026 pooled,all,4x100,redwood-empire,replacement,False,2,,,,,,
2022-2026 pooled,all,4x100,tri-valley,at_large_combined,True,27,3,0.1111,2,0.0741,3,0.1111
2022-2026 pooled,all,4x100,tri-valley,automatic,False,60,38,0.6333,35,0.5833,42,0.7
2022-2026 pooled,all,4x100,tri-valley,next_best_mark,False,27,3,0.1111,2,0.0741,3,0.1111
2022-2026 pooled,all,4x100,tri-valley,unexplained,False,2,,,,,,
2022-2026 pooled,all,4x400,bay-shore,at_large_combined,True,2,,,,,,
2022-2026 pooled,all,4x400,bay-shore,automatic,False,55,11,0.2,9,0.1636,13,0.2364
2022-2026 pooled,all,4x400,bay-shore,next_best_mark,False,2,,,,,,
2022-2026 pooled,all,4x400,bay-shore,replacement,False,3,,,,,,
2022-2026 pooled,all,4x400,bay-shore,unexplained,False,1,,,,,,
2022-2026 pooled,all,4x400,class-a,at_large_combined,True,1,,,,,,
2022-2026 pooled,all,4x400,class-a,automatic,False,26,6,0.2308,6,0.2308,6,0.2308
2022-2026 pooled,all,4x400,class-a,next_best_mark,False,1,,,,,,
2022-2026 pooled,all,4x400,class-a,replacement,False,2,,,,,,
2022-2026 pooled,all,4x400,redwood-empire,automatic,False,54,13,0.2407,8,0.1481,13,0.2407
2022-2026 pooled,all,4x400,redwood-empire,replacement,False,4,,,,,,
2022-2026 pooled,all,4x400,redwood-empire,unexplained,False,1,,,,,,
2022-2026 pooled,all,4x400,tri-valley,at_large_combined,True,26,6,0.2308,3,0.1154,8,0.3077
2022-2026 pooled,all,4x400,tri-valley,automatic,False,57,42,0.7368,33,0.5789,43,0.7544
2022-2026 pooled,all,4x400,tri-valley,next_best_mark,False,26,6,0.2308,3,0.1154,8,0.3077
2022-2026 pooled,all,4x400,tri-valley,replacement,False,1,,,,,,
2022-2026 pooled,all,800,bay-shore,automatic,False,47,13,0.2766,9,0.1915,20,0.4255
2022-2026 pooled,all,800,bay-shore,replacement,False,10,0,0.0,0,0.0,1,0.1
2022-2026 pooled,all,800,bay-shore,unexplained,False,1,,,,,,
2022-2026 pooled,all,800,class-a,at_large_combined,True,7,0,0.0,0,0.0,2,0.2857
2022-2026 pooled,all,800,class-a,at_large_standard,False,5,0,0.0,0,0.0,1,0.2
2022-2026 pooled,all,800,class-a,automatic,False,22,10,0.4545,8,0.3636,10,0.4545
2022-2026 pooled,all,800,class-a,next_best_mark,False,2,,,,,,
2022-2026 pooled,all,800,class-a,replacement,False,4,,,,,,
2022-2026 pooled,all,800,class-a,unexplained,False,3,,,,,,
2022-2026 pooled,all,800,redwood-empire,at_large_combined,True,10,0,0.0,0,0.0,1,0.1
2022-2026 pooled,all,800,redwood-empire,at_large_standard,False,7,0,0.0,0,0.0,0,0.0
2022-2026 pooled,all,800,redwood-empire,automatic,False,53,10,0.1887,8,0.1509,23,0.434
2022-2026 pooled,all,800,redwood-empire,next_best_mark,False,3,,,,,,
2022-2026 pooled,all,800,redwood-empire,unexplained,False,1,,,,,,
2022-2026 pooled,all,800,tri-valley,at_large_combined,True,31,6,0.1935,5,0.1613,13,0.4194
2022-2026 pooled,all,800,tri-valley,at_large_standard,False,12,1,0.0833,1,0.0833,4,0.3333
2022-2026 pooled,all,800,tri-valley,automatic,False,53,39,0.7358,30,0.566,48,0.9057
2022-2026 pooled,all,800,tri-valley,next_best_mark,False,19,5,0.2632,4,0.2105,9,0.4737
2022-2026 pooled,all,800,tri-valley,replacement,False,3,,,,,,
2022-2026 pooled,all,800,tri-valley,unexplained,False,1,,,,,,
2022-2026 pooled,all,DT,bay-shore,automatic,False,54,13,0.2407,9,0.1667,13,0.2407
2022-2026 pooled,all,DT,bay-shore,replacement,False,1,,,,,,
2022-2026 pooled,all,DT,class-a,automatic,False,28,5,0.1786,4,0.1429,5,0.1786
2022-2026 pooled,all,DT,redwood-empire,at_large_combined,True,9,2,0.2222,0,0.0,2,0.2222
2022-2026 pooled,all,DT,redwood-empire,automatic,False,57,26,0.4561,19,0.3333,26,0.4561
2022-2026 pooled,all,DT,redwood-empire,next_best_mark,False,9,2,0.2222,0,0.0,2,0.2222
2022-2026 pooled,all,DT,redwood-empire,replacement,False,2,,,,,,
2022-2026 pooled,all,DT,redwood-empire,unexplained,False,1,,,,,,
2022-2026 pooled,all,DT,tri-valley,at_large_combined,True,16,4,0.25,3,0.1875,4,0.25
2022-2026 pooled,all,DT,tri-valley,automatic,False,59,38,0.6441,23,0.3898,38,0.6441
2022-2026 pooled,all,DT,tri-valley,next_best_mark,False,16,4,0.25,3,0.1875,4,0.25
2022-2026 pooled,all,DT,tri-valley,unexplained,False,1,,,,,,
2022-2026 pooled,all,DT,unknown,unexplained,False,1,,,,,,
2022-2026 pooled,all,HJ,bay-shore,at_large_combined,True,1,,,,,,
2022-2026 pooled,all,HJ,bay-shore,automatic,False,54,9,0.1667,7,0.1296,54,1.0
2022-2026 pooled,all,HJ,bay-shore,next_best_mark,False,1,,,,,,
2022-2026 pooled,all,HJ,bay-shore,replacement,False,3,,,,,,
2022-2026 pooled,all,HJ,class-a,at_large_combined,True,1,,,,,,
2022-2026 pooled,all,HJ,class-a,automatic,False,26,2,0.0769,0,0.0,26,1.0
2022-2026 pooled,all,HJ,class-a,next_best_mark,False,1,,,,,,
2022-2026 pooled,all,HJ,redwood-empire,at_large_combined,True,13,4,0.3077,1,0.0769,13,1.0
2022-2026 pooled,all,HJ,redwood-empire,automatic,False,57,30,0.5263,21,0.3684,57,1.0
2022-2026 pooled,all,HJ,redwood-empire,next_best_mark,False,13,4,0.3077,1,0.0769,13,1.0
2022-2026 pooled,all,HJ,redwood-empire,replacement,False,3,,,,,,
2022-2026 pooled,all,HJ,redwood-empire,unexplained,False,2,,,,,,
2022-2026 pooled,all,HJ,tri-valley,at_large_combined,True,31,4,0.129,2,0.0645,31,1.0
2022-2026 pooled,all,HJ,tri-valley,automatic,False,56,38,0.6786,35,0.625,56,1.0
2022-2026 pooled,all,HJ,tri-valley,next_best_mark,False,31,4,0.129,2,0.0645,31,1.0
2022-2026 pooled,all,HJ,tri-valley,replacement,False,1,,,,,,
2022-2026 pooled,all,LJ,bay-shore,at_large_combined,True,13,1,0.0769,0,0.0,1,0.0769
2022-2026 pooled,all,LJ,bay-shore,automatic,False,49,30,0.6122,26,0.5306,30,0.6122
2022-2026 pooled,all,LJ,bay-shore,next_best_mark,False,13,1,0.0769,0,0.0,1,0.0769
2022-2026 pooled,all,LJ,bay-shore,replacement,False,2,,,,,,
2022-2026 pooled,all,LJ,class-a,at_large_combined,True,1,,,,,,
2022-2026 pooled,all,LJ,class-a,automatic,False,24,7,0.2917,4,0.1667,7,0.2917
2022-2026 pooled,all,LJ,class-a,next_best_mark,False,1,,,,,,
2022-2026 pooled,all,LJ,class-a,replacement,False,3,,,,,,
2022-2026 pooled,all,LJ,class-a,unexplained,False,1,,,,,,
2022-2026 pooled,all,LJ,redwood-empire,at_large_combined,True,2,,,,,,
2022-2026 pooled,all,LJ,redwood-empire,automatic,False,50,14,0.28,11,0.22,14,0.28
2022-2026 pooled,all,LJ,redwood-empire,next_best_mark,False,2,,,,,,
2022-2026 pooled,all,LJ,redwood-empire,replacement,False,3,,,,,,
2022-2026 pooled,all,LJ,redwood-empire,unexplained,False,3,,,,,,
2022-2026 pooled,all,LJ,tri-valley,at_large_combined,True,9,3,0.3333,1,0.1111,3,0.3333
2022-2026 pooled,all,LJ,tri-valley,automatic,False,53,34,0.6415,21,0.3962,34,0.6415
2022-2026 pooled,all,LJ,tri-valley,next_best_mark,False,9,3,0.3333,1,0.1111,3,0.3333
2022-2026 pooled,all,LJ,tri-valley,replacement,False,5,0,0.0,0,0.0,0,0.0
2022-2026 pooled,all,LJ,tri-valley,unexplained,False,2,,,,,,
2022-2026 pooled,all,PV,bay-shore,at_large_combined,True,6,0,0.0,0,0.0,6,1.0
2022-2026 pooled,all,PV,bay-shore,automatic,False,57,17,0.2982,13,0.2281,57,1.0
2022-2026 pooled,all,PV,bay-shore,next_best_mark,False,6,0,0.0,0,0.0,6,1.0
2022-2026 pooled,all,PV,bay-shore,replacement,False,1,,,,,,
2022-2026 pooled,all,PV,class-a,automatic,False,26,2,0.0769,1,0.0385,26,1.0
2022-2026 pooled,all,PV,class-a,replacement,False,1,,,,,,
2022-2026 pooled,all,PV,redwood-empire,at_large_combined,True,6,0,0.0,0,0.0,6,1.0
2022-2026 pooled,all,PV,redwood-empire,automatic,False,55,20,0.3636,17,0.3091,55,1.0
2022-2026 pooled,all,PV,redwood-empire,next_best_mark,False,6,0,0.0,0,0.0,6,1.0
2022-2026 pooled,all,PV,redwood-empire,replacement,False,3,,,,,,
2022-2026 pooled,all,PV,tri-valley,at_large_combined,True,26,6,0.2308,2,0.0769,26,1.0
2022-2026 pooled,all,PV,tri-valley,automatic,False,58,36,0.6207,28,0.4828,58,1.0
2022-2026 pooled,all,PV,tri-valley,next_best_mark,False,26,6,0.2308,2,0.0769,26,1.0
2022-2026 pooled,all,SP,bay-shore,at_large_combined,True,3,,,,,,
2022-2026 pooled,all,SP,bay-shore,automatic,False,54,17,0.3148,9,0.1667,17,0.3148
2022-2026 pooled,all,SP,bay-shore,next_best_mark,False,3,,,,,,
2022-2026 pooled,all,SP,bay-shore,replacement,False,1,,,,,,
2022-2026 pooled,all,SP,class-a,automatic,False,28,4,0.1429,3,0.1071,4,0.1429
2022-2026 pooled,all,SP,class-a,replacement,False,1,,,,,,
2022-2026 pooled,all,SP,redwood-empire,at_large_combined,True,12,1,0.0833,1,0.0833,1,0.0833
2022-2026 pooled,all,SP,redwood-empire,automatic,False,58,30,0.5172,21,0.3621,30,0.5172
2022-2026 pooled,all,SP,redwood-empire,next_best_mark,False,12,1,0.0833,1,0.0833,1,0.0833
2022-2026 pooled,all,SP,redwood-empire,unexplained,False,1,,,,,,
2022-2026 pooled,all,SP,tri-valley,at_large_combined,True,14,3,0.2143,2,0.1429,3,0.2143
2022-2026 pooled,all,SP,tri-valley,automatic,False,58,34,0.5862,23,0.3966,34,0.5862
2022-2026 pooled,all,SP,tri-valley,next_best_mark,False,14,3,0.2143,2,0.1429,3,0.2143
2022-2026 pooled,all,TJ,bay-shore,at_large_combined,True,10,1,0.1,1,0.1,1,0.1
2022-2026 pooled,all,TJ,bay-shore,automatic,False,57,31,0.5439,25,0.4386,31,0.5439
2022-2026 pooled,all,TJ,bay-shore,next_best_mark,False,10,1,0.1,1,0.1,1,0.1
2022-2026 pooled,all,TJ,bay-shore,unexplained,False,1,,,,,,
2022-2026 pooled,all,TJ,class-a,automatic,False,25,5,0.2,2,0.08,5,0.2
2022-2026 pooled,all,TJ,class-a,replacement,False,1,,,,,,
2022-2026 pooled,all,TJ,class-a,unexplained,False,2,,,,,,
2022-2026 pooled,all,TJ,redwood-empire,at_large_combined,True,4,,,,,,
2022-2026 pooled,all,TJ,redwood-empire,automatic,False,56,17,0.3036,7,0.125,17,0.3036
2022-2026 pooled,all,TJ,redwood-empire,next_best_mark,False,4,,,,,,
2022-2026 pooled,all,TJ,redwood-empire,replacement,False,3,,,,,,
2022-2026 pooled,all,TJ,redwood-empire,unexplained,False,1,,,,,,
2022-2026 pooled,all,TJ,tri-valley,at_large_combined,True,9,0,0.0,0,0.0,0,0.0
2022-2026 pooled,all,TJ,tri-valley,automatic,False,60,35,0.5833,24,0.4,35,0.5833
2022-2026 pooled,all,TJ,tri-valley,next_best_mark,False,9,0,0.0,0,0.0,0,0.0
2022-2026 pooled,all,TJ,tri-valley,unexplained,False,1,,,,,,
2022-2026 pooled,all,TJ,unknown,unexplained,False,1,,,,,,
2022-2026 pooled,all,group:sprints_hurdles,bay-shore,at_large_combined,True,15,1,0.0667,1,0.0667,1,0.0667
2022-2026 pooled,all,group:sprints_hurdles,bay-shore,at_large_standard,False,8,1,0.125,1,0.125,1,0.125
2022-2026 pooled,all,group:sprints_hurdles,bay-shore,automatic,False,225,82,0.3644,63,0.28,88,0.3911
2022-2026 pooled,all,group:sprints_hurdles,bay-shore,next_best_mark,False,7,0,0.0,0,0.0,0,0.0
2022-2026 pooled,all,group:sprints_hurdles,bay-shore,replacement,False,2,,,,,,
2022-2026 pooled,all,group:sprints_hurdles,bay-shore,unexplained,False,3,,,,,,
2022-2026 pooled,all,group:sprints_hurdles,class-a,at_large_combined,True,8,0,0.0,0,0.0,1,0.125
2022-2026 pooled,all,group:sprints_hurdles,class-a,at_large_standard,False,2,,,,,,
2022-2026 pooled,all,group:sprints_hurdles,class-a,automatic,False,109,23,0.211,22,0.2018,25,0.2294
2022-2026 pooled,all,group:sprints_hurdles,class-a,next_best_mark,False,6,0,0.0,0,0.0,1,0.1667
2022-2026 pooled,all,group:sprints_hurdles,class-a,replacement,False,6,0,0.0,0,0.0,0,0.0
2022-2026 pooled,all,group:sprints_hurdles,redwood-empire,at_large_combined,True,7,0,0.0,0,0.0,0,0.0
2022-2026 pooled,all,group:sprints_hurdles,redwood-empire,at_large_standard,False,2,,,,,,
2022-2026 pooled,all,group:sprints_hurdles,redwood-empire,automatic,False,214,37,0.1729,28,0.1308,40,0.1869
2022-2026 pooled,all,group:sprints_hurdles,redwood-empire,next_best_mark,False,5,0,0.0,0,0.0,0,0.0
2022-2026 pooled,all,group:sprints_hurdles,redwood-empire,replacement,False,13,0,0.0,0,0.0,0,0.0
2022-2026 pooled,all,group:sprints_hurdles,redwood-empire,unexplained,False,2,,,,,,
2022-2026 pooled,all,group:sprints_hurdles,tri-valley,at_large_combined,True,131,11,0.084,5,0.0382,11,0.084
2022-2026 pooled,all,group:sprints_hurdles,tri-valley,at_large_standard,False,40,0,0.0,0,0.0,0,0.0
2022-2026 pooled,all,group:sprints_hurdles,tri-valley,automatic,False,227,146,0.6432,122,0.5374,153,0.674
2022-2026 pooled,all,group:sprints_hurdles,tri-valley,next_best_mark,False,91,11,0.1209,5,0.0549,11,0.1209
2022-2026 pooled,all,group:sprints_hurdles,tri-valley,replacement,False,7,0,0.0,0,0.0,0,0.0
2022-2026 pooled,all,group:sprints_hurdles,tri-valley,unexplained,False,5,0,0.0,0,0.0,0,0.0
2022-2026 pooled,all,group:400_800,bay-shore,at_large_combined,True,1,,,,,,
2022-2026 pooled,all,group:400_800,bay-shore,automatic,False,103,26,0.2524,20,0.1942,35,0.3398
2022-2026 pooled,all,group:400_800,bay-shore,next_best_mark,False,1,,,,,,
2022-2026 pooled,all,group:400_800,bay-shore,replacement,False,14,0,0.0,0,0.0,1,0.0714
2022-2026 pooled,all,group:400_800,bay-shore,unexplained,False,1,,,,,,
2022-2026 pooled,all,group:400_800,class-a,at_large_combined,True,8,0,0.0,0,0.0,2,0.25
2022-2026 pooled,all,group:400_800,class-a,at_large_standard,False,6,0,0.0,0,0.0,1,0.1667
2022-2026 pooled,all,group:400_800,class-a,automatic,False,48,12,0.25,8,0.1667,12,0.25
2022-2026 pooled,all,group:400_800,class-a,next_best_mark,False,2,,,,,,
2022-2026 pooled,all,group:400_800,class-a,replacement,False,6,1,0.1667,0,0.0,1,0.1667
2022-2026 pooled,all,group:400_800,class-a,unexplained,False,4,,,,,,
2022-2026 pooled,all,group:400_800,redwood-empire,at_large_combined,True,11,0,0.0,0,0.0,1,0.0909
2022-2026 pooled,all,group:400_800,redwood-empire,at_large_standard,False,8,0,0.0,0,0.0,0,0.0
2022-2026 pooled,all,group:400_800,redwood-empire,automatic,False,103,27,0.2621,22,0.2136,40,0.3883
2022-2026 pooled,all,group:400_800,redwood-empire,next_best_mark,False,3,,,,,,
2022-2026 pooled,all,group:400_800,redwood-empire,replacement,False,4,,,,,,
2022-2026 pooled,all,group:400_800,redwood-empire,unexplained,False,1,,,,,,
2022-2026 pooled,all,group:400_800,tri-valley,at_large_combined,True,57,10,0.1754,7,0.1228,17,0.2982
2022-2026 pooled,all,group:400_800,tri-valley,at_large_standard,False,16,1,0.0625,1,0.0625,4,0.25
2022-2026 pooled,all,group:400_800,tri-valley,automatic,False,110,79,0.7182,62,0.5636,88,0.8
2022-2026 pooled,all,group:400_800,tri-valley,next_best_mark,False,41,9,0.2195,6,0.1463,13,0.3171
2022-2026 pooled,all,group:400_800,tri-valley,replacement,False,9,0,0.0,0,0.0,0,0.0
2022-2026 pooled,all,group:400_800,tri-valley,unexplained,False,1,,,,,,
2022-2026 pooled,all,group:distance,bay-shore,at_large_combined,True,4,,,,,,
2022-2026 pooled,all,group:distance,bay-shore,at_large_standard,False,1,,,,,,
2022-2026 pooled,all,group:distance,bay-shore,automatic,False,109,31,0.2844,24,0.2202,80,0.7339
2022-2026 pooled,all,group:distance,bay-shore,next_best_mark,False,3,,,,,,
2022-2026 pooled,all,group:distance,bay-shore,replacement,False,7,1,0.1429,1,0.1429,1,0.1429
2022-2026 pooled,all,group:distance,bay-shore,unexplained,False,3,,,,,,
2022-2026 pooled,all,group:distance,class-a,at_large_combined,True,7,1,0.1429,0,0.0,3,0.4286
2022-2026 pooled,all,group:distance,class-a,at_large_standard,False,2,,,,,,
2022-2026 pooled,all,group:distance,class-a,automatic,False,47,20,0.4255,15,0.3191,39,0.8298
2022-2026 pooled,all,group:distance,class-a,next_best_mark,False,5,1,0.2,0,0.0,3,0.6
2022-2026 pooled,all,group:distance,class-a,replacement,False,10,0,0.0,0,0.0,1,0.1
2022-2026 pooled,all,group:distance,class-a,unexplained,False,3,,,,,,
2022-2026 pooled,all,group:distance,redwood-empire,at_large_combined,True,14,2,0.1429,2,0.1429,9,0.6429
2022-2026 pooled,all,group:distance,redwood-empire,at_large_standard,False,4,,,,,,
2022-2026 pooled,all,group:distance,redwood-empire,automatic,False,110,37,0.3364,28,0.2545,87,0.7909
2022-2026 pooled,all,group:distance,redwood-empire,next_best_mark,False,10,2,0.2,2,0.2,9,0.9
2022-2026 pooled,all,group:distance,redwood-empire,replacement,False,6,0,0.0,0,0.0,2,0.3333
2022-2026 pooled,all,group:distance,tri-valley,at_large_combined,True,60,11,0.1833,5,0.0833,31,0.5167
2022-2026 pooled,all,group:distance,tri-valley,at_large_standard,False,27,3,0.1111,1,0.037,4,0.1481
2022-2026 pooled,all,group:distance,tri-valley,automatic,False,104,56,0.5385,45,0.4327,92,0.8846
2022-2026 pooled,all,group:distance,tri-valley,next_best_mark,False,33,8,0.2424,4,0.1212,27,0.8182
2022-2026 pooled,all,group:distance,tri-valley,replacement,False,6,0,0.0,0,0.0,2,0.3333
2022-2026 pooled,all,group:distance,tri-valley,unexplained,False,1,,,,,,
2022-2026 pooled,all,group:jumps,bay-shore,at_large_combined,True,30,2,0.0667,1,0.0333,9,0.3
2022-2026 pooled,all,group:jumps,bay-shore,automatic,False,217,87,0.4009,71,0.3272,172,0.7926
2022-2026 pooled,all,group:jumps,bay-shore,next_best_mark,False,30,2,0.0667,1,0.0333,9,0.3
2022-2026 pooled,all,group:jumps,bay-shore,replacement,False,6,0,0.0,0,0.0,4,0.6667
2022-2026 pooled,all,group:jumps,bay-shore,unexplained,False,1,,,,,,
2022-2026 pooled,all,group:jumps,class-a,at_large_combined,True,2,,,,,,
2022-2026 pooled,all,group:jumps,class-a,automatic,False,101,16,0.1584,7,0.0693,64,0.6337
2022-2026 pooled,all,group:jumps,class-a,next_best_mark,False,2,,,,,,
2022-2026 pooled,all,group:jumps,class-a,replacement,False,5,0,0.0,0,0.0,1,0.2
2022-2026 pooled,all,group:jumps,class-a,unexplained,False,3,,,,,,
2022-2026 pooled,all,group:jumps,redwood-empire,at_large_combined,True,25,5,0.2,1,0.04,20,0.8
2022-2026 pooled,all,group:jumps,redwood-empire,automatic,False,218,81,0.3716,56,0.2569,143,0.656
2022-2026 pooled,all,group:jumps,redwood-empire,next_best_mark,False,25,5,0.2,1,0.04,20,0.8
2022-2026 pooled,all,group:jumps,redwood-empire,replacement,False,12,0,0.0,0,0.0,6,0.5
2022-2026 pooled,all,group:jumps,redwood-empire,unexplained,False,6,0,0.0,0,0.0,2,0.3333
2022-2026 pooled,all,group:jumps,tri-valley,at_large_combined,True,75,13,0.1733,5,0.0667,60,0.8
2022-2026 pooled,all,group:jumps,tri-valley,automatic,False,227,143,0.63,108,0.4758,183,0.8062
2022-2026 pooled,all,group:jumps,tri-valley,next_best_mark,False,75,13,0.1733,5,0.0667,60,0.8
2022-2026 pooled,all,group:jumps,tri-valley,replacement,False,6,0,0.0,0,0.0,1,0.1667
2022-2026 pooled,all,group:jumps,tri-valley,unexplained,False,3,,,,,,
2022-2026 pooled,all,group:jumps,unknown,unexplained,False,1,,,,,,
2022-2026 pooled,all,group:throws,bay-shore,at_large_combined,True,3,,,,,,
2022-2026 pooled,all,group:throws,bay-shore,automatic,False,108,30,0.2778,18,0.1667,30,0.2778
2022-2026 pooled,all,group:throws,bay-shore,next_best_mark,False,3,,,,,,
2022-2026 pooled,all,group:throws,bay-shore,replacement,False,2,,,,,,
2022-2026 pooled,all,group:throws,class-a,automatic,False,56,9,0.1607,7,0.125,9,0.1607
2022-2026 pooled,all,group:throws,class-a,replacement,False,1,,,,,,
2022-2026 pooled,all,group:throws,redwood-empire,at_large_combined,True,21,3,0.1429,1,0.0476,3,0.1429
2022-2026 pooled,all,group:throws,redwood-empire,automatic,False,115,56,0.487,40,0.3478,56,0.487
2022-2026 pooled,all,group:throws,redwood-empire,next_best_mark,False,21,3,0.1429,1,0.0476,3,0.1429
2022-2026 pooled,all,group:throws,redwood-empire,replacement,False,2,,,,,,
2022-2026 pooled,all,group:throws,redwood-empire,unexplained,False,2,,,,,,
2022-2026 pooled,all,group:throws,tri-valley,at_large_combined,True,30,7,0.2333,5,0.1667,7,0.2333
2022-2026 pooled,all,group:throws,tri-valley,automatic,False,117,72,0.6154,46,0.3932,72,0.6154
2022-2026 pooled,all,group:throws,tri-valley,next_best_mark,False,30,7,0.2333,5,0.1667,7,0.2333
2022-2026 pooled,all,group:throws,tri-valley,unexplained,False,1,,,,,,
2022-2026 pooled,all,group:throws,unknown,unexplained,False,1,,,,,,
2022-2026 pooled,all,group:relays,bay-shore,at_large_combined,True,4,,,,,,
2022-2026 pooled,all,group:relays,bay-shore,automatic,False,115,29,0.2522,22,0.1913,33,0.287
2022-2026 pooled,all,group:relays,bay-shore,next_best_mark,False,4,,,,,,
2022-2026 pooled,all,group:relays,bay-shore,replacement,False,3,,,,,,
2022-2026 pooled,all,group:relays,bay-shore,unexplained,False,1,,,,,,
2022-2026 pooled,all,group:relays,class-a,at_large_combined,True,1,,,,,,
2022-2026 pooled,all,group:relays,class-a,automatic,False,53,7,0.1321,7,0.1321,8,0.1509
2022-2026 pooled,all,group:relays,class-a,next_best_mark,False,1,,,,,,
2022-2026 pooled,all,group:relays,class-a,replacement,False,5,0,0.0,0,0.0,0,0.0
2022-2026 pooled,all,group:relays,redwood-empire,at_large_combined,True,1,,,,,,
2022-2026 pooled,all,group:relays,redwood-empire,automatic,False,110,25,0.2273,17,0.1545,26,0.2364
2022-2026 pooled,all,group:relays,redwood-empire,next_best_mark,False,1,,,,,,
2022-2026 pooled,all,group:relays,redwood-empire,replacement,False,6,0,0.0,0,0.0,0,0.0
2022-2026 pooled,all,group:relays,redwood-empire,unexplained,False,1,,,,,,
2022-2026 pooled,all,group:relays,tri-valley,at_large_combined,True,53,9,0.1698,5,0.0943,11,0.2075
2022-2026 pooled,all,group:relays,tri-valley,automatic,False,117,80,0.6838,68,0.5812,85,0.7265
2022-2026 pooled,all,group:relays,tri-valley,next_best_mark,False,53,9,0.1698,5,0.0943,11,0.2075
2022-2026 pooled,all,group:relays,tri-valley,replacement,False,1,,,,,,
2022-2026 pooled,all,group:relays,tri-valley,unexplained,False,2,,,,,,
2022-2026 pooled,all,all,bay-shore,at_large_combined,True,57,3,0.0526,2,0.0351,13,0.2281
2022-2026 pooled,all,all,bay-shore,at_large_standard,False,9,1,0.1111,1,0.1111,1,0.1111
2022-2026 pooled,all,all,bay-shore,automatic,False,877,285,0.325,218,0.2486,438,0.4994
2022-2026 pooled,all,all,bay-shore,next_best_mark,False,48,2,0.0417,1,0.0208,12,0.25
2022-2026 pooled,all,all,bay-shore,replacement,False,34,1,0.0294,1,0.0294,6,0.1765
2022-2026 pooled,all,all,bay-shore,unexplained,False,9,0,0.0,0,0.0,0,0.0
2022-2026 pooled,all,all,class-a,at_large_combined,True,26,1,0.0385,0,0.0,7,0.2692
2022-2026 pooled,all,all,class-a,at_large_standard,False,10,0,0.0,0,0.0,1,0.1
2022-2026 pooled,all,all,class-a,automatic,False,414,87,0.2101,66,0.1594,157,0.3792
2022-2026 pooled,all,all,class-a,next_best_mark,False,16,1,0.0625,0,0.0,6,0.375
2022-2026 pooled,all,all,class-a,replacement,False,33,1,0.0303,0,0.0,3,0.0909
2022-2026 pooled,all,all,class-a,unexplained,False,10,0,0.0,0,0.0,2,0.2
2022-2026 pooled,all,all,redwood-empire,at_large_combined,True,79,10,0.1266,4,0.0506,33,0.4177
2022-2026 pooled,all,all,redwood-empire,at_large_standard,False,14,0,0.0,0,0.0,0,0.0
2022-2026 pooled,all,all,redwood-empire,automatic,False,870,263,0.3023,191,0.2195,392,0.4506
2022-2026 pooled,all,all,redwood-empire,next_best_mark,False,65,10,0.1538,4,0.0615,33,0.5077
2022-2026 pooled,all,all,redwood-empire,replacement,False,43,1,0.0233,1,0.0233,9,0.2093
2022-2026 pooled,all,all,redwood-empire,unexplained,False,12,0,0.0,0,0.0,2,0.1667
2022-2026 pooled,all,all,tri-valley,at_large_combined,True,406,61,0.1502,32,0.0788,137,0.3374
2022-2026 pooled,all,all,tri-valley,at_large_standard,False,83,4,0.0482,2,0.0241,8,0.0964
2022-2026 pooled,all,all,tri-valley,automatic,False,902,576,0.6386,451,0.5,673,0.7461
2022-2026 pooled,all,all,tri-valley,next_best_mark,False,323,57,0.1765,30,0.0929,129,0.3994
2022-2026 pooled,all,all,tri-valley,replacement,False,29,1,0.0345,1,0.0345,4,0.1379
2022-2026 pooled,all,all,tri-valley,unexplained,False,13,2,0.1538,1,0.0769,3,0.2308
2022-2026 pooled,all,all,unknown,unexplained,False,2,,,,,,
