scenario,season,gender,event,area,left_out,beat_any,beat_any_excl_class_a,beats_a_next_best_mark,beat_tri-valley,beat_bay-shore,beat_redwood-empire,beat_class-a
current,2022,girls,100,tri-valley,15,2,2,0,0,2,2,2
current,2022,girls,100,bay-shore,17,0,0,0,0,0,0,0
current,2022,girls,100,redwood-empire,15,0,0,0,0,0,0,0
current,2022,girls,100,class-a,15,0,0,0,0,0,0,0
current,2022,girls,100H,tri-valley,12,0,0,0,0,0,0,0
current,2022,girls,100H,bay-shore,18,0,0,0,0,0,0,0
current,2022,girls,100H,redwood-empire,15,0,0,0,0,0,0,0
current,2022,girls,100H,class-a,10,0,0,0,0,0,0,0
current,2022,girls,1600,tri-valley,15,12,12,0,0,12,0,0
current,2022,girls,1600,bay-shore,14,0,0,0,0,0,0,0
current,2022,girls,1600,redwood-empire,15,5,5,0,0,5,0,0
current,2022,girls,1600,class-a,9,4,4,0,0,4,0,0
current,2022,girls,200,tri-valley,13,6,6,0,0,0,6,5
current,2022,girls,200,bay-shore,13,5,5,0,0,0,5,1
current,2022,girls,200,redwood-empire,11,0,0,0,0,0,0,0
current,2022,girls,200,class-a,9,2,2,0,0,0,2,0
current,2022,girls,300H,tri-valley,15,0,0,0,0,0,0,0
current,2022,girls,300H,bay-shore,17,0,0,0,0,0,0,0
current,2022,girls,300H,redwood-empire,14,0,0,0,0,0,0,0
current,2022,girls,300H,class-a,8,0,0,0,0,0,0,0
current,2022,girls,3200,tri-valley,14,0,0,0,0,0,0,0
current,2022,girls,3200,bay-shore,13,0,0,0,0,0,0,0
current,2022,girls,3200,redwood-empire,15,0,0,0,0,0,0,0
current,2022,girls,3200,class-a,10,1,1,0,0,1,0,0
current,2022,girls,400,tri-valley,11,5,5,0,0,2,5,4
current,2022,girls,400,bay-shore,16,3,3,0,0,0,3,1
current,2022,girls,400,redwood-empire,16,0,0,0,0,0,0,0
current,2022,girls,400,class-a,10,0,0,0,0,0,0,0
current,2022,girls,4x100,tri-valley,9,4,4,0,0,0,4,3
current,2022,girls,4x100,bay-shore,9,2,2,0,0,0,2,1
current,2022,girls,4x100,redwood-empire,7,0,0,0,0,0,0,0
current,2022,girls,4x100,class-a,5,0,0,0,0,0,0,0
current,2022,girls,4x400,tri-valley,7,6,6,0,0,6,2,5
current,2022,girls,4x400,bay-shore,10,0,0,0,0,0,0,0
current,2022,girls,4x400,redwood-empire,11,3,3,0,0,3,0,3
current,2022,girls,4x400,class-a,5,0,0,0,0,0,0,0
current,2022,girls,800,tri-valley,13,8,8,0,0,8,5,5
current,2022,girls,800,bay-shore,15,0,0,0,0,0,0,0
current,2022,girls,800,redwood-empire,16,4,4,0,0,4,0,0
current,2022,girls,800,class-a,11,3,3,0,0,3,0,0
current,2022,girls,DT,tri-valley,13,8,8,0,0,8,1,5
current,2022,girls,DT,bay-shore,17,0,0,0,0,0,0,0
current,2022,girls,DT,redwood-empire,16,11,11,0,0,11,0,3
current,2022,girls,DT,class-a,16,4,4,0,0,4,0,0
current,2022,girls,HJ,tri-valley,14,0,0,0,0,0,0,0
current,2022,girls,HJ,bay-shore,11,0,0,0,0,0,0,0
current,2022,girls,HJ,redwood-empire,8,0,0,0,0,0,0,0
current,2022,girls,HJ,class-a,9,1,1,0,0,1,0,0
current,2022,girls,LJ,tri-valley,15,0,0,0,0,0,0,0
current,2022,girls,LJ,bay-shore,16,0,0,0,0,0,0,0
current,2022,girls,LJ,redwood-empire,10,2,2,0,0,2,0,0
current,2022,girls,LJ,class-a,13,1,1,0,0,1,0,0
current,2022,girls,PV,tri-valley,15,0,0,0,0,0,0,0
current,2022,girls,PV,bay-shore,10,0,0,0,0,0,0,0
current,2022,girls,PV,redwood-empire,9,0,0,0,0,0,0,0
current,2022,girls,PV,class-a,3,0,0,0,0,0,0,0
current,2022,girls,SP,tri-valley,11,8,8,0,0,8,0,0
current,2022,girls,SP,bay-shore,17,0,0,0,0,0,0,0
current,2022,girls,SP,redwood-empire,16,10,10,0,0,10,0,1
current,2022,girls,SP,class-a,15,7,7,0,0,7,0,0
current,2022,girls,TJ,tri-valley,18,5,5,0,0,5,0,2
current,2022,girls,TJ,bay-shore,13,0,0,0,0,0,0,0
current,2022,girls,TJ,redwood-empire,11,2,2,0,0,2,0,2
current,2022,girls,TJ,class-a,9,0,0,0,0,0,0,0
current,2022,girls,group:sprints_hurdles,tri-valley,55,8,8,0,0,2,8,7
current,2022,girls,group:sprints_hurdles,bay-shore,65,5,5,0,0,0,5,1
current,2022,girls,group:sprints_hurdles,redwood-empire,55,0,0,0,0,0,0,0
current,2022,girls,group:sprints_hurdles,class-a,42,2,2,0,0,0,2,0
current,2022,girls,group:400_800,tri-valley,24,13,13,0,0,10,10,9
current,2022,girls,group:400_800,bay-shore,31,3,3,0,0,0,3,1
current,2022,girls,group:400_800,redwood-empire,32,4,4,0,0,4,0,0
current,2022,girls,group:400_800,class-a,21,3,3,0,0,3,0,0
current,2022,girls,group:distance,tri-valley,29,12,12,0,0,12,0,0
current,2022,girls,group:distance,bay-shore,27,0,0,0,0,0,0,0
current,2022,girls,group:distance,redwood-empire,30,5,5,0,0,5,0,0
current,2022,girls,group:distance,class-a,19,5,5,0,0,5,0,0
current,2022,girls,group:jumps,tri-valley,62,5,5,0,0,5,0,2
current,2022,girls,group:jumps,bay-shore,50,0,0,0,0,0,0,0
current,2022,girls,group:jumps,redwood-empire,38,4,4,0,0,4,0,2
current,2022,girls,group:jumps,class-a,34,2,2,0,0,2,0,0
current,2022,girls,group:throws,tri-valley,24,16,16,0,0,16,1,5
current,2022,girls,group:throws,bay-shore,34,0,0,0,0,0,0,0
current,2022,girls,group:throws,redwood-empire,32,21,21,0,0,21,0,4
current,2022,girls,group:throws,class-a,31,11,11,0,0,11,0,0
current,2022,girls,group:relays,tri-valley,16,10,10,0,0,6,6,8
current,2022,girls,group:relays,bay-shore,19,2,2,0,0,0,2,1
current,2022,girls,group:relays,redwood-empire,18,3,3,0,0,3,0,3
current,2022,girls,group:relays,class-a,10,0,0,0,0,0,0,0
current,2022,girls,all,tri-valley,210,64,64,0,0,51,25,31
current,2022,girls,all,bay-shore,226,10,10,0,0,0,10,3
current,2022,girls,all,redwood-empire,205,37,37,0,0,37,0,9
current,2022,girls,all,class-a,157,23,23,0,0,21,2,0
current,2022,boys,100,tri-valley,11,11,5,0,0,0,5,11
current,2022,boys,100,bay-shore,15,9,6,0,0,0,6,9
current,2022,boys,100,redwood-empire,14,8,0,0,0,0,0,8
current,2022,boys,100,class-a,15,0,0,0,0,0,0,0
current,2022,boys,110H,tri-valley,15,3,3,0,0,3,0,0
current,2022,boys,110H,bay-shore,15,0,0,0,0,0,0,0
current,2022,boys,110H,redwood-empire,15,2,2,0,0,2,0,0
current,2022,boys,110H,class-a,12,4,4,0,0,4,0,0
current,2022,boys,1600,tri-valley,14,3,3,0,0,0,3,0
current,2022,boys,1600,bay-shore,15,4,4,0,0,0,4,0
current,2022,boys,1600,redwood-empire,18,0,0,0,0,0,0,0
current,2022,boys,1600,class-a,14,0,0,0,0,0,0,0
current,2022,boys,200,tri-valley,13,11,3,0,0,0,3,11
current,2022,boys,200,bay-shore,13,11,2,0,0,0,2,11
current,2022,boys,200,redwood-empire,14,8,0,0,0,0,0,8
current,2022,boys,200,class-a,12,0,0,0,0,0,0,0
current,2022,boys,300H,tri-valley,12,2,1,0,0,0,1,2
current,2022,boys,300H,bay-shore,16,1,1,0,0,0,1,1
current,2022,boys,300H,redwood-empire,11,1,0,0,0,0,0,1
current,2022,boys,300H,class-a,8,0,0,0,0,0,0,0
current,2022,boys,3200,tri-valley,15,2,2,0,0,0,2,2
current,2022,boys,3200,bay-shore,16,2,2,0,0,0,2,2
current,2022,boys,3200,redwood-empire,18,0,0,0,0,0,0,0
current,2022,boys,3200,class-a,14,0,0,0,0,0,0,0
current,2022,boys,400,tri-valley,13,10,7,0,0,3,7,10
current,2022,boys,400,bay-shore,14,3,1,0,0,0,1,3
current,2022,boys,400,redwood-empire,15,0,0,0,0,0,0,0
current,2022,boys,400,class-a,10,0,0,0,0,0,0,0
current,2022,boys,4x100,tri-valley,8,5,5,0,0,5,2,4
current,2022,boys,4x100,bay-shore,9,0,0,0,0,0,0,0
current,2022,boys,4x100,redwood-empire,13,0,0,0,0,0,0,0
current,2022,boys,4x100,class-a,7,0,0,0,0,0,0,0
current,2022,boys,4x400,tri-valley,9,8,4,0,0,0,4,8
current,2022,boys,4x400,bay-shore,8,5,1,0,0,0,1,5
current,2022,boys,4x400,redwood-empire,15,6,0,0,0,0,0,6
current,2022,boys,4x400,class-a,2,0,0,0,0,0,0,0
current,2022,boys,800,tri-valley,15,7,0,0,0,0,0,7
current,2022,boys,800,bay-shore,15,5,0,0,0,0,0,5
current,2022,boys,800,redwood-empire,17,1,0,0,0,0,0,1
current,2022,boys,800,class-a,8,0,0,0,0,0,0,0
current,2022,boys,DT,tri-valley,15,5,5,0,0,5,0,0
current,2022,boys,DT,bay-shore,15,0,0,0,0,0,0,0
current,2022,boys,DT,redwood-empire,13,1,1,0,0,1,0,0
current,2022,boys,DT,class-a,10,0,0,0,0,0,0,0
current,2022,boys,HJ,tri-valley,11,5,5,0,0,5,0,0
current,2022,boys,HJ,bay-shore,13,0,0,0,0,0,0,0
current,2022,boys,HJ,redwood-empire,7,3,3,0,0,3,0,0
current,2022,boys,HJ,class-a,9,2,2,0,0,2,0,0
current,2022,boys,LJ,tri-valley,15,4,4,0,0,0,4,0
current,2022,boys,LJ,bay-shore,14,2,2,0,0,0,2,0
current,2022,boys,LJ,redwood-empire,14,0,0,0,0,0,0,0
current,2022,boys,LJ,class-a,13,0,0,0,0,0,0,0
current,2022,boys,PV,tri-valley,12,12,8,0,0,8,1,12
current,2022,boys,PV,bay-shore,8,7,0,0,0,0,0,7
current,2022,boys,PV,redwood-empire,12,12,3,0,0,3,0,12
current,2022,boys,PV,class-a,0,0,0,0,0,0,0,0
current,2022,boys,SP,tri-valley,17,5,2,0,0,2,0,5
current,2022,boys,SP,bay-shore,14,0,0,0,0,0,0,0
current,2022,boys,SP,redwood-empire,14,3,0,0,0,0,0,3
current,2022,boys,SP,class-a,11,0,0,0,0,0,0,0
current,2022,boys,TJ,tri-valley,14,1,0,0,0,0,0,1
current,2022,boys,TJ,bay-shore,14,0,0,0,0,0,0,0
current,2022,boys,TJ,redwood-empire,13,0,0,0,0,0,0,0
current,2022,boys,TJ,class-a,13,0,0,0,0,0,0,0
current,2022,boys,group:sprints_hurdles,tri-valley,51,27,12,0,0,3,9,24
current,2022,boys,group:sprints_hurdles,bay-shore,59,21,9,0,0,0,9,21
current,2022,boys,group:sprints_hurdles,redwood-empire,54,19,2,0,0,2,0,17
current,2022,boys,group:sprints_hurdles,class-a,47,4,4,0,0,4,0,0
current,2022,boys,group:400_800,tri-valley,28,17,7,0,0,3,7,17
current,2022,boys,group:400_800,bay-shore,29,8,1,0,0,0,1,8
current,2022,boys,group:400_800,redwood-empire,32,1,0,0,0,0,0,1
current,2022,boys,group:400_800,class-a,18,0,0,0,0,0,0,0
current,2022,boys,group:distance,tri-valley,29,5,5,0,0,0,5,2
current,2022,boys,group:distance,bay-shore,31,6,6,0,0,0,6,2
current,2022,boys,group:distance,redwood-empire,36,0,0,0,0,0,0,0
current,2022,boys,group:distance,class-a,28,0,0,0,0,0,0,0
current,2022,boys,group:jumps,tri-valley,52,22,17,0,0,13,5,13
current,2022,boys,group:jumps,bay-shore,49,9,2,0,0,0,2,7
current,2022,boys,group:jumps,redwood-empire,46,15,6,0,0,6,0,12
current,2022,boys,group:jumps,class-a,35,2,2,0,0,2,0,0
current,2022,boys,group:throws,tri-valley,32,10,7,0,0,7,0,5
current,2022,boys,group:throws,bay-shore,29,0,0,0,0,0,0,0
current,2022,boys,group:throws,redwood-empire,27,4,1,0,0,1,0,3
current,2022,boys,group:throws,class-a,21,0,0,0,0,0,0,0
current,2022,boys,group:relays,tri-valley,17,13,9,0,0,5,6,12
current,2022,boys,group:relays,bay-shore,17,5,1,0,0,0,1,5
current,2022,boys,group:relays,redwood-empire,28,6,0,0,0,0,0,6
current,2022,boys,group:relays,class-a,9,0,0,0,0,0,0,0
current,2022,boys,all,tri-valley,209,94,57,0,0,31,32,73
current,2022,boys,all,bay-shore,214,49,19,0,0,0,19,43
current,2022,boys,all,redwood-empire,223,45,9,0,0,9,0,39
current,2022,boys,all,class-a,158,6,6,0,0,6,0,0
current,2022,all,100,tri-valley,26,13,7,0,0,2,7,13
current,2022,all,100,bay-shore,32,9,6,0,0,0,6,9
current,2022,all,100,redwood-empire,29,8,0,0,0,0,0,8
current,2022,all,100,class-a,30,0,0,0,0,0,0,0
current,2022,all,100H,tri-valley,12,0,0,0,0,0,0,0
current,2022,all,100H,bay-shore,18,0,0,0,0,0,0,0
current,2022,all,100H,redwood-empire,15,0,0,0,0,0,0,0
current,2022,all,100H,class-a,10,0,0,0,0,0,0,0
current,2022,all,110H,tri-valley,15,3,3,0,0,3,0,0
current,2022,all,110H,bay-shore,15,0,0,0,0,0,0,0
current,2022,all,110H,redwood-empire,15,2,2,0,0,2,0,0
current,2022,all,110H,class-a,12,4,4,0,0,4,0,0
current,2022,all,1600,tri-valley,29,15,15,0,0,12,3,0
current,2022,all,1600,bay-shore,29,4,4,0,0,0,4,0
current,2022,all,1600,redwood-empire,33,5,5,0,0,5,0,0
current,2022,all,1600,class-a,23,4,4,0,0,4,0,0
current,2022,all,200,tri-valley,26,17,9,0,0,0,9,16
current,2022,all,200,bay-shore,26,16,7,0,0,0,7,12
current,2022,all,200,redwood-empire,25,8,0,0,0,0,0,8
current,2022,all,200,class-a,21,2,2,0,0,0,2,0
current,2022,all,300H,tri-valley,27,2,1,0,0,0,1,2
current,2022,all,300H,bay-shore,33,1,1,0,0,0,1,1
current,2022,all,300H,redwood-empire,25,1,0,0,0,0,0,1
current,2022,all,300H,class-a,16,0,0,0,0,0,0,0
current,2022,all,3200,tri-valley,29,2,2,0,0,0,2,2
current,2022,all,3200,bay-shore,29,2,2,0,0,0,2,2
current,2022,all,3200,redwood-empire,33,0,0,0,0,0,0,0
current,2022,all,3200,class-a,24,1,1,0,0,1,0,0
current,2022,all,400,tri-valley,24,15,12,0,0,5,12,14
current,2022,all,400,bay-shore,30,6,4,0,0,0,4,4
current,2022,all,400,redwood-empire,31,0,0,0,0,0,0,0
current,2022,all,400,class-a,20,0,0,0,0,0,0,0
current,2022,all,4x100,tri-valley,17,9,9,0,0,5,6,7
current,2022,all,4x100,bay-shore,18,2,2,0,0,0,2,1
current,2022,all,4x100,redwood-empire,20,0,0,0,0,0,0,0
current,2022,all,4x100,class-a,12,0,0,0,0,0,0,0
current,2022,all,4x400,tri-valley,16,14,10,0,0,6,6,13
current,2022,all,4x400,bay-shore,18,5,1,0,0,0,1,5
current,2022,all,4x400,redwood-empire,26,9,3,0,0,3,0,9
current,2022,all,4x400,class-a,7,0,0,0,0,0,0,0
current,2022,all,800,tri-valley,28,15,8,0,0,8,5,12
current,2022,all,800,bay-shore,30,5,0,0,0,0,0,5
current,2022,all,800,redwood-empire,33,5,4,0,0,4,0,1
current,2022,all,800,class-a,19,3,3,0,0,3,0,0
current,2022,all,DT,tri-valley,28,13,13,0,0,13,1,5
current,2022,all,DT,bay-shore,32,0,0,0,0,0,0,0
current,2022,all,DT,redwood-empire,29,12,12,0,0,12,0,3
current,2022,all,DT,class-a,26,4,4,0,0,4,0,0
current,2022,all,HJ,tri-valley,25,5,5,0,0,5,0,0
current,2022,all,HJ,bay-shore,24,0,0,0,0,0,0,0
current,2022,all,HJ,redwood-empire,15,3,3,0,0,3,0,0
current,2022,all,HJ,class-a,18,3,3,0,0,3,0,0
current,2022,all,LJ,tri-valley,30,4,4,0,0,0,4,0
current,2022,all,LJ,bay-shore,30,2,2,0,0,0,2,0
current,2022,all,LJ,redwood-empire,24,2,2,0,0,2,0,0
current,2022,all,LJ,class-a,26,1,1,0,0,1,0,0
current,2022,all,PV,tri-valley,27,12,8,0,0,8,1,12
current,2022,all,PV,bay-shore,18,7,0,0,0,0,0,7
current,2022,all,PV,redwood-empire,21,12,3,0,0,3,0,12
current,2022,all,PV,class-a,3,0,0,0,0,0,0,0
current,2022,all,SP,tri-valley,28,13,10,0,0,10,0,5
current,2022,all,SP,bay-shore,31,0,0,0,0,0,0,0
current,2022,all,SP,redwood-empire,30,13,10,0,0,10,0,4
current,2022,all,SP,class-a,26,7,7,0,0,7,0,0
current,2022,all,TJ,tri-valley,32,6,5,0,0,5,0,3
current,2022,all,TJ,bay-shore,27,0,0,0,0,0,0,0
current,2022,all,TJ,redwood-empire,24,2,2,0,0,2,0,2
current,2022,all,TJ,class-a,22,0,0,0,0,0,0,0
current,2022,all,group:sprints_hurdles,tri-valley,106,35,20,0,0,5,17,31
current,2022,all,group:sprints_hurdles,bay-shore,124,26,14,0,0,0,14,22
current,2022,all,group:sprints_hurdles,redwood-empire,109,19,2,0,0,2,0,17
current,2022,all,group:sprints_hurdles,class-a,89,6,6,0,0,4,2,0
current,2022,all,group:400_800,tri-valley,52,30,20,0,0,13,17,26
current,2022,all,group:400_800,bay-shore,60,11,4,0,0,0,4,9
current,2022,all,group:400_800,redwood-empire,64,5,4,0,0,4,0,1
current,2022,all,group:400_800,class-a,39,3,3,0,0,3,0,0
current,2022,all,group:distance,tri-valley,58,17,17,0,0,12,5,2
current,2022,all,group:distance,bay-shore,58,6,6,0,0,0,6,2
current,2022,all,group:distance,redwood-empire,66,5,5,0,0,5,0,0
current,2022,all,group:distance,class-a,47,5,5,0,0,5,0,0
current,2022,all,group:jumps,tri-valley,114,27,22,0,0,18,5,15
current,2022,all,group:jumps,bay-shore,99,9,2,0,0,0,2,7
current,2022,all,group:jumps,redwood-empire,84,19,10,0,0,10,0,14
current,2022,all,group:jumps,class-a,69,4,4,0,0,4,0,0
current,2022,all,group:throws,tri-valley,56,26,23,0,0,23,1,10
current,2022,all,group:throws,bay-shore,63,0,0,0,0,0,0,0
current,2022,all,group:throws,redwood-empire,59,25,22,0,0,22,0,7
current,2022,all,group:throws,class-a,52,11,11,0,0,11,0,0
current,2022,all,group:relays,tri-valley,33,23,19,0,0,11,12,20
current,2022,all,group:relays,bay-shore,36,7,3,0,0,0,3,6
current,2022,all,group:relays,redwood-empire,46,9,3,0,0,3,0,9
current,2022,all,group:relays,class-a,19,0,0,0,0,0,0,0
current,2022,all,all,tri-valley,419,158,121,0,0,82,57,104
current,2022,all,all,bay-shore,440,59,29,0,0,0,29,46
current,2022,all,all,redwood-empire,428,82,46,0,0,46,0,48
current,2022,all,all,class-a,315,29,29,0,0,27,2,0
current,2023,girls,100,tri-valley,13,1,1,0,0,1,1,1
current,2023,girls,100,bay-shore,17,0,0,0,0,0,0,0
current,2023,girls,100,redwood-empire,21,1,0,0,0,0,0,1
current,2023,girls,100,class-a,14,0,0,0,0,0,0,0
current,2023,girls,100H,tri-valley,11,6,6,0,0,6,1,2
current,2023,girls,100H,bay-shore,16,0,0,0,0,0,0,0
current,2023,girls,100H,redwood-empire,16,10,10,0,0,10,0,2
current,2023,girls,100H,class-a,14,0,0,0,0,0,0,0
current,2023,girls,1600,tri-valley,14,12,12,0,0,12,0,0
current,2023,girls,1600,bay-shore,15,0,0,0,0,0,0,0
current,2023,girls,1600,redwood-empire,18,6,6,0,0,6,0,0
current,2023,girls,1600,class-a,12,5,5,0,0,5,0,0
current,2023,girls,200,tri-valley,10,2,2,0,0,2,1,1
current,2023,girls,200,bay-shore,15,0,0,0,0,0,0,0
current,2023,girls,200,redwood-empire,19,2,2,0,0,2,0,0
current,2023,girls,200,class-a,13,0,0,0,0,0,0,0
current,2023,girls,300H,tri-valley,14,7,5,0,0,5,5,7
current,2023,girls,300H,bay-shore,15,4,0,0,0,0,0,4
current,2023,girls,300H,redwood-empire,15,7,0,0,0,0,0,7
current,2023,girls,300H,class-a,13,0,0,0,0,0,0,0
current,2023,girls,3200,tri-valley,14,1,1,0,0,1,0,0
current,2023,girls,3200,bay-shore,14,0,0,0,0,0,0,0
current,2023,girls,3200,redwood-empire,20,2,2,0,0,2,0,0
current,2023,girls,3200,class-a,9,1,1,0,0,1,0,0
current,2023,girls,400,tri-valley,9,2,2,0,0,0,2,2
current,2023,girls,400,bay-shore,14,0,0,0,0,0,0,0
current,2023,girls,400,redwood-empire,18,0,0,0,0,0,0,0
current,2023,girls,400,class-a,17,0,0,0,0,0,0,0
current,2023,girls,4x100,tri-valley,8,4,4,0,0,4,1,4
current,2023,girls,4x100,bay-shore,8,0,0,0,0,0,0,0
current,2023,girls,4x100,redwood-empire,17,8,3,0,0,3,0,8
current,2023,girls,4x100,class-a,13,0,0,0,0,0,0,0
current,2023,girls,4x400,tri-valley,8,3,3,0,0,3,3,3
current,2023,girls,4x400,bay-shore,6,0,0,0,0,0,0,0
current,2023,girls,4x400,redwood-empire,15,0,0,0,0,0,0,0
current,2023,girls,4x400,class-a,10,0,0,0,0,0,0,0
current,2023,girls,800,tri-valley,11,4,4,0,0,4,3,1
current,2023,girls,800,bay-shore,17,0,0,0,0,0,0,0
current,2023,girls,800,redwood-empire,21,0,0,0,0,0,0,0
current,2023,girls,800,class-a,16,1,1,0,0,1,1,0
current,2023,girls,DT,tri-valley,14,8,8,0,0,8,5,5
current,2023,girls,DT,bay-shore,18,0,0,0,0,0,0,0
current,2023,girls,DT,redwood-empire,19,6,6,0,0,6,0,1
current,2023,girls,DT,class-a,17,0,0,0,0,0,0,0
current,2023,girls,HJ,tri-valley,9,3,3,0,0,3,0,0
current,2023,girls,HJ,bay-shore,8,0,0,0,0,0,0,0
current,2023,girls,HJ,redwood-empire,9,3,3,0,0,3,0,0
current,2023,girls,HJ,class-a,10,0,0,0,0,0,0,0
current,2023,girls,LJ,tri-valley,16,0,0,0,0,0,0,0
current,2023,girls,LJ,bay-shore,13,0,0,0,0,0,0,0
current,2023,girls,LJ,redwood-empire,15,0,0,0,0,0,0,0
current,2023,girls,LJ,class-a,13,0,0,0,0,0,0,0
current,2023,girls,PV,tri-valley,16,16,0,0,0,0,0,16
current,2023,girls,PV,bay-shore,12,6,3,0,3,0,0,6
current,2023,girls,PV,redwood-empire,13,13,1,0,1,0,0,13
current,2023,girls,PV,class-a,3,0,0,0,0,0,0,0
current,2023,girls,SP,tri-valley,17,8,8,0,0,8,0,0
current,2023,girls,SP,bay-shore,17,0,0,0,0,0,0,0
current,2023,girls,SP,redwood-empire,16,7,7,0,0,7,0,0
current,2023,girls,SP,class-a,20,5,5,0,0,5,0,0
current,2023,girls,TJ,tri-valley,14,0,0,0,0,0,0,0
current,2023,girls,TJ,bay-shore,11,0,0,0,0,0,0,0
current,2023,girls,TJ,redwood-empire,20,0,0,0,0,0,0,0
current,2023,girls,TJ,class-a,10,0,0,0,0,0,0,0
current,2023,girls,group:sprints_hurdles,tri-valley,48,16,14,0,0,14,8,11
current,2023,girls,group:sprints_hurdles,bay-shore,63,4,0,0,0,0,0,4
current,2023,girls,group:sprints_hurdles,redwood-empire,71,20,12,0,0,12,0,10
current,2023,girls,group:sprints_hurdles,class-a,54,0,0,0,0,0,0,0
current,2023,girls,group:400_800,tri-valley,20,6,6,0,0,4,5,3
current,2023,girls,group:400_800,bay-shore,31,0,0,0,0,0,0,0
current,2023,girls,group:400_800,redwood-empire,39,0,0,0,0,0,0,0
current,2023,girls,group:400_800,class-a,33,1,1,0,0,1,1,0
current,2023,girls,group:distance,tri-valley,28,13,13,0,0,13,0,0
current,2023,girls,group:distance,bay-shore,29,0,0,0,0,0,0,0
current,2023,girls,group:distance,redwood-empire,38,8,8,0,0,8,0,0
current,2023,girls,group:distance,class-a,21,6,6,0,0,6,0,0
current,2023,girls,group:jumps,tri-valley,55,19,3,0,0,3,0,16
current,2023,girls,group:jumps,bay-shore,44,6,3,0,3,0,0,6
current,2023,girls,group:jumps,redwood-empire,57,16,4,0,1,3,0,13
current,2023,girls,group:jumps,class-a,36,0,0,0,0,0,0,0
current,2023,girls,group:throws,tri-valley,31,16,16,0,0,16,5,5
current,2023,girls,group:throws,bay-shore,35,0,0,0,0,0,0,0
current,2023,girls,group:throws,redwood-empire,35,13,13,0,0,13,0,1
current,2023,girls,group:throws,class-a,37,5,5,0,0,5,0,0
current,2023,girls,group:relays,tri-valley,16,7,7,0,0,7,4,7
current,2023,girls,group:relays,bay-shore,14,0,0,0,0,0,0,0
current,2023,girls,group:relays,redwood-empire,32,8,3,0,0,3,0,8
current,2023,girls,group:relays,class-a,23,0,0,0,0,0,0,0
current,2023,girls,all,tri-valley,198,77,59,0,0,57,22,42
current,2023,girls,all,bay-shore,216,10,3,0,3,0,0,10
current,2023,girls,all,redwood-empire,272,65,40,0,1,39,0,32
current,2023,girls,all,class-a,204,12,12,0,0,12,1,0
current,2023,boys,100,tri-valley,11,10,10,0,0,0,10,10
current,2023,boys,100,bay-shore,15,2,2,0,0,0,2,2
current,2023,boys,100,redwood-empire,21,0,0,0,0,0,0,0
current,2023,boys,100,class-a,13,0,0,0,0,0,0,0
current,2023,boys,110H,tri-valley,15,0,0,0,0,0,0,0
current,2023,boys,110H,bay-shore,14,0,0,0,0,0,0,0
current,2023,boys,110H,redwood-empire,21,0,0,0,0,0,0,0
current,2023,boys,110H,class-a,12,0,0,0,0,0,0,0
current,2023,boys,1600,tri-valley,7,3,2,0,0,2,0,3
current,2023,boys,1600,bay-shore,18,3,0,0,0,0,0,3
current,2023,boys,1600,redwood-empire,20,3,0,0,0,0,0,3
current,2023,boys,1600,class-a,14,0,0,0,0,0,0,0
current,2023,boys,200,tri-valley,9,5,5,0,0,0,5,5
current,2023,boys,200,bay-shore,16,1,0,0,0,0,0,1
current,2023,boys,200,redwood-empire,21,1,0,0,0,0,0,1
current,2023,boys,200,class-a,13,0,0,0,0,0,0,0
current,2023,boys,300H,tri-valley,15,5,5,0,0,5,0,2
current,2023,boys,300H,bay-shore,14,0,0,0,0,0,0,0
current,2023,boys,300H,redwood-empire,18,5,5,0,0,5,0,1
current,2023,boys,300H,class-a,14,1,1,0,0,1,0,0
current,2023,boys,3200,tri-valley,13,0,0,0,0,0,0,0
current,2023,boys,3200,bay-shore,16,0,0,0,0,0,0,0
current,2023,boys,3200,redwood-empire,20,0,0,0,0,0,0,0
current,2023,boys,3200,class-a,17,0,0,0,0,0,0,0
current,2023,boys,400,tri-valley,15,12,6,0,0,0,6,12
current,2023,boys,400,bay-shore,17,7,0,0,0,0,0,7
current,2023,boys,400,redwood-empire,20,4,0,0,0,0,0,4
current,2023,boys,400,class-a,14,0,0,0,0,0,0,0
current,2023,boys,4x100,tri-valley,12,10,8,0,0,8,5,10
current,2023,boys,4x100,bay-shore,8,4,0,0,0,0,0,4
current,2023,boys,4x100,redwood-empire,14,7,4,0,0,4,0,7
current,2023,boys,4x100,class-a,5,0,0,0,0,0,0,0
current,2023,boys,4x400,tri-valley,11,3,3,0,0,3,3,3
current,2023,boys,4x400,bay-shore,12,0,0,0,0,0,0,0
current,2023,boys,4x400,redwood-empire,15,0,0,0,0,0,0,0
current,2023,boys,4x400,class-a,11,0,0,0,0,0,0,0
current,2023,boys,800,tri-valley,13,5,5,0,0,4,5,0
current,2023,boys,800,bay-shore,15,1,1,0,0,0,1,0
current,2023,boys,800,redwood-empire,21,0,0,0,0,0,0,0
current,2023,boys,800,class-a,13,0,0,0,0,0,0,0
current,2023,boys,DT,tri-valley,16,4,4,0,0,4,0,0
current,2023,boys,DT,bay-shore,16,0,0,0,0,0,0,0
current,2023,boys,DT,redwood-empire,13,2,2,0,0,2,0,0
current,2023,boys,DT,class-a,18,3,3,0,0,3,0,0
current,2023,boys,HJ,tri-valley,10,0,0,0,0,0,0,0
current,2023,boys,HJ,bay-shore,17,0,0,0,0,0,0,0
current,2023,boys,HJ,redwood-empire,7,0,0,0,0,0,0,0
current,2023,boys,HJ,class-a,10,0,0,0,0,0,0,0
current,2023,boys,LJ,tri-valley,16,0,0,0,0,0,0,0
current,2023,boys,LJ,bay-shore,13,0,0,0,0,0,0,0
current,2023,boys,LJ,redwood-empire,18,0,0,0,0,0,0,0
current,2023,boys,LJ,class-a,10,0,0,0,0,0,0,0
current,2023,boys,PV,tri-valley,14,14,8,0,0,8,0,14
current,2023,boys,PV,bay-shore,8,3,0,0,0,0,0,3
current,2023,boys,PV,redwood-empire,9,9,3,0,0,3,0,9
current,2023,boys,PV,class-a,2,0,0,0,0,0,0,0
current,2023,boys,SP,tri-valley,14,1,0,0,0,0,0,1
current,2023,boys,SP,bay-shore,13,2,0,0,0,0,0,2
current,2023,boys,SP,redwood-empire,17,3,0,0,0,0,0,3
current,2023,boys,SP,class-a,15,0,0,0,0,0,0,0
current,2023,boys,TJ,tri-valley,17,0,0,0,0,0,0,0
current,2023,boys,TJ,bay-shore,15,0,0,0,0,0,0,0
current,2023,boys,TJ,redwood-empire,18,0,0,0,0,0,0,0
current,2023,boys,TJ,class-a,14,0,0,0,0,0,0,0
current,2023,boys,group:sprints_hurdles,tri-valley,50,20,20,0,0,5,15,17
current,2023,boys,group:sprints_hurdles,bay-shore,59,3,2,0,0,0,2,3
current,2023,boys,group:sprints_hurdles,redwood-empire,81,6,5,0,0,5,0,2
current,2023,boys,group:sprints_hurdles,class-a,52,1,1,0,0,1,0,0
current,2023,boys,group:400_800,tri-valley,28,17,11,0,0,4,11,12
current,2023,boys,group:400_800,bay-shore,32,8,1,0,0,0,1,7
current,2023,boys,group:400_800,redwood-empire,41,4,0,0,0,0,0,4
current,2023,boys,group:400_800,class-a,27,0,0,0,0,0,0,0
current,2023,boys,group:distance,tri-valley,20,3,2,0,0,2,0,3
current,2023,boys,group:distance,bay-shore,34,3,0,0,0,0,0,3
current,2023,boys,group:distance,redwood-empire,40,3,0,0,0,0,0,3
current,2023,boys,group:distance,class-a,31,0,0,0,0,0,0,0
current,2023,boys,group:jumps,tri-valley,57,14,8,0,0,8,0,14
current,2023,boys,group:jumps,bay-shore,53,3,0,0,0,0,0,3
current,2023,boys,group:jumps,redwood-empire,52,9,3,0,0,3,0,9
current,2023,boys,group:jumps,class-a,36,0,0,0,0,0,0,0
current,2023,boys,group:throws,tri-valley,30,5,4,0,0,4,0,1
current,2023,boys,group:throws,bay-shore,29,2,0,0,0,0,0,2
current,2023,boys,group:throws,redwood-empire,30,5,2,0,0,2,0,3
current,2023,boys,group:throws,class-a,33,3,3,0,0,3,0,0
current,2023,boys,group:relays,tri-valley,23,13,11,0,0,11,8,13
current,2023,boys,group:relays,bay-shore,20,4,0,0,0,0,0,4
current,2023,boys,group:relays,redwood-empire,29,7,4,0,0,4,0,7
current,2023,boys,group:relays,class-a,16,0,0,0,0,0,0,0
current,2023,boys,all,tri-valley,208,72,56,0,0,34,34,60
current,2023,boys,all,bay-shore,227,23,3,0,0,0,3,22
current,2023,boys,all,redwood-empire,273,34,14,0,0,14,0,28
current,2023,boys,all,class-a,195,4,4,0,0,4,0,0
current,2023,all,100,tri-valley,24,11,11,0,0,1,11,11
current,2023,all,100,bay-shore,32,2,2,0,0,0,2,2
current,2023,all,100,redwood-empire,42,1,0,0,0,0,0,1
current,2023,all,100,class-a,27,0,0,0,0,0,0,0
current,2023,all,100H,tri-valley,11,6,6,0,0,6,1,2
current,2023,all,100H,bay-shore,16,0,0,0,0,0,0,0
current,2023,all,100H,redwood-empire,16,10,10,0,0,10,0,2
current,2023,all,100H,class-a,14,0,0,0,0,0,0,0
current,2023,all,110H,tri-valley,15,0,0,0,0,0,0,0
current,2023,all,110H,bay-shore,14,0,0,0,0,0,0,0
current,2023,all,110H,redwood-empire,21,0,0,0,0,0,0,0
current,2023,all,110H,class-a,12,0,0,0,0,0,0,0
current,2023,all,1600,tri-valley,21,15,14,0,0,14,0,3
current,2023,all,1600,bay-shore,33,3,0,0,0,0,0,3
current,2023,all,1600,redwood-empire,38,9,6,0,0,6,0,3
current,2023,all,1600,class-a,26,5,5,0,0,5,0,0
current,2023,all,200,tri-valley,19,7,7,0,0,2,6,6
current,2023,all,200,bay-shore,31,1,0,0,0,0,0,1
current,2023,all,200,redwood-empire,40,3,2,0,0,2,0,1
current,2023,all,200,class-a,26,0,0,0,0,0,0,0
current,2023,all,300H,tri-valley,29,12,10,0,0,10,5,9
current,2023,all,300H,bay-shore,29,4,0,0,0,0,0,4
current,2023,all,300H,redwood-empire,33,12,5,0,0,5,0,8
current,2023,all,300H,class-a,27,1,1,0,0,1,0,0
current,2023,all,3200,tri-valley,27,1,1,0,0,1,0,0
current,2023,all,3200,bay-shore,30,0,0,0,0,0,0,0
current,2023,all,3200,redwood-empire,40,2,2,0,0,2,0,0
current,2023,all,3200,class-a,26,1,1,0,0,1,0,0
current,2023,all,400,tri-valley,24,14,8,0,0,0,8,14
current,2023,all,400,bay-shore,31,7,0,0,0,0,0,7
current,2023,all,400,redwood-empire,38,4,0,0,0,0,0,4
current,2023,all,400,class-a,31,0,0,0,0,0,0,0
current,2023,all,4x100,tri-valley,20,14,12,0,0,12,6,14
current,2023,all,4x100,bay-shore,16,4,0,0,0,0,0,4
current,2023,all,4x100,redwood-empire,31,15,7,0,0,7,0,15
current,2023,all,4x100,class-a,18,0,0,0,0,0,0,0
current,2023,all,4x400,tri-valley,19,6,6,0,0,6,6,6
current,2023,all,4x400,bay-shore,18,0,0,0,0,0,0,0
current,2023,all,4x400,redwood-empire,30,0,0,0,0,0,0,0
current,2023,all,4x400,class-a,21,0,0,0,0,0,0,0
current,2023,all,800,tri-valley,24,9,9,0,0,8,8,1
current,2023,all,800,bay-shore,32,1,1,0,0,0,1,0
current,2023,all,800,redwood-empire,42,0,0,0,0,0,0,0
current,2023,all,800,class-a,29,1,1,0,0,1,1,0
current,2023,all,DT,tri-valley,30,12,12,0,0,12,5,5
current,2023,all,DT,bay-shore,34,0,0,0,0,0,0,0
current,2023,all,DT,redwood-empire,32,8,8,0,0,8,0,1
current,2023,all,DT,class-a,35,3,3,0,0,3,0,0
current,2023,all,HJ,tri-valley,19,3,3,0,0,3,0,0
current,2023,all,HJ,bay-shore,25,0,0,0,0,0,0,0
current,2023,all,HJ,redwood-empire,16,3,3,0,0,3,0,0
current,2023,all,HJ,class-a,20,0,0,0,0,0,0,0
current,2023,all,LJ,tri-valley,32,0,0,0,0,0,0,0
current,2023,all,LJ,bay-shore,26,0,0,0,0,0,0,0
current,2023,all,LJ,redwood-empire,33,0,0,0,0,0,0,0
current,2023,all,LJ,class-a,23,0,0,0,0,0,0,0
current,2023,all,PV,tri-valley,30,30,8,0,0,8,0,30
current,2023,all,PV,bay-shore,20,9,3,0,3,0,0,9
current,2023,all,PV,redwood-empire,22,22,4,0,1,3,0,22
current,2023,all,PV,class-a,5,0,0,0,0,0,0,0
current,2023,all,SP,tri-valley,31,9,8,0,0,8,0,1
current,2023,all,SP,bay-shore,30,2,0,0,0,0,0,2
current,2023,all,SP,redwood-empire,33,10,7,0,0,7,0,3
current,2023,all,SP,class-a,35,5,5,0,0,5,0,0
current,2023,all,TJ,tri-valley,31,0,0,0,0,0,0,0
current,2023,all,TJ,bay-shore,26,0,0,0,0,0,0,0
current,2023,all,TJ,redwood-empire,38,0,0,0,0,0,0,0
current,2023,all,TJ,class-a,24,0,0,0,0,0,0,0
current,2023,all,group:sprints_hurdles,tri-valley,98,36,34,0,0,19,23,28
current,2023,all,group:sprints_hurdles,bay-shore,122,7,2,0,0,0,2,7
current,2023,all,group:sprints_hurdles,redwood-empire,152,26,17,0,0,17,0,12
current,2023,all,group:sprints_hurdles,class-a,106,1,1,0,0,1,0,0
current,2023,all,group:400_800,tri-valley,48,23,17,0,0,8,16,15
current,2023,all,group:400_800,bay-shore,63,8,1,0,0,0,1,7
current,2023,all,group:400_800,redwood-empire,80,4,0,0,0,0,0,4
current,2023,all,group:400_800,class-a,60,1,1,0,0,1,1,0
current,2023,all,group:distance,tri-valley,48,16,15,0,0,15,0,3
current,2023,all,group:distance,bay-shore,63,3,0,0,0,0,0,3
current,2023,all,group:distance,redwood-empire,78,11,8,0,0,8,0,3
current,2023,all,group:distance,class-a,52,6,6,0,0,6,0,0
current,2023,all,group:jumps,tri-valley,112,33,11,0,0,11,0,30
current,2023,all,group:jumps,bay-shore,97,9,3,0,3,0,0,9
current,2023,all,group:jumps,redwood-empire,109,25,7,0,1,6,0,22
current,2023,all,group:jumps,class-a,72,0,0,0,0,0,0,0
current,2023,all,group:throws,tri-valley,61,21,20,0,0,20,5,6
current,2023,all,group:throws,bay-shore,64,2,0,0,0,0,0,2
current,2023,all,group:throws,redwood-empire,65,18,15,0,0,15,0,4
current,2023,all,group:throws,class-a,70,8,8,0,0,8,0,0
current,2023,all,group:relays,tri-valley,39,20,18,0,0,18,12,20
current,2023,all,group:relays,bay-shore,34,4,0,0,0,0,0,4
current,2023,all,group:relays,redwood-empire,61,15,7,0,0,7,0,15
current,2023,all,group:relays,class-a,39,0,0,0,0,0,0,0
current,2023,all,all,tri-valley,406,149,115,0,0,91,56,102
current,2023,all,all,bay-shore,443,33,6,0,3,0,3,32
current,2023,all,all,redwood-empire,545,99,54,0,1,53,0,60
current,2023,all,all,class-a,399,16,16,0,0,16,1,0
current,2024,girls,100,tri-valley,14,10,10,0,0,0,10,0
current,2024,girls,100,bay-shore,17,6,6,0,0,0,6,0
current,2024,girls,100,redwood-empire,13,0,0,0,0,0,0,0
current,2024,girls,100,class-a,17,4,4,0,0,0,4,0
current,2024,girls,100H,tri-valley,17,8,8,0,0,8,8,0
current,2024,girls,100H,bay-shore,19,0,0,0,0,0,0,0
current,2024,girls,100H,redwood-empire,18,0,0,0,0,0,0,0
current,2024,girls,100H,class-a,11,0,0,0,0,0,0,0
current,2024,girls,1600,tri-valley,9,2,2,0,0,2,1,0
current,2024,girls,1600,bay-shore,14,0,0,0,0,0,0,0
current,2024,girls,1600,redwood-empire,15,3,3,0,0,3,0,0
current,2024,girls,1600,class-a,10,5,5,0,0,5,1,0
current,2024,girls,200,tri-valley,15,1,1,0,0,0,1,0
current,2024,girls,200,bay-shore,16,0,0,0,0,0,0,0
current,2024,girls,200,redwood-empire,15,0,0,0,0,0,0,0
current,2024,girls,200,class-a,14,2,2,0,0,0,2,0
current,2024,girls,300H,tri-valley,15,3,3,0,0,3,2,0
current,2024,girls,300H,bay-shore,18,0,0,0,0,0,0,0
current,2024,girls,300H,redwood-empire,16,0,0,0,0,0,0,0
current,2024,girls,300H,class-a,12,1,1,0,0,1,0,0
current,2024,girls,3200,tri-valley,12,4,4,0,0,4,0,0
current,2024,girls,3200,bay-shore,13,0,0,0,0,0,0,0
current,2024,girls,3200,redwood-empire,16,4,4,0,0,4,0,0
current,2024,girls,3200,class-a,16,4,4,0,0,4,1,0
current,2024,girls,400,tri-valley,10,0,0,0,0,0,0,0
current,2024,girls,400,bay-shore,18,0,0,0,0,0,0,0
current,2024,girls,400,redwood-empire,17,0,0,0,0,0,0,0
current,2024,girls,400,class-a,16,0,0,0,0,0,0,0
current,2024,girls,4x100,tri-valley,10,3,3,0,0,2,3,2
current,2024,girls,4x100,bay-shore,14,2,2,0,0,0,2,1
current,2024,girls,4x100,redwood-empire,15,0,0,0,0,0,0,0
current,2024,girls,4x100,class-a,12,2,2,0,0,0,2,0
current,2024,girls,4x400,tri-valley,8,4,4,0,0,4,3,3
current,2024,girls,4x400,bay-shore,7,0,0,0,0,0,0,0
current,2024,girls,4x400,redwood-empire,11,0,0,0,0,0,0,0
current,2024,girls,4x400,class-a,7,1,1,0,0,1,0,0
current,2024,girls,800,tri-valley,10,4,4,0,0,4,1,4
current,2024,girls,800,bay-shore,14,0,0,0,0,0,0,0
current,2024,girls,800,redwood-empire,18,8,8,0,0,8,0,2
current,2024,girls,800,class-a,12,2,2,0,0,2,0,0
current,2024,girls,DT,tri-valley,15,1,1,0,0,1,1,0
current,2024,girls,DT,bay-shore,15,0,0,0,0,0,0,0
current,2024,girls,DT,redwood-empire,17,0,0,0,0,0,0,0
current,2024,girls,DT,class-a,13,1,1,0,0,0,1,0
current,2024,girls,HJ,tri-valley,10,0,0,0,0,0,0,0
current,2024,girls,HJ,bay-shore,14,0,0,0,0,0,0,0
current,2024,girls,HJ,redwood-empire,3,0,0,0,0,0,0,0
current,2024,girls,HJ,class-a,10,0,0,0,0,0,0,0
current,2024,girls,LJ,tri-valley,16,12,12,0,0,0,12,2
current,2024,girls,LJ,bay-shore,13,11,11,0,0,0,11,3
current,2024,girls,LJ,redwood-empire,14,0,0,0,0,0,0,0
current,2024,girls,LJ,class-a,13,1,1,0,0,0,1,0
current,2024,girls,PV,tri-valley,14,14,7,0,0,4,7,14
current,2024,girls,PV,bay-shore,10,9,1,0,0,0,1,9
current,2024,girls,PV,redwood-empire,7,7,0,0,0,0,0,7
current,2024,girls,PV,class-a,3,0,0,0,0,0,0,0
current,2024,girls,SP,tri-valley,17,1,1,0,0,1,0,0
current,2024,girls,SP,bay-shore,15,0,0,0,0,0,0,0
current,2024,girls,SP,redwood-empire,14,1,1,0,0,1,0,0
current,2024,girls,SP,class-a,12,0,0,0,0,0,0,0
current,2024,girls,TJ,tri-valley,17,0,0,0,0,0,0,0
current,2024,girls,TJ,bay-shore,16,0,0,0,0,0,0,0
current,2024,girls,TJ,redwood-empire,15,0,0,0,0,0,0,0
current,2024,girls,TJ,class-a,13,0,0,0,0,0,0,0
current,2024,girls,group:sprints_hurdles,tri-valley,61,22,22,0,0,11,21,0
current,2024,girls,group:sprints_hurdles,bay-shore,70,6,6,0,0,0,6,0
current,2024,girls,group:sprints_hurdles,redwood-empire,62,0,0,0,0,0,0,0
current,2024,girls,group:sprints_hurdles,class-a,54,7,7,0,0,1,6,0
current,2024,girls,group:400_800,tri-valley,20,4,4,0,0,4,1,4
current,2024,girls,group:400_800,bay-shore,32,0,0,0,0,0,0,0
current,2024,girls,group:400_800,redwood-empire,35,8,8,0,0,8,0,2
current,2024,girls,group:400_800,class-a,28,2,2,0,0,2,0,0
current,2024,girls,group:distance,tri-valley,21,6,6,0,0,6,1,0
current,2024,girls,group:distance,bay-shore,27,0,0,0,0,0,0,0
current,2024,girls,group:distance,redwood-empire,31,7,7,0,0,7,0,0
current,2024,girls,group:distance,class-a,26,9,9,0,0,9,2,0
current,2024,girls,group:jumps,tri-valley,57,26,19,0,0,4,19,16
current,2024,girls,group:jumps,bay-shore,53,20,12,0,0,0,12,12
current,2024,girls,group:jumps,redwood-empire,39,7,0,0,0,0,0,7
current,2024,girls,group:jumps,class-a,39,1,1,0,0,0,1,0
current,2024,girls,group:throws,tri-valley,32,2,2,0,0,2,1,0
current,2024,girls,group:throws,bay-shore,30,0,0,0,0,0,0,0
current,2024,girls,group:throws,redwood-empire,31,1,1,0,0,1,0,0
current,2024,girls,group:throws,class-a,25,1,1,0,0,0,1,0
current,2024,girls,group:relays,tri-valley,18,7,7,0,0,6,6,5
current,2024,girls,group:relays,bay-shore,21,2,2,0,0,0,2,1
current,2024,girls,group:relays,redwood-empire,26,0,0,0,0,0,0,0
current,2024,girls,group:relays,class-a,19,3,3,0,0,1,2,0
current,2024,girls,all,tri-valley,209,67,60,0,0,33,49,25
current,2024,girls,all,bay-shore,233,28,20,0,0,0,20,13
current,2024,girls,all,redwood-empire,224,23,16,0,0,16,0,9
current,2024,girls,all,class-a,191,23,23,0,0,13,12,0
current,2024,boys,100,tri-valley,8,5,5,0,0,0,5,0
current,2024,boys,100,bay-shore,11,4,4,0,0,0,4,0
current,2024,boys,100,redwood-empire,16,0,0,0,0,0,0,0
current,2024,boys,100,class-a,17,1,1,0,0,0,1,0
current,2024,boys,110H,tri-valley,15,2,2,0,0,1,2,0
current,2024,boys,110H,bay-shore,16,2,2,0,0,0,2,0
current,2024,boys,110H,redwood-empire,15,0,0,0,0,0,0,0
current,2024,boys,110H,class-a,13,1,1,0,0,1,1,0
current,2024,boys,1600,tri-valley,11,4,0,0,0,0,0,4
current,2024,boys,1600,bay-shore,16,1,0,0,0,0,0,1
current,2024,boys,1600,redwood-empire,16,1,0,0,0,0,0,1
current,2024,boys,1600,class-a,16,0,0,0,0,0,0,0
current,2024,boys,200,tri-valley,13,2,2,0,0,2,0,0
current,2024,boys,200,bay-shore,13,0,0,0,0,0,0,0
current,2024,boys,200,redwood-empire,12,5,5,0,0,5,0,1
current,2024,boys,200,class-a,16,0,0,0,0,0,0,0
current,2024,boys,300H,tri-valley,11,2,0,0,0,0,0,2
current,2024,boys,300H,bay-shore,14,1,0,0,0,0,0,1
current,2024,boys,300H,redwood-empire,12,0,0,0,0,0,0,0
current,2024,boys,300H,class-a,13,0,0,0,0,0,0,0
current,2024,boys,3200,tri-valley,15,1,1,0,0,0,1,1
current,2024,boys,3200,bay-shore,17,0,0,0,0,0,0,0
current,2024,boys,3200,redwood-empire,18,0,0,0,0,0,0,0
current,2024,boys,3200,class-a,24,0,0,0,0,0,0,0
current,2024,boys,400,tri-valley,11,3,3,0,0,0,3,1
current,2024,boys,400,bay-shore,14,3,3,0,0,0,3,3
current,2024,boys,400,redwood-empire,16,0,0,0,0,0,0,0
current,2024,boys,400,class-a,17,0,0,0,0,0,0,0
current,2024,boys,4x100,tri-valley,11,8,2,0,0,0,2,8
current,2024,boys,4x100,bay-shore,11,6,0,0,0,0,0,6
current,2024,boys,4x100,redwood-empire,13,4,0,0,0,0,0,4
current,2024,boys,4x100,class-a,9,0,0,0,0,0,0,0
current,2024,boys,4x400,tri-valley,11,2,2,0,0,2,1,2
current,2024,boys,4x400,bay-shore,7,0,0,0,0,0,0,0
current,2024,boys,4x400,redwood-empire,15,0,0,0,0,0,0,0
current,2024,boys,4x400,class-a,10,0,0,0,0,0,0,0
current,2024,boys,800,tri-valley,10,2,2,0,0,2,0,0
current,2024,boys,800,bay-shore,15,0,0,0,0,0,0,0
current,2024,boys,800,redwood-empire,13,1,1,0,0,1,0,0
current,2024,boys,800,class-a,14,0,0,0,0,0,0,0
current,2024,boys,DT,tri-valley,14,6,3,0,0,3,0,6
current,2024,boys,DT,bay-shore,18,2,0,0,0,0,0,2
current,2024,boys,DT,redwood-empire,17,4,2,0,0,2,0,4
current,2024,boys,DT,class-a,14,0,0,0,0,0,0,0
current,2024,boys,HJ,tri-valley,12,0,0,0,0,0,0,0
current,2024,boys,HJ,bay-shore,11,0,0,0,0,0,0,0
current,2024,boys,HJ,redwood-empire,6,0,0,0,0,0,0,0
current,2024,boys,HJ,class-a,12,0,0,0,0,0,0,0
current,2024,boys,LJ,tri-valley,15,1,1,0,0,0,1,0
current,2024,boys,LJ,bay-shore,10,1,1,0,0,0,1,0
current,2024,boys,LJ,redwood-empire,14,0,0,0,0,0,0,0
current,2024,boys,LJ,class-a,14,0,0,0,0,0,0,0
current,2024,boys,PV,tri-valley,12,12,0,0,0,0,0,12
current,2024,boys,PV,bay-shore,9,1,0,0,0,0,0,1
current,2024,boys,PV,redwood-empire,15,14,0,0,0,0,0,14
current,2024,boys,PV,class-a,5,0,0,0,0,0,0,0
current,2024,boys,SP,tri-valley,14,6,0,0,0,0,0,6
current,2024,boys,SP,bay-shore,16,4,0,0,0,0,0,4
current,2024,boys,SP,redwood-empire,13,3,0,0,0,0,0,3
current,2024,boys,SP,class-a,15,0,0,0,0,0,0,0
current,2024,boys,TJ,tri-valley,14,1,0,0,0,0,0,1
current,2024,boys,TJ,bay-shore,13,0,0,0,0,0,0,0
current,2024,boys,TJ,redwood-empire,15,1,0,0,0,0,0,1
current,2024,boys,TJ,class-a,17,0,0,0,0,0,0,0
current,2024,boys,group:sprints_hurdles,tri-valley,47,11,9,0,0,3,7,2
current,2024,boys,group:sprints_hurdles,bay-shore,54,7,6,0,0,0,6,1
current,2024,boys,group:sprints_hurdles,redwood-empire,55,5,5,0,0,5,0,1
current,2024,boys,group:sprints_hurdles,class-a,59,2,2,0,0,1,2,0
current,2024,boys,group:400_800,tri-valley,21,5,5,0,0,2,3,1
current,2024,boys,group:400_800,bay-shore,29,3,3,0,0,0,3,3
current,2024,boys,group:400_800,redwood-empire,29,1,1,0,0,1,0,0
current,2024,boys,group:400_800,class-a,31,0,0,0,0,0,0,0
current,2024,boys,group:distance,tri-valley,26,5,1,0,0,0,1,5
current,2024,boys,group:distance,bay-shore,33,1,0,0,0,0,0,1
current,2024,boys,group:distance,redwood-empire,34,1,0,0,0,0,0,1
current,2024,boys,group:distance,class-a,40,0,0,0,0,0,0,0
current,2024,boys,group:jumps,tri-valley,53,14,1,0,0,0,1,13
current,2024,boys,group:jumps,bay-shore,43,2,1,0,0,0,1,1
current,2024,boys,group:jumps,redwood-empire,50,15,0,0,0,0,0,15
current,2024,boys,group:jumps,class-a,48,0,0,0,0,0,0,0
current,2024,boys,group:throws,tri-valley,28,12,3,0,0,3,0,12
current,2024,boys,group:throws,bay-shore,34,6,0,0,0,0,0,6
current,2024,boys,group:throws,redwood-empire,30,7,2,0,0,2,0,7
current,2024,boys,group:throws,class-a,29,0,0,0,0,0,0,0
current,2024,boys,group:relays,tri-valley,22,10,4,0,0,2,3,10
current,2024,boys,group:relays,bay-shore,18,6,0,0,0,0,0,6
current,2024,boys,group:relays,redwood-empire,28,4,0,0,0,0,0,4
current,2024,boys,group:relays,class-a,19,0,0,0,0,0,0,0
current,2024,boys,all,tri-valley,197,57,23,0,0,10,15,43
current,2024,boys,all,bay-shore,211,25,10,0,0,0,10,18
current,2024,boys,all,redwood-empire,226,33,8,0,0,8,0,28
current,2024,boys,all,class-a,226,2,2,0,0,1,2,0
current,2024,all,100,tri-valley,22,15,15,0,0,0,15,0
current,2024,all,100,bay-shore,28,10,10,0,0,0,10,0
current,2024,all,100,redwood-empire,29,0,0,0,0,0,0,0
current,2024,all,100,class-a,34,5,5,0,0,0,5,0
current,2024,all,100H,tri-valley,17,8,8,0,0,8,8,0
current,2024,all,100H,bay-shore,19,0,0,0,0,0,0,0
current,2024,all,100H,redwood-empire,18,0,0,0,0,0,0,0
current,2024,all,100H,class-a,11,0,0,0,0,0,0,0
current,2024,all,110H,tri-valley,15,2,2,0,0,1,2,0
current,2024,all,110H,bay-shore,16,2,2,0,0,0,2,0
current,2024,all,110H,redwood-empire,15,0,0,0,0,0,0,0
current,2024,all,110H,class-a,13,1,1,0,0,1,1,0
current,2024,all,1600,tri-valley,20,6,2,0,0,2,1,4
current,2024,all,1600,bay-shore,30,1,0,0,0,0,0,1
current,2024,all,1600,redwood-empire,31,4,3,0,0,3,0,1
current,2024,all,1600,class-a,26,5,5,0,0,5,1,0
current,2024,all,200,tri-valley,28,3,3,0,0,2,1,0
current,2024,all,200,bay-shore,29,0,0,0,0,0,0,0
current,2024,all,200,redwood-empire,27,5,5,0,0,5,0,1
current,2024,all,200,class-a,30,2,2,0,0,0,2,0
current,2024,all,300H,tri-valley,26,5,3,0,0,3,2,2
current,2024,all,300H,bay-shore,32,1,0,0,0,0,0,1
current,2024,all,300H,redwood-empire,28,0,0,0,0,0,0,0
current,2024,all,300H,class-a,25,1,1,0,0,1,0,0
current,2024,all,3200,tri-valley,27,5,5,0,0,4,1,1
current,2024,all,3200,bay-shore,30,0,0,0,0,0,0,0
current,2024,all,3200,redwood-empire,34,4,4,0,0,4,0,0
current,2024,all,3200,class-a,40,4,4,0,0,4,1,0
current,2024,all,400,tri-valley,21,3,3,0,0,0,3,1
current,2024,all,400,bay-shore,32,3,3,0,0,0,3,3
current,2024,all,400,redwood-empire,33,0,0,0,0,0,0,0
current,2024,all,400,class-a,33,0,0,0,0,0,0,0
current,2024,all,4x100,tri-valley,21,11,5,0,0,2,5,10
current,2024,all,4x100,bay-shore,25,8,2,0,0,0,2,7
current,2024,all,4x100,redwood-empire,28,4,0,0,0,0,0,4
current,2024,all,4x100,class-a,21,2,2,0,0,0,2,0
current,2024,all,4x400,tri-valley,19,6,6,0,0,6,4,5
current,2024,all,4x400,bay-shore,14,0,0,0,0,0,0,0
current,2024,all,4x400,redwood-empire,26,0,0,0,0,0,0,0
current,2024,all,4x400,class-a,17,1,1,0,0,1,0,0
current,2024,all,800,tri-valley,20,6,6,0,0,6,1,4
current,2024,all,800,bay-shore,29,0,0,0,0,0,0,0
current,2024,all,800,redwood-empire,31,9,9,0,0,9,0,2
current,2024,all,800,class-a,26,2,2,0,0,2,0,0
current,2024,all,DT,tri-valley,29,7,4,0,0,4,1,6
current,2024,all,DT,bay-shore,33,2,0,0,0,0,0,2
current,2024,all,DT,redwood-empire,34,4,2,0,0,2,0,4
current,2024,all,DT,class-a,27,1,1,0,0,0,1,0
current,2024,all,HJ,tri-valley,22,0,0,0,0,0,0,0
current,2024,all,HJ,bay-shore,25,0,0,0,0,0,0,0
current,2024,all,HJ,redwood-empire,9,0,0,0,0,0,0,0
current,2024,all,HJ,class-a,22,0,0,0,0,0,0,0
current,2024,all,LJ,tri-valley,31,13,13,0,0,0,13,2
current,2024,all,LJ,bay-shore,23,12,12,0,0,0,12,3
current,2024,all,LJ,redwood-empire,28,0,0,0,0,0,0,0
current,2024,all,LJ,class-a,27,1,1,0,0,0,1,0
current,2024,all,PV,tri-valley,26,26,7,0,0,4,7,26
current,2024,all,PV,bay-shore,19,10,1,0,0,0,1,10
current,2024,all,PV,redwood-empire,22,21,0,0,0,0,0,21
current,2024,all,PV,class-a,8,0,0,0,0,0,0,0
current,2024,all,SP,tri-valley,31,7,1,0,0,1,0,6
current,2024,all,SP,bay-shore,31,4,0,0,0,0,0,4
current,2024,all,SP,redwood-empire,27,4,1,0,0,1,0,3
current,2024,all,SP,class-a,27,0,0,0,0,0,0,0
current,2024,all,TJ,tri-valley,31,1,0,0,0,0,0,1
current,2024,all,TJ,bay-shore,29,0,0,0,0,0,0,0
current,2024,all,TJ,redwood-empire,30,1,0,0,0,0,0,1
current,2024,all,TJ,class-a,30,0,0,0,0,0,0,0
current,2024,all,group:sprints_hurdles,tri-valley,108,33,31,0,0,14,28,2
current,2024,all,group:sprints_hurdles,bay-shore,124,13,12,0,0,0,12,1
current,2024,all,group:sprints_hurdles,redwood-empire,117,5,5,0,0,5,0,1
current,2024,all,group:sprints_hurdles,class-a,113,9,9,0,0,2,8,0
current,2024,all,group:400_800,tri-valley,41,9,9,0,0,6,4,5
current,2024,all,group:400_800,bay-shore,61,3,3,0,0,0,3,3
current,2024,all,group:400_800,redwood-empire,64,9,9,0,0,9,0,2
current,2024,all,group:400_800,class-a,59,2,2,0,0,2,0,0
current,2024,all,group:distance,tri-valley,47,11,7,0,0,6,2,5
current,2024,all,group:distance,bay-shore,60,1,0,0,0,0,0,1
current,2024,all,group:distance,redwood-empire,65,8,7,0,0,7,0,1
current,2024,all,group:distance,class-a,66,9,9,0,0,9,2,0
current,2024,all,group:jumps,tri-valley,110,40,20,0,0,4,20,29
current,2024,all,group:jumps,bay-shore,96,22,13,0,0,0,13,13
current,2024,all,group:jumps,redwood-empire,89,22,0,0,0,0,0,22
current,2024,all,group:jumps,class-a,87,1,1,0,0,0,1,0
current,2024,all,group:throws,tri-valley,60,14,5,0,0,5,1,12
current,2024,all,group:throws,bay-shore,64,6,0,0,0,0,0,6
current,2024,all,group:throws,redwood-empire,61,8,3,0,0,3,0,7
current,2024,all,group:throws,class-a,54,1,1,0,0,0,1,0
current,2024,all,group:relays,tri-valley,40,17,11,0,0,8,9,15
current,2024,all,group:relays,bay-shore,39,8,2,0,0,0,2,7
current,2024,all,group:relays,redwood-empire,54,4,0,0,0,0,0,4
current,2024,all,group:relays,class-a,38,3,3,0,0,1,2,0
current,2024,all,all,tri-valley,406,124,83,0,0,43,64,68
current,2024,all,all,bay-shore,444,53,30,0,0,0,30,31
current,2024,all,all,redwood-empire,450,56,24,0,0,24,0,37
current,2024,all,all,class-a,417,25,25,0,0,14,14,0
current,2025,girls,100,tri-valley,12,7,6,0,0,2,6,7
current,2025,girls,100,bay-shore,14,3,1,0,0,0,1,3
current,2025,girls,100,redwood-empire,16,0,0,0,0,0,0,0
current,2025,girls,100,class-a,18,0,0,0,0,0,0,0
current,2025,girls,100H,tri-valley,18,3,3,0,0,3,0,0
current,2025,girls,100H,bay-shore,16,0,0,0,0,0,0,0
current,2025,girls,100H,redwood-empire,14,1,1,0,0,1,0,0
current,2025,girls,100H,class-a,10,0,0,0,0,0,0,0
current,2025,girls,1600,tri-valley,13,7,7,0,0,7,0,0
current,2025,girls,1600,bay-shore,13,0,0,0,0,0,0,0
current,2025,girls,1600,redwood-empire,13,2,2,0,0,2,0,0
current,2025,girls,1600,class-a,14,3,3,0,0,3,0,0
current,2025,girls,200,tri-valley,11,6,6,0,0,4,6,0
current,2025,girls,200,bay-shore,13,1,1,0,0,0,1,0
current,2025,girls,200,redwood-empire,14,0,0,0,0,0,0,0
current,2025,girls,200,class-a,14,3,3,0,0,2,3,0
current,2025,girls,300H,tri-valley,15,9,9,0,0,9,0,0
current,2025,girls,300H,bay-shore,13,0,0,0,0,0,0,0
current,2025,girls,300H,redwood-empire,15,4,4,0,0,4,0,0
current,2025,girls,300H,class-a,12,2,2,0,0,2,0,0
current,2025,girls,3200,tri-valley,15,6,0,0,0,0,0,6
current,2025,girls,3200,bay-shore,13,0,0,0,0,0,0,0
current,2025,girls,3200,redwood-empire,16,1,0,0,0,0,0,1
current,2025,girls,3200,class-a,11,0,0,0,0,0,0,0
current,2025,girls,400,tri-valley,13,10,10,0,0,1,10,0
current,2025,girls,400,bay-shore,18,9,9,0,0,0,9,0
current,2025,girls,400,redwood-empire,13,0,0,0,0,0,0,0
current,2025,girls,400,class-a,28,1,1,0,0,1,1,0
current,2025,girls,4x100,tri-valley,10,6,5,0,0,0,5,6
current,2025,girls,4x100,bay-shore,14,0,0,0,0,0,0,0
current,2025,girls,4x100,redwood-empire,13,0,0,0,0,0,0,0
current,2025,girls,4x100,class-a,13,0,0,0,0,0,0,0
current,2025,girls,4x400,tri-valley,9,5,5,0,0,5,3,0
current,2025,girls,4x400,bay-shore,7,0,0,0,0,0,0,0
current,2025,girls,4x400,redwood-empire,14,3,3,0,0,3,0,0
current,2025,girls,4x400,class-a,9,1,1,0,0,1,1,0
current,2025,girls,800,tri-valley,16,3,3,0,0,3,0,0
current,2025,girls,800,bay-shore,16,0,0,0,0,0,0,0
current,2025,girls,800,redwood-empire,17,3,3,0,0,3,0,0
current,2025,girls,800,class-a,9,1,1,0,0,1,0,0
current,2025,girls,DT,tri-valley,16,7,7,0,0,7,0,0
current,2025,girls,DT,bay-shore,15,0,0,0,0,0,0,0
current,2025,girls,DT,redwood-empire,13,4,4,0,0,4,0,0
current,2025,girls,DT,class-a,15,0,0,0,0,0,0,0
current,2025,girls,HJ,tri-valley,13,3,3,0,0,0,3,0
current,2025,girls,HJ,bay-shore,10,3,3,0,0,0,3,0
current,2025,girls,HJ,redwood-empire,3,0,0,0,0,0,0,0
current,2025,girls,HJ,class-a,14,3,3,0,0,0,3,0
current,2025,girls,LJ,tri-valley,13,5,5,0,0,0,5,5
current,2025,girls,LJ,bay-shore,14,2,2,0,0,0,2,2
current,2025,girls,LJ,redwood-empire,16,0,0,0,0,0,0,0
current,2025,girls,LJ,class-a,16,0,0,0,0,0,0,0
current,2025,girls,PV,tri-valley,12,4,3,0,0,3,0,4
current,2025,girls,PV,bay-shore,3,0,0,0,0,0,0,0
current,2025,girls,PV,redwood-empire,8,2,1,0,0,1,0,2
current,2025,girls,PV,class-a,5,0,0,0,0,0,0,0
current,2025,girls,SP,tri-valley,14,11,11,0,0,11,0,0
current,2025,girls,SP,bay-shore,15,0,0,0,0,0,0,0
current,2025,girls,SP,redwood-empire,15,8,8,0,0,8,0,0
current,2025,girls,SP,class-a,15,2,2,0,0,2,0,0
current,2025,girls,TJ,tri-valley,15,2,0,0,0,0,0,2
current,2025,girls,TJ,bay-shore,15,6,1,0,0,0,1,6
current,2025,girls,TJ,redwood-empire,15,3,0,0,0,0,0,3
current,2025,girls,TJ,class-a,9,0,0,0,0,0,0,0
current,2025,girls,group:sprints_hurdles,tri-valley,56,25,24,0,0,18,12,7
current,2025,girls,group:sprints_hurdles,bay-shore,56,4,2,0,0,0,2,3
current,2025,girls,group:sprints_hurdles,redwood-empire,59,5,5,0,0,5,0,0
current,2025,girls,group:sprints_hurdles,class-a,54,5,5,0,0,4,3,0
current,2025,girls,group:400_800,tri-valley,29,13,13,0,0,4,10,0
current,2025,girls,group:400_800,bay-shore,34,9,9,0,0,0,9,0
current,2025,girls,group:400_800,redwood-empire,30,3,3,0,0,3,0,0
current,2025,girls,group:400_800,class-a,37,2,2,0,0,2,1,0
current,2025,girls,group:distance,tri-valley,28,13,7,0,0,7,0,6
current,2025,girls,group:distance,bay-shore,26,0,0,0,0,0,0,0
current,2025,girls,group:distance,redwood-empire,29,3,2,0,0,2,0,1
current,2025,girls,group:distance,class-a,25,3,3,0,0,3,0,0
current,2025,girls,group:jumps,tri-valley,53,14,11,0,0,3,8,11
current,2025,girls,group:jumps,bay-shore,42,11,6,0,0,0,6,8
current,2025,girls,group:jumps,redwood-empire,42,5,1,0,0,1,0,5
current,2025,girls,group:jumps,class-a,44,3,3,0,0,0,3,0
current,2025,girls,group:throws,tri-valley,30,18,18,0,0,18,0,0
current,2025,girls,group:throws,bay-shore,30,0,0,0,0,0,0,0
current,2025,girls,group:throws,redwood-empire,28,12,12,0,0,12,0,0
current,2025,girls,group:throws,class-a,30,2,2,0,0,2,0,0
current,2025,girls,group:relays,tri-valley,19,11,10,0,0,5,8,6
current,2025,girls,group:relays,bay-shore,21,0,0,0,0,0,0,0
current,2025,girls,group:relays,redwood-empire,27,3,3,0,0,3,0,0
current,2025,girls,group:relays,class-a,22,1,1,0,0,1,1,0
current,2025,girls,all,tri-valley,215,94,83,0,0,55,38,30
current,2025,girls,all,bay-shore,209,24,17,0,0,0,17,11
current,2025,girls,all,redwood-empire,215,31,26,0,0,26,0,6
current,2025,girls,all,class-a,212,16,16,0,0,12,8,0
current,2025,boys,100,tri-valley,11,6,0,0,0,0,0,6
current,2025,boys,100,bay-shore,17,7,0,0,0,0,0,7
current,2025,boys,100,redwood-empire,16,9,0,0,0,0,0,9
current,2025,boys,100,class-a,18,0,0,0,0,0,0,0
current,2025,boys,110H,tri-valley,14,4,4,0,0,0,4,4
current,2025,boys,110H,bay-shore,17,4,4,0,0,0,4,4
current,2025,boys,110H,redwood-empire,15,0,0,0,0,0,0,0
current,2025,boys,110H,class-a,13,0,0,0,0,0,0,0
current,2025,boys,1600,tri-valley,15,4,4,0,0,4,0,4
current,2025,boys,1600,bay-shore,17,0,0,0,0,0,0,0
current,2025,boys,1600,redwood-empire,15,3,3,0,0,3,0,3
current,2025,boys,1600,class-a,15,1,1,0,0,1,0,0
current,2025,boys,200,tri-valley,13,1,0,0,0,0,0,1
current,2025,boys,200,bay-shore,14,2,0,0,0,0,0,2
current,2025,boys,200,redwood-empire,11,0,0,0,0,0,0,0
current,2025,boys,200,class-a,15,0,0,0,0,0,0,0
current,2025,boys,300H,tri-valley,10,8,8,0,0,8,5,3
current,2025,boys,300H,bay-shore,14,0,0,0,0,0,0,0
current,2025,boys,300H,redwood-empire,15,5,5,0,0,5,0,0
current,2025,boys,300H,class-a,12,4,4,0,0,4,1,0
current,2025,boys,3200,tri-valley,12,2,2,0,0,2,1,0
current,2025,boys,3200,bay-shore,12,0,0,0,0,0,0,0
current,2025,boys,3200,redwood-empire,16,1,1,0,0,1,0,0
current,2025,boys,3200,class-a,18,0,0,0,0,0,0,0
current,2025,boys,400,tri-valley,14,11,11,0,0,11,8,3
current,2025,boys,400,bay-shore,16,0,0,0,0,0,0,0
current,2025,boys,400,redwood-empire,15,1,1,0,0,1,0,0
current,2025,boys,400,class-a,22,0,0,0,0,0,0,0
current,2025,boys,4x100,tri-valley,8,4,0,0,0,0,0,4
current,2025,boys,4x100,bay-shore,12,3,0,0,0,0,0,3
current,2025,boys,4x100,redwood-empire,11,6,0,0,0,0,0,6
current,2025,boys,4x100,class-a,14,0,0,0,0,0,0,0
current,2025,boys,4x400,tri-valley,11,5,5,0,0,5,5,5
current,2025,boys,4x400,bay-shore,9,0,0,0,0,0,0,0
current,2025,boys,4x400,redwood-empire,12,0,0,0,0,0,0,0
current,2025,boys,4x400,class-a,13,0,0,0,0,0,0,0
current,2025,boys,800,tri-valley,12,6,0,0,0,0,0,6
current,2025,boys,800,bay-shore,17,4,0,0,0,0,0,4
current,2025,boys,800,redwood-empire,13,6,0,0,0,0,0,6
current,2025,boys,800,class-a,14,0,0,0,0,0,0,0
current,2025,boys,DT,tri-valley,13,10,10,0,0,10,0,9
current,2025,boys,DT,bay-shore,14,0,0,0,0,0,0,0
current,2025,boys,DT,redwood-empire,16,6,6,0,0,6,0,5
current,2025,boys,DT,class-a,17,1,1,0,0,1,0,0
current,2025,boys,HJ,tri-valley,7,0,0,0,0,0,0,0
current,2025,boys,HJ,bay-shore,8,0,0,0,0,0,0,0
current,2025,boys,HJ,redwood-empire,16,0,0,0,0,0,0,0
current,2025,boys,HJ,class-a,11,0,0,0,0,0,0,0
current,2025,boys,LJ,tri-valley,15,11,11,0,0,2,11,3
current,2025,boys,LJ,bay-shore,17,7,7,0,0,0,7,0
current,2025,boys,LJ,redwood-empire,15,0,0,0,0,0,0,0
current,2025,boys,LJ,class-a,14,3,3,0,0,0,3,0
current,2025,boys,PV,tri-valley,16,16,16,0,0,16,3,16
current,2025,boys,PV,bay-shore,2,2,0,0,0,0,0,2
current,2025,boys,PV,redwood-empire,10,10,8,0,0,8,0,10
current,2025,boys,PV,class-a,4,0,0,0,0,0,0,0
current,2025,boys,SP,tri-valley,12,6,0,0,0,0,0,6
current,2025,boys,SP,bay-shore,17,2,0,0,0,0,0,2
current,2025,boys,SP,redwood-empire,17,4,0,0,0,0,0,4
current,2025,boys,SP,class-a,15,0,0,0,0,0,0,0
current,2025,boys,TJ,tri-valley,15,10,10,0,0,0,10,0
current,2025,boys,TJ,bay-shore,14,2,2,0,0,0,2,0
current,2025,boys,TJ,redwood-empire,13,0,0,0,0,0,0,0
current,2025,boys,TJ,class-a,18,2,2,0,0,0,2,0
current,2025,boys,group:sprints_hurdles,tri-valley,48,19,12,0,0,8,9,14
current,2025,boys,group:sprints_hurdles,bay-shore,62,13,4,0,0,0,4,13
current,2025,boys,group:sprints_hurdles,redwood-empire,57,14,5,0,0,5,0,9
current,2025,boys,group:sprints_hurdles,class-a,58,4,4,0,0,4,1,0
current,2025,boys,group:400_800,tri-valley,26,17,11,0,0,11,8,9
current,2025,boys,group:400_800,bay-shore,33,4,0,0,0,0,0,4
current,2025,boys,group:400_800,redwood-empire,28,7,1,0,0,1,0,6
current,2025,boys,group:400_800,class-a,36,0,0,0,0,0,0,0
current,2025,boys,group:distance,tri-valley,27,6,6,0,0,6,1,4
current,2025,boys,group:distance,bay-shore,29,0,0,0,0,0,0,0
current,2025,boys,group:distance,redwood-empire,31,4,4,0,0,4,0,3
current,2025,boys,group:distance,class-a,33,1,1,0,0,1,0,0
current,2025,boys,group:jumps,tri-valley,53,37,37,0,0,18,24,19
current,2025,boys,group:jumps,bay-shore,41,11,9,0,0,0,9,2
current,2025,boys,group:jumps,redwood-empire,54,10,8,0,0,8,0,10
current,2025,boys,group:jumps,class-a,47,5,5,0,0,0,5,0
current,2025,boys,group:throws,tri-valley,25,16,10,0,0,10,0,15
current,2025,boys,group:throws,bay-shore,31,2,0,0,0,0,0,2
current,2025,boys,group:throws,redwood-empire,33,10,6,0,0,6,0,9
current,2025,boys,group:throws,class-a,32,1,1,0,0,1,0,0
current,2025,boys,group:relays,tri-valley,19,9,5,0,0,5,5,9
current,2025,boys,group:relays,bay-shore,21,3,0,0,0,0,0,3
current,2025,boys,group:relays,redwood-empire,23,6,0,0,0,0,0,6
current,2025,boys,group:relays,class-a,27,0,0,0,0,0,0,0
current,2025,boys,all,tri-valley,198,104,81,0,0,58,47,70
current,2025,boys,all,bay-shore,217,33,13,0,0,0,13,24
current,2025,boys,all,redwood-empire,226,51,24,0,0,24,0,43
current,2025,boys,all,class-a,233,11,11,0,0,6,6,0
current,2025,all,100,tri-valley,23,13,6,0,0,2,6,13
current,2025,all,100,bay-shore,31,10,1,0,0,0,1,10
current,2025,all,100,redwood-empire,32,9,0,0,0,0,0,9
current,2025,all,100,class-a,36,0,0,0,0,0,0,0
current,2025,all,100H,tri-valley,18,3,3,0,0,3,0,0
current,2025,all,100H,bay-shore,16,0,0,0,0,0,0,0
current,2025,all,100H,redwood-empire,14,1,1,0,0,1,0,0
current,2025,all,100H,class-a,10,0,0,0,0,0,0,0
current,2025,all,110H,tri-valley,14,4,4,0,0,0,4,4
current,2025,all,110H,bay-shore,17,4,4,0,0,0,4,4
current,2025,all,110H,redwood-empire,15,0,0,0,0,0,0,0
current,2025,all,110H,class-a,13,0,0,0,0,0,0,0
current,2025,all,1600,tri-valley,28,11,11,0,0,11,0,4
current,2025,all,1600,bay-shore,30,0,0,0,0,0,0,0
current,2025,all,1600,redwood-empire,28,5,5,0,0,5,0,3
current,2025,all,1600,class-a,29,4,4,0,0,4,0,0
current,2025,all,200,tri-valley,24,7,6,0,0,4,6,1
current,2025,all,200,bay-shore,27,3,1,0,0,0,1,2
current,2025,all,200,redwood-empire,25,0,0,0,0,0,0,0
current,2025,all,200,class-a,29,3,3,0,0,2,3,0
current,2025,all,300H,tri-valley,25,17,17,0,0,17,5,3
current,2025,all,300H,bay-shore,27,0,0,0,0,0,0,0
current,2025,all,300H,redwood-empire,30,9,9,0,0,9,0,0
current,2025,all,300H,class-a,24,6,6,0,0,6,1,0
current,2025,all,3200,tri-valley,27,8,2,0,0,2,1,6
current,2025,all,3200,bay-shore,25,0,0,0,0,0,0,0
current,2025,all,3200,redwood-empire,32,2,1,0,0,1,0,1
current,2025,all,3200,class-a,29,0,0,0,0,0,0,0
current,2025,all,400,tri-valley,27,21,21,0,0,12,18,3
current,2025,all,400,bay-shore,34,9,9,0,0,0,9,0
current,2025,all,400,redwood-empire,28,1,1,0,0,1,0,0
current,2025,all,400,class-a,50,1,1,0,0,1,1,0
current,2025,all,4x100,tri-valley,18,10,5,0,0,0,5,10
current,2025,all,4x100,bay-shore,26,3,0,0,0,0,0,3
current,2025,all,4x100,redwood-empire,24,6,0,0,0,0,0,6
current,2025,all,4x100,class-a,27,0,0,0,0,0,0,0
current,2025,all,4x400,tri-valley,20,10,10,0,0,10,8,5
current,2025,all,4x400,bay-shore,16,0,0,0,0,0,0,0
current,2025,all,4x400,redwood-empire,26,3,3,0,0,3,0,0
current,2025,all,4x400,class-a,22,1,1,0,0,1,1,0
current,2025,all,800,tri-valley,28,9,3,0,0,3,0,6
current,2025,all,800,bay-shore,33,4,0,0,0,0,0,4
current,2025,all,800,redwood-empire,30,9,3,0,0,3,0,6
current,2025,all,800,class-a,23,1,1,0,0,1,0,0
current,2025,all,DT,tri-valley,29,17,17,0,0,17,0,9
current,2025,all,DT,bay-shore,29,0,0,0,0,0,0,0
current,2025,all,DT,redwood-empire,29,10,10,0,0,10,0,5
current,2025,all,DT,class-a,32,1,1,0,0,1,0,0
current,2025,all,HJ,tri-valley,20,3,3,0,0,0,3,0
current,2025,all,HJ,bay-shore,18,3,3,0,0,0,3,0
current,2025,all,HJ,redwood-empire,19,0,0,0,0,0,0,0
current,2025,all,HJ,class-a,25,3,3,0,0,0,3,0
current,2025,all,LJ,tri-valley,28,16,16,0,0,2,16,8
current,2025,all,LJ,bay-shore,31,9,9,0,0,0,9,2
current,2025,all,LJ,redwood-empire,31,0,0,0,0,0,0,0
current,2025,all,LJ,class-a,30,3,3,0,0,0,3,0
current,2025,all,PV,tri-valley,28,20,19,0,0,19,3,20
current,2025,all,PV,bay-shore,5,2,0,0,0,0,0,2
current,2025,all,PV,redwood-empire,18,12,9,0,0,9,0,12
current,2025,all,PV,class-a,9,0,0,0,0,0,0,0
current,2025,all,SP,tri-valley,26,17,11,0,0,11,0,6
current,2025,all,SP,bay-shore,32,2,0,0,0,0,0,2
current,2025,all,SP,redwood-empire,32,12,8,0,0,8,0,4
current,2025,all,SP,class-a,30,2,2,0,0,2,0,0
current,2025,all,TJ,tri-valley,30,12,10,0,0,0,10,2
current,2025,all,TJ,bay-shore,29,8,3,0,0,0,3,6
current,2025,all,TJ,redwood-empire,28,3,0,0,0,0,0,3
current,2025,all,TJ,class-a,27,2,2,0,0,0,2,0
current,2025,all,group:sprints_hurdles,tri-valley,104,44,36,0,0,26,21,21
current,2025,all,group:sprints_hurdles,bay-shore,118,17,6,0,0,0,6,16
current,2025,all,group:sprints_hurdles,redwood-empire,116,19,10,0,0,10,0,9
current,2025,all,group:sprints_hurdles,class-a,112,9,9,0,0,8,4,0
current,2025,all,group:400_800,tri-valley,55,30,24,0,0,15,18,9
current,2025,all,group:400_800,bay-shore,67,13,9,0,0,0,9,4
current,2025,all,group:400_800,redwood-empire,58,10,4,0,0,4,0,6
current,2025,all,group:400_800,class-a,73,2,2,0,0,2,1,0
current,2025,all,group:distance,tri-valley,55,19,13,0,0,13,1,10
current,2025,all,group:distance,bay-shore,55,0,0,0,0,0,0,0
current,2025,all,group:distance,redwood-empire,60,7,6,0,0,6,0,4
current,2025,all,group:distance,class-a,58,4,4,0,0,4,0,0
current,2025,all,group:jumps,tri-valley,106,51,48,0,0,21,32,30
current,2025,all,group:jumps,bay-shore,83,22,15,0,0,0,15,10
current,2025,all,group:jumps,redwood-empire,96,15,9,0,0,9,0,15
current,2025,all,group:jumps,class-a,91,8,8,0,0,0,8,0
current,2025,all,group:throws,tri-valley,55,34,28,0,0,28,0,15
current,2025,all,group:throws,bay-shore,61,2,0,0,0,0,0,2
current,2025,all,group:throws,redwood-empire,61,22,18,0,0,18,0,9
current,2025,all,group:throws,class-a,62,3,3,0,0,3,0,0
current,2025,all,group:relays,tri-valley,38,20,15,0,0,10,13,15
current,2025,all,group:relays,bay-shore,42,3,0,0,0,0,0,3
current,2025,all,group:relays,redwood-empire,50,9,3,0,0,3,0,6
current,2025,all,group:relays,class-a,49,1,1,0,0,1,1,0
current,2025,all,all,tri-valley,413,198,164,0,0,113,85,100
current,2025,all,all,bay-shore,426,57,30,0,0,0,30,35
current,2025,all,all,redwood-empire,441,82,50,0,0,50,0,49
current,2025,all,all,class-a,445,27,27,0,0,18,14,0
current,2026,girls,100,tri-valley,18,9,9,0,0,0,9,7
current,2026,girls,100,bay-shore,13,5,5,0,0,0,5,3
current,2026,girls,100,redwood-empire,15,0,0,0,0,0,0,0
current,2026,girls,100,class-a,16,4,4,0,0,0,4,0
current,2026,girls,100H,tri-valley,13,9,9,0,0,6,9,9
current,2026,girls,100H,bay-shore,16,3,3,0,0,0,3,3
current,2026,girls,100H,redwood-empire,16,0,0,0,0,0,0,0
current,2026,girls,100H,class-a,14,0,0,0,0,0,0,0
current,2026,girls,1600,tri-valley,12,0,0,0,0,0,0,0
current,2026,girls,1600,bay-shore,16,0,0,0,0,0,0,0
current,2026,girls,1600,redwood-empire,15,0,0,0,0,0,0,0
current,2026,girls,1600,class-a,15,1,1,0,0,1,0,0
current,2026,girls,200,tri-valley,15,11,11,0,0,0,11,1
current,2026,girls,200,bay-shore,15,10,10,0,0,0,10,1
current,2026,girls,200,redwood-empire,13,0,0,0,0,0,0,0
current,2026,girls,200,class-a,14,5,5,0,0,0,5,0
current,2026,girls,300H,tri-valley,10,5,5,0,0,5,0,0
current,2026,girls,300H,bay-shore,14,0,0,0,0,0,0,0
current,2026,girls,300H,redwood-empire,14,2,2,0,0,2,0,0
current,2026,girls,300H,class-a,14,3,3,0,0,3,0,0
current,2026,girls,3200,tri-valley,14,12,12,0,0,4,12,0
current,2026,girls,3200,bay-shore,14,6,6,0,0,0,6,0
current,2026,girls,3200,redwood-empire,12,0,0,0,0,0,0,0
current,2026,girls,3200,class-a,13,4,4,0,0,2,4,0
current,2026,girls,400,tri-valley,12,9,9,0,0,9,5,9
current,2026,girls,400,bay-shore,16,0,0,0,0,0,0,0
current,2026,girls,400,redwood-empire,17,4,4,0,0,4,0,3
current,2026,girls,400,class-a,17,0,0,0,0,0,0,0
current,2026,girls,4x100,tri-valley,9,3,3,0,0,3,0,3
current,2026,girls,4x100,bay-shore,13,1,0,0,0,0,0,1
current,2026,girls,4x100,redwood-empire,16,0,0,0,0,0,0,0
current,2026,girls,4x100,class-a,9,0,0,0,0,0,0,0
current,2026,girls,4x400,tri-valley,8,6,6,0,0,6,0,1
current,2026,girls,4x400,bay-shore,5,0,0,0,0,0,0,0
current,2026,girls,4x400,redwood-empire,11,3,3,0,0,3,0,0
current,2026,girls,4x400,class-a,7,1,1,0,0,1,0,0
current,2026,girls,800,tri-valley,15,10,10,0,0,10,4,0
current,2026,girls,800,bay-shore,14,0,0,0,0,0,0,0
current,2026,girls,800,redwood-empire,14,6,6,0,0,6,0,0
current,2026,girls,800,class-a,12,1,1,0,0,1,0,0
current,2026,girls,DT,tri-valley,15,6,0,0,0,0,0,6
current,2026,girls,DT,bay-shore,17,6,0,0,0,0,0,6
current,2026,girls,DT,redwood-empire,15,5,0,0,0,0,0,5
current,2026,girls,DT,class-a,16,0,0,0,0,0,0,0
current,2026,girls,HJ,tri-valley,12,0,0,0,0,0,0,0
current,2026,girls,HJ,bay-shore,15,0,0,0,0,0,0,0
current,2026,girls,HJ,redwood-empire,15,0,0,0,0,0,0,0
current,2026,girls,HJ,class-a,8,0,0,0,0,0,0,0
current,2026,girls,LJ,tri-valley,16,0,0,0,0,0,0,0
current,2026,girls,LJ,bay-shore,13,3,3,0,3,0,0,1
current,2026,girls,LJ,redwood-empire,16,7,7,0,7,0,0,1
current,2026,girls,LJ,class-a,18,2,2,0,2,0,0,0
current,2026,girls,PV,tri-valley,10,5,0,0,0,0,0,5
current,2026,girls,PV,bay-shore,7,1,0,0,0,0,0,1
current,2026,girls,PV,redwood-empire,12,6,0,0,0,0,0,6
current,2026,girls,PV,class-a,4,0,0,0,0,0,0,0
current,2026,girls,SP,tri-valley,14,4,1,0,0,0,1,4
current,2026,girls,SP,bay-shore,15,1,0,0,0,0,0,1
current,2026,girls,SP,redwood-empire,14,4,0,0,0,0,0,4
current,2026,girls,SP,class-a,17,0,0,0,0,0,0,0
current,2026,girls,TJ,tri-valley,17,0,0,0,0,0,0,0
current,2026,girls,TJ,bay-shore,15,0,0,0,0,0,0,0
current,2026,girls,TJ,redwood-empire,16,0,0,0,0,0,0,0
current,2026,girls,TJ,class-a,12,0,0,0,0,0,0,0
current,2026,girls,group:sprints_hurdles,tri-valley,56,34,34,0,0,11,29,17
current,2026,girls,group:sprints_hurdles,bay-shore,58,18,18,0,0,0,18,7
current,2026,girls,group:sprints_hurdles,redwood-empire,58,2,2,0,0,2,0,0
current,2026,girls,group:sprints_hurdles,class-a,58,12,12,0,0,3,9,0
current,2026,girls,group:400_800,tri-valley,27,19,19,0,0,19,9,9
current,2026,girls,group:400_800,bay-shore,30,0,0,0,0,0,0,0
current,2026,girls,group:400_800,redwood-empire,31,10,10,0,0,10,0,3
current,2026,girls,group:400_800,class-a,29,1,1,0,0,1,0,0
current,2026,girls,group:distance,tri-valley,26,12,12,0,0,4,12,0
current,2026,girls,group:distance,bay-shore,30,6,6,0,0,0,6,0
current,2026,girls,group:distance,redwood-empire,27,0,0,0,0,0,0,0
current,2026,girls,group:distance,class-a,28,5,5,0,0,3,4,0
current,2026,girls,group:jumps,tri-valley,55,5,0,0,0,0,0,5
current,2026,girls,group:jumps,bay-shore,50,4,3,0,3,0,0,2
current,2026,girls,group:jumps,redwood-empire,59,13,7,0,7,0,0,7
current,2026,girls,group:jumps,class-a,42,2,2,0,2,0,0,0
current,2026,girls,group:throws,tri-valley,29,10,1,0,0,0,1,10
current,2026,girls,group:throws,bay-shore,32,7,0,0,0,0,0,7
current,2026,girls,group:throws,redwood-empire,29,9,0,0,0,0,0,9
current,2026,girls,group:throws,class-a,33,0,0,0,0,0,0,0
current,2026,girls,group:relays,tri-valley,17,9,9,0,0,9,0,4
current,2026,girls,group:relays,bay-shore,18,1,0,0,0,0,0,1
current,2026,girls,group:relays,redwood-empire,27,3,3,0,0,3,0,0
current,2026,girls,group:relays,class-a,16,1,1,0,0,1,0,0
current,2026,girls,all,tri-valley,210,89,75,0,0,43,51,45
current,2026,girls,all,bay-shore,218,36,27,0,3,0,24,17
current,2026,girls,all,redwood-empire,231,37,22,0,7,15,0,19
current,2026,girls,all,class-a,206,21,21,0,2,8,13,0
current,2026,boys,100,tri-valley,14,9,9,0,0,1,9,3
current,2026,boys,100,bay-shore,15,5,5,0,0,0,5,0
current,2026,boys,100,redwood-empire,16,0,0,0,0,0,0,0
current,2026,boys,100,class-a,17,4,4,0,0,0,4,0
current,2026,boys,110H,tri-valley,14,6,6,0,0,6,5,1
current,2026,boys,110H,bay-shore,17,0,0,0,0,0,0,0
current,2026,boys,110H,redwood-empire,16,0,0,0,0,0,0,0
current,2026,boys,110H,class-a,15,1,1,0,0,1,1,0
current,2026,boys,1600,tri-valley,13,3,1,0,0,1,0,3
current,2026,boys,1600,bay-shore,17,0,0,0,0,0,0,0
current,2026,boys,1600,redwood-empire,13,5,2,0,0,2,0,5
current,2026,boys,1600,class-a,13,0,0,0,0,0,0,0
current,2026,boys,200,tri-valley,3,0,0,0,0,0,0,0
current,2026,boys,200,bay-shore,11,1,1,0,0,0,1,0
current,2026,boys,200,redwood-empire,14,0,0,0,0,0,0,0
current,2026,boys,200,class-a,14,1,1,0,0,0,1,0
current,2026,boys,300H,tri-valley,10,4,4,0,0,4,1,0
current,2026,boys,300H,bay-shore,17,0,0,0,0,0,0,0
current,2026,boys,300H,redwood-empire,16,1,1,0,0,1,0,0
current,2026,boys,300H,class-a,14,4,4,0,0,4,2,0
current,2026,boys,3200,tri-valley,16,2,1,0,0,0,1,2
current,2026,boys,3200,bay-shore,16,1,1,0,0,0,1,1
current,2026,boys,3200,redwood-empire,18,1,0,0,0,0,0,1
current,2026,boys,3200,class-a,13,0,0,0,0,0,0,0
current,2026,boys,400,tri-valley,13,2,0,0,0,0,0,2
current,2026,boys,400,bay-shore,17,2,0,0,0,0,0,2
current,2026,boys,400,redwood-empire,16,1,0,0,0,0,0,1
current,2026,boys,400,class-a,17,0,0,0,0,0,0,0
current,2026,boys,4x100,tri-valley,9,6,0,0,0,0,0,6
current,2026,boys,4x100,bay-shore,10,7,0,0,0,0,0,7
current,2026,boys,4x100,redwood-empire,15,10,0,0,0,0,0,10
current,2026,boys,4x100,class-a,12,0,0,0,0,0,0,0
current,2026,boys,4x400,tri-valley,11,3,2,0,0,2,2,3
current,2026,boys,4x400,bay-shore,12,0,0,0,0,0,0,0
current,2026,boys,4x400,redwood-empire,14,1,1,0,0,1,0,1
current,2026,boys,4x400,class-a,7,0,0,0,0,0,0,0
current,2026,boys,800,tri-valley,12,2,2,0,0,2,0,1
current,2026,boys,800,bay-shore,17,0,0,0,0,0,0,0
current,2026,boys,800,redwood-empire,13,3,3,0,0,3,0,1
current,2026,boys,800,class-a,16,1,1,0,0,1,0,0
current,2026,boys,DT,tri-valley,14,5,5,0,0,5,0,0
current,2026,boys,DT,bay-shore,18,0,0,0,0,0,0,0
current,2026,boys,DT,redwood-empire,16,2,2,0,0,2,0,0
current,2026,boys,DT,class-a,20,1,1,0,0,1,0,0
current,2026,boys,HJ,tri-valley,13,0,0,0,0,0,0,0
current,2026,boys,HJ,bay-shore,11,0,0,0,0,0,0,0
current,2026,boys,HJ,redwood-empire,12,0,0,0,0,0,0,0
current,2026,boys,HJ,class-a,11,1,1,0,0,1,0,0
current,2026,boys,LJ,tri-valley,15,0,0,0,0,0,0,0
current,2026,boys,LJ,bay-shore,15,0,0,0,0,0,0,0
current,2026,boys,LJ,redwood-empire,16,0,0,0,0,0,0,0
current,2026,boys,LJ,class-a,16,0,0,0,0,0,0,0
current,2026,boys,PV,tri-valley,12,9,9,0,0,9,7,9
current,2026,boys,PV,bay-shore,7,0,0,0,0,0,0,0
current,2026,boys,PV,redwood-empire,12,1,1,0,0,1,0,1
current,2026,boys,PV,class-a,6,1,1,0,0,1,0,0
current,2026,boys,SP,tri-valley,14,3,3,0,0,3,0,3
current,2026,boys,SP,bay-shore,15,0,0,0,0,0,0,0
current,2026,boys,SP,redwood-empire,17,3,3,0,0,3,0,3
current,2026,boys,SP,class-a,16,1,1,0,0,1,0,0
current,2026,boys,TJ,tri-valley,15,11,1,0,0,1,0,11
current,2026,boys,TJ,bay-shore,18,10,0,0,0,0,0,10
current,2026,boys,TJ,redwood-empire,13,11,1,0,0,1,0,11
current,2026,boys,TJ,class-a,10,0,0,0,0,0,0,0
current,2026,boys,group:sprints_hurdles,tri-valley,41,19,19,0,0,11,15,4
current,2026,boys,group:sprints_hurdles,bay-shore,60,6,6,0,0,0,6,0
current,2026,boys,group:sprints_hurdles,redwood-empire,62,1,1,0,0,1,0,0
current,2026,boys,group:sprints_hurdles,class-a,60,10,10,0,0,5,8,0
current,2026,boys,group:400_800,tri-valley,25,4,2,0,0,2,0,3
current,2026,boys,group:400_800,bay-shore,34,2,0,0,0,0,0,2
current,2026,boys,group:400_800,redwood-empire,29,4,3,0,0,3,0,2
current,2026,boys,group:400_800,class-a,33,1,1,0,0,1,0,0
current,2026,boys,group:distance,tri-valley,29,5,2,0,0,1,1,5
current,2026,boys,group:distance,bay-shore,33,1,1,0,0,0,1,1
current,2026,boys,group:distance,redwood-empire,31,6,2,0,0,2,0,6
current,2026,boys,group:distance,class-a,26,0,0,0,0,0,0,0
current,2026,boys,group:jumps,tri-valley,55,20,10,0,0,10,7,20
current,2026,boys,group:jumps,bay-shore,51,10,0,0,0,0,0,10
current,2026,boys,group:jumps,redwood-empire,53,12,2,0,0,2,0,12
current,2026,boys,group:jumps,class-a,43,2,2,0,0,2,0,0
current,2026,boys,group:throws,tri-valley,28,8,8,0,0,8,0,3
current,2026,boys,group:throws,bay-shore,33,0,0,0,0,0,0,0
current,2026,boys,group:throws,redwood-empire,33,5,5,0,0,5,0,3
current,2026,boys,group:throws,class-a,36,2,2,0,0,2,0,0
current,2026,boys,group:relays,tri-valley,20,9,2,0,0,2,2,9
current,2026,boys,group:relays,bay-shore,22,7,0,0,0,0,0,7
current,2026,boys,group:relays,redwood-empire,29,11,1,0,0,1,0,11
current,2026,boys,group:relays,class-a,19,0,0,0,0,0,0,0
current,2026,boys,all,tri-valley,198,65,43,0,0,34,25,44
current,2026,boys,all,bay-shore,233,26,7,0,0,0,7,20
current,2026,boys,all,redwood-empire,237,39,14,0,0,14,0,34
current,2026,boys,all,class-a,217,15,15,0,0,10,8,0
current,2026,all,100,tri-valley,32,18,18,0,0,1,18,10
current,2026,all,100,bay-shore,28,10,10,0,0,0,10,3
current,2026,all,100,redwood-empire,31,0,0,0,0,0,0,0
current,2026,all,100,class-a,33,8,8,0,0,0,8,0
current,2026,all,100H,tri-valley,13,9,9,0,0,6,9,9
current,2026,all,100H,bay-shore,16,3,3,0,0,0,3,3
current,2026,all,100H,redwood-empire,16,0,0,0,0,0,0,0
current,2026,all,100H,class-a,14,0,0,0,0,0,0,0
current,2026,all,110H,tri-valley,14,6,6,0,0,6,5,1
current,2026,all,110H,bay-shore,17,0,0,0,0,0,0,0
current,2026,all,110H,redwood-empire,16,0,0,0,0,0,0,0
current,2026,all,110H,class-a,15,1,1,0,0,1,1,0
current,2026,all,1600,tri-valley,25,3,1,0,0,1,0,3
current,2026,all,1600,bay-shore,33,0,0,0,0,0,0,0
current,2026,all,1600,redwood-empire,28,5,2,0,0,2,0,5
current,2026,all,1600,class-a,28,1,1,0,0,1,0,0
current,2026,all,200,tri-valley,18,11,11,0,0,0,11,1
current,2026,all,200,bay-shore,26,11,11,0,0,0,11,1
current,2026,all,200,redwood-empire,27,0,0,0,0,0,0,0
current,2026,all,200,class-a,28,6,6,0,0,0,6,0
current,2026,all,300H,tri-valley,20,9,9,0,0,9,1,0
current,2026,all,300H,bay-shore,31,0,0,0,0,0,0,0
current,2026,all,300H,redwood-empire,30,3,3,0,0,3,0,0
current,2026,all,300H,class-a,28,7,7,0,0,7,2,0
current,2026,all,3200,tri-valley,30,14,13,0,0,4,13,2
current,2026,all,3200,bay-shore,30,7,7,0,0,0,7,1
current,2026,all,3200,redwood-empire,30,1,0,0,0,0,0,1
current,2026,all,3200,class-a,26,4,4,0,0,2,4,0
current,2026,all,400,tri-valley,25,11,9,0,0,9,5,11
current,2026,all,400,bay-shore,33,2,0,0,0,0,0,2
current,2026,all,400,redwood-empire,33,5,4,0,0,4,0,4
current,2026,all,400,class-a,34,0,0,0,0,0,0,0
current,2026,all,4x100,tri-valley,18,9,3,0,0,3,0,9
current,2026,all,4x100,bay-shore,23,8,0,0,0,0,0,8
current,2026,all,4x100,redwood-empire,31,10,0,0,0,0,0,10
current,2026,all,4x100,class-a,21,0,0,0,0,0,0,0
current,2026,all,4x400,tri-valley,19,9,8,0,0,8,2,4
current,2026,all,4x400,bay-shore,17,0,0,0,0,0,0,0
current,2026,all,4x400,redwood-empire,25,4,4,0,0,4,0,1
current,2026,all,4x400,class-a,14,1,1,0,0,1,0,0
current,2026,all,800,tri-valley,27,12,12,0,0,12,4,1
current,2026,all,800,bay-shore,31,0,0,0,0,0,0,0
current,2026,all,800,redwood-empire,27,9,9,0,0,9,0,1
current,2026,all,800,class-a,28,2,2,0,0,2,0,0
current,2026,all,DT,tri-valley,29,11,5,0,0,5,0,6
current,2026,all,DT,bay-shore,35,6,0,0,0,0,0,6
current,2026,all,DT,redwood-empire,31,7,2,0,0,2,0,5
current,2026,all,DT,class-a,36,1,1,0,0,1,0,0
current,2026,all,HJ,tri-valley,25,0,0,0,0,0,0,0
current,2026,all,HJ,bay-shore,26,0,0,0,0,0,0,0
current,2026,all,HJ,redwood-empire,27,0,0,0,0,0,0,0
current,2026,all,HJ,class-a,19,1,1,0,0,1,0,0
current,2026,all,LJ,tri-valley,31,0,0,0,0,0,0,0
current,2026,all,LJ,bay-shore,28,3,3,0,3,0,0,1
current,2026,all,LJ,redwood-empire,32,7,7,0,7,0,0,1
current,2026,all,LJ,class-a,34,2,2,0,2,0,0,0
current,2026,all,PV,tri-valley,22,14,9,0,0,9,7,14
current,2026,all,PV,bay-shore,14,1,0,0,0,0,0,1
current,2026,all,PV,redwood-empire,24,7,1,0,0,1,0,7
current,2026,all,PV,class-a,10,1,1,0,0,1,0,0
current,2026,all,SP,tri-valley,28,7,4,0,0,3,1,7
current,2026,all,SP,bay-shore,30,1,0,0,0,0,0,1
current,2026,all,SP,redwood-empire,31,7,3,0,0,3,0,7
current,2026,all,SP,class-a,33,1,1,0,0,1,0,0
current,2026,all,TJ,tri-valley,32,11,1,0,0,1,0,11
current,2026,all,TJ,bay-shore,33,10,0,0,0,0,0,10
current,2026,all,TJ,redwood-empire,29,11,1,0,0,1,0,11
current,2026,all,TJ,class-a,22,0,0,0,0,0,0,0
current,2026,all,group:sprints_hurdles,tri-valley,97,53,53,0,0,22,44,21
current,2026,all,group:sprints_hurdles,bay-shore,118,24,24,0,0,0,24,7
current,2026,all,group:sprints_hurdles,redwood-empire,120,3,3,0,0,3,0,0
current,2026,all,group:sprints_hurdles,class-a,118,22,22,0,0,8,17,0
current,2026,all,group:400_800,tri-valley,52,23,21,0,0,21,9,12
current,2026,all,group:400_800,bay-shore,64,2,0,0,0,0,0,2
current,2026,all,group:400_800,redwood-empire,60,14,13,0,0,13,0,5
current,2026,all,group:400_800,class-a,62,2,2,0,0,2,0,0
current,2026,all,group:distance,tri-valley,55,17,14,0,0,5,13,5
current,2026,all,group:distance,bay-shore,63,7,7,0,0,0,7,1
current,2026,all,group:distance,redwood-empire,58,6,2,0,0,2,0,6
current,2026,all,group:distance,class-a,54,5,5,0,0,3,4,0
current,2026,all,group:jumps,tri-valley,110,25,10,0,0,10,7,25
current,2026,all,group:jumps,bay-shore,101,14,3,0,3,0,0,12
current,2026,all,group:jumps,redwood-empire,112,25,9,0,7,2,0,19
current,2026,all,group:jumps,class-a,85,4,4,0,2,2,0,0
current,2026,all,group:throws,tri-valley,57,18,9,0,0,8,1,13
current,2026,all,group:throws,bay-shore,65,7,0,0,0,0,0,7
current,2026,all,group:throws,redwood-empire,62,14,5,0,0,5,0,12
current,2026,all,group:throws,class-a,69,2,2,0,0,2,0,0
current,2026,all,group:relays,tri-valley,37,18,11,0,0,11,2,13
current,2026,all,group:relays,bay-shore,40,8,0,0,0,0,0,8
current,2026,all,group:relays,redwood-empire,56,14,4,0,0,4,0,11
current,2026,all,group:relays,class-a,35,1,1,0,0,1,0,0
current,2026,all,all,tri-valley,408,154,118,0,0,77,76,89
current,2026,all,all,bay-shore,451,62,34,0,3,0,31,37
current,2026,all,all,redwood-empire,468,76,36,0,7,29,0,53
current,2026,all,all,class-a,423,36,36,0,2,18,21,0
current,2022-2026 pooled,girls,100,tri-valley,72,29,28,0,0,5,28,17
current,2022-2026 pooled,girls,100,bay-shore,78,14,12,0,0,0,12,6
current,2022-2026 pooled,girls,100,redwood-empire,80,1,0,0,0,0,0,1
current,2022-2026 pooled,girls,100,class-a,80,8,8,0,0,0,8,0
current,2022-2026 pooled,girls,100H,tri-valley,71,26,26,0,0,23,18,11
current,2022-2026 pooled,girls,100H,bay-shore,85,3,3,0,0,0,3,3
current,2022-2026 pooled,girls,100H,redwood-empire,79,11,11,0,0,11,0,2
current,2022-2026 pooled,girls,100H,class-a,59,0,0,0,0,0,0,0
current,2022-2026 pooled,girls,1600,tri-valley,63,33,33,0,0,33,1,0
current,2022-2026 pooled,girls,1600,bay-shore,72,0,0,0,0,0,0,0
current,2022-2026 pooled,girls,1600,redwood-empire,76,16,16,0,0,16,0,0
current,2022-2026 pooled,girls,1600,class-a,60,18,18,0,0,18,1,0
current,2022-2026 pooled,girls,200,tri-valley,64,26,26,0,0,6,25,7
current,2022-2026 pooled,girls,200,bay-shore,72,16,16,0,0,0,16,2
current,2022-2026 pooled,girls,200,redwood-empire,72,2,2,0,0,2,0,0
current,2022-2026 pooled,girls,200,class-a,64,12,12,0,0,2,12,0
current,2022-2026 pooled,girls,300H,tri-valley,69,24,22,0,0,22,7,7
current,2022-2026 pooled,girls,300H,bay-shore,77,4,0,0,0,0,0,4
current,2022-2026 pooled,girls,300H,redwood-empire,74,13,6,0,0,6,0,7
current,2022-2026 pooled,girls,300H,class-a,59,6,6,0,0,6,0,0
current,2022-2026 pooled,girls,3200,tri-valley,69,23,17,0,0,9,12,6
current,2022-2026 pooled,girls,3200,bay-shore,67,6,6,0,0,0,6,0
current,2022-2026 pooled,girls,3200,redwood-empire,79,7,6,0,0,6,0,1
current,2022-2026 pooled,girls,3200,class-a,59,10,10,0,0,8,5,0
current,2022-2026 pooled,girls,400,tri-valley,55,26,26,0,0,12,22,15
current,2022-2026 pooled,girls,400,bay-shore,82,12,12,0,0,0,12,1
current,2022-2026 pooled,girls,400,redwood-empire,81,4,4,0,0,4,0,3
current,2022-2026 pooled,girls,400,class-a,88,1,1,0,0,1,1,0
current,2022-2026 pooled,girls,4x100,tri-valley,46,20,19,0,0,9,13,18
current,2022-2026 pooled,girls,4x100,bay-shore,58,5,4,0,0,0,4,3
current,2022-2026 pooled,girls,4x100,redwood-empire,68,8,3,0,0,3,0,8
current,2022-2026 pooled,girls,4x100,class-a,52,2,2,0,0,0,2,0
current,2022-2026 pooled,girls,4x400,tri-valley,40,24,24,0,0,24,11,12
current,2022-2026 pooled,girls,4x400,bay-shore,35,0,0,0,0,0,0,0
current,2022-2026 pooled,girls,4x400,redwood-empire,62,9,9,0,0,9,0,3
current,2022-2026 pooled,girls,4x400,class-a,38,3,3,0,0,3,1,0
current,2022-2026 pooled,girls,800,tri-valley,65,29,29,0,0,29,13,10
current,2022-2026 pooled,girls,800,bay-shore,76,0,0,0,0,0,0,0
current,2022-2026 pooled,girls,800,redwood-empire,86,21,21,0,0,21,0,2
current,2022-2026 pooled,girls,800,class-a,60,8,8,0,0,8,1,0
current,2022-2026 pooled,girls,DT,tri-valley,73,30,24,0,0,24,7,16
current,2022-2026 pooled,girls,DT,bay-shore,82,6,0,0,0,0,0,6
current,2022-2026 pooled,girls,DT,redwood-empire,80,26,21,0,0,21,0,9
current,2022-2026 pooled,girls,DT,class-a,77,5,5,0,0,4,1,0
current,2022-2026 pooled,girls,HJ,tri-valley,58,6,6,0,0,3,3,0
current,2022-2026 pooled,girls,HJ,bay-shore,58,3,3,0,0,0,3,0
current,2022-2026 pooled,girls,HJ,redwood-empire,38,3,3,0,0,3,0,0
current,2022-2026 pooled,girls,HJ,class-a,51,4,4,0,0,1,3,0
current,2022-2026 pooled,girls,LJ,tri-valley,76,17,17,0,0,0,17,7
current,2022-2026 pooled,girls,LJ,bay-shore,69,16,16,0,3,0,13,6
current,2022-2026 pooled,girls,LJ,redwood-empire,71,9,9,0,7,2,0,1
current,2022-2026 pooled,girls,LJ,class-a,73,4,4,0,2,1,1,0
current,2022-2026 pooled,girls,PV,tri-valley,67,39,10,0,0,7,7,39
current,2022-2026 pooled,girls,PV,bay-shore,42,16,4,0,3,0,1,16
current,2022-2026 pooled,girls,PV,redwood-empire,49,28,2,0,1,1,0,28
current,2022-2026 pooled,girls,PV,class-a,18,0,0,0,0,0,0,0
current,2022-2026 pooled,girls,SP,tri-valley,73,32,29,0,0,28,1,4
current,2022-2026 pooled,girls,SP,bay-shore,79,1,0,0,0,0,0,1
current,2022-2026 pooled,girls,SP,redwood-empire,75,30,26,0,0,26,0,5
current,2022-2026 pooled,girls,SP,class-a,79,14,14,0,0,14,0,0
current,2022-2026 pooled,girls,TJ,tri-valley,81,7,5,0,0,5,0,4
current,2022-2026 pooled,girls,TJ,bay-shore,70,6,1,0,0,0,1,6
current,2022-2026 pooled,girls,TJ,redwood-empire,77,5,2,0,0,2,0,5
current,2022-2026 pooled,girls,TJ,class-a,53,0,0,0,0,0,0,0
current,2022-2026 pooled,girls,group:sprints_hurdles,tri-valley,276,105,102,0,0,56,78,42
current,2022-2026 pooled,girls,group:sprints_hurdles,bay-shore,312,37,31,0,0,0,31,15
current,2022-2026 pooled,girls,group:sprints_hurdles,redwood-empire,305,27,19,0,0,19,0,10
current,2022-2026 pooled,girls,group:sprints_hurdles,class-a,262,26,26,0,0,8,20,0
current,2022-2026 pooled,girls,group:400_800,tri-valley,120,55,55,0,0,41,35,25
current,2022-2026 pooled,girls,group:400_800,bay-shore,158,12,12,0,0,0,12,1
current,2022-2026 pooled,girls,group:400_800,redwood-empire,167,25,25,0,0,25,0,5
current,2022-2026 pooled,girls,group:400_800,class-a,148,9,9,0,0,9,2,0
current,2022-2026 pooled,girls,group:distance,tri-valley,132,56,50,0,0,42,13,6
current,2022-2026 pooled,girls,group:distance,bay-shore,139,6,6,0,0,0,6,0
current,2022-2026 pooled,girls,group:distance,redwood-empire,155,23,22,0,0,22,0,1
current,2022-2026 pooled,girls,group:distance,class-a,119,28,28,0,0,26,6,0
current,2022-2026 pooled,girls,group:jumps,tri-valley,282,69,38,0,0,15,27,50
current,2022-2026 pooled,girls,group:jumps,bay-shore,239,41,24,0,6,0,18,28
current,2022-2026 pooled,girls,group:jumps,redwood-empire,235,45,16,0,8,8,0,34
current,2022-2026 pooled,girls,group:jumps,class-a,195,8,8,0,2,2,4,0
current,2022-2026 pooled,girls,group:throws,tri-valley,146,62,53,0,0,52,8,20
current,2022-2026 pooled,girls,group:throws,bay-shore,161,7,0,0,0,0,0,7
current,2022-2026 pooled,girls,group:throws,redwood-empire,155,56,47,0,0,47,0,14
current,2022-2026 pooled,girls,group:throws,class-a,156,19,19,0,0,18,1,0
current,2022-2026 pooled,girls,group:relays,tri-valley,86,44,43,0,0,33,24,30
current,2022-2026 pooled,girls,group:relays,bay-shore,93,5,4,0,0,0,4,3
current,2022-2026 pooled,girls,group:relays,redwood-empire,130,17,12,0,0,12,0,11
current,2022-2026 pooled,girls,group:relays,class-a,90,5,5,0,0,3,3,0
current,2022-2026 pooled,girls,all,tri-valley,1042,391,341,0,0,239,185,173
current,2022-2026 pooled,girls,all,bay-shore,1102,108,77,0,6,0,71,54
current,2022-2026 pooled,girls,all,redwood-empire,1147,193,141,0,8,133,0,75
current,2022-2026 pooled,girls,all,class-a,970,95,95,0,2,66,36,0
current,2022-2026 pooled,boys,100,tri-valley,55,41,29,0,0,1,29,30
current,2022-2026 pooled,boys,100,bay-shore,73,27,17,0,0,0,17,18
current,2022-2026 pooled,boys,100,redwood-empire,83,17,0,0,0,0,0,17
current,2022-2026 pooled,boys,100,class-a,80,5,5,0,0,0,5,0
current,2022-2026 pooled,boys,110H,tri-valley,73,15,15,0,0,10,11,5
current,2022-2026 pooled,boys,110H,bay-shore,79,6,6,0,0,0,6,4
current,2022-2026 pooled,boys,110H,redwood-empire,82,2,2,0,0,2,0,0
current,2022-2026 pooled,boys,110H,class-a,65,6,6,0,0,6,2,0
current,2022-2026 pooled,boys,1600,tri-valley,60,17,10,0,0,7,3,14
current,2022-2026 pooled,boys,1600,bay-shore,83,8,4,0,0,0,4,4
current,2022-2026 pooled,boys,1600,redwood-empire,82,12,5,0,0,5,0,12
current,2022-2026 pooled,boys,1600,class-a,72,1,1,0,0,1,0,0
current,2022-2026 pooled,boys,200,tri-valley,51,19,10,0,0,2,8,17
current,2022-2026 pooled,boys,200,bay-shore,67,15,3,0,0,0,3,14
current,2022-2026 pooled,boys,200,redwood-empire,72,14,5,0,0,5,0,10
current,2022-2026 pooled,boys,200,class-a,70,1,1,0,0,0,1,0
current,2022-2026 pooled,boys,300H,tri-valley,58,21,18,0,0,17,7,9
current,2022-2026 pooled,boys,300H,bay-shore,75,2,1,0,0,0,1,2
current,2022-2026 pooled,boys,300H,redwood-empire,72,12,11,0,0,11,0,2
current,2022-2026 pooled,boys,300H,class-a,61,9,9,0,0,9,3,0
current,2022-2026 pooled,boys,3200,tri-valley,71,7,6,0,0,2,5,5
current,2022-2026 pooled,boys,3200,bay-shore,77,3,3,0,0,0,3,3
current,2022-2026 pooled,boys,3200,redwood-empire,90,2,1,0,0,1,0,1
current,2022-2026 pooled,boys,3200,class-a,86,0,0,0,0,0,0,0
current,2022-2026 pooled,boys,400,tri-valley,66,38,27,0,0,14,24,28
current,2022-2026 pooled,boys,400,bay-shore,78,15,4,0,0,0,4,15
current,2022-2026 pooled,boys,400,redwood-empire,82,6,1,0,0,1,0,5
current,2022-2026 pooled,boys,400,class-a,80,0,0,0,0,0,0,0
current,2022-2026 pooled,boys,4x100,tri-valley,48,33,15,0,0,13,9,32
current,2022-2026 pooled,boys,4x100,bay-shore,50,20,0,0,0,0,0,20
current,2022-2026 pooled,boys,4x100,redwood-empire,66,27,4,0,0,4,0,27
current,2022-2026 pooled,boys,4x100,class-a,47,0,0,0,0,0,0,0
current,2022-2026 pooled,boys,4x400,tri-valley,53,21,16,0,0,12,15,21
current,2022-2026 pooled,boys,4x400,bay-shore,48,5,1,0,0,0,1,5
current,2022-2026 pooled,boys,4x400,redwood-empire,71,7,1,0,0,1,0,7
current,2022-2026 pooled,boys,4x400,class-a,43,0,0,0,0,0,0,0
current,2022-2026 pooled,boys,800,tri-valley,62,22,9,0,0,8,5,14
current,2022-2026 pooled,boys,800,bay-shore,79,10,1,0,0,0,1,9
current,2022-2026 pooled,boys,800,redwood-empire,77,11,4,0,0,4,0,8
current,2022-2026 pooled,boys,800,class-a,65,1,1,0,0,1,0,0
current,2022-2026 pooled,boys,DT,tri-valley,72,30,27,0,0,27,0,15
current,2022-2026 pooled,boys,DT,bay-shore,81,2,0,0,0,0,0,2
current,2022-2026 pooled,boys,DT,redwood-empire,75,15,13,0,0,13,0,9
current,2022-2026 pooled,boys,DT,class-a,79,5,5,0,0,5,0,0
current,2022-2026 pooled,boys,HJ,tri-valley,53,5,5,0,0,5,0,0
current,2022-2026 pooled,boys,HJ,bay-shore,60,0,0,0,0,0,0,0
current,2022-2026 pooled,boys,HJ,redwood-empire,48,3,3,0,0,3,0,0
current,2022-2026 pooled,boys,HJ,class-a,53,3,3,0,0,3,0,0
current,2022-2026 pooled,boys,LJ,tri-valley,76,16,16,0,0,2,16,3
current,2022-2026 pooled,boys,LJ,bay-shore,69,10,10,0,0,0,10,0
current,2022-2026 pooled,boys,LJ,redwood-empire,77,0,0,0,0,0,0,0
current,2022-2026 pooled,boys,LJ,class-a,67,3,3,0,0,0,3,0
current,2022-2026 pooled,boys,PV,tri-valley,66,63,41,0,0,41,11,63
current,2022-2026 pooled,boys,PV,bay-shore,34,13,0,0,0,0,0,13
current,2022-2026 pooled,boys,PV,redwood-empire,58,46,15,0,0,15,0,46
current,2022-2026 pooled,boys,PV,class-a,17,1,1,0,0,1,0,0
current,2022-2026 pooled,boys,SP,tri-valley,71,21,5,0,0,5,0,21
current,2022-2026 pooled,boys,SP,bay-shore,75,8,0,0,0,0,0,8
current,2022-2026 pooled,boys,SP,redwood-empire,78,16,3,0,0,3,0,16
current,2022-2026 pooled,boys,SP,class-a,72,1,1,0,0,1,0,0
current,2022-2026 pooled,boys,TJ,tri-valley,75,23,11,0,0,1,10,13
current,2022-2026 pooled,boys,TJ,bay-shore,74,12,2,0,0,0,2,10
current,2022-2026 pooled,boys,TJ,redwood-empire,72,12,1,0,0,1,0,12
current,2022-2026 pooled,boys,TJ,class-a,72,2,2,0,0,0,2,0
current,2022-2026 pooled,boys,group:sprints_hurdles,tri-valley,237,96,72,0,0,30,55,61
current,2022-2026 pooled,boys,group:sprints_hurdles,bay-shore,294,50,27,0,0,0,27,38
current,2022-2026 pooled,boys,group:sprints_hurdles,redwood-empire,309,45,18,0,0,18,0,29
current,2022-2026 pooled,boys,group:sprints_hurdles,class-a,276,21,21,0,0,15,11,0
current,2022-2026 pooled,boys,group:400_800,tri-valley,128,60,36,0,0,22,29,42
current,2022-2026 pooled,boys,group:400_800,bay-shore,157,25,5,0,0,0,5,24
current,2022-2026 pooled,boys,group:400_800,redwood-empire,159,17,5,0,0,5,0,13
current,2022-2026 pooled,boys,group:400_800,class-a,145,1,1,0,0,1,0,0
current,2022-2026 pooled,boys,group:distance,tri-valley,131,24,16,0,0,9,8,19
current,2022-2026 pooled,boys,group:distance,bay-shore,160,11,7,0,0,0,7,7
current,2022-2026 pooled,boys,group:distance,redwood-empire,172,14,6,0,0,6,0,13
current,2022-2026 pooled,boys,group:distance,class-a,158,1,1,0,0,1,0,0
current,2022-2026 pooled,boys,group:jumps,tri-valley,270,107,73,0,0,49,37,79
current,2022-2026 pooled,boys,group:jumps,bay-shore,237,35,12,0,0,0,12,23
current,2022-2026 pooled,boys,group:jumps,redwood-empire,255,61,19,0,0,19,0,58
current,2022-2026 pooled,boys,group:jumps,class-a,209,9,9,0,0,4,5,0
current,2022-2026 pooled,boys,group:throws,tri-valley,143,51,32,0,0,32,0,36
current,2022-2026 pooled,boys,group:throws,bay-shore,156,10,0,0,0,0,0,10
current,2022-2026 pooled,boys,group:throws,redwood-empire,153,31,16,0,0,16,0,25
current,2022-2026 pooled,boys,group:throws,class-a,151,6,6,0,0,6,0,0
current,2022-2026 pooled,boys,group:relays,tri-valley,101,54,31,0,0,25,24,53
current,2022-2026 pooled,boys,group:relays,bay-shore,98,25,1,0,0,0,1,25
current,2022-2026 pooled,boys,group:relays,redwood-empire,137,34,5,0,0,5,0,34
current,2022-2026 pooled,boys,group:relays,class-a,90,0,0,0,0,0,0,0
current,2022-2026 pooled,boys,all,tri-valley,1010,392,260,0,0,167,153,290
current,2022-2026 pooled,boys,all,bay-shore,1102,156,52,0,0,0,52,127
current,2022-2026 pooled,boys,all,redwood-empire,1185,202,69,0,0,69,0,172
current,2022-2026 pooled,boys,all,class-a,1029,38,38,0,0,27,16,0
current,2022-2026 pooled,all,100,tri-valley,127,70,57,0,0,6,57,47
current,2022-2026 pooled,all,100,bay-shore,151,41,29,0,0,0,29,24
current,2022-2026 pooled,all,100,redwood-empire,163,18,0,0,0,0,0,18
current,2022-2026 pooled,all,100,class-a,160,13,13,0,0,0,13,0
current,2022-2026 pooled,all,100H,tri-valley,71,26,26,0,0,23,18,11
current,2022-2026 pooled,all,100H,bay-shore,85,3,3,0,0,0,3,3
current,2022-2026 pooled,all,100H,redwood-empire,79,11,11,0,0,11,0,2
current,2022-2026 pooled,all,100H,class-a,59,0,0,0,0,0,0,0
current,2022-2026 pooled,all,110H,tri-valley,73,15,15,0,0,10,11,5
current,2022-2026 pooled,all,110H,bay-shore,79,6,6,0,0,0,6,4
current,2022-2026 pooled,all,110H,redwood-empire,82,2,2,0,0,2,0,0
current,2022-2026 pooled,all,110H,class-a,65,6,6,0,0,6,2,0
current,2022-2026 pooled,all,1600,tri-valley,123,50,43,0,0,40,4,14
current,2022-2026 pooled,all,1600,bay-shore,155,8,4,0,0,0,4,4
current,2022-2026 pooled,all,1600,redwood-empire,158,28,21,0,0,21,0,12
current,2022-2026 pooled,all,1600,class-a,132,19,19,0,0,19,1,0
current,2022-2026 pooled,all,200,tri-valley,115,45,36,0,0,8,33,24
current,2022-2026 pooled,all,200,bay-shore,139,31,19,0,0,0,19,16
current,2022-2026 pooled,all,200,redwood-empire,144,16,7,0,0,7,0,10
current,2022-2026 pooled,all,200,class-a,134,13,13,0,0,2,13,0
current,2022-2026 pooled,all,300H,tri-valley,127,45,40,0,0,39,14,16
current,2022-2026 pooled,all,300H,bay-shore,152,6,1,0,0,0,1,6
current,2022-2026 pooled,all,300H,redwood-empire,146,25,17,0,0,17,0,9
current,2022-2026 pooled,all,300H,class-a,120,15,15,0,0,15,3,0
current,2022-2026 pooled,all,3200,tri-valley,140,30,23,0,0,11,17,11
current,2022-2026 pooled,all,3200,bay-shore,144,9,9,0,0,0,9,3
current,2022-2026 pooled,all,3200,redwood-empire,169,9,7,0,0,7,0,2
current,2022-2026 pooled,all,3200,class-a,145,10,10,0,0,8,5,0
current,2022-2026 pooled,all,400,tri-valley,121,64,53,0,0,26,46,43
current,2022-2026 pooled,all,400,bay-shore,160,27,16,0,0,0,16,16
current,2022-2026 pooled,all,400,redwood-empire,163,10,5,0,0,5,0,8
current,2022-2026 pooled,all,400,class-a,168,1,1,0,0,1,1,0
current,2022-2026 pooled,all,4x100,tri-valley,94,53,34,0,0,22,22,50
current,2022-2026 pooled,all,4x100,bay-shore,108,25,4,0,0,0,4,23
current,2022-2026 pooled,all,4x100,redwood-empire,134,35,7,0,0,7,0,35
current,2022-2026 pooled,all,4x100,class-a,99,2,2,0,0,0,2,0
current,2022-2026 pooled,all,4x400,tri-valley,93,45,40,0,0,36,26,33
current,2022-2026 pooled,all,4x400,bay-shore,83,5,1,0,0,0,1,5
current,2022-2026 pooled,all,4x400,redwood-empire,133,16,10,0,0,10,0,10
current,2022-2026 pooled,all,4x400,class-a,81,3,3,0,0,3,1,0
current,2022-2026 pooled,all,800,tri-valley,127,51,38,0,0,37,18,24
current,2022-2026 pooled,all,800,bay-shore,155,10,1,0,0,0,1,9
current,2022-2026 pooled,all,800,redwood-empire,163,32,25,0,0,25,0,10
current,2022-2026 pooled,all,800,class-a,125,9,9,0,0,9,1,0
current,2022-2026 pooled,all,DT,tri-valley,145,60,51,0,0,51,7,31
current,2022-2026 pooled,all,DT,bay-shore,163,8,0,0,0,0,0,8
current,2022-2026 pooled,all,DT,redwood-empire,155,41,34,0,0,34,0,18
current,2022-2026 pooled,all,DT,class-a,156,10,10,0,0,9,1,0
current,2022-2026 pooled,all,HJ,tri-valley,111,11,11,0,0,8,3,0
current,2022-2026 pooled,all,HJ,bay-shore,118,3,3,0,0,0,3,0
current,2022-2026 pooled,all,HJ,redwood-empire,86,6,6,0,0,6,0,0
current,2022-2026 pooled,all,HJ,class-a,104,7,7,0,0,4,3,0
current,2022-2026 pooled,all,LJ,tri-valley,152,33,33,0,0,2,33,10
current,2022-2026 pooled,all,LJ,bay-shore,138,26,26,0,3,0,23,6
current,2022-2026 pooled,all,LJ,redwood-empire,148,9,9,0,7,2,0,1
current,2022-2026 pooled,all,LJ,class-a,140,7,7,0,2,1,4,0
current,2022-2026 pooled,all,PV,tri-valley,133,102,51,0,0,48,18,102
current,2022-2026 pooled,all,PV,bay-shore,76,29,4,0,3,0,1,29
current,2022-2026 pooled,all,PV,redwood-empire,107,74,17,0,1,16,0,74
current,2022-2026 pooled,all,PV,class-a,35,1,1,0,0,1,0,0
current,2022-2026 pooled,all,SP,tri-valley,144,53,34,0,0,33,1,25
current,2022-2026 pooled,all,SP,bay-shore,154,9,0,0,0,0,0,9
current,2022-2026 pooled,all,SP,redwood-empire,153,46,29,0,0,29,0,21
current,2022-2026 pooled,all,SP,class-a,151,15,15,0,0,15,0,0
current,2022-2026 pooled,all,TJ,tri-valley,156,30,16,0,0,6,10,17
current,2022-2026 pooled,all,TJ,bay-shore,144,18,3,0,0,0,3,16
current,2022-2026 pooled,all,TJ,redwood-empire,149,17,3,0,0,3,0,17
current,2022-2026 pooled,all,TJ,class-a,125,2,2,0,0,0,2,0
current,2022-2026 pooled,all,group:sprints_hurdles,tri-valley,513,201,174,0,0,86,133,103
current,2022-2026 pooled,all,group:sprints_hurdles,bay-shore,606,87,58,0,0,0,58,53
current,2022-2026 pooled,all,group:sprints_hurdles,redwood-empire,614,72,37,0,0,37,0,39
current,2022-2026 pooled,all,group:sprints_hurdles,class-a,538,47,47,0,0,23,31,0
current,2022-2026 pooled,all,group:400_800,tri-valley,248,115,91,0,0,63,64,67
current,2022-2026 pooled,all,group:400_800,bay-shore,315,37,17,0,0,0,17,25
current,2022-2026 pooled,all,group:400_800,redwood-empire,326,42,30,0,0,30,0,18
current,2022-2026 pooled,all,group:400_800,class-a,293,10,10,0,0,10,2,0
current,2022-2026 pooled,all,group:distance,tri-valley,263,80,66,0,0,51,21,25
current,2022-2026 pooled,all,group:distance,bay-shore,299,17,13,0,0,0,13,7
current,2022-2026 pooled,all,group:distance,redwood-empire,327,37,28,0,0,28,0,14
current,2022-2026 pooled,all,group:distance,class-a,277,29,29,0,0,27,6,0
current,2022-2026 pooled,all,group:jumps,tri-valley,552,176,111,0,0,64,64,129
current,2022-2026 pooled,all,group:jumps,bay-shore,476,76,36,0,6,0,30,51
current,2022-2026 pooled,all,group:jumps,redwood-empire,490,106,35,0,8,27,0,92
current,2022-2026 pooled,all,group:jumps,class-a,404,17,17,0,2,6,9,0
current,2022-2026 pooled,all,group:throws,tri-valley,289,113,85,0,0,84,8,56
current,2022-2026 pooled,all,group:throws,bay-shore,317,17,0,0,0,0,0,17
current,2022-2026 pooled,all,group:throws,redwood-empire,308,87,63,0,0,63,0,39
current,2022-2026 pooled,all,group:throws,class-a,307,25,25,0,0,24,1,0
current,2022-2026 pooled,all,group:relays,tri-valley,187,98,74,0,0,58,48,83
current,2022-2026 pooled,all,group:relays,bay-shore,191,30,5,0,0,0,5,28
current,2022-2026 pooled,all,group:relays,redwood-empire,267,51,17,0,0,17,0,45
current,2022-2026 pooled,all,group:relays,class-a,180,5,5,0,0,3,3,0
current,2022-2026 pooled,all,all,tri-valley,2052,783,601,0,0,406,338,463
current,2022-2026 pooled,all,all,bay-shore,2204,264,129,0,6,0,123,181
current,2022-2026 pooled,all,all,redwood-empire,2332,395,210,0,8,202,0,247
current,2022-2026 pooled,all,all,class-a,1999,133,133,0,2,93,52,0
a_5553,2022,girls,100,tri-valley,13,0,0,0,0,0,0,0
a_5553,2022,girls,100,bay-shore,18,0,0,0,0,0,0,0
a_5553,2022,girls,100,redwood-empire,16,0,0,0,0,0,0,0
a_5553,2022,girls,100,class-a,15,0,0,0,0,0,0,0
a_5553,2022,girls,100H,tri-valley,12,0,0,0,0,0,0,0
a_5553,2022,girls,100H,bay-shore,18,0,0,0,0,0,0,0
a_5553,2022,girls,100H,redwood-empire,15,0,0,0,0,0,0,0
a_5553,2022,girls,100H,class-a,10,0,0,0,0,0,0,0
a_5553,2022,girls,1600,tri-valley,14,4,4,0,0,4,0,0
a_5553,2022,girls,1600,bay-shore,15,0,0,0,0,0,0,0
a_5553,2022,girls,1600,redwood-empire,15,2,2,0,0,2,0,0
a_5553,2022,girls,1600,class-a,9,1,1,0,0,1,0,0
a_5553,2022,girls,200,tri-valley,12,4,4,0,0,0,4,4
a_5553,2022,girls,200,bay-shore,13,2,2,0,0,0,2,1
a_5553,2022,girls,200,redwood-empire,12,0,0,0,0,0,0,0
a_5553,2022,girls,200,class-a,9,0,0,0,0,0,0,0
a_5553,2022,girls,300H,tri-valley,15,0,0,0,0,0,0,0
a_5553,2022,girls,300H,bay-shore,17,0,0,0,0,0,0,0
a_5553,2022,girls,300H,redwood-empire,14,0,0,0,0,0,0,0
a_5553,2022,girls,300H,class-a,8,0,0,0,0,0,0,0
a_5553,2022,girls,3200,tri-valley,14,0,0,0,0,0,0,0
a_5553,2022,girls,3200,bay-shore,14,0,0,0,0,0,0,0
a_5553,2022,girls,3200,redwood-empire,15,0,0,0,0,0,0,0
a_5553,2022,girls,3200,class-a,9,0,0,0,0,0,0,0
a_5553,2022,girls,400,tri-valley,9,3,3,0,0,0,3,2
a_5553,2022,girls,400,bay-shore,17,4,4,0,0,0,4,2
a_5553,2022,girls,400,redwood-empire,17,0,0,0,0,0,0,0
a_5553,2022,girls,400,class-a,10,0,0,0,0,0,0,0
a_5553,2022,girls,4x100,tri-valley,8,2,2,0,0,0,2,2
a_5553,2022,girls,4x100,bay-shore,9,1,1,0,0,0,1,1
a_5553,2022,girls,4x100,redwood-empire,8,0,0,0,0,0,0,0
a_5553,2022,girls,4x100,class-a,5,0,0,0,0,0,0,0
a_5553,2022,girls,4x400,tri-valley,5,3,2,0,0,2,0,3
a_5553,2022,girls,4x400,bay-shore,11,0,0,0,0,0,0,0
a_5553,2022,girls,4x400,redwood-empire,11,3,2,0,0,2,0,3
a_5553,2022,girls,4x400,class-a,5,0,0,0,0,0,0,0
a_5553,2022,girls,800,tri-valley,11,6,6,0,0,6,2,3
a_5553,2022,girls,800,bay-shore,16,0,0,0,0,0,0,0
a_5553,2022,girls,800,redwood-empire,17,5,5,0,0,5,0,0
a_5553,2022,girls,800,class-a,11,2,2,0,0,2,0,0
a_5553,2022,girls,DT,tri-valley,12,5,5,0,0,5,0,4
a_5553,2022,girls,DT,bay-shore,18,0,0,0,0,0,0,0
a_5553,2022,girls,DT,redwood-empire,16,5,5,0,0,5,0,3
a_5553,2022,girls,DT,class-a,16,1,1,0,0,1,0,0
a_5553,2022,girls,HJ,tri-valley,14,0,0,0,0,0,0,0
a_5553,2022,girls,HJ,bay-shore,12,0,0,0,0,0,0,0
a_5553,2022,girls,HJ,redwood-empire,8,0,0,0,0,0,0,0
a_5553,2022,girls,HJ,class-a,9,1,1,0,0,1,0,0
a_5553,2022,girls,LJ,tri-valley,15,0,0,0,0,0,0,0
a_5553,2022,girls,LJ,bay-shore,17,0,0,0,0,0,0,0
a_5553,2022,girls,LJ,redwood-empire,9,0,0,0,0,0,0,0
a_5553,2022,girls,LJ,class-a,12,0,0,0,0,0,0,0
a_5553,2022,girls,PV,tri-valley,15,0,0,0,0,0,0,0
a_5553,2022,girls,PV,bay-shore,10,0,0,0,0,0,0,0
a_5553,2022,girls,PV,redwood-empire,9,0,0,0,0,0,0,0
a_5553,2022,girls,PV,class-a,3,0,0,0,0,0,0,0
a_5553,2022,girls,SP,tri-valley,10,7,7,0,0,7,0,0
a_5553,2022,girls,SP,bay-shore,18,0,0,0,0,0,0,0
a_5553,2022,girls,SP,redwood-empire,15,9,9,0,0,9,0,0
a_5553,2022,girls,SP,class-a,15,6,6,0,0,6,0,0
a_5553,2022,girls,TJ,tri-valley,13,0,0,0,0,0,0,0
a_5553,2022,girls,TJ,bay-shore,13,0,0,0,0,0,0,0
a_5553,2022,girls,TJ,redwood-empire,9,0,0,0,0,0,0,0
a_5553,2022,girls,TJ,class-a,9,0,0,0,0,0,0,0
a_5553,2022,girls,group:sprints_hurdles,tri-valley,52,4,4,0,0,0,4,4
a_5553,2022,girls,group:sprints_hurdles,bay-shore,66,2,2,0,0,0,2,1
a_5553,2022,girls,group:sprints_hurdles,redwood-empire,57,0,0,0,0,0,0,0
a_5553,2022,girls,group:sprints_hurdles,class-a,42,0,0,0,0,0,0,0
a_5553,2022,girls,group:400_800,tri-valley,20,9,9,0,0,6,5,5
a_5553,2022,girls,group:400_800,bay-shore,33,4,4,0,0,0,4,2
a_5553,2022,girls,group:400_800,redwood-empire,34,5,5,0,0,5,0,0
a_5553,2022,girls,group:400_800,class-a,21,2,2,0,0,2,0,0
a_5553,2022,girls,group:distance,tri-valley,28,4,4,0,0,4,0,0
a_5553,2022,girls,group:distance,bay-shore,29,0,0,0,0,0,0,0
a_5553,2022,girls,group:distance,redwood-empire,30,2,2,0,0,2,0,0
a_5553,2022,girls,group:distance,class-a,18,1,1,0,0,1,0,0
a_5553,2022,girls,group:jumps,tri-valley,57,0,0,0,0,0,0,0
a_5553,2022,girls,group:jumps,bay-shore,52,0,0,0,0,0,0,0
a_5553,2022,girls,group:jumps,redwood-empire,35,0,0,0,0,0,0,0
a_5553,2022,girls,group:jumps,class-a,33,1,1,0,0,1,0,0
a_5553,2022,girls,group:throws,tri-valley,22,12,12,0,0,12,0,4
a_5553,2022,girls,group:throws,bay-shore,36,0,0,0,0,0,0,0
a_5553,2022,girls,group:throws,redwood-empire,31,14,14,0,0,14,0,3
a_5553,2022,girls,group:throws,class-a,31,7,7,0,0,7,0,0
a_5553,2022,girls,group:relays,tri-valley,13,5,4,0,0,2,2,5
a_5553,2022,girls,group:relays,bay-shore,20,1,1,0,0,0,1,1
a_5553,2022,girls,group:relays,redwood-empire,19,3,2,0,0,2,0,3
a_5553,2022,girls,group:relays,class-a,10,0,0,0,0,0,0,0
a_5553,2022,girls,all,tri-valley,192,34,33,0,0,24,11,18
a_5553,2022,girls,all,bay-shore,236,7,7,0,0,0,7,4
a_5553,2022,girls,all,redwood-empire,206,24,23,0,0,23,0,6
a_5553,2022,girls,all,class-a,155,11,11,0,0,11,0,0
a_5553,2022,boys,100,tri-valley,11,11,0,0,0,0,0,11
a_5553,2022,boys,100,bay-shore,14,8,0,0,0,0,0,8
a_5553,2022,boys,100,redwood-empire,15,9,0,0,0,0,0,9
a_5553,2022,boys,100,class-a,15,0,0,0,0,0,0,0
a_5553,2022,boys,110H,tri-valley,12,0,0,0,0,0,0,0
a_5553,2022,boys,110H,bay-shore,15,0,0,0,0,0,0,0
a_5553,2022,boys,110H,redwood-empire,13,0,0,0,0,0,0,0
a_5553,2022,boys,110H,class-a,8,0,0,0,0,0,0,0
a_5553,2022,boys,1600,tri-valley,14,2,2,0,0,0,2,0
a_5553,2022,boys,1600,bay-shore,14,2,2,0,0,0,2,0
a_5553,2022,boys,1600,redwood-empire,19,0,0,0,0,0,0,0
a_5553,2022,boys,1600,class-a,14,0,0,0,0,0,0,0
a_5553,2022,boys,200,tri-valley,13,11,0,0,0,0,0,11
a_5553,2022,boys,200,bay-shore,13,11,0,0,0,0,0,11
a_5553,2022,boys,200,redwood-empire,15,9,0,0,0,0,0,9
a_5553,2022,boys,200,class-a,12,0,0,0,0,0,0,0
a_5553,2022,boys,300H,tri-valley,11,1,0,0,0,0,0,1
a_5553,2022,boys,300H,bay-shore,15,0,0,0,0,0,0,0
a_5553,2022,boys,300H,redwood-empire,11,1,0,0,0,0,0,1
a_5553,2022,boys,300H,class-a,8,0,0,0,0,0,0,0
a_5553,2022,boys,3200,tri-valley,15,2,0,0,0,0,0,2
a_5553,2022,boys,3200,bay-shore,15,1,0,0,0,0,0,1
a_5553,2022,boys,3200,redwood-empire,19,1,0,0,0,0,0,1
a_5553,2022,boys,3200,class-a,14,0,0,0,0,0,0,0
a_5553,2022,boys,400,tri-valley,11,8,2,0,0,1,2,8
a_5553,2022,boys,400,bay-shore,15,4,1,0,0,0,1,4
a_5553,2022,boys,400,redwood-empire,16,1,0,0,0,0,0,1
a_5553,2022,boys,400,class-a,10,0,0,0,0,0,0,0
a_5553,2022,boys,4x100,tri-valley,6,2,0,0,0,0,0,2
a_5553,2022,boys,4x100,bay-shore,10,0,0,0,0,0,0,0
a_5553,2022,boys,4x100,redwood-empire,14,1,0,0,0,0,0,1
a_5553,2022,boys,4x100,class-a,7,0,0,0,0,0,0,0
a_5553,2022,boys,4x400,tri-valley,8,7,0,0,0,0,0,7
a_5553,2022,boys,4x400,bay-shore,8,5,0,0,0,0,0,5
a_5553,2022,boys,4x400,redwood-empire,16,7,0,0,0,0,0,7
a_5553,2022,boys,4x400,class-a,2,0,0,0,0,0,0,0
a_5553,2022,boys,800,tri-valley,15,7,0,0,0,0,0,7
a_5553,2022,boys,800,bay-shore,15,5,0,0,0,0,0,5
a_5553,2022,boys,800,redwood-empire,17,1,0,0,0,0,0,1
a_5553,2022,boys,800,class-a,8,0,0,0,0,0,0,0
a_5553,2022,boys,DT,tri-valley,14,1,1,0,0,1,0,0
a_5553,2022,boys,DT,bay-shore,16,0,0,0,0,0,0,0
a_5553,2022,boys,DT,redwood-empire,13,0,0,0,0,0,0,0
a_5553,2022,boys,DT,class-a,10,0,0,0,0,0,0,0
a_5553,2022,boys,HJ,tri-valley,11,5,5,0,0,5,0,0
a_5553,2022,boys,HJ,bay-shore,14,0,0,0,0,0,0,0
a_5553,2022,boys,HJ,redwood-empire,7,3,3,0,0,3,0,0
a_5553,2022,boys,HJ,class-a,9,2,2,0,0,2,0,0
a_5553,2022,boys,LJ,tri-valley,14,0,0,0,0,0,0,0
a_5553,2022,boys,LJ,bay-shore,14,0,0,0,0,0,0,0
a_5553,2022,boys,LJ,redwood-empire,15,0,0,0,0,0,0,0
a_5553,2022,boys,LJ,class-a,13,0,0,0,0,0,0,0
a_5553,2022,boys,PV,tri-valley,11,11,7,0,0,7,0,11
a_5553,2022,boys,PV,bay-shore,9,8,0,0,0,0,0,8
a_5553,2022,boys,PV,redwood-empire,11,11,2,0,0,2,0,11
a_5553,2022,boys,PV,class-a,0,0,0,0,0,0,0,0
a_5553,2022,boys,SP,tri-valley,16,4,0,0,0,0,0,4
a_5553,2022,boys,SP,bay-shore,15,1,0,0,0,0,0,1
a_5553,2022,boys,SP,redwood-empire,14,3,0,0,0,0,0,3
a_5553,2022,boys,SP,class-a,11,0,0,0,0,0,0,0
a_5553,2022,boys,TJ,tri-valley,14,1,0,0,0,0,0,1
a_5553,2022,boys,TJ,bay-shore,14,0,0,0,0,0,0,0
a_5553,2022,boys,TJ,redwood-empire,13,0,0,0,0,0,0,0
a_5553,2022,boys,TJ,class-a,13,0,0,0,0,0,0,0
a_5553,2022,boys,group:sprints_hurdles,tri-valley,47,23,0,0,0,0,0,23
a_5553,2022,boys,group:sprints_hurdles,bay-shore,57,19,0,0,0,0,0,19
a_5553,2022,boys,group:sprints_hurdles,redwood-empire,54,19,0,0,0,0,0,19
a_5553,2022,boys,group:sprints_hurdles,class-a,43,0,0,0,0,0,0,0
a_5553,2022,boys,group:400_800,tri-valley,26,15,2,0,0,1,2,15
a_5553,2022,boys,group:400_800,bay-shore,30,9,1,0,0,0,1,9
a_5553,2022,boys,group:400_800,redwood-empire,33,2,0,0,0,0,0,2
a_5553,2022,boys,group:400_800,class-a,18,0,0,0,0,0,0,0
a_5553,2022,boys,group:distance,tri-valley,29,4,2,0,0,0,2,2
a_5553,2022,boys,group:distance,bay-shore,29,3,2,0,0,0,2,1
a_5553,2022,boys,group:distance,redwood-empire,38,1,0,0,0,0,0,1
a_5553,2022,boys,group:distance,class-a,28,0,0,0,0,0,0,0
a_5553,2022,boys,group:jumps,tri-valley,50,17,12,0,0,12,0,12
a_5553,2022,boys,group:jumps,bay-shore,51,8,0,0,0,0,0,8
a_5553,2022,boys,group:jumps,redwood-empire,46,14,5,0,0,5,0,11
a_5553,2022,boys,group:jumps,class-a,35,2,2,0,0,2,0,0
a_5553,2022,boys,group:throws,tri-valley,30,5,1,0,0,1,0,4
a_5553,2022,boys,group:throws,bay-shore,31,1,0,0,0,0,0,1
a_5553,2022,boys,group:throws,redwood-empire,27,3,0,0,0,0,0,3
a_5553,2022,boys,group:throws,class-a,21,0,0,0,0,0,0,0
a_5553,2022,boys,group:relays,tri-valley,14,9,0,0,0,0,0,9
a_5553,2022,boys,group:relays,bay-shore,18,5,0,0,0,0,0,5
a_5553,2022,boys,group:relays,redwood-empire,30,8,0,0,0,0,0,8
a_5553,2022,boys,group:relays,class-a,9,0,0,0,0,0,0,0
a_5553,2022,boys,all,tri-valley,196,73,17,0,0,14,4,65
a_5553,2022,boys,all,bay-shore,216,45,3,0,0,0,3,43
a_5553,2022,boys,all,redwood-empire,228,47,5,0,0,5,0,44
a_5553,2022,boys,all,class-a,154,2,2,0,0,2,0,0
a_5553,2022,all,100,tri-valley,24,11,0,0,0,0,0,11
a_5553,2022,all,100,bay-shore,32,8,0,0,0,0,0,8
a_5553,2022,all,100,redwood-empire,31,9,0,0,0,0,0,9
a_5553,2022,all,100,class-a,30,0,0,0,0,0,0,0
a_5553,2022,all,100H,tri-valley,12,0,0,0,0,0,0,0
a_5553,2022,all,100H,bay-shore,18,0,0,0,0,0,0,0
a_5553,2022,all,100H,redwood-empire,15,0,0,0,0,0,0,0
a_5553,2022,all,100H,class-a,10,0,0,0,0,0,0,0
a_5553,2022,all,110H,tri-valley,12,0,0,0,0,0,0,0
a_5553,2022,all,110H,bay-shore,15,0,0,0,0,0,0,0
a_5553,2022,all,110H,redwood-empire,13,0,0,0,0,0,0,0
a_5553,2022,all,110H,class-a,8,0,0,0,0,0,0,0
a_5553,2022,all,1600,tri-valley,28,6,6,0,0,4,2,0
a_5553,2022,all,1600,bay-shore,29,2,2,0,0,0,2,0
a_5553,2022,all,1600,redwood-empire,34,2,2,0,0,2,0,0
a_5553,2022,all,1600,class-a,23,1,1,0,0,1,0,0
a_5553,2022,all,200,tri-valley,25,15,4,0,0,0,4,15
a_5553,2022,all,200,bay-shore,26,13,2,0,0,0,2,12
a_5553,2022,all,200,redwood-empire,27,9,0,0,0,0,0,9
a_5553,2022,all,200,class-a,21,0,0,0,0,0,0,0
a_5553,2022,all,300H,tri-valley,26,1,0,0,0,0,0,1
a_5553,2022,all,300H,bay-shore,32,0,0,0,0,0,0,0
a_5553,2022,all,300H,redwood-empire,25,1,0,0,0,0,0,1
a_5553,2022,all,300H,class-a,16,0,0,0,0,0,0,0
a_5553,2022,all,3200,tri-valley,29,2,0,0,0,0,0,2
a_5553,2022,all,3200,bay-shore,29,1,0,0,0,0,0,1
a_5553,2022,all,3200,redwood-empire,34,1,0,0,0,0,0,1
a_5553,2022,all,3200,class-a,23,0,0,0,0,0,0,0
a_5553,2022,all,400,tri-valley,20,11,5,0,0,1,5,10
a_5553,2022,all,400,bay-shore,32,8,5,0,0,0,5,6
a_5553,2022,all,400,redwood-empire,33,1,0,0,0,0,0,1
a_5553,2022,all,400,class-a,20,0,0,0,0,0,0,0
a_5553,2022,all,4x100,tri-valley,14,4,2,0,0,0,2,4
a_5553,2022,all,4x100,bay-shore,19,1,1,0,0,0,1,1
a_5553,2022,all,4x100,redwood-empire,22,1,0,0,0,0,0,1
a_5553,2022,all,4x100,class-a,12,0,0,0,0,0,0,0
a_5553,2022,all,4x400,tri-valley,13,10,2,0,0,2,0,10
a_5553,2022,all,4x400,bay-shore,19,5,0,0,0,0,0,5
a_5553,2022,all,4x400,redwood-empire,27,10,2,0,0,2,0,10
a_5553,2022,all,4x400,class-a,7,0,0,0,0,0,0,0
a_5553,2022,all,800,tri-valley,26,13,6,0,0,6,2,10
a_5553,2022,all,800,bay-shore,31,5,0,0,0,0,0,5
a_5553,2022,all,800,redwood-empire,34,6,5,0,0,5,0,1
a_5553,2022,all,800,class-a,19,2,2,0,0,2,0,0
a_5553,2022,all,DT,tri-valley,26,6,6,0,0,6,0,4
a_5553,2022,all,DT,bay-shore,34,0,0,0,0,0,0,0
a_5553,2022,all,DT,redwood-empire,29,5,5,0,0,5,0,3
a_5553,2022,all,DT,class-a,26,1,1,0,0,1,0,0
a_5553,2022,all,HJ,tri-valley,25,5,5,0,0,5,0,0
a_5553,2022,all,HJ,bay-shore,26,0,0,0,0,0,0,0
a_5553,2022,all,HJ,redwood-empire,15,3,3,0,0,3,0,0
a_5553,2022,all,HJ,class-a,18,3,3,0,0,3,0,0
a_5553,2022,all,LJ,tri-valley,29,0,0,0,0,0,0,0
a_5553,2022,all,LJ,bay-shore,31,0,0,0,0,0,0,0
a_5553,2022,all,LJ,redwood-empire,24,0,0,0,0,0,0,0
a_5553,2022,all,LJ,class-a,25,0,0,0,0,0,0,0
a_5553,2022,all,PV,tri-valley,26,11,7,0,0,7,0,11
a_5553,2022,all,PV,bay-shore,19,8,0,0,0,0,0,8
a_5553,2022,all,PV,redwood-empire,20,11,2,0,0,2,0,11
a_5553,2022,all,PV,class-a,3,0,0,0,0,0,0,0
a_5553,2022,all,SP,tri-valley,26,11,7,0,0,7,0,4
a_5553,2022,all,SP,bay-shore,33,1,0,0,0,0,0,1
a_5553,2022,all,SP,redwood-empire,29,12,9,0,0,9,0,3
a_5553,2022,all,SP,class-a,26,6,6,0,0,6,0,0
a_5553,2022,all,TJ,tri-valley,27,1,0,0,0,0,0,1
a_5553,2022,all,TJ,bay-shore,27,0,0,0,0,0,0,0
a_5553,2022,all,TJ,redwood-empire,22,0,0,0,0,0,0,0
a_5553,2022,all,TJ,class-a,22,0,0,0,0,0,0,0
a_5553,2022,all,group:sprints_hurdles,tri-valley,99,27,4,0,0,0,4,27
a_5553,2022,all,group:sprints_hurdles,bay-shore,123,21,2,0,0,0,2,20
a_5553,2022,all,group:sprints_hurdles,redwood-empire,111,19,0,0,0,0,0,19
a_5553,2022,all,group:sprints_hurdles,class-a,85,0,0,0,0,0,0,0
a_5553,2022,all,group:400_800,tri-valley,46,24,11,0,0,7,7,20
a_5553,2022,all,group:400_800,bay-shore,63,13,5,0,0,0,5,11
a_5553,2022,all,group:400_800,redwood-empire,67,7,5,0,0,5,0,2
a_5553,2022,all,group:400_800,class-a,39,2,2,0,0,2,0,0
a_5553,2022,all,group:distance,tri-valley,57,8,6,0,0,4,2,2
a_5553,2022,all,group:distance,bay-shore,58,3,2,0,0,0,2,1
a_5553,2022,all,group:distance,redwood-empire,68,3,2,0,0,2,0,1
a_5553,2022,all,group:distance,class-a,46,1,1,0,0,1,0,0
a_5553,2022,all,group:jumps,tri-valley,107,17,12,0,0,12,0,12
a_5553,2022,all,group:jumps,bay-shore,103,8,0,0,0,0,0,8
a_5553,2022,all,group:jumps,redwood-empire,81,14,5,0,0,5,0,11
a_5553,2022,all,group:jumps,class-a,68,3,3,0,0,3,0,0
a_5553,2022,all,group:throws,tri-valley,52,17,13,0,0,13,0,8
a_5553,2022,all,group:throws,bay-shore,67,1,0,0,0,0,0,1
a_5553,2022,all,group:throws,redwood-empire,58,17,14,0,0,14,0,6
a_5553,2022,all,group:throws,class-a,52,7,7,0,0,7,0,0
a_5553,2022,all,group:relays,tri-valley,27,14,4,0,0,2,2,14
a_5553,2022,all,group:relays,bay-shore,38,6,1,0,0,0,1,6
a_5553,2022,all,group:relays,redwood-empire,49,11,2,0,0,2,0,11
a_5553,2022,all,group:relays,class-a,19,0,0,0,0,0,0,0
a_5553,2022,all,all,tri-valley,388,107,50,0,0,38,15,83
a_5553,2022,all,all,bay-shore,452,52,10,0,0,0,10,47
a_5553,2022,all,all,redwood-empire,434,71,28,0,0,28,0,50
a_5553,2022,all,all,class-a,309,13,13,0,0,13,0,0
a_5553,2023,girls,100,tri-valley,12,0,0,0,0,0,0,0
a_5553,2023,girls,100,bay-shore,17,0,0,0,0,0,0,0
a_5553,2023,girls,100,redwood-empire,22,2,0,0,0,0,0,2
a_5553,2023,girls,100,class-a,14,0,0,0,0,0,0,0
a_5553,2023,girls,100H,tri-valley,10,4,4,0,0,4,0,1
a_5553,2023,girls,100H,bay-shore,17,0,0,0,0,0,0,0
a_5553,2023,girls,100H,redwood-empire,15,6,6,0,0,6,0,1
a_5553,2023,girls,100H,class-a,14,0,0,0,0,0,0,0
a_5553,2023,girls,1600,tri-valley,13,2,2,0,0,2,0,0
a_5553,2023,girls,1600,bay-shore,16,0,0,0,0,0,0,0
a_5553,2023,girls,1600,redwood-empire,18,0,0,0,0,0,0,0
a_5553,2023,girls,1600,class-a,12,1,1,0,0,1,0,0
a_5553,2023,girls,200,tri-valley,9,1,1,0,0,1,0,0
a_5553,2023,girls,200,bay-shore,16,0,0,0,0,0,0,0
a_5553,2023,girls,200,redwood-empire,18,1,1,0,0,1,0,0
a_5553,2023,girls,200,class-a,13,0,0,0,0,0,0,0
a_5553,2023,girls,300H,tri-valley,12,5,1,0,0,1,0,5
a_5553,2023,girls,300H,bay-shore,16,5,0,0,0,0,0,5
a_5553,2023,girls,300H,redwood-empire,16,8,0,0,0,0,0,8
a_5553,2023,girls,300H,class-a,13,0,0,0,0,0,0,0
a_5553,2023,girls,3200,tri-valley,14,1,1,0,0,1,0,0
a_5553,2023,girls,3200,bay-shore,15,0,0,0,0,0,0,0
a_5553,2023,girls,3200,redwood-empire,19,0,0,0,0,0,0,0
a_5553,2023,girls,3200,class-a,9,1,1,0,0,1,0,0
a_5553,2023,girls,400,tri-valley,8,1,0,0,0,0,0,1
a_5553,2023,girls,400,bay-shore,14,0,0,0,0,0,0,0
a_5553,2023,girls,400,redwood-empire,19,0,0,0,0,0,0,0
a_5553,2023,girls,400,class-a,17,0,0,0,0,0,0,0
a_5553,2023,girls,4x100,tri-valley,7,3,0,0,0,0,0,3
a_5553,2023,girls,4x100,bay-shore,9,1,0,0,0,0,0,1
a_5553,2023,girls,4x100,redwood-empire,17,8,0,0,0,0,0,8
a_5553,2023,girls,4x100,class-a,13,0,0,0,0,0,0,0
a_5553,2023,girls,4x400,tri-valley,6,1,1,0,0,1,1,1
a_5553,2023,girls,4x400,bay-shore,6,0,0,0,0,0,0,0
a_5553,2023,girls,4x400,redwood-empire,16,1,1,0,0,1,0,0
a_5553,2023,girls,4x400,class-a,10,0,0,0,0,0,0,0
a_5553,2023,girls,800,tri-valley,9,1,1,0,0,1,0,0
a_5553,2023,girls,800,bay-shore,18,0,0,0,0,0,0,0
a_5553,2023,girls,800,redwood-empire,22,0,0,0,0,0,0,0
a_5553,2023,girls,800,class-a,16,0,0,0,0,0,0,0
a_5553,2023,girls,DT,tri-valley,12,4,4,0,0,4,2,3
a_5553,2023,girls,DT,bay-shore,19,0,0,0,0,0,0,0
a_5553,2023,girls,DT,redwood-empire,20,5,5,0,0,5,0,2
a_5553,2023,girls,DT,class-a,17,0,0,0,0,0,0,0
a_5553,2023,girls,HJ,tri-valley,9,3,3,0,0,3,0,0
a_5553,2023,girls,HJ,bay-shore,8,0,0,0,0,0,0,0
a_5553,2023,girls,HJ,redwood-empire,9,3,3,0,0,3,0,0
a_5553,2023,girls,HJ,class-a,10,0,0,0,0,0,0,0
a_5553,2023,girls,LJ,tri-valley,16,0,0,0,0,0,0,0
a_5553,2023,girls,LJ,bay-shore,13,0,0,0,0,0,0,0
a_5553,2023,girls,LJ,redwood-empire,15,0,0,0,0,0,0,0
a_5553,2023,girls,LJ,class-a,13,0,0,0,0,0,0,0
a_5553,2023,girls,PV,tri-valley,16,16,0,0,0,0,0,16
a_5553,2023,girls,PV,bay-shore,12,6,3,0,3,0,0,6
a_5553,2023,girls,PV,redwood-empire,13,13,1,0,1,0,0,13
a_5553,2023,girls,PV,class-a,3,0,0,0,0,0,0,0
a_5553,2023,girls,SP,tri-valley,17,8,8,0,0,8,0,0
a_5553,2023,girls,SP,bay-shore,18,0,0,0,0,0,0,0
a_5553,2023,girls,SP,redwood-empire,15,6,6,0,0,6,0,0
a_5553,2023,girls,SP,class-a,20,5,5,0,0,5,0,0
a_5553,2023,girls,TJ,tri-valley,14,0,0,0,0,0,0,0
a_5553,2023,girls,TJ,bay-shore,11,0,0,0,0,0,0,0
a_5553,2023,girls,TJ,redwood-empire,20,0,0,0,0,0,0,0
a_5553,2023,girls,TJ,class-a,10,0,0,0,0,0,0,0
a_5553,2023,girls,group:sprints_hurdles,tri-valley,43,10,6,0,0,6,0,6
a_5553,2023,girls,group:sprints_hurdles,bay-shore,66,5,0,0,0,0,0,5
a_5553,2023,girls,group:sprints_hurdles,redwood-empire,71,17,7,0,0,7,0,11
a_5553,2023,girls,group:sprints_hurdles,class-a,54,0,0,0,0,0,0,0
a_5553,2023,girls,group:400_800,tri-valley,17,2,1,0,0,1,0,1
a_5553,2023,girls,group:400_800,bay-shore,32,0,0,0,0,0,0,0
a_5553,2023,girls,group:400_800,redwood-empire,41,0,0,0,0,0,0,0
a_5553,2023,girls,group:400_800,class-a,33,0,0,0,0,0,0,0
a_5553,2023,girls,group:distance,tri-valley,27,3,3,0,0,3,0,0
a_5553,2023,girls,group:distance,bay-shore,31,0,0,0,0,0,0,0
a_5553,2023,girls,group:distance,redwood-empire,37,0,0,0,0,0,0,0
a_5553,2023,girls,group:distance,class-a,21,2,2,0,0,2,0,0
a_5553,2023,girls,group:jumps,tri-valley,55,19,3,0,0,3,0,16
a_5553,2023,girls,group:jumps,bay-shore,44,6,3,0,3,0,0,6
a_5553,2023,girls,group:jumps,redwood-empire,57,16,4,0,1,3,0,13
a_5553,2023,girls,group:jumps,class-a,36,0,0,0,0,0,0,0
a_5553,2023,girls,group:throws,tri-valley,29,12,12,0,0,12,2,3
a_5553,2023,girls,group:throws,bay-shore,37,0,0,0,0,0,0,0
a_5553,2023,girls,group:throws,redwood-empire,35,11,11,0,0,11,0,2
a_5553,2023,girls,group:throws,class-a,37,5,5,0,0,5,0,0
a_5553,2023,girls,group:relays,tri-valley,13,4,1,0,0,1,1,4
a_5553,2023,girls,group:relays,bay-shore,15,1,0,0,0,0,0,1
a_5553,2023,girls,group:relays,redwood-empire,33,9,1,0,0,1,0,8
a_5553,2023,girls,group:relays,class-a,23,0,0,0,0,0,0,0
a_5553,2023,girls,all,tri-valley,184,50,26,0,0,26,3,30
a_5553,2023,girls,all,bay-shore,225,12,3,0,3,0,0,12
a_5553,2023,girls,all,redwood-empire,274,53,23,0,1,22,0,34
a_5553,2023,girls,all,class-a,204,7,7,0,0,7,0,0
a_5553,2023,boys,100,tri-valley,10,9,9,0,0,0,9,9
a_5553,2023,boys,100,bay-shore,15,2,2,0,0,0,2,2
a_5553,2023,boys,100,redwood-empire,22,1,0,0,0,0,0,1
a_5553,2023,boys,100,class-a,13,0,0,0,0,0,0,0
a_5553,2023,boys,110H,tri-valley,15,0,0,0,0,0,0,0
a_5553,2023,boys,110H,bay-shore,14,0,0,0,0,0,0,0
a_5553,2023,boys,110H,redwood-empire,21,0,0,0,0,0,0,0
a_5553,2023,boys,110H,class-a,12,0,0,0,0,0,0,0
a_5553,2023,boys,1600,tri-valley,7,3,0,0,0,0,0,3
a_5553,2023,boys,1600,bay-shore,19,4,0,0,0,0,0,4
a_5553,2023,boys,1600,redwood-empire,20,3,0,0,0,0,0,3
a_5553,2023,boys,1600,class-a,14,0,0,0,0,0,0,0
a_5553,2023,boys,200,tri-valley,9,5,0,0,0,0,0,5
a_5553,2023,boys,200,bay-shore,16,1,0,0,0,0,0,1
a_5553,2023,boys,200,redwood-empire,22,2,0,0,0,0,0,2
a_5553,2023,boys,200,class-a,13,0,0,0,0,0,0,0
a_5553,2023,boys,300H,tri-valley,15,5,5,0,0,5,0,2
a_5553,2023,boys,300H,bay-shore,15,0,0,0,0,0,0,0
a_5553,2023,boys,300H,redwood-empire,17,3,3,0,0,3,0,0
a_5553,2023,boys,300H,class-a,14,1,1,0,0,1,0,0
a_5553,2023,boys,3200,tri-valley,13,0,0,0,0,0,0,0
a_5553,2023,boys,3200,bay-shore,16,0,0,0,0,0,0,0
a_5553,2023,boys,3200,redwood-empire,20,0,0,0,0,0,0,0
a_5553,2023,boys,3200,class-a,17,0,0,0,0,0,0,0
a_5553,2023,boys,400,tri-valley,14,11,1,0,0,0,1,11
a_5553,2023,boys,400,bay-shore,17,7,0,0,0,0,0,7
a_5553,2023,boys,400,redwood-empire,21,5,0,0,0,0,0,5
a_5553,2023,boys,400,class-a,14,0,0,0,0,0,0,0
a_5553,2023,boys,4x100,tri-valley,11,9,7,0,0,7,4,9
a_5553,2023,boys,4x100,bay-shore,9,5,0,0,0,0,0,5
a_5553,2023,boys,4x100,redwood-empire,15,8,3,0,0,3,0,8
a_5553,2023,boys,4x100,class-a,5,0,0,0,0,0,0,0
a_5553,2023,boys,4x400,tri-valley,9,1,0,0,0,0,0,1
a_5553,2023,boys,4x400,bay-shore,13,0,0,0,0,0,0,0
a_5553,2023,boys,4x400,redwood-empire,16,1,0,0,0,0,0,1
a_5553,2023,boys,4x400,class-a,11,0,0,0,0,0,0,0
a_5553,2023,boys,800,tri-valley,12,4,4,0,0,3,4,0
a_5553,2023,boys,800,bay-shore,16,2,2,0,0,0,2,0
a_5553,2023,boys,800,redwood-empire,22,0,0,0,0,0,0,0
a_5553,2023,boys,800,class-a,13,0,0,0,0,0,0,0
a_5553,2023,boys,DT,tri-valley,15,0,0,0,0,0,0,0
a_5553,2023,boys,DT,bay-shore,17,0,0,0,0,0,0,0
a_5553,2023,boys,DT,redwood-empire,13,0,0,0,0,0,0,0
a_5553,2023,boys,DT,class-a,18,0,0,0,0,0,0,0
a_5553,2023,boys,HJ,tri-valley,10,0,0,0,0,0,0,0
a_5553,2023,boys,HJ,bay-shore,17,0,0,0,0,0,0,0
a_5553,2023,boys,HJ,redwood-empire,7,0,0,0,0,0,0,0
a_5553,2023,boys,HJ,class-a,10,0,0,0,0,0,0,0
a_5553,2023,boys,LJ,tri-valley,16,0,0,0,0,0,0,0
a_5553,2023,boys,LJ,bay-shore,13,0,0,0,0,0,0,0
a_5553,2023,boys,LJ,redwood-empire,18,0,0,0,0,0,0,0
a_5553,2023,boys,LJ,class-a,10,0,0,0,0,0,0,0
a_5553,2023,boys,PV,tri-valley,10,10,0,0,0,0,0,10
a_5553,2023,boys,PV,bay-shore,9,4,0,0,0,0,0,4
a_5553,2023,boys,PV,redwood-empire,9,9,0,0,0,0,0,9
a_5553,2023,boys,PV,class-a,2,0,0,0,0,0,0,0
a_5553,2023,boys,SP,tri-valley,14,1,0,0,0,0,0,1
a_5553,2023,boys,SP,bay-shore,13,2,0,0,0,0,0,2
a_5553,2023,boys,SP,redwood-empire,17,3,0,0,0,0,0,3
a_5553,2023,boys,SP,class-a,15,0,0,0,0,0,0,0
a_5553,2023,boys,TJ,tri-valley,17,0,0,0,0,0,0,0
a_5553,2023,boys,TJ,bay-shore,15,0,0,0,0,0,0,0
a_5553,2023,boys,TJ,redwood-empire,18,0,0,0,0,0,0,0
a_5553,2023,boys,TJ,class-a,14,0,0,0,0,0,0,0
a_5553,2023,boys,group:sprints_hurdles,tri-valley,49,19,14,0,0,5,9,16
a_5553,2023,boys,group:sprints_hurdles,bay-shore,60,3,2,0,0,0,2,3
a_5553,2023,boys,group:sprints_hurdles,redwood-empire,82,6,3,0,0,3,0,3
a_5553,2023,boys,group:sprints_hurdles,class-a,52,1,1,0,0,1,0,0
a_5553,2023,boys,group:400_800,tri-valley,26,15,5,0,0,3,5,11
a_5553,2023,boys,group:400_800,bay-shore,33,9,2,0,0,0,2,7
a_5553,2023,boys,group:400_800,redwood-empire,43,5,0,0,0,0,0,5
a_5553,2023,boys,group:400_800,class-a,27,0,0,0,0,0,0,0
a_5553,2023,boys,group:distance,tri-valley,20,3,0,0,0,0,0,3
a_5553,2023,boys,group:distance,bay-shore,35,4,0,0,0,0,0,4
a_5553,2023,boys,group:distance,redwood-empire,40,3,0,0,0,0,0,3
a_5553,2023,boys,group:distance,class-a,31,0,0,0,0,0,0,0
a_5553,2023,boys,group:jumps,tri-valley,53,10,0,0,0,0,0,10
a_5553,2023,boys,group:jumps,bay-shore,54,4,0,0,0,0,0,4
a_5553,2023,boys,group:jumps,redwood-empire,52,9,0,0,0,0,0,9
a_5553,2023,boys,group:jumps,class-a,36,0,0,0,0,0,0,0
a_5553,2023,boys,group:throws,tri-valley,29,1,0,0,0,0,0,1
a_5553,2023,boys,group:throws,bay-shore,30,2,0,0,0,0,0,2
a_5553,2023,boys,group:throws,redwood-empire,30,3,0,0,0,0,0,3
a_5553,2023,boys,group:throws,class-a,33,0,0,0,0,0,0,0
a_5553,2023,boys,group:relays,tri-valley,20,10,7,0,0,7,4,10
a_5553,2023,boys,group:relays,bay-shore,22,5,0,0,0,0,0,5
a_5553,2023,boys,group:relays,redwood-empire,31,9,3,0,0,3,0,9
a_5553,2023,boys,group:relays,class-a,16,0,0,0,0,0,0,0
a_5553,2023,boys,all,tri-valley,197,58,26,0,0,15,18,51
a_5553,2023,boys,all,bay-shore,234,27,4,0,0,0,4,25
a_5553,2023,boys,all,redwood-empire,278,35,6,0,0,6,0,32
a_5553,2023,boys,all,class-a,195,1,1,0,0,1,0,0
a_5553,2023,all,100,tri-valley,22,9,9,0,0,0,9,9
a_5553,2023,all,100,bay-shore,32,2,2,0,0,0,2,2
a_5553,2023,all,100,redwood-empire,44,3,0,0,0,0,0,3
a_5553,2023,all,100,class-a,27,0,0,0,0,0,0,0
a_5553,2023,all,100H,tri-valley,10,4,4,0,0,4,0,1
a_5553,2023,all,100H,bay-shore,17,0,0,0,0,0,0,0
a_5553,2023,all,100H,redwood-empire,15,6,6,0,0,6,0,1
a_5553,2023,all,100H,class-a,14,0,0,0,0,0,0,0
a_5553,2023,all,110H,tri-valley,15,0,0,0,0,0,0,0
a_5553,2023,all,110H,bay-shore,14,0,0,0,0,0,0,0
a_5553,2023,all,110H,redwood-empire,21,0,0,0,0,0,0,0
a_5553,2023,all,110H,class-a,12,0,0,0,0,0,0,0
a_5553,2023,all,1600,tri-valley,20,5,2,0,0,2,0,3
a_5553,2023,all,1600,bay-shore,35,4,0,0,0,0,0,4
a_5553,2023,all,1600,redwood-empire,38,3,0,0,0,0,0,3
a_5553,2023,all,1600,class-a,26,1,1,0,0,1,0,0
a_5553,2023,all,200,tri-valley,18,6,1,0,0,1,0,5
a_5553,2023,all,200,bay-shore,32,1,0,0,0,0,0,1
a_5553,2023,all,200,redwood-empire,40,3,1,0,0,1,0,2
a_5553,2023,all,200,class-a,26,0,0,0,0,0,0,0
a_5553,2023,all,300H,tri-valley,27,10,6,0,0,6,0,7
a_5553,2023,all,300H,bay-shore,31,5,0,0,0,0,0,5
a_5553,2023,all,300H,redwood-empire,33,11,3,0,0,3,0,8
a_5553,2023,all,300H,class-a,27,1,1,0,0,1,0,0
a_5553,2023,all,3200,tri-valley,27,1,1,0,0,1,0,0
a_5553,2023,all,3200,bay-shore,31,0,0,0,0,0,0,0
a_5553,2023,all,3200,redwood-empire,39,0,0,0,0,0,0,0
a_5553,2023,all,3200,class-a,26,1,1,0,0,1,0,0
a_5553,2023,all,400,tri-valley,22,12,1,0,0,0,1,12
a_5553,2023,all,400,bay-shore,31,7,0,0,0,0,0,7
a_5553,2023,all,400,redwood-empire,40,5,0,0,0,0,0,5
a_5553,2023,all,400,class-a,31,0,0,0,0,0,0,0
a_5553,2023,all,4x100,tri-valley,18,12,7,0,0,7,4,12
a_5553,2023,all,4x100,bay-shore,18,6,0,0,0,0,0,6
a_5553,2023,all,4x100,redwood-empire,32,16,3,0,0,3,0,16
a_5553,2023,all,4x100,class-a,18,0,0,0,0,0,0,0
a_5553,2023,all,4x400,tri-valley,15,2,1,0,0,1,1,2
a_5553,2023,all,4x400,bay-shore,19,0,0,0,0,0,0,0
a_5553,2023,all,4x400,redwood-empire,32,2,1,0,0,1,0,1
a_5553,2023,all,4x400,class-a,21,0,0,0,0,0,0,0
a_5553,2023,all,800,tri-valley,21,5,5,0,0,4,4,0
a_5553,2023,all,800,bay-shore,34,2,2,0,0,0,2,0
a_5553,2023,all,800,redwood-empire,44,0,0,0,0,0,0,0
a_5553,2023,all,800,class-a,29,0,0,0,0,0,0,0
a_5553,2023,all,DT,tri-valley,27,4,4,0,0,4,2,3
a_5553,2023,all,DT,bay-shore,36,0,0,0,0,0,0,0
a_5553,2023,all,DT,redwood-empire,33,5,5,0,0,5,0,2
a_5553,2023,all,DT,class-a,35,0,0,0,0,0,0,0
a_5553,2023,all,HJ,tri-valley,19,3,3,0,0,3,0,0
a_5553,2023,all,HJ,bay-shore,25,0,0,0,0,0,0,0
a_5553,2023,all,HJ,redwood-empire,16,3,3,0,0,3,0,0
a_5553,2023,all,HJ,class-a,20,0,0,0,0,0,0,0
a_5553,2023,all,LJ,tri-valley,32,0,0,0,0,0,0,0
a_5553,2023,all,LJ,bay-shore,26,0,0,0,0,0,0,0
a_5553,2023,all,LJ,redwood-empire,33,0,0,0,0,0,0,0
a_5553,2023,all,LJ,class-a,23,0,0,0,0,0,0,0
a_5553,2023,all,PV,tri-valley,26,26,0,0,0,0,0,26
a_5553,2023,all,PV,bay-shore,21,10,3,0,3,0,0,10
a_5553,2023,all,PV,redwood-empire,22,22,1,0,1,0,0,22
a_5553,2023,all,PV,class-a,5,0,0,0,0,0,0,0
a_5553,2023,all,SP,tri-valley,31,9,8,0,0,8,0,1
a_5553,2023,all,SP,bay-shore,31,2,0,0,0,0,0,2
a_5553,2023,all,SP,redwood-empire,32,9,6,0,0,6,0,3
a_5553,2023,all,SP,class-a,35,5,5,0,0,5,0,0
a_5553,2023,all,TJ,tri-valley,31,0,0,0,0,0,0,0
a_5553,2023,all,TJ,bay-shore,26,0,0,0,0,0,0,0
a_5553,2023,all,TJ,redwood-empire,38,0,0,0,0,0,0,0
a_5553,2023,all,TJ,class-a,24,0,0,0,0,0,0,0
a_5553,2023,all,group:sprints_hurdles,tri-valley,92,29,20,0,0,11,9,22
a_5553,2023,all,group:sprints_hurdles,bay-shore,126,8,2,0,0,0,2,8
a_5553,2023,all,group:sprints_hurdles,redwood-empire,153,23,10,0,0,10,0,14
a_5553,2023,all,group:sprints_hurdles,class-a,106,1,1,0,0,1,0,0
a_5553,2023,all,group:400_800,tri-valley,43,17,6,0,0,4,5,12
a_5553,2023,all,group:400_800,bay-shore,65,9,2,0,0,0,2,7
a_5553,2023,all,group:400_800,redwood-empire,84,5,0,0,0,0,0,5
a_5553,2023,all,group:400_800,class-a,60,0,0,0,0,0,0,0
a_5553,2023,all,group:distance,tri-valley,47,6,3,0,0,3,0,3
a_5553,2023,all,group:distance,bay-shore,66,4,0,0,0,0,0,4
a_5553,2023,all,group:distance,redwood-empire,77,3,0,0,0,0,0,3
a_5553,2023,all,group:distance,class-a,52,2,2,0,0,2,0,0
a_5553,2023,all,group:jumps,tri-valley,108,29,3,0,0,3,0,26
a_5553,2023,all,group:jumps,bay-shore,98,10,3,0,3,0,0,10
a_5553,2023,all,group:jumps,redwood-empire,109,25,4,0,1,3,0,22
a_5553,2023,all,group:jumps,class-a,72,0,0,0,0,0,0,0
a_5553,2023,all,group:throws,tri-valley,58,13,12,0,0,12,2,4
a_5553,2023,all,group:throws,bay-shore,67,2,0,0,0,0,0,2
a_5553,2023,all,group:throws,redwood-empire,65,14,11,0,0,11,0,5
a_5553,2023,all,group:throws,class-a,70,5,5,0,0,5,0,0
a_5553,2023,all,group:relays,tri-valley,33,14,8,0,0,8,5,14
a_5553,2023,all,group:relays,bay-shore,37,6,0,0,0,0,0,6
a_5553,2023,all,group:relays,redwood-empire,64,18,4,0,0,4,0,17
a_5553,2023,all,group:relays,class-a,39,0,0,0,0,0,0,0
a_5553,2023,all,all,tri-valley,381,108,52,0,0,41,21,81
a_5553,2023,all,all,bay-shore,459,39,7,0,3,0,4,37
a_5553,2023,all,all,redwood-empire,552,88,29,0,1,28,0,66
a_5553,2023,all,all,class-a,399,8,8,0,0,8,0,0
a_5553,2024,girls,100,tri-valley,13,8,8,0,0,0,8,0
a_5553,2024,girls,100,bay-shore,16,5,5,0,0,0,5,0
a_5553,2024,girls,100,redwood-empire,14,0,0,0,0,0,0,0
a_5553,2024,girls,100,class-a,17,4,4,0,0,0,4,0
a_5553,2024,girls,100H,tri-valley,15,2,2,0,0,0,2,0
a_5553,2024,girls,100H,bay-shore,20,0,0,0,0,0,0,0
a_5553,2024,girls,100H,redwood-empire,19,0,0,0,0,0,0,0
a_5553,2024,girls,100H,class-a,11,0,0,0,0,0,0,0
a_5553,2024,girls,1600,tri-valley,9,0,0,0,0,0,0,0
a_5553,2024,girls,1600,bay-shore,15,0,0,0,0,0,0,0
a_5553,2024,girls,1600,redwood-empire,16,0,0,0,0,0,0,0
a_5553,2024,girls,1600,class-a,10,0,0,0,0,0,0,0
a_5553,2024,girls,200,tri-valley,15,0,0,0,0,0,0,0
a_5553,2024,girls,200,bay-shore,16,0,0,0,0,0,0,0
a_5553,2024,girls,200,redwood-empire,16,0,0,0,0,0,0,0
a_5553,2024,girls,200,class-a,13,0,0,0,0,0,0,0
a_5553,2024,girls,300H,tri-valley,13,0,0,0,0,0,0,0
a_5553,2024,girls,300H,bay-shore,19,0,0,0,0,0,0,0
a_5553,2024,girls,300H,redwood-empire,17,0,0,0,0,0,0,0
a_5553,2024,girls,300H,class-a,12,0,0,0,0,0,0,0
a_5553,2024,girls,3200,tri-valley,12,0,0,0,0,0,0,0
a_5553,2024,girls,3200,bay-shore,14,0,0,0,0,0,0,0
a_5553,2024,girls,3200,redwood-empire,16,0,0,0,0,0,0,0
a_5553,2024,girls,3200,class-a,15,0,0,0,0,0,0,0
a_5553,2024,girls,400,tri-valley,10,0,0,0,0,0,0,0
a_5553,2024,girls,400,bay-shore,18,0,0,0,0,0,0,0
a_5553,2024,girls,400,redwood-empire,17,0,0,0,0,0,0,0
a_5553,2024,girls,400,class-a,16,0,0,0,0,0,0,0
a_5553,2024,girls,4x100,tri-valley,8,1,1,0,0,0,1,0
a_5553,2024,girls,4x100,bay-shore,15,2,2,0,0,0,2,2
a_5553,2024,girls,4x100,redwood-empire,16,0,0,0,0,0,0,0
a_5553,2024,girls,4x100,class-a,12,2,2,0,0,0,2,0
a_5553,2024,girls,4x400,tri-valley,6,1,1,0,0,1,1,1
a_5553,2024,girls,4x400,bay-shore,8,0,0,0,0,0,0,0
a_5553,2024,girls,4x400,redwood-empire,12,0,0,0,0,0,0,0
a_5553,2024,girls,4x400,class-a,7,0,0,0,0,0,0,0
a_5553,2024,girls,800,tri-valley,9,3,2,0,0,2,0,3
a_5553,2024,girls,800,bay-shore,15,0,0,0,0,0,0,0
a_5553,2024,girls,800,redwood-empire,19,3,2,0,0,2,0,3
a_5553,2024,girls,800,class-a,12,0,0,0,0,0,0,0
a_5553,2024,girls,DT,tri-valley,14,0,0,0,0,0,0,0
a_5553,2024,girls,DT,bay-shore,15,0,0,0,0,0,0,0
a_5553,2024,girls,DT,redwood-empire,17,0,0,0,0,0,0,0
a_5553,2024,girls,DT,class-a,12,0,0,0,0,0,0,0
a_5553,2024,girls,HJ,tri-valley,10,0,0,0,0,0,0,0
a_5553,2024,girls,HJ,bay-shore,15,0,0,0,0,0,0,0
a_5553,2024,girls,HJ,redwood-empire,3,0,0,0,0,0,0,0
a_5553,2024,girls,HJ,class-a,10,0,0,0,0,0,0,0
a_5553,2024,girls,LJ,tri-valley,16,4,4,0,0,0,4,2
a_5553,2024,girls,LJ,bay-shore,12,7,7,0,0,0,7,2
a_5553,2024,girls,LJ,redwood-empire,15,0,0,0,0,0,0,0
a_5553,2024,girls,LJ,class-a,13,0,0,0,0,0,0,0
a_5553,2024,girls,PV,tri-valley,12,12,5,0,0,0,5,12
a_5553,2024,girls,PV,bay-shore,11,10,2,0,0,0,2,10
a_5553,2024,girls,PV,redwood-empire,8,8,0,0,0,0,0,8
a_5553,2024,girls,PV,class-a,3,0,0,0,0,0,0,0
a_5553,2024,girls,SP,tri-valley,16,0,0,0,0,0,0,0
a_5553,2024,girls,SP,bay-shore,16,0,0,0,0,0,0,0
a_5553,2024,girls,SP,redwood-empire,14,1,1,0,0,1,0,0
a_5553,2024,girls,SP,class-a,12,0,0,0,0,0,0,0
a_5553,2024,girls,TJ,tri-valley,17,0,0,0,0,0,0,0
a_5553,2024,girls,TJ,bay-shore,16,0,0,0,0,0,0,0
a_5553,2024,girls,TJ,redwood-empire,15,0,0,0,0,0,0,0
a_5553,2024,girls,TJ,class-a,13,0,0,0,0,0,0,0
a_5553,2024,girls,group:sprints_hurdles,tri-valley,56,10,10,0,0,0,10,0
a_5553,2024,girls,group:sprints_hurdles,bay-shore,71,5,5,0,0,0,5,0
a_5553,2024,girls,group:sprints_hurdles,redwood-empire,66,0,0,0,0,0,0,0
a_5553,2024,girls,group:sprints_hurdles,class-a,53,4,4,0,0,0,4,0
a_5553,2024,girls,group:400_800,tri-valley,19,3,2,0,0,2,0,3
a_5553,2024,girls,group:400_800,bay-shore,33,0,0,0,0,0,0,0
a_5553,2024,girls,group:400_800,redwood-empire,36,3,2,0,0,2,0,3
a_5553,2024,girls,group:400_800,class-a,28,0,0,0,0,0,0,0
a_5553,2024,girls,group:distance,tri-valley,21,0,0,0,0,0,0,0
a_5553,2024,girls,group:distance,bay-shore,29,0,0,0,0,0,0,0
a_5553,2024,girls,group:distance,redwood-empire,32,0,0,0,0,0,0,0
a_5553,2024,girls,group:distance,class-a,25,0,0,0,0,0,0,0
a_5553,2024,girls,group:jumps,tri-valley,55,16,9,0,0,0,9,14
a_5553,2024,girls,group:jumps,bay-shore,54,17,9,0,0,0,9,12
a_5553,2024,girls,group:jumps,redwood-empire,41,8,0,0,0,0,0,8
a_5553,2024,girls,group:jumps,class-a,39,0,0,0,0,0,0,0
a_5553,2024,girls,group:throws,tri-valley,30,0,0,0,0,0,0,0
a_5553,2024,girls,group:throws,bay-shore,31,0,0,0,0,0,0,0
a_5553,2024,girls,group:throws,redwood-empire,31,1,1,0,0,1,0,0
a_5553,2024,girls,group:throws,class-a,24,0,0,0,0,0,0,0
a_5553,2024,girls,group:relays,tri-valley,14,2,2,0,0,1,2,1
a_5553,2024,girls,group:relays,bay-shore,23,2,2,0,0,0,2,2
a_5553,2024,girls,group:relays,redwood-empire,28,0,0,0,0,0,0,0
a_5553,2024,girls,group:relays,class-a,19,2,2,0,0,0,2,0
a_5553,2024,girls,all,tri-valley,195,31,23,0,0,3,21,18
a_5553,2024,girls,all,bay-shore,241,24,16,0,0,0,16,14
a_5553,2024,girls,all,redwood-empire,234,12,3,0,0,3,0,11
a_5553,2024,girls,all,class-a,188,6,6,0,0,0,6,0
a_5553,2024,boys,100,tri-valley,8,5,5,0,0,0,5,0
a_5553,2024,boys,100,bay-shore,11,4,4,0,0,0,4,0
a_5553,2024,boys,100,redwood-empire,17,0,0,0,0,0,0,0
a_5553,2024,boys,100,class-a,17,1,1,0,0,0,1,0
a_5553,2024,boys,110H,tri-valley,14,1,1,0,0,0,1,0
a_5553,2024,boys,110H,bay-shore,17,1,1,0,0,0,1,0
a_5553,2024,boys,110H,redwood-empire,16,0,0,0,0,0,0,0
a_5553,2024,boys,110H,class-a,12,0,0,0,0,0,0,0
a_5553,2024,boys,1600,tri-valley,11,4,0,0,0,0,0,4
a_5553,2024,boys,1600,bay-shore,16,1,0,0,0,0,0,1
a_5553,2024,boys,1600,redwood-empire,16,1,0,0,0,0,0,1
a_5553,2024,boys,1600,class-a,16,0,0,0,0,0,0,0
a_5553,2024,boys,200,tri-valley,13,0,0,0,0,0,0,0
a_5553,2024,boys,200,bay-shore,14,0,0,0,0,0,0,0
a_5553,2024,boys,200,redwood-empire,11,4,4,0,0,4,0,0
a_5553,2024,boys,200,class-a,16,0,0,0,0,0,0,0
a_5553,2024,boys,300H,tri-valley,11,2,0,0,0,0,0,2
a_5553,2024,boys,300H,bay-shore,14,1,0,0,0,0,0,1
a_5553,2024,boys,300H,redwood-empire,12,0,0,0,0,0,0,0
a_5553,2024,boys,300H,class-a,13,0,0,0,0,0,0,0
a_5553,2024,boys,3200,tri-valley,14,0,0,0,0,0,0,0
a_5553,2024,boys,3200,bay-shore,17,0,0,0,0,0,0,0
a_5553,2024,boys,3200,redwood-empire,19,1,0,0,0,0,0,1
a_5553,2024,boys,3200,class-a,24,0,0,0,0,0,0,0
a_5553,2024,boys,400,tri-valley,11,2,2,0,0,0,2,1
a_5553,2024,boys,400,bay-shore,14,3,3,0,0,0,3,3
a_5553,2024,boys,400,redwood-empire,17,0,0,0,0,0,0,0
a_5553,2024,boys,400,class-a,17,0,0,0,0,0,0,0
a_5553,2024,boys,4x100,tri-valley,10,7,0,0,0,0,0,7
a_5553,2024,boys,4x100,bay-shore,11,6,0,0,0,0,0,6
a_5553,2024,boys,4x100,redwood-empire,14,5,0,0,0,0,0,5
a_5553,2024,boys,4x100,class-a,9,0,0,0,0,0,0,0
a_5553,2024,boys,4x400,tri-valley,10,1,0,0,0,0,0,1
a_5553,2024,boys,4x400,bay-shore,8,1,0,0,0,0,0,1
a_5553,2024,boys,4x400,redwood-empire,15,0,0,0,0,0,0,0
a_5553,2024,boys,4x400,class-a,10,0,0,0,0,0,0,0
a_5553,2024,boys,800,tri-valley,10,0,0,0,0,0,0,0
a_5553,2024,boys,800,bay-shore,16,0,0,0,0,0,0,0
a_5553,2024,boys,800,redwood-empire,13,0,0,0,0,0,0,0
a_5553,2024,boys,800,class-a,14,0,0,0,0,0,0,0
a_5553,2024,boys,DT,tri-valley,13,5,2,0,0,2,0,5
a_5553,2024,boys,DT,bay-shore,19,3,0,0,0,0,0,3
a_5553,2024,boys,DT,redwood-empire,17,4,1,0,0,1,0,4
a_5553,2024,boys,DT,class-a,14,0,0,0,0,0,0,0
a_5553,2024,boys,HJ,tri-valley,8,0,0,0,0,0,0,0
a_5553,2024,boys,HJ,bay-shore,11,0,0,0,0,0,0,0
a_5553,2024,boys,HJ,redwood-empire,4,0,0,0,0,0,0,0
a_5553,2024,boys,HJ,class-a,12,0,0,0,0,0,0,0
a_5553,2024,boys,LJ,tri-valley,14,0,0,0,0,0,0,0
a_5553,2024,boys,LJ,bay-shore,10,0,0,0,0,0,0,0
a_5553,2024,boys,LJ,redwood-empire,15,0,0,0,0,0,0,0
a_5553,2024,boys,LJ,class-a,14,0,0,0,0,0,0,0
a_5553,2024,boys,PV,tri-valley,8,8,0,0,0,0,0,8
a_5553,2024,boys,PV,bay-shore,9,1,0,0,0,0,0,1
a_5553,2024,boys,PV,redwood-empire,13,12,0,0,0,0,0,12
a_5553,2024,boys,PV,class-a,5,0,0,0,0,0,0,0
a_5553,2024,boys,SP,tri-valley,14,6,0,0,0,0,0,6
a_5553,2024,boys,SP,bay-shore,16,4,0,0,0,0,0,4
a_5553,2024,boys,SP,redwood-empire,13,3,0,0,0,0,0,3
a_5553,2024,boys,SP,class-a,15,0,0,0,0,0,0,0
a_5553,2024,boys,TJ,tri-valley,14,1,0,0,0,0,0,1
a_5553,2024,boys,TJ,bay-shore,13,0,0,0,0,0,0,0
a_5553,2024,boys,TJ,redwood-empire,15,1,0,0,0,0,0,1
a_5553,2024,boys,TJ,class-a,17,0,0,0,0,0,0,0
a_5553,2024,boys,group:sprints_hurdles,tri-valley,46,8,6,0,0,0,6,2
a_5553,2024,boys,group:sprints_hurdles,bay-shore,56,6,5,0,0,0,5,1
a_5553,2024,boys,group:sprints_hurdles,redwood-empire,56,4,4,0,0,4,0,0
a_5553,2024,boys,group:sprints_hurdles,class-a,58,1,1,0,0,0,1,0
a_5553,2024,boys,group:400_800,tri-valley,21,2,2,0,0,0,2,1
a_5553,2024,boys,group:400_800,bay-shore,30,3,3,0,0,0,3,3
a_5553,2024,boys,group:400_800,redwood-empire,30,0,0,0,0,0,0,0
a_5553,2024,boys,group:400_800,class-a,31,0,0,0,0,0,0,0
a_5553,2024,boys,group:distance,tri-valley,25,4,0,0,0,0,0,4
a_5553,2024,boys,group:distance,bay-shore,33,1,0,0,0,0,0,1
a_5553,2024,boys,group:distance,redwood-empire,35,2,0,0,0,0,0,2
a_5553,2024,boys,group:distance,class-a,40,0,0,0,0,0,0,0
a_5553,2024,boys,group:jumps,tri-valley,44,9,0,0,0,0,0,9
a_5553,2024,boys,group:jumps,bay-shore,43,1,0,0,0,0,0,1
a_5553,2024,boys,group:jumps,redwood-empire,47,13,0,0,0,0,0,13
a_5553,2024,boys,group:jumps,class-a,48,0,0,0,0,0,0,0
a_5553,2024,boys,group:throws,tri-valley,27,11,2,0,0,2,0,11
a_5553,2024,boys,group:throws,bay-shore,35,7,0,0,0,0,0,7
a_5553,2024,boys,group:throws,redwood-empire,30,7,1,0,0,1,0,7
a_5553,2024,boys,group:throws,class-a,29,0,0,0,0,0,0,0
a_5553,2024,boys,group:relays,tri-valley,20,8,0,0,0,0,0,8
a_5553,2024,boys,group:relays,bay-shore,19,7,0,0,0,0,0,7
a_5553,2024,boys,group:relays,redwood-empire,29,5,0,0,0,0,0,5
a_5553,2024,boys,group:relays,class-a,19,0,0,0,0,0,0,0
a_5553,2024,boys,all,tri-valley,183,42,10,0,0,2,8,35
a_5553,2024,boys,all,bay-shore,216,25,8,0,0,0,8,20
a_5553,2024,boys,all,redwood-empire,227,31,5,0,0,5,0,27
a_5553,2024,boys,all,class-a,225,1,1,0,0,0,1,0
a_5553,2024,all,100,tri-valley,21,13,13,0,0,0,13,0
a_5553,2024,all,100,bay-shore,27,9,9,0,0,0,9,0
a_5553,2024,all,100,redwood-empire,31,0,0,0,0,0,0,0
a_5553,2024,all,100,class-a,34,5,5,0,0,0,5,0
a_5553,2024,all,100H,tri-valley,15,2,2,0,0,0,2,0
a_5553,2024,all,100H,bay-shore,20,0,0,0,0,0,0,0
a_5553,2024,all,100H,redwood-empire,19,0,0,0,0,0,0,0
a_5553,2024,all,100H,class-a,11,0,0,0,0,0,0,0
a_5553,2024,all,110H,tri-valley,14,1,1,0,0,0,1,0
a_5553,2024,all,110H,bay-shore,17,1,1,0,0,0,1,0
a_5553,2024,all,110H,redwood-empire,16,0,0,0,0,0,0,0
a_5553,2024,all,110H,class-a,12,0,0,0,0,0,0,0
a_5553,2024,all,1600,tri-valley,20,4,0,0,0,0,0,4
a_5553,2024,all,1600,bay-shore,31,1,0,0,0,0,0,1
a_5553,2024,all,1600,redwood-empire,32,1,0,0,0,0,0,1
a_5553,2024,all,1600,class-a,26,0,0,0,0,0,0,0
a_5553,2024,all,200,tri-valley,28,0,0,0,0,0,0,0
a_5553,2024,all,200,bay-shore,30,0,0,0,0,0,0,0
a_5553,2024,all,200,redwood-empire,27,4,4,0,0,4,0,0
a_5553,2024,all,200,class-a,29,0,0,0,0,0,0,0
a_5553,2024,all,300H,tri-valley,24,2,0,0,0,0,0,2
a_5553,2024,all,300H,bay-shore,33,1,0,0,0,0,0,1
a_5553,2024,all,300H,redwood-empire,29,0,0,0,0,0,0,0
a_5553,2024,all,300H,class-a,25,0,0,0,0,0,0,0
a_5553,2024,all,3200,tri-valley,26,0,0,0,0,0,0,0
a_5553,2024,all,3200,bay-shore,31,0,0,0,0,0,0,0
a_5553,2024,all,3200,redwood-empire,35,1,0,0,0,0,0,1
a_5553,2024,all,3200,class-a,39,0,0,0,0,0,0,0
a_5553,2024,all,400,tri-valley,21,2,2,0,0,0,2,1
a_5553,2024,all,400,bay-shore,32,3,3,0,0,0,3,3
a_5553,2024,all,400,redwood-empire,34,0,0,0,0,0,0,0
a_5553,2024,all,400,class-a,33,0,0,0,0,0,0,0
a_5553,2024,all,4x100,tri-valley,18,8,1,0,0,0,1,7
a_5553,2024,all,4x100,bay-shore,26,8,2,0,0,0,2,8
a_5553,2024,all,4x100,redwood-empire,30,5,0,0,0,0,0,5
a_5553,2024,all,4x100,class-a,21,2,2,0,0,0,2,0
a_5553,2024,all,4x400,tri-valley,16,2,1,0,0,1,1,2
a_5553,2024,all,4x400,bay-shore,16,1,0,0,0,0,0,1
a_5553,2024,all,4x400,redwood-empire,27,0,0,0,0,0,0,0
a_5553,2024,all,4x400,class-a,17,0,0,0,0,0,0,0
a_5553,2024,all,800,tri-valley,19,3,2,0,0,2,0,3
a_5553,2024,all,800,bay-shore,31,0,0,0,0,0,0,0
a_5553,2024,all,800,redwood-empire,32,3,2,0,0,2,0,3
a_5553,2024,all,800,class-a,26,0,0,0,0,0,0,0
a_5553,2024,all,DT,tri-valley,27,5,2,0,0,2,0,5
a_5553,2024,all,DT,bay-shore,34,3,0,0,0,0,0,3
a_5553,2024,all,DT,redwood-empire,34,4,1,0,0,1,0,4
a_5553,2024,all,DT,class-a,26,0,0,0,0,0,0,0
a_5553,2024,all,HJ,tri-valley,18,0,0,0,0,0,0,0
a_5553,2024,all,HJ,bay-shore,26,0,0,0,0,0,0,0
a_5553,2024,all,HJ,redwood-empire,7,0,0,0,0,0,0,0
a_5553,2024,all,HJ,class-a,22,0,0,0,0,0,0,0
a_5553,2024,all,LJ,tri-valley,30,4,4,0,0,0,4,2
a_5553,2024,all,LJ,bay-shore,22,7,7,0,0,0,7,2
a_5553,2024,all,LJ,redwood-empire,30,0,0,0,0,0,0,0
a_5553,2024,all,LJ,class-a,27,0,0,0,0,0,0,0
a_5553,2024,all,PV,tri-valley,20,20,5,0,0,0,5,20
a_5553,2024,all,PV,bay-shore,20,11,2,0,0,0,2,11
a_5553,2024,all,PV,redwood-empire,21,20,0,0,0,0,0,20
a_5553,2024,all,PV,class-a,8,0,0,0,0,0,0,0
a_5553,2024,all,SP,tri-valley,30,6,0,0,0,0,0,6
a_5553,2024,all,SP,bay-shore,32,4,0,0,0,0,0,4
a_5553,2024,all,SP,redwood-empire,27,4,1,0,0,1,0,3
a_5553,2024,all,SP,class-a,27,0,0,0,0,0,0,0
a_5553,2024,all,TJ,tri-valley,31,1,0,0,0,0,0,1
a_5553,2024,all,TJ,bay-shore,29,0,0,0,0,0,0,0
a_5553,2024,all,TJ,redwood-empire,30,1,0,0,0,0,0,1
a_5553,2024,all,TJ,class-a,30,0,0,0,0,0,0,0
a_5553,2024,all,group:sprints_hurdles,tri-valley,102,18,16,0,0,0,16,2
a_5553,2024,all,group:sprints_hurdles,bay-shore,127,11,10,0,0,0,10,1
a_5553,2024,all,group:sprints_hurdles,redwood-empire,122,4,4,0,0,4,0,0
a_5553,2024,all,group:sprints_hurdles,class-a,111,5,5,0,0,0,5,0
a_5553,2024,all,group:400_800,tri-valley,40,5,4,0,0,2,2,4
a_5553,2024,all,group:400_800,bay-shore,63,3,3,0,0,0,3,3
a_5553,2024,all,group:400_800,redwood-empire,66,3,2,0,0,2,0,3
a_5553,2024,all,group:400_800,class-a,59,0,0,0,0,0,0,0
a_5553,2024,all,group:distance,tri-valley,46,4,0,0,0,0,0,4
a_5553,2024,all,group:distance,bay-shore,62,1,0,0,0,0,0,1
a_5553,2024,all,group:distance,redwood-empire,67,2,0,0,0,0,0,2
a_5553,2024,all,group:distance,class-a,65,0,0,0,0,0,0,0
a_5553,2024,all,group:jumps,tri-valley,99,25,9,0,0,0,9,23
a_5553,2024,all,group:jumps,bay-shore,97,18,9,0,0,0,9,13
a_5553,2024,all,group:jumps,redwood-empire,88,21,0,0,0,0,0,21
a_5553,2024,all,group:jumps,class-a,87,0,0,0,0,0,0,0
a_5553,2024,all,group:throws,tri-valley,57,11,2,0,0,2,0,11
a_5553,2024,all,group:throws,bay-shore,66,7,0,0,0,0,0,7
a_5553,2024,all,group:throws,redwood-empire,61,8,2,0,0,2,0,7
a_5553,2024,all,group:throws,class-a,53,0,0,0,0,0,0,0
a_5553,2024,all,group:relays,tri-valley,34,10,2,0,0,1,2,9
a_5553,2024,all,group:relays,bay-shore,42,9,2,0,0,0,2,9
a_5553,2024,all,group:relays,redwood-empire,57,5,0,0,0,0,0,5
a_5553,2024,all,group:relays,class-a,38,2,2,0,0,0,2,0
a_5553,2024,all,all,tri-valley,378,73,33,0,0,5,29,53
a_5553,2024,all,all,bay-shore,457,49,24,0,0,0,24,34
a_5553,2024,all,all,redwood-empire,461,43,8,0,0,8,0,38
a_5553,2024,all,all,class-a,413,7,7,0,0,0,7,0
a_5553,2025,girls,100,tri-valley,11,6,3,0,0,0,3,6
a_5553,2025,girls,100,bay-shore,15,4,2,0,0,0,2,4
a_5553,2025,girls,100,redwood-empire,17,1,0,0,0,0,0,1
a_5553,2025,girls,100,class-a,18,0,0,0,0,0,0,0
a_5553,2025,girls,100H,tri-valley,18,0,0,0,0,0,0,0
a_5553,2025,girls,100H,bay-shore,17,0,0,0,0,0,0,0
a_5553,2025,girls,100H,redwood-empire,13,0,0,0,0,0,0,0
a_5553,2025,girls,100H,class-a,10,0,0,0,0,0,0,0
a_5553,2025,girls,1600,tri-valley,13,7,7,0,0,7,0,0
a_5553,2025,girls,1600,bay-shore,14,0,0,0,0,0,0,0
a_5553,2025,girls,1600,redwood-empire,12,1,1,0,0,1,0,0
a_5553,2025,girls,1600,class-a,14,3,3,0,0,3,0,0
a_5553,2025,girls,200,tri-valley,11,4,4,0,0,1,4,0
a_5553,2025,girls,200,bay-shore,14,1,1,0,0,0,1,0
a_5553,2025,girls,200,redwood-empire,15,0,0,0,0,0,0,0
a_5553,2025,girls,200,class-a,14,2,2,0,0,1,2,0
a_5553,2025,girls,300H,tri-valley,14,0,0,0,0,0,0,0
a_5553,2025,girls,300H,bay-shore,14,0,0,0,0,0,0,0
a_5553,2025,girls,300H,redwood-empire,15,0,0,0,0,0,0,0
a_5553,2025,girls,300H,class-a,12,0,0,0,0,0,0,0
a_5553,2025,girls,3200,tri-valley,15,6,0,0,0,0,0,6
a_5553,2025,girls,3200,bay-shore,13,0,0,0,0,0,0,0
a_5553,2025,girls,3200,redwood-empire,16,1,0,0,0,0,0,1
a_5553,2025,girls,3200,class-a,11,0,0,0,0,0,0,0
a_5553,2025,girls,400,tri-valley,12,8,8,0,0,0,8,0
a_5553,2025,girls,400,bay-shore,19,9,9,0,0,0,9,0
a_5553,2025,girls,400,redwood-empire,14,0,0,0,0,0,0,0
a_5553,2025,girls,400,class-a,27,0,0,0,0,0,0,0
a_5553,2025,girls,4x100,tri-valley,9,5,1,0,0,0,1,5
a_5553,2025,girls,4x100,bay-shore,14,0,0,0,0,0,0,0
a_5553,2025,girls,4x100,redwood-empire,14,1,0,0,0,0,0,1
a_5553,2025,girls,4x100,class-a,13,0,0,0,0,0,0,0
a_5553,2025,girls,4x400,tri-valley,8,3,3,0,0,3,1,0
a_5553,2025,girls,4x400,bay-shore,8,0,0,0,0,0,0,0
a_5553,2025,girls,4x400,redwood-empire,15,3,3,0,0,3,0,0
a_5553,2025,girls,4x400,class-a,8,0,0,0,0,0,0,0
a_5553,2025,girls,800,tri-valley,15,2,2,0,0,2,0,0
a_5553,2025,girls,800,bay-shore,17,0,0,0,0,0,0,0
a_5553,2025,girls,800,redwood-empire,17,3,3,0,0,3,0,0
a_5553,2025,girls,800,class-a,9,1,1,0,0,1,0,0
a_5553,2025,girls,DT,tri-valley,16,7,7,0,0,7,0,0
a_5553,2025,girls,DT,bay-shore,16,0,0,0,0,0,0,0
a_5553,2025,girls,DT,redwood-empire,13,3,3,0,0,3,0,0
a_5553,2025,girls,DT,class-a,15,0,0,0,0,0,0,0
a_5553,2025,girls,HJ,tri-valley,10,0,0,0,0,0,0,0
a_5553,2025,girls,HJ,bay-shore,7,0,0,0,0,0,0,0
a_5553,2025,girls,HJ,redwood-empire,5,0,0,0,0,0,0,0
a_5553,2025,girls,HJ,class-a,11,0,0,0,0,0,0,0
a_5553,2025,girls,LJ,tri-valley,12,4,3,0,0,0,3,4
a_5553,2025,girls,LJ,bay-shore,13,1,0,0,0,0,0,1
a_5553,2025,girls,LJ,redwood-empire,17,0,0,0,0,0,0,0
a_5553,2025,girls,LJ,class-a,16,0,0,0,0,0,0,0
a_5553,2025,girls,PV,tri-valley,8,0,0,0,0,0,0,0
a_5553,2025,girls,PV,bay-shore,3,0,0,0,0,0,0,0
a_5553,2025,girls,PV,redwood-empire,6,0,0,0,0,0,0,0
a_5553,2025,girls,PV,class-a,5,0,0,0,0,0,0,0
a_5553,2025,girls,SP,tri-valley,14,11,11,0,0,11,0,0
a_5553,2025,girls,SP,bay-shore,16,0,0,0,0,0,0,0
a_5553,2025,girls,SP,redwood-empire,15,8,8,0,0,8,0,0
a_5553,2025,girls,SP,class-a,14,1,1,0,0,1,0,0
a_5553,2025,girls,TJ,tri-valley,15,2,0,0,0,0,0,2
a_5553,2025,girls,TJ,bay-shore,14,5,0,0,0,0,0,5
a_5553,2025,girls,TJ,redwood-empire,16,4,0,0,0,0,0,4
a_5553,2025,girls,TJ,class-a,9,0,0,0,0,0,0,0
a_5553,2025,girls,group:sprints_hurdles,tri-valley,54,10,7,0,0,1,7,6
a_5553,2025,girls,group:sprints_hurdles,bay-shore,60,5,3,0,0,0,3,4
a_5553,2025,girls,group:sprints_hurdles,redwood-empire,60,1,0,0,0,0,0,1
a_5553,2025,girls,group:sprints_hurdles,class-a,54,2,2,0,0,1,2,0
a_5553,2025,girls,group:400_800,tri-valley,27,10,10,0,0,2,8,0
a_5553,2025,girls,group:400_800,bay-shore,36,9,9,0,0,0,9,0
a_5553,2025,girls,group:400_800,redwood-empire,31,3,3,0,0,3,0,0
a_5553,2025,girls,group:400_800,class-a,36,1,1,0,0,1,0,0
a_5553,2025,girls,group:distance,tri-valley,28,13,7,0,0,7,0,6
a_5553,2025,girls,group:distance,bay-shore,27,0,0,0,0,0,0,0
a_5553,2025,girls,group:distance,redwood-empire,28,2,1,0,0,1,0,1
a_5553,2025,girls,group:distance,class-a,25,3,3,0,0,3,0,0
a_5553,2025,girls,group:jumps,tri-valley,45,6,3,0,0,0,3,6
a_5553,2025,girls,group:jumps,bay-shore,37,6,0,0,0,0,0,6
a_5553,2025,girls,group:jumps,redwood-empire,44,4,0,0,0,0,0,4
a_5553,2025,girls,group:jumps,class-a,41,0,0,0,0,0,0,0
a_5553,2025,girls,group:throws,tri-valley,30,18,18,0,0,18,0,0
a_5553,2025,girls,group:throws,bay-shore,32,0,0,0,0,0,0,0
a_5553,2025,girls,group:throws,redwood-empire,28,11,11,0,0,11,0,0
a_5553,2025,girls,group:throws,class-a,29,1,1,0,0,1,0,0
a_5553,2025,girls,group:relays,tri-valley,17,8,4,0,0,3,2,5
a_5553,2025,girls,group:relays,bay-shore,22,0,0,0,0,0,0,0
a_5553,2025,girls,group:relays,redwood-empire,29,4,3,0,0,3,0,1
a_5553,2025,girls,group:relays,class-a,21,0,0,0,0,0,0,0
a_5553,2025,girls,all,tri-valley,201,65,49,0,0,31,20,23
a_5553,2025,girls,all,bay-shore,214,20,12,0,0,0,12,10
a_5553,2025,girls,all,redwood-empire,220,25,18,0,0,18,0,7
a_5553,2025,girls,all,class-a,206,7,7,0,0,6,2,0
a_5553,2025,boys,100,tri-valley,11,6,0,0,0,0,0,6
a_5553,2025,boys,100,bay-shore,17,7,0,0,0,0,0,7
a_5553,2025,boys,100,redwood-empire,16,9,0,0,0,0,0,9
a_5553,2025,boys,100,class-a,18,0,0,0,0,0,0,0
a_5553,2025,boys,110H,tri-valley,14,4,1,0,0,0,1,4
a_5553,2025,boys,110H,bay-shore,16,3,1,0,0,0,1,3
a_5553,2025,boys,110H,redwood-empire,16,1,0,0,0,0,0,1
a_5553,2025,boys,110H,class-a,13,0,0,0,0,0,0,0
a_5553,2025,boys,1600,tri-valley,14,3,3,0,0,3,0,3
a_5553,2025,boys,1600,bay-shore,18,0,0,0,0,0,0,0
a_5553,2025,boys,1600,redwood-empire,15,3,3,0,0,3,0,3
a_5553,2025,boys,1600,class-a,15,0,0,0,0,0,0,0
a_5553,2025,boys,200,tri-valley,13,1,0,0,0,0,0,1
a_5553,2025,boys,200,bay-shore,14,2,0,0,0,0,0,2
a_5553,2025,boys,200,redwood-empire,11,0,0,0,0,0,0,0
a_5553,2025,boys,200,class-a,15,0,0,0,0,0,0,0
a_5553,2025,boys,300H,tri-valley,10,7,7,0,0,7,1,3
a_5553,2025,boys,300H,bay-shore,15,0,0,0,0,0,0,0
a_5553,2025,boys,300H,redwood-empire,16,3,3,0,0,3,0,0
a_5553,2025,boys,300H,class-a,12,1,1,0,0,1,0,0
a_5553,2025,boys,3200,tri-valley,11,1,1,0,0,1,0,0
a_5553,2025,boys,3200,bay-shore,13,0,0,0,0,0,0,0
a_5553,2025,boys,3200,redwood-empire,16,1,1,0,0,1,0,0
a_5553,2025,boys,3200,class-a,18,0,0,0,0,0,0,0
a_5553,2025,boys,400,tri-valley,12,6,6,0,0,3,6,1
a_5553,2025,boys,400,bay-shore,17,0,0,0,0,0,0,0
a_5553,2025,boys,400,redwood-empire,16,0,0,0,0,0,0,0
a_5553,2025,boys,400,class-a,22,0,0,0,0,0,0,0
a_5553,2025,boys,4x100,tri-valley,8,4,0,0,0,0,0,4
a_5553,2025,boys,4x100,bay-shore,12,3,0,0,0,0,0,3
a_5553,2025,boys,4x100,redwood-empire,11,6,0,0,0,0,0,6
a_5553,2025,boys,4x100,class-a,14,0,0,0,0,0,0,0
a_5553,2025,boys,4x400,tri-valley,9,3,3,0,0,3,3,3
a_5553,2025,boys,4x400,bay-shore,10,1,0,0,0,0,0,1
a_5553,2025,boys,4x400,redwood-empire,13,0,0,0,0,0,0,0
a_5553,2025,boys,4x400,class-a,13,0,0,0,0,0,0,0
a_5553,2025,boys,800,tri-valley,12,6,0,0,0,0,0,6
a_5553,2025,boys,800,bay-shore,17,4,0,0,0,0,0,4
a_5553,2025,boys,800,redwood-empire,13,6,0,0,0,0,0,6
a_5553,2025,boys,800,class-a,14,0,0,0,0,0,0,0
a_5553,2025,boys,DT,tri-valley,12,8,8,0,0,8,0,8
a_5553,2025,boys,DT,bay-shore,15,0,0,0,0,0,0,0
a_5553,2025,boys,DT,redwood-empire,16,5,2,0,0,2,0,5
a_5553,2025,boys,DT,class-a,17,0,0,0,0,0,0,0
a_5553,2025,boys,HJ,tri-valley,7,0,0,0,0,0,0,0
a_5553,2025,boys,HJ,bay-shore,9,0,0,0,0,0,0,0
a_5553,2025,boys,HJ,redwood-empire,16,0,0,0,0,0,0,0
a_5553,2025,boys,HJ,class-a,11,0,0,0,0,0,0,0
a_5553,2025,boys,LJ,tri-valley,13,9,9,0,0,0,9,1
a_5553,2025,boys,LJ,bay-shore,18,8,8,0,0,0,8,1
a_5553,2025,boys,LJ,redwood-empire,16,0,0,0,0,0,0,0
a_5553,2025,boys,LJ,class-a,14,3,3,0,0,0,3,0
a_5553,2025,boys,PV,tri-valley,13,13,11,0,0,11,0,13
a_5553,2025,boys,PV,bay-shore,3,3,0,0,0,0,0,3
a_5553,2025,boys,PV,redwood-empire,11,11,6,0,0,6,0,11
a_5553,2025,boys,PV,class-a,4,0,0,0,0,0,0,0
a_5553,2025,boys,SP,tri-valley,12,6,0,0,0,0,0,6
a_5553,2025,boys,SP,bay-shore,17,2,0,0,0,0,0,2
a_5553,2025,boys,SP,redwood-empire,17,4,0,0,0,0,0,4
a_5553,2025,boys,SP,class-a,15,0,0,0,0,0,0,0
a_5553,2025,boys,TJ,tri-valley,15,6,6,0,0,0,6,0
a_5553,2025,boys,TJ,bay-shore,13,1,1,0,0,0,1,0
a_5553,2025,boys,TJ,redwood-empire,14,0,0,0,0,0,0,0
a_5553,2025,boys,TJ,class-a,18,2,2,0,0,0,2,0
a_5553,2025,boys,group:sprints_hurdles,tri-valley,48,18,8,0,0,7,2,14
a_5553,2025,boys,group:sprints_hurdles,bay-shore,62,12,1,0,0,0,1,12
a_5553,2025,boys,group:sprints_hurdles,redwood-empire,59,13,3,0,0,3,0,10
a_5553,2025,boys,group:sprints_hurdles,class-a,58,1,1,0,0,1,0,0
a_5553,2025,boys,group:400_800,tri-valley,24,12,6,0,0,3,6,7
a_5553,2025,boys,group:400_800,bay-shore,34,4,0,0,0,0,0,4
a_5553,2025,boys,group:400_800,redwood-empire,29,6,0,0,0,0,0,6
a_5553,2025,boys,group:400_800,class-a,36,0,0,0,0,0,0,0
a_5553,2025,boys,group:distance,tri-valley,25,4,4,0,0,4,0,3
a_5553,2025,boys,group:distance,bay-shore,31,0,0,0,0,0,0,0
a_5553,2025,boys,group:distance,redwood-empire,31,4,4,0,0,4,0,3
a_5553,2025,boys,group:distance,class-a,33,0,0,0,0,0,0,0
a_5553,2025,boys,group:jumps,tri-valley,48,28,26,0,0,11,15,14
a_5553,2025,boys,group:jumps,bay-shore,43,12,9,0,0,0,9,4
a_5553,2025,boys,group:jumps,redwood-empire,57,11,6,0,0,6,0,11
a_5553,2025,boys,group:jumps,class-a,47,5,5,0,0,0,5,0
a_5553,2025,boys,group:throws,tri-valley,24,14,8,0,0,8,0,14
a_5553,2025,boys,group:throws,bay-shore,32,2,0,0,0,0,0,2
a_5553,2025,boys,group:throws,redwood-empire,33,9,2,0,0,2,0,9
a_5553,2025,boys,group:throws,class-a,32,0,0,0,0,0,0,0
a_5553,2025,boys,group:relays,tri-valley,17,7,3,0,0,3,3,7
a_5553,2025,boys,group:relays,bay-shore,22,4,0,0,0,0,0,4
a_5553,2025,boys,group:relays,redwood-empire,24,6,0,0,0,0,0,6
a_5553,2025,boys,group:relays,class-a,27,0,0,0,0,0,0,0
a_5553,2025,boys,all,tri-valley,186,83,55,0,0,36,26,59
a_5553,2025,boys,all,bay-shore,224,34,10,0,0,0,10,26
a_5553,2025,boys,all,redwood-empire,233,49,15,0,0,15,0,45
a_5553,2025,boys,all,class-a,233,6,6,0,0,1,5,0
a_5553,2025,all,100,tri-valley,22,12,3,0,0,0,3,12
a_5553,2025,all,100,bay-shore,32,11,2,0,0,0,2,11
a_5553,2025,all,100,redwood-empire,33,10,0,0,0,0,0,10
a_5553,2025,all,100,class-a,36,0,0,0,0,0,0,0
a_5553,2025,all,100H,tri-valley,18,0,0,0,0,0,0,0
a_5553,2025,all,100H,bay-shore,17,0,0,0,0,0,0,0
a_5553,2025,all,100H,redwood-empire,13,0,0,0,0,0,0,0
a_5553,2025,all,100H,class-a,10,0,0,0,0,0,0,0
a_5553,2025,all,110H,tri-valley,14,4,1,0,0,0,1,4
a_5553,2025,all,110H,bay-shore,16,3,1,0,0,0,1,3
a_5553,2025,all,110H,redwood-empire,16,1,0,0,0,0,0,1
a_5553,2025,all,110H,class-a,13,0,0,0,0,0,0,0
a_5553,2025,all,1600,tri-valley,27,10,10,0,0,10,0,3
a_5553,2025,all,1600,bay-shore,32,0,0,0,0,0,0,0
a_5553,2025,all,1600,redwood-empire,27,4,4,0,0,4,0,3
a_5553,2025,all,1600,class-a,29,3,3,0,0,3,0,0
a_5553,2025,all,200,tri-valley,24,5,4,0,0,1,4,1
a_5553,2025,all,200,bay-shore,28,3,1,0,0,0,1,2
a_5553,2025,all,200,redwood-empire,26,0,0,0,0,0,0,0
a_5553,2025,all,200,class-a,29,2,2,0,0,1,2,0
a_5553,2025,all,300H,tri-valley,24,7,7,0,0,7,1,3
a_5553,2025,all,300H,bay-shore,29,0,0,0,0,0,0,0
a_5553,2025,all,300H,redwood-empire,31,3,3,0,0,3,0,0
a_5553,2025,all,300H,class-a,24,1,1,0,0,1,0,0
a_5553,2025,all,3200,tri-valley,26,7,1,0,0,1,0,6
a_5553,2025,all,3200,bay-shore,26,0,0,0,0,0,0,0
a_5553,2025,all,3200,redwood-empire,32,2,1,0,0,1,0,1
a_5553,2025,all,3200,class-a,29,0,0,0,0,0,0,0
a_5553,2025,all,400,tri-valley,24,14,14,0,0,3,14,1
a_5553,2025,all,400,bay-shore,36,9,9,0,0,0,9,0
a_5553,2025,all,400,redwood-empire,30,0,0,0,0,0,0,0
a_5553,2025,all,400,class-a,49,0,0,0,0,0,0,0
a_5553,2025,all,4x100,tri-valley,17,9,1,0,0,0,1,9
a_5553,2025,all,4x100,bay-shore,26,3,0,0,0,0,0,3
a_5553,2025,all,4x100,redwood-empire,25,7,0,0,0,0,0,7
a_5553,2025,all,4x100,class-a,27,0,0,0,0,0,0,0
a_5553,2025,all,4x400,tri-valley,17,6,6,0,0,6,4,3
a_5553,2025,all,4x400,bay-shore,18,1,0,0,0,0,0,1
a_5553,2025,all,4x400,redwood-empire,28,3,3,0,0,3,0,0
a_5553,2025,all,4x400,class-a,21,0,0,0,0,0,0,0
a_5553,2025,all,800,tri-valley,27,8,2,0,0,2,0,6
a_5553,2025,all,800,bay-shore,34,4,0,0,0,0,0,4
a_5553,2025,all,800,redwood-empire,30,9,3,0,0,3,0,6
a_5553,2025,all,800,class-a,23,1,1,0,0,1,0,0
a_5553,2025,all,DT,tri-valley,28,15,15,0,0,15,0,8
a_5553,2025,all,DT,bay-shore,31,0,0,0,0,0,0,0
a_5553,2025,all,DT,redwood-empire,29,8,5,0,0,5,0,5
a_5553,2025,all,DT,class-a,32,0,0,0,0,0,0,0
a_5553,2025,all,HJ,tri-valley,17,0,0,0,0,0,0,0
a_5553,2025,all,HJ,bay-shore,16,0,0,0,0,0,0,0
a_5553,2025,all,HJ,redwood-empire,21,0,0,0,0,0,0,0
a_5553,2025,all,HJ,class-a,22,0,0,0,0,0,0,0
a_5553,2025,all,LJ,tri-valley,25,13,12,0,0,0,12,5
a_5553,2025,all,LJ,bay-shore,31,9,8,0,0,0,8,2
a_5553,2025,all,LJ,redwood-empire,33,0,0,0,0,0,0,0
a_5553,2025,all,LJ,class-a,30,3,3,0,0,0,3,0
a_5553,2025,all,PV,tri-valley,21,13,11,0,0,11,0,13
a_5553,2025,all,PV,bay-shore,6,3,0,0,0,0,0,3
a_5553,2025,all,PV,redwood-empire,17,11,6,0,0,6,0,11
a_5553,2025,all,PV,class-a,9,0,0,0,0,0,0,0
a_5553,2025,all,SP,tri-valley,26,17,11,0,0,11,0,6
a_5553,2025,all,SP,bay-shore,33,2,0,0,0,0,0,2
a_5553,2025,all,SP,redwood-empire,32,12,8,0,0,8,0,4
a_5553,2025,all,SP,class-a,29,1,1,0,0,1,0,0
a_5553,2025,all,TJ,tri-valley,30,8,6,0,0,0,6,2
a_5553,2025,all,TJ,bay-shore,27,6,1,0,0,0,1,5
a_5553,2025,all,TJ,redwood-empire,30,4,0,0,0,0,0,4
a_5553,2025,all,TJ,class-a,27,2,2,0,0,0,2,0
a_5553,2025,all,group:sprints_hurdles,tri-valley,102,28,15,0,0,8,9,20
a_5553,2025,all,group:sprints_hurdles,bay-shore,122,17,4,0,0,0,4,16
a_5553,2025,all,group:sprints_hurdles,redwood-empire,119,14,3,0,0,3,0,11
a_5553,2025,all,group:sprints_hurdles,class-a,112,3,3,0,0,2,2,0
a_5553,2025,all,group:400_800,tri-valley,51,22,16,0,0,5,14,7
a_5553,2025,all,group:400_800,bay-shore,70,13,9,0,0,0,9,4
a_5553,2025,all,group:400_800,redwood-empire,60,9,3,0,0,3,0,6
a_5553,2025,all,group:400_800,class-a,72,1,1,0,0,1,0,0
a_5553,2025,all,group:distance,tri-valley,53,17,11,0,0,11,0,9
a_5553,2025,all,group:distance,bay-shore,58,0,0,0,0,0,0,0
a_5553,2025,all,group:distance,redwood-empire,59,6,5,0,0,5,0,4
a_5553,2025,all,group:distance,class-a,58,3,3,0,0,3,0,0
a_5553,2025,all,group:jumps,tri-valley,93,34,29,0,0,11,18,20
a_5553,2025,all,group:jumps,bay-shore,80,18,9,0,0,0,9,10
a_5553,2025,all,group:jumps,redwood-empire,101,15,6,0,0,6,0,15
a_5553,2025,all,group:jumps,class-a,88,5,5,0,0,0,5,0
a_5553,2025,all,group:throws,tri-valley,54,32,26,0,0,26,0,14
a_5553,2025,all,group:throws,bay-shore,64,2,0,0,0,0,0,2
a_5553,2025,all,group:throws,redwood-empire,61,20,13,0,0,13,0,9
a_5553,2025,all,group:throws,class-a,61,1,1,0,0,1,0,0
a_5553,2025,all,group:relays,tri-valley,34,15,7,0,0,6,5,12
a_5553,2025,all,group:relays,bay-shore,44,4,0,0,0,0,0,4
a_5553,2025,all,group:relays,redwood-empire,53,10,3,0,0,3,0,7
a_5553,2025,all,group:relays,class-a,48,0,0,0,0,0,0,0
a_5553,2025,all,all,tri-valley,387,148,104,0,0,67,46,82
a_5553,2025,all,all,bay-shore,438,54,22,0,0,0,22,36
a_5553,2025,all,all,redwood-empire,453,74,33,0,0,33,0,52
a_5553,2025,all,all,class-a,439,13,13,0,0,7,7,0
a_5553,2026,girls,100,tri-valley,17,8,8,0,0,0,8,6
a_5553,2026,girls,100,bay-shore,13,5,5,0,0,0,5,3
a_5553,2026,girls,100,redwood-empire,16,0,0,0,0,0,0,0
a_5553,2026,girls,100,class-a,16,4,4,0,0,0,4,0
a_5553,2026,girls,100H,tri-valley,11,7,7,0,0,3,7,7
a_5553,2026,girls,100H,bay-shore,17,4,4,0,0,0,4,4
a_5553,2026,girls,100H,redwood-empire,17,0,0,0,0,0,0,0
a_5553,2026,girls,100H,class-a,14,0,0,0,0,0,0,0
a_5553,2026,girls,1600,tri-valley,12,0,0,0,0,0,0,0
a_5553,2026,girls,1600,bay-shore,17,0,0,0,0,0,0,0
a_5553,2026,girls,1600,redwood-empire,15,0,0,0,0,0,0,0
a_5553,2026,girls,1600,class-a,15,0,0,0,0,0,0,0
a_5553,2026,girls,200,tri-valley,14,9,9,0,0,0,9,0
a_5553,2026,girls,200,bay-shore,15,10,10,0,0,0,10,1
a_5553,2026,girls,200,redwood-empire,14,0,0,0,0,0,0,0
a_5553,2026,girls,200,class-a,14,5,5,0,0,0,5,0
a_5553,2026,girls,300H,tri-valley,10,1,1,0,0,1,0,0
a_5553,2026,girls,300H,bay-shore,15,0,0,0,0,0,0,0
a_5553,2026,girls,300H,redwood-empire,15,2,2,0,0,2,0,1
a_5553,2026,girls,300H,class-a,14,1,1,0,0,1,0,0
a_5553,2026,girls,3200,tri-valley,12,9,9,0,0,0,9,0
a_5553,2026,girls,3200,bay-shore,15,3,3,0,0,0,3,0
a_5553,2026,girls,3200,redwood-empire,13,0,0,0,0,0,0,0
a_5553,2026,girls,3200,class-a,13,4,4,0,0,2,4,0
a_5553,2026,girls,400,tri-valley,10,7,3,0,0,0,3,7
a_5553,2026,girls,400,bay-shore,17,0,0,0,0,0,0,0
a_5553,2026,girls,400,redwood-empire,18,4,0,0,0,0,0,4
a_5553,2026,girls,400,class-a,17,0,0,0,0,0,0,0
a_5553,2026,girls,4x100,tri-valley,8,2,2,0,0,2,0,2
a_5553,2026,girls,4x100,bay-shore,14,2,0,0,0,0,0,2
a_5553,2026,girls,4x100,redwood-empire,16,0,0,0,0,0,0,0
a_5553,2026,girls,4x100,class-a,9,0,0,0,0,0,0,0
a_5553,2026,girls,4x400,tri-valley,7,4,4,0,0,4,0,0
a_5553,2026,girls,4x400,bay-shore,6,0,0,0,0,0,0,0
a_5553,2026,girls,4x400,redwood-empire,11,2,2,0,0,2,0,0
a_5553,2026,girls,4x400,class-a,7,0,0,0,0,0,0,0
a_5553,2026,girls,800,tri-valley,13,6,6,0,0,6,0,0
a_5553,2026,girls,800,bay-shore,15,0,0,0,0,0,0,0
a_5553,2026,girls,800,redwood-empire,15,3,3,0,0,3,0,0
a_5553,2026,girls,800,class-a,12,0,0,0,0,0,0,0
a_5553,2026,girls,DT,tri-valley,14,5,0,0,0,0,0,5
a_5553,2026,girls,DT,bay-shore,17,6,0,0,0,0,0,6
a_5553,2026,girls,DT,redwood-empire,15,5,0,0,0,0,0,5
a_5553,2026,girls,DT,class-a,16,0,0,0,0,0,0,0
a_5553,2026,girls,HJ,tri-valley,12,0,0,0,0,0,0,0
a_5553,2026,girls,HJ,bay-shore,15,0,0,0,0,0,0,0
a_5553,2026,girls,HJ,redwood-empire,15,0,0,0,0,0,0,0
a_5553,2026,girls,HJ,class-a,8,0,0,0,0,0,0,0
a_5553,2026,girls,LJ,tri-valley,17,0,0,0,0,0,0,0
a_5553,2026,girls,LJ,bay-shore,12,0,0,0,0,0,0,0
a_5553,2026,girls,LJ,redwood-empire,15,0,0,0,0,0,0,0
a_5553,2026,girls,LJ,class-a,18,0,0,0,0,0,0,0
a_5553,2026,girls,PV,tri-valley,10,5,0,0,0,0,0,5
a_5553,2026,girls,PV,bay-shore,8,2,0,0,0,0,0,2
a_5553,2026,girls,PV,redwood-empire,12,6,0,0,0,0,0,6
a_5553,2026,girls,PV,class-a,4,0,0,0,0,0,0,0
a_5553,2026,girls,SP,tri-valley,13,3,0,0,0,0,0,3
a_5553,2026,girls,SP,bay-shore,15,1,0,0,0,0,0,1
a_5553,2026,girls,SP,redwood-empire,15,5,0,0,0,0,0,5
a_5553,2026,girls,SP,class-a,17,0,0,0,0,0,0,0
a_5553,2026,girls,TJ,tri-valley,17,0,0,0,0,0,0,0
a_5553,2026,girls,TJ,bay-shore,15,0,0,0,0,0,0,0
a_5553,2026,girls,TJ,redwood-empire,16,0,0,0,0,0,0,0
a_5553,2026,girls,TJ,class-a,12,0,0,0,0,0,0,0
a_5553,2026,girls,group:sprints_hurdles,tri-valley,52,25,25,0,0,4,24,13
a_5553,2026,girls,group:sprints_hurdles,bay-shore,60,19,19,0,0,0,19,8
a_5553,2026,girls,group:sprints_hurdles,redwood-empire,62,2,2,0,0,2,0,1
a_5553,2026,girls,group:sprints_hurdles,class-a,58,10,10,0,0,1,9,0
a_5553,2026,girls,group:400_800,tri-valley,23,13,9,0,0,6,3,7
a_5553,2026,girls,group:400_800,bay-shore,32,0,0,0,0,0,0,0
a_5553,2026,girls,group:400_800,redwood-empire,33,7,3,0,0,3,0,4
a_5553,2026,girls,group:400_800,class-a,29,0,0,0,0,0,0,0
a_5553,2026,girls,group:distance,tri-valley,24,9,9,0,0,0,9,0
a_5553,2026,girls,group:distance,bay-shore,32,3,3,0,0,0,3,0
a_5553,2026,girls,group:distance,redwood-empire,28,0,0,0,0,0,0,0
a_5553,2026,girls,group:distance,class-a,28,4,4,0,0,2,4,0
a_5553,2026,girls,group:jumps,tri-valley,56,5,0,0,0,0,0,5
a_5553,2026,girls,group:jumps,bay-shore,50,2,0,0,0,0,0,2
a_5553,2026,girls,group:jumps,redwood-empire,58,6,0,0,0,0,0,6
a_5553,2026,girls,group:jumps,class-a,42,0,0,0,0,0,0,0
a_5553,2026,girls,group:throws,tri-valley,27,8,0,0,0,0,0,8
a_5553,2026,girls,group:throws,bay-shore,32,7,0,0,0,0,0,7
a_5553,2026,girls,group:throws,redwood-empire,30,10,0,0,0,0,0,10
a_5553,2026,girls,group:throws,class-a,33,0,0,0,0,0,0,0
a_5553,2026,girls,group:relays,tri-valley,15,6,6,0,0,6,0,2
a_5553,2026,girls,group:relays,bay-shore,20,2,0,0,0,0,0,2
a_5553,2026,girls,group:relays,redwood-empire,27,2,2,0,0,2,0,0
a_5553,2026,girls,group:relays,class-a,16,0,0,0,0,0,0,0
a_5553,2026,girls,all,tri-valley,197,66,49,0,0,16,36,35
a_5553,2026,girls,all,bay-shore,226,33,22,0,0,0,22,19
a_5553,2026,girls,all,redwood-empire,238,27,7,0,0,7,0,21
a_5553,2026,girls,all,class-a,206,14,14,0,0,3,13,0
a_5553,2026,boys,100,tri-valley,11,5,5,0,0,0,5,0
a_5553,2026,boys,100,bay-shore,15,1,1,0,0,0,1,0
a_5553,2026,boys,100,redwood-empire,17,0,0,0,0,0,0,0
a_5553,2026,boys,100,class-a,17,4,4,0,0,0,4,0
a_5553,2026,boys,110H,tri-valley,12,1,1,0,0,1,1,0
a_5553,2026,boys,110H,bay-shore,18,0,0,0,0,0,0,0
a_5553,2026,boys,110H,redwood-empire,17,0,0,0,0,0,0,0
a_5553,2026,boys,110H,class-a,15,1,1,0,0,1,1,0
a_5553,2026,boys,1600,tri-valley,13,3,1,0,0,1,0,3
a_5553,2026,boys,1600,bay-shore,18,1,0,0,0,0,0,1
a_5553,2026,boys,1600,redwood-empire,13,5,2,0,0,2,0,5
a_5553,2026,boys,1600,class-a,13,0,0,0,0,0,0,0
a_5553,2026,boys,200,tri-valley,3,0,0,0,0,0,0,0
a_5553,2026,boys,200,bay-shore,11,1,1,0,0,0,1,0
a_5553,2026,boys,200,redwood-empire,15,0,0,0,0,0,0,0
a_5553,2026,boys,200,class-a,14,1,1,0,0,0,1,0
a_5553,2026,boys,300H,tri-valley,10,4,4,0,0,4,1,0
a_5553,2026,boys,300H,bay-shore,18,0,0,0,0,0,0,0
a_5553,2026,boys,300H,redwood-empire,17,1,1,0,0,1,0,0
a_5553,2026,boys,300H,class-a,13,2,2,0,0,2,1,0
a_5553,2026,boys,3200,tri-valley,15,1,0,0,0,0,0,1
a_5553,2026,boys,3200,bay-shore,16,1,0,0,0,0,0,1
a_5553,2026,boys,3200,redwood-empire,19,2,0,0,0,0,0,2
a_5553,2026,boys,3200,class-a,13,0,0,0,0,0,0,0
a_5553,2026,boys,400,tri-valley,13,2,0,0,0,0,0,2
a_5553,2026,boys,400,bay-shore,17,2,0,0,0,0,0,2
a_5553,2026,boys,400,redwood-empire,16,1,0,0,0,0,0,1
a_5553,2026,boys,400,class-a,17,0,0,0,0,0,0,0
a_5553,2026,boys,4x100,tri-valley,8,5,0,0,0,0,0,5
a_5553,2026,boys,4x100,bay-shore,10,7,0,0,0,0,0,7
a_5553,2026,boys,4x100,redwood-empire,15,10,0,0,0,0,0,10
a_5553,2026,boys,4x100,class-a,12,0,0,0,0,0,0,0
a_5553,2026,boys,4x400,tri-valley,9,1,0,0,0,0,0,1
a_5553,2026,boys,4x400,bay-shore,13,1,0,0,0,0,0,1
a_5553,2026,boys,4x400,redwood-empire,15,2,0,0,0,0,0,2
a_5553,2026,boys,4x400,class-a,7,0,0,0,0,0,0,0
a_5553,2026,boys,800,tri-valley,12,2,2,0,0,2,0,1
a_5553,2026,boys,800,bay-shore,18,0,0,0,0,0,0,0
a_5553,2026,boys,800,redwood-empire,13,2,2,0,0,2,0,1
a_5553,2026,boys,800,class-a,16,1,1,0,0,1,0,0
a_5553,2026,boys,DT,tri-valley,13,2,2,0,0,2,0,0
a_5553,2026,boys,DT,bay-shore,19,0,0,0,0,0,0,0
a_5553,2026,boys,DT,redwood-empire,16,1,1,0,0,1,0,0
a_5553,2026,boys,DT,class-a,20,0,0,0,0,0,0,0
a_5553,2026,boys,HJ,tri-valley,13,0,0,0,0,0,0,0
a_5553,2026,boys,HJ,bay-shore,12,0,0,0,0,0,0,0
a_5553,2026,boys,HJ,redwood-empire,12,0,0,0,0,0,0,0
a_5553,2026,boys,HJ,class-a,10,0,0,0,0,0,0,0
a_5553,2026,boys,LJ,tri-valley,15,0,0,0,0,0,0,0
a_5553,2026,boys,LJ,bay-shore,15,0,0,0,0,0,0,0
a_5553,2026,boys,LJ,redwood-empire,16,0,0,0,0,0,0,0
a_5553,2026,boys,LJ,class-a,16,0,0,0,0,0,0,0
a_5553,2026,boys,PV,tri-valley,11,8,8,0,0,8,0,8
a_5553,2026,boys,PV,bay-shore,8,0,0,0,0,0,0,0
a_5553,2026,boys,PV,redwood-empire,13,2,2,0,0,2,0,2
a_5553,2026,boys,PV,class-a,6,1,1,0,0,1,0,0
a_5553,2026,boys,SP,tri-valley,13,2,2,0,0,2,0,2
a_5553,2026,boys,SP,bay-shore,16,0,0,0,0,0,0,0
a_5553,2026,boys,SP,redwood-empire,17,3,3,0,0,3,0,3
a_5553,2026,boys,SP,class-a,16,1,1,0,0,1,0,0
a_5553,2026,boys,TJ,tri-valley,14,10,0,0,0,0,0,10
a_5553,2026,boys,TJ,bay-shore,19,11,0,0,0,0,0,11
a_5553,2026,boys,TJ,redwood-empire,13,11,0,0,0,0,0,11
a_5553,2026,boys,TJ,class-a,10,0,0,0,0,0,0,0
a_5553,2026,boys,group:sprints_hurdles,tri-valley,36,10,10,0,0,5,7,0
a_5553,2026,boys,group:sprints_hurdles,bay-shore,62,2,2,0,0,0,2,0
a_5553,2026,boys,group:sprints_hurdles,redwood-empire,66,1,1,0,0,1,0,0
a_5553,2026,boys,group:sprints_hurdles,class-a,59,8,8,0,0,3,7,0
a_5553,2026,boys,group:400_800,tri-valley,25,4,2,0,0,2,0,3
a_5553,2026,boys,group:400_800,bay-shore,35,2,0,0,0,0,0,2
a_5553,2026,boys,group:400_800,redwood-empire,29,3,2,0,0,2,0,2
a_5553,2026,boys,group:400_800,class-a,33,1,1,0,0,1,0,0
a_5553,2026,boys,group:distance,tri-valley,28,4,1,0,0,1,0,4
a_5553,2026,boys,group:distance,bay-shore,34,2,0,0,0,0,0,2
a_5553,2026,boys,group:distance,redwood-empire,32,7,2,0,0,2,0,7
a_5553,2026,boys,group:distance,class-a,26,0,0,0,0,0,0,0
a_5553,2026,boys,group:jumps,tri-valley,53,18,8,0,0,8,0,18
a_5553,2026,boys,group:jumps,bay-shore,54,11,0,0,0,0,0,11
a_5553,2026,boys,group:jumps,redwood-empire,54,13,2,0,0,2,0,13
a_5553,2026,boys,group:jumps,class-a,42,1,1,0,0,1,0,0
a_5553,2026,boys,group:throws,tri-valley,26,4,4,0,0,4,0,2
a_5553,2026,boys,group:throws,bay-shore,35,0,0,0,0,0,0,0
a_5553,2026,boys,group:throws,redwood-empire,33,4,4,0,0,4,0,3
a_5553,2026,boys,group:throws,class-a,36,1,1,0,0,1,0,0
a_5553,2026,boys,group:relays,tri-valley,17,6,0,0,0,0,0,6
a_5553,2026,boys,group:relays,bay-shore,23,8,0,0,0,0,0,8
a_5553,2026,boys,group:relays,redwood-empire,30,12,0,0,0,0,0,12
a_5553,2026,boys,group:relays,class-a,19,0,0,0,0,0,0,0
a_5553,2026,boys,all,tri-valley,185,46,25,0,0,20,7,33
a_5553,2026,boys,all,bay-shore,243,25,2,0,0,0,2,23
a_5553,2026,boys,all,redwood-empire,244,40,11,0,0,11,0,37
a_5553,2026,boys,all,class-a,215,11,11,0,0,6,7,0
a_5553,2026,all,100,tri-valley,28,13,13,0,0,0,13,6
a_5553,2026,all,100,bay-shore,28,6,6,0,0,0,6,3
a_5553,2026,all,100,redwood-empire,33,0,0,0,0,0,0,0
a_5553,2026,all,100,class-a,33,8,8,0,0,0,8,0
a_5553,2026,all,100H,tri-valley,11,7,7,0,0,3,7,7
a_5553,2026,all,100H,bay-shore,17,4,4,0,0,0,4,4
a_5553,2026,all,100H,redwood-empire,17,0,0,0,0,0,0,0
a_5553,2026,all,100H,class-a,14,0,0,0,0,0,0,0
a_5553,2026,all,110H,tri-valley,12,1,1,0,0,1,1,0
a_5553,2026,all,110H,bay-shore,18,0,0,0,0,0,0,0
a_5553,2026,all,110H,redwood-empire,17,0,0,0,0,0,0,0
a_5553,2026,all,110H,class-a,15,1,1,0,0,1,1,0
a_5553,2026,all,1600,tri-valley,25,3,1,0,0,1,0,3
a_5553,2026,all,1600,bay-shore,35,1,0,0,0,0,0,1
a_5553,2026,all,1600,redwood-empire,28,5,2,0,0,2,0,5
a_5553,2026,all,1600,class-a,28,0,0,0,0,0,0,0
a_5553,2026,all,200,tri-valley,17,9,9,0,0,0,9,0
a_5553,2026,all,200,bay-shore,26,11,11,0,0,0,11,1
a_5553,2026,all,200,redwood-empire,29,0,0,0,0,0,0,0
a_5553,2026,all,200,class-a,28,6,6,0,0,0,6,0
a_5553,2026,all,300H,tri-valley,20,5,5,0,0,5,1,0
a_5553,2026,all,300H,bay-shore,33,0,0,0,0,0,0,0
a_5553,2026,all,300H,redwood-empire,32,3,3,0,0,3,0,1
a_5553,2026,all,300H,class-a,27,3,3,0,0,3,1,0
a_5553,2026,all,3200,tri-valley,27,10,9,0,0,0,9,1
a_5553,2026,all,3200,bay-shore,31,4,3,0,0,0,3,1
a_5553,2026,all,3200,redwood-empire,32,2,0,0,0,0,0,2
a_5553,2026,all,3200,class-a,26,4,4,0,0,2,4,0
a_5553,2026,all,400,tri-valley,23,9,3,0,0,0,3,9
a_5553,2026,all,400,bay-shore,34,2,0,0,0,0,0,2
a_5553,2026,all,400,redwood-empire,34,5,0,0,0,0,0,5
a_5553,2026,all,400,class-a,34,0,0,0,0,0,0,0
a_5553,2026,all,4x100,tri-valley,16,7,2,0,0,2,0,7
a_5553,2026,all,4x100,bay-shore,24,9,0,0,0,0,0,9
a_5553,2026,all,4x100,redwood-empire,31,10,0,0,0,0,0,10
a_5553,2026,all,4x100,class-a,21,0,0,0,0,0,0,0
a_5553,2026,all,4x400,tri-valley,16,5,4,0,0,4,0,1
a_5553,2026,all,4x400,bay-shore,19,1,0,0,0,0,0,1
a_5553,2026,all,4x400,redwood-empire,26,4,2,0,0,2,0,2
a_5553,2026,all,4x400,class-a,14,0,0,0,0,0,0,0
a_5553,2026,all,800,tri-valley,25,8,8,0,0,8,0,1
a_5553,2026,all,800,bay-shore,33,0,0,0,0,0,0,0
a_5553,2026,all,800,redwood-empire,28,5,5,0,0,5,0,1
a_5553,2026,all,800,class-a,28,1,1,0,0,1,0,0
a_5553,2026,all,DT,tri-valley,27,7,2,0,0,2,0,5
a_5553,2026,all,DT,bay-shore,36,6,0,0,0,0,0,6
a_5553,2026,all,DT,redwood-empire,31,6,1,0,0,1,0,5
a_5553,2026,all,DT,class-a,36,0,0,0,0,0,0,0
a_5553,2026,all,HJ,tri-valley,25,0,0,0,0,0,0,0
a_5553,2026,all,HJ,bay-shore,27,0,0,0,0,0,0,0
a_5553,2026,all,HJ,redwood-empire,27,0,0,0,0,0,0,0
a_5553,2026,all,HJ,class-a,18,0,0,0,0,0,0,0
a_5553,2026,all,LJ,tri-valley,32,0,0,0,0,0,0,0
a_5553,2026,all,LJ,bay-shore,27,0,0,0,0,0,0,0
a_5553,2026,all,LJ,redwood-empire,31,0,0,0,0,0,0,0
a_5553,2026,all,LJ,class-a,34,0,0,0,0,0,0,0
a_5553,2026,all,PV,tri-valley,21,13,8,0,0,8,0,13
a_5553,2026,all,PV,bay-shore,16,2,0,0,0,0,0,2
a_5553,2026,all,PV,redwood-empire,25,8,2,0,0,2,0,8
a_5553,2026,all,PV,class-a,10,1,1,0,0,1,0,0
a_5553,2026,all,SP,tri-valley,26,5,2,0,0,2,0,5
a_5553,2026,all,SP,bay-shore,31,1,0,0,0,0,0,1
a_5553,2026,all,SP,redwood-empire,32,8,3,0,0,3,0,8
a_5553,2026,all,SP,class-a,33,1,1,0,0,1,0,0
a_5553,2026,all,TJ,tri-valley,31,10,0,0,0,0,0,10
a_5553,2026,all,TJ,bay-shore,34,11,0,0,0,0,0,11
a_5553,2026,all,TJ,redwood-empire,29,11,0,0,0,0,0,11
a_5553,2026,all,TJ,class-a,22,0,0,0,0,0,0,0
a_5553,2026,all,group:sprints_hurdles,tri-valley,88,35,35,0,0,9,31,13
a_5553,2026,all,group:sprints_hurdles,bay-shore,122,21,21,0,0,0,21,8
a_5553,2026,all,group:sprints_hurdles,redwood-empire,128,3,3,0,0,3,0,1
a_5553,2026,all,group:sprints_hurdles,class-a,117,18,18,0,0,4,16,0
a_5553,2026,all,group:400_800,tri-valley,48,17,11,0,0,8,3,10
a_5553,2026,all,group:400_800,bay-shore,67,2,0,0,0,0,0,2
a_5553,2026,all,group:400_800,redwood-empire,62,10,5,0,0,5,0,6
a_5553,2026,all,group:400_800,class-a,62,1,1,0,0,1,0,0
a_5553,2026,all,group:distance,tri-valley,52,13,10,0,0,1,9,4
a_5553,2026,all,group:distance,bay-shore,66,5,3,0,0,0,3,2
a_5553,2026,all,group:distance,redwood-empire,60,7,2,0,0,2,0,7
a_5553,2026,all,group:distance,class-a,54,4,4,0,0,2,4,0
a_5553,2026,all,group:jumps,tri-valley,109,23,8,0,0,8,0,23
a_5553,2026,all,group:jumps,bay-shore,104,13,0,0,0,0,0,13
a_5553,2026,all,group:jumps,redwood-empire,112,19,2,0,0,2,0,19
a_5553,2026,all,group:jumps,class-a,84,1,1,0,0,1,0,0
a_5553,2026,all,group:throws,tri-valley,53,12,4,0,0,4,0,10
a_5553,2026,all,group:throws,bay-shore,67,7,0,0,0,0,0,7
a_5553,2026,all,group:throws,redwood-empire,63,14,4,0,0,4,0,13
a_5553,2026,all,group:throws,class-a,69,1,1,0,0,1,0,0
a_5553,2026,all,group:relays,tri-valley,32,12,6,0,0,6,0,8
a_5553,2026,all,group:relays,bay-shore,43,10,0,0,0,0,0,10
a_5553,2026,all,group:relays,redwood-empire,57,14,2,0,0,2,0,12
a_5553,2026,all,group:relays,class-a,35,0,0,0,0,0,0,0
a_5553,2026,all,all,tri-valley,382,112,74,0,0,36,43,68
a_5553,2026,all,all,bay-shore,469,58,24,0,0,0,24,42
a_5553,2026,all,all,redwood-empire,482,67,18,0,0,18,0,58
a_5553,2026,all,all,class-a,421,25,25,0,0,9,20,0
a_5553,2022-2026 pooled,girls,100,tri-valley,66,22,19,0,0,0,19,12
a_5553,2022-2026 pooled,girls,100,bay-shore,79,14,12,0,0,0,12,7
a_5553,2022-2026 pooled,girls,100,redwood-empire,85,3,0,0,0,0,0,3
a_5553,2022-2026 pooled,girls,100,class-a,80,8,8,0,0,0,8,0
a_5553,2022-2026 pooled,girls,100H,tri-valley,66,13,13,0,0,7,9,8
a_5553,2022-2026 pooled,girls,100H,bay-shore,89,4,4,0,0,0,4,4
a_5553,2022-2026 pooled,girls,100H,redwood-empire,79,6,6,0,0,6,0,1
a_5553,2022-2026 pooled,girls,100H,class-a,59,0,0,0,0,0,0,0
a_5553,2022-2026 pooled,girls,1600,tri-valley,61,13,13,0,0,13,0,0
a_5553,2022-2026 pooled,girls,1600,bay-shore,77,0,0,0,0,0,0,0
a_5553,2022-2026 pooled,girls,1600,redwood-empire,76,3,3,0,0,3,0,0
a_5553,2022-2026 pooled,girls,1600,class-a,60,5,5,0,0,5,0,0
a_5553,2022-2026 pooled,girls,200,tri-valley,61,18,18,0,0,2,17,4
a_5553,2022-2026 pooled,girls,200,bay-shore,74,13,13,0,0,0,13,2
a_5553,2022-2026 pooled,girls,200,redwood-empire,75,1,1,0,0,1,0,0
a_5553,2022-2026 pooled,girls,200,class-a,63,7,7,0,0,1,7,0
a_5553,2022-2026 pooled,girls,300H,tri-valley,64,6,2,0,0,2,0,5
a_5553,2022-2026 pooled,girls,300H,bay-shore,81,5,0,0,0,0,0,5
a_5553,2022-2026 pooled,girls,300H,redwood-empire,77,10,2,0,0,2,0,9
a_5553,2022-2026 pooled,girls,300H,class-a,59,1,1,0,0,1,0,0
a_5553,2022-2026 pooled,girls,3200,tri-valley,67,16,10,0,0,1,9,6
a_5553,2022-2026 pooled,girls,3200,bay-shore,71,3,3,0,0,0,3,0
a_5553,2022-2026 pooled,girls,3200,redwood-empire,79,1,0,0,0,0,0,1
a_5553,2022-2026 pooled,girls,3200,class-a,57,5,5,0,0,3,4,0
a_5553,2022-2026 pooled,girls,400,tri-valley,49,19,14,0,0,0,14,10
a_5553,2022-2026 pooled,girls,400,bay-shore,85,13,13,0,0,0,13,2
a_5553,2022-2026 pooled,girls,400,redwood-empire,85,4,0,0,0,0,0,4
a_5553,2022-2026 pooled,girls,400,class-a,87,0,0,0,0,0,0,0
a_5553,2022-2026 pooled,girls,4x100,tri-valley,40,13,6,0,0,2,4,12
a_5553,2022-2026 pooled,girls,4x100,bay-shore,61,6,3,0,0,0,3,6
a_5553,2022-2026 pooled,girls,4x100,redwood-empire,71,9,0,0,0,0,0,9
a_5553,2022-2026 pooled,girls,4x100,class-a,52,2,2,0,0,0,2,0
a_5553,2022-2026 pooled,girls,4x400,tri-valley,32,12,11,0,0,11,3,5
a_5553,2022-2026 pooled,girls,4x400,bay-shore,39,0,0,0,0,0,0,0
a_5553,2022-2026 pooled,girls,4x400,redwood-empire,65,9,8,0,0,8,0,3
a_5553,2022-2026 pooled,girls,4x400,class-a,37,0,0,0,0,0,0,0
a_5553,2022-2026 pooled,girls,800,tri-valley,57,18,17,0,0,17,2,6
a_5553,2022-2026 pooled,girls,800,bay-shore,81,0,0,0,0,0,0,0
a_5553,2022-2026 pooled,girls,800,redwood-empire,90,14,13,0,0,13,0,3
a_5553,2022-2026 pooled,girls,800,class-a,60,3,3,0,0,3,0,0
a_5553,2022-2026 pooled,girls,DT,tri-valley,68,21,16,0,0,16,2,12
a_5553,2022-2026 pooled,girls,DT,bay-shore,85,6,0,0,0,0,0,6
a_5553,2022-2026 pooled,girls,DT,redwood-empire,81,18,13,0,0,13,0,10
a_5553,2022-2026 pooled,girls,DT,class-a,76,1,1,0,0,1,0,0
a_5553,2022-2026 pooled,girls,HJ,tri-valley,55,3,3,0,0,3,0,0
a_5553,2022-2026 pooled,girls,HJ,bay-shore,57,0,0,0,0,0,0,0
a_5553,2022-2026 pooled,girls,HJ,redwood-empire,40,3,3,0,0,3,0,0
a_5553,2022-2026 pooled,girls,HJ,class-a,48,1,1,0,0,1,0,0
a_5553,2022-2026 pooled,girls,LJ,tri-valley,76,8,7,0,0,0,7,6
a_5553,2022-2026 pooled,girls,LJ,bay-shore,67,8,7,0,0,0,7,3
a_5553,2022-2026 pooled,girls,LJ,redwood-empire,71,0,0,0,0,0,0,0
a_5553,2022-2026 pooled,girls,LJ,class-a,72,0,0,0,0,0,0,0
a_5553,2022-2026 pooled,girls,PV,tri-valley,61,33,5,0,0,0,5,33
a_5553,2022-2026 pooled,girls,PV,bay-shore,44,18,5,0,3,0,2,18
a_5553,2022-2026 pooled,girls,PV,redwood-empire,48,27,1,0,1,0,0,27
a_5553,2022-2026 pooled,girls,PV,class-a,18,0,0,0,0,0,0,0
a_5553,2022-2026 pooled,girls,SP,tri-valley,70,29,26,0,0,26,0,3
a_5553,2022-2026 pooled,girls,SP,bay-shore,83,1,0,0,0,0,0,1
a_5553,2022-2026 pooled,girls,SP,redwood-empire,74,29,24,0,0,24,0,5
a_5553,2022-2026 pooled,girls,SP,class-a,78,12,12,0,0,12,0,0
a_5553,2022-2026 pooled,girls,TJ,tri-valley,76,2,0,0,0,0,0,2
a_5553,2022-2026 pooled,girls,TJ,bay-shore,69,5,0,0,0,0,0,5
a_5553,2022-2026 pooled,girls,TJ,redwood-empire,76,4,0,0,0,0,0,4
a_5553,2022-2026 pooled,girls,TJ,class-a,53,0,0,0,0,0,0,0
a_5553,2022-2026 pooled,girls,group:sprints_hurdles,tri-valley,257,59,52,0,0,11,45,29
a_5553,2022-2026 pooled,girls,group:sprints_hurdles,bay-shore,323,36,29,0,0,0,29,18
a_5553,2022-2026 pooled,girls,group:sprints_hurdles,redwood-empire,316,20,9,0,0,9,0,13
a_5553,2022-2026 pooled,girls,group:sprints_hurdles,class-a,261,16,16,0,0,2,15,0
a_5553,2022-2026 pooled,girls,group:400_800,tri-valley,106,37,31,0,0,17,16,16
a_5553,2022-2026 pooled,girls,group:400_800,bay-shore,166,13,13,0,0,0,13,2
a_5553,2022-2026 pooled,girls,group:400_800,redwood-empire,175,18,13,0,0,13,0,7
a_5553,2022-2026 pooled,girls,group:400_800,class-a,147,3,3,0,0,3,0,0
a_5553,2022-2026 pooled,girls,group:distance,tri-valley,128,29,23,0,0,14,9,6
a_5553,2022-2026 pooled,girls,group:distance,bay-shore,148,3,3,0,0,0,3,0
a_5553,2022-2026 pooled,girls,group:distance,redwood-empire,155,4,3,0,0,3,0,1
a_5553,2022-2026 pooled,girls,group:distance,class-a,117,10,10,0,0,8,4,0
a_5553,2022-2026 pooled,girls,group:jumps,tri-valley,268,46,15,0,0,3,12,41
a_5553,2022-2026 pooled,girls,group:jumps,bay-shore,237,31,12,0,3,0,9,26
a_5553,2022-2026 pooled,girls,group:jumps,redwood-empire,235,34,4,0,1,3,0,31
a_5553,2022-2026 pooled,girls,group:jumps,class-a,191,1,1,0,0,1,0,0
a_5553,2022-2026 pooled,girls,group:throws,tri-valley,138,50,42,0,0,42,2,15
a_5553,2022-2026 pooled,girls,group:throws,bay-shore,168,7,0,0,0,0,0,7
a_5553,2022-2026 pooled,girls,group:throws,redwood-empire,155,47,37,0,0,37,0,15
a_5553,2022-2026 pooled,girls,group:throws,class-a,154,13,13,0,0,13,0,0
a_5553,2022-2026 pooled,girls,group:relays,tri-valley,72,25,17,0,0,13,7,17
a_5553,2022-2026 pooled,girls,group:relays,bay-shore,100,6,3,0,0,0,3,6
a_5553,2022-2026 pooled,girls,group:relays,redwood-empire,136,18,8,0,0,8,0,12
a_5553,2022-2026 pooled,girls,group:relays,class-a,89,2,2,0,0,0,2,0
a_5553,2022-2026 pooled,girls,all,tri-valley,969,246,180,0,0,100,91,124
a_5553,2022-2026 pooled,girls,all,bay-shore,1142,96,60,0,3,0,57,59
a_5553,2022-2026 pooled,girls,all,redwood-empire,1172,141,74,0,1,73,0,79
a_5553,2022-2026 pooled,girls,all,class-a,959,45,45,0,0,27,21,0
a_5553,2022-2026 pooled,boys,100,tri-valley,51,36,19,0,0,0,19,26
a_5553,2022-2026 pooled,boys,100,bay-shore,72,22,7,0,0,0,7,17
a_5553,2022-2026 pooled,boys,100,redwood-empire,87,19,0,0,0,0,0,19
a_5553,2022-2026 pooled,boys,100,class-a,80,5,5,0,0,0,5,0
a_5553,2022-2026 pooled,boys,110H,tri-valley,67,6,3,0,0,1,3,4
a_5553,2022-2026 pooled,boys,110H,bay-shore,80,4,2,0,0,0,2,3
a_5553,2022-2026 pooled,boys,110H,redwood-empire,83,1,0,0,0,0,0,1
a_5553,2022-2026 pooled,boys,110H,class-a,60,1,1,0,0,1,1,0
a_5553,2022-2026 pooled,boys,1600,tri-valley,59,15,6,0,0,4,2,13
a_5553,2022-2026 pooled,boys,1600,bay-shore,85,8,2,0,0,0,2,6
a_5553,2022-2026 pooled,boys,1600,redwood-empire,83,12,5,0,0,5,0,12
a_5553,2022-2026 pooled,boys,1600,class-a,72,0,0,0,0,0,0,0
a_5553,2022-2026 pooled,boys,200,tri-valley,51,17,0,0,0,0,0,17
a_5553,2022-2026 pooled,boys,200,bay-shore,68,15,1,0,0,0,1,14
a_5553,2022-2026 pooled,boys,200,redwood-empire,74,15,4,0,0,4,0,11
a_5553,2022-2026 pooled,boys,200,class-a,70,1,1,0,0,0,1,0
a_5553,2022-2026 pooled,boys,300H,tri-valley,57,19,16,0,0,16,2,8
a_5553,2022-2026 pooled,boys,300H,bay-shore,77,1,0,0,0,0,0,1
a_5553,2022-2026 pooled,boys,300H,redwood-empire,73,8,7,0,0,7,0,1
a_5553,2022-2026 pooled,boys,300H,class-a,60,4,4,0,0,4,1,0
a_5553,2022-2026 pooled,boys,3200,tri-valley,68,4,1,0,0,1,0,3
a_5553,2022-2026 pooled,boys,3200,bay-shore,77,2,0,0,0,0,0,2
a_5553,2022-2026 pooled,boys,3200,redwood-empire,93,5,1,0,0,1,0,4
a_5553,2022-2026 pooled,boys,3200,class-a,86,0,0,0,0,0,0,0
a_5553,2022-2026 pooled,boys,400,tri-valley,61,29,11,0,0,4,11,23
a_5553,2022-2026 pooled,boys,400,bay-shore,80,16,4,0,0,0,4,16
a_5553,2022-2026 pooled,boys,400,redwood-empire,86,7,0,0,0,0,0,7
a_5553,2022-2026 pooled,boys,400,class-a,80,0,0,0,0,0,0,0
a_5553,2022-2026 pooled,boys,4x100,tri-valley,43,27,7,0,0,7,4,27
a_5553,2022-2026 pooled,boys,4x100,bay-shore,52,21,0,0,0,0,0,21
a_5553,2022-2026 pooled,boys,4x100,redwood-empire,69,30,3,0,0,3,0,30
a_5553,2022-2026 pooled,boys,4x100,class-a,47,0,0,0,0,0,0,0
a_5553,2022-2026 pooled,boys,4x400,tri-valley,45,13,3,0,0,3,3,13
a_5553,2022-2026 pooled,boys,4x400,bay-shore,52,8,0,0,0,0,0,8
a_5553,2022-2026 pooled,boys,4x400,redwood-empire,75,10,0,0,0,0,0,10
a_5553,2022-2026 pooled,boys,4x400,class-a,43,0,0,0,0,0,0,0
a_5553,2022-2026 pooled,boys,800,tri-valley,61,19,6,0,0,5,4,14
a_5553,2022-2026 pooled,boys,800,bay-shore,82,11,2,0,0,0,2,9
a_5553,2022-2026 pooled,boys,800,redwood-empire,78,9,2,0,0,2,0,8
a_5553,2022-2026 pooled,boys,800,class-a,65,1,1,0,0,1,0,0
a_5553,2022-2026 pooled,boys,DT,tri-valley,67,16,13,0,0,13,0,13
a_5553,2022-2026 pooled,boys,DT,bay-shore,86,3,0,0,0,0,0,3
a_5553,2022-2026 pooled,boys,DT,redwood-empire,75,10,4,0,0,4,0,9
a_5553,2022-2026 pooled,boys,DT,class-a,79,0,0,0,0,0,0,0
a_5553,2022-2026 pooled,boys,HJ,tri-valley,49,5,5,0,0,5,0,0
a_5553,2022-2026 pooled,boys,HJ,bay-shore,63,0,0,0,0,0,0,0
a_5553,2022-2026 pooled,boys,HJ,redwood-empire,46,3,3,0,0,3,0,0
a_5553,2022-2026 pooled,boys,HJ,class-a,52,2,2,0,0,2,0,0
a_5553,2022-2026 pooled,boys,LJ,tri-valley,72,9,9,0,0,0,9,1
a_5553,2022-2026 pooled,boys,LJ,bay-shore,70,8,8,0,0,0,8,1
a_5553,2022-2026 pooled,boys,LJ,redwood-empire,80,0,0,0,0,0,0,0
a_5553,2022-2026 pooled,boys,LJ,class-a,67,3,3,0,0,0,3,0
a_5553,2022-2026 pooled,boys,PV,tri-valley,53,50,26,0,0,26,0,50
a_5553,2022-2026 pooled,boys,PV,bay-shore,38,16,0,0,0,0,0,16
a_5553,2022-2026 pooled,boys,PV,redwood-empire,57,45,10,0,0,10,0,45
a_5553,2022-2026 pooled,boys,PV,class-a,17,1,1,0,0,1,0,0
a_5553,2022-2026 pooled,boys,SP,tri-valley,69,19,2,0,0,2,0,19
a_5553,2022-2026 pooled,boys,SP,bay-shore,77,9,0,0,0,0,0,9
a_5553,2022-2026 pooled,boys,SP,redwood-empire,78,16,3,0,0,3,0,16
a_5553,2022-2026 pooled,boys,SP,class-a,72,1,1,0,0,1,0,0
a_5553,2022-2026 pooled,boys,TJ,tri-valley,74,18,6,0,0,0,6,12
a_5553,2022-2026 pooled,boys,TJ,bay-shore,74,12,1,0,0,0,1,11
a_5553,2022-2026 pooled,boys,TJ,redwood-empire,73,12,0,0,0,0,0,12
a_5553,2022-2026 pooled,boys,TJ,class-a,72,2,2,0,0,0,2,0
a_5553,2022-2026 pooled,boys,group:sprints_hurdles,tri-valley,226,78,38,0,0,17,24,55
a_5553,2022-2026 pooled,boys,group:sprints_hurdles,bay-shore,297,42,10,0,0,0,10,35
a_5553,2022-2026 pooled,boys,group:sprints_hurdles,redwood-empire,317,43,11,0,0,11,0,32
a_5553,2022-2026 pooled,boys,group:sprints_hurdles,class-a,270,11,11,0,0,5,8,0
a_5553,2022-2026 pooled,boys,group:400_800,tri-valley,122,48,17,0,0,9,15,37
a_5553,2022-2026 pooled,boys,group:400_800,bay-shore,162,27,6,0,0,0,6,25
a_5553,2022-2026 pooled,boys,group:400_800,redwood-empire,164,16,2,0,0,2,0,15
a_5553,2022-2026 pooled,boys,group:400_800,class-a,145,1,1,0,0,1,0,0
a_5553,2022-2026 pooled,boys,group:distance,tri-valley,127,19,7,0,0,5,2,16
a_5553,2022-2026 pooled,boys,group:distance,bay-shore,162,10,2,0,0,0,2,8
a_5553,2022-2026 pooled,boys,group:distance,redwood-empire,176,17,6,0,0,6,0,16
a_5553,2022-2026 pooled,boys,group:distance,class-a,158,0,0,0,0,0,0,0
a_5553,2022-2026 pooled,boys,group:jumps,tri-valley,248,82,46,0,0,31,15,63
a_5553,2022-2026 pooled,boys,group:jumps,bay-shore,245,36,9,0,0,0,9,28
a_5553,2022-2026 pooled,boys,group:jumps,redwood-empire,256,60,13,0,0,13,0,57
a_5553,2022-2026 pooled,boys,group:jumps,class-a,208,8,8,0,0,3,5,0
a_5553,2022-2026 pooled,boys,group:throws,tri-valley,136,35,15,0,0,15,0,32
a_5553,2022-2026 pooled,boys,group:throws,bay-shore,163,12,0,0,0,0,0,12
a_5553,2022-2026 pooled,boys,group:throws,redwood-empire,153,26,7,0,0,7,0,25
a_5553,2022-2026 pooled,boys,group:throws,class-a,151,1,1,0,0,1,0,0
a_5553,2022-2026 pooled,boys,group:relays,tri-valley,88,40,10,0,0,10,7,40
a_5553,2022-2026 pooled,boys,group:relays,bay-shore,104,29,0,0,0,0,0,29
a_5553,2022-2026 pooled,boys,group:relays,redwood-empire,144,40,3,0,0,3,0,40
a_5553,2022-2026 pooled,boys,group:relays,class-a,90,0,0,0,0,0,0,0
a_5553,2022-2026 pooled,boys,all,tri-valley,947,302,133,0,0,87,63,243
a_5553,2022-2026 pooled,boys,all,bay-shore,1133,156,27,0,0,0,27,137
a_5553,2022-2026 pooled,boys,all,redwood-empire,1210,202,42,0,0,42,0,185
a_5553,2022-2026 pooled,boys,all,class-a,1022,21,21,0,0,10,13,0
a_5553,2022-2026 pooled,all,100,tri-valley,117,58,38,0,0,0,38,38
a_5553,2022-2026 pooled,all,100,bay-shore,151,36,19,0,0,0,19,24
a_5553,2022-2026 pooled,all,100,redwood-empire,172,22,0,0,0,0,0,22
a_5553,2022-2026 pooled,all,100,class-a,160,13,13,0,0,0,13,0
a_5553,2022-2026 pooled,all,100H,tri-valley,66,13,13,0,0,7,9,8
a_5553,2022-2026 pooled,all,100H,bay-shore,89,4,4,0,0,0,4,4
a_5553,2022-2026 pooled,all,100H,redwood-empire,79,6,6,0,0,6,0,1
a_5553,2022-2026 pooled,all,100H,class-a,59,0,0,0,0,0,0,0
a_5553,2022-2026 pooled,all,110H,tri-valley,67,6,3,0,0,1,3,4
a_5553,2022-2026 pooled,all,110H,bay-shore,80,4,2,0,0,0,2,3
a_5553,2022-2026 pooled,all,110H,redwood-empire,83,1,0,0,0,0,0,1
a_5553,2022-2026 pooled,all,110H,class-a,60,1,1,0,0,1,1,0
a_5553,2022-2026 pooled,all,1600,tri-valley,120,28,19,0,0,17,2,13
a_5553,2022-2026 pooled,all,1600,bay-shore,162,8,2,0,0,0,2,6
a_5553,2022-2026 pooled,all,1600,redwood-empire,159,15,8,0,0,8,0,12
a_5553,2022-2026 pooled,all,1600,class-a,132,5,5,0,0,5,0,0
a_5553,2022-2026 pooled,all,200,tri-valley,112,35,18,0,0,2,17,21
a_5553,2022-2026 pooled,all,200,bay-shore,142,28,14,0,0,0,14,16
a_5553,2022-2026 pooled,all,200,redwood-empire,149,16,5,0,0,5,0,11
a_5553,2022-2026 pooled,all,200,class-a,133,8,8,0,0,1,8,0
a_5553,2022-2026 pooled,all,300H,tri-valley,121,25,18,0,0,18,2,13
a_5553,2022-2026 pooled,all,300H,bay-shore,158,6,0,0,0,0,0,6
a_5553,2022-2026 pooled,all,300H,redwood-empire,150,18,9,0,0,9,0,10
a_5553,2022-2026 pooled,all,300H,class-a,119,5,5,0,0,5,1,0
a_5553,2022-2026 pooled,all,3200,tri-valley,135,20,11,0,0,2,9,9
a_5553,2022-2026 pooled,all,3200,bay-shore,148,5,3,0,0,0,3,2
a_5553,2022-2026 pooled,all,3200,redwood-empire,172,6,1,0,0,1,0,5
a_5553,2022-2026 pooled,all,3200,class-a,143,5,5,0,0,3,4,0
a_5553,2022-2026 pooled,all,400,tri-valley,110,48,25,0,0,4,25,33
a_5553,2022-2026 pooled,all,400,bay-shore,165,29,17,0,0,0,17,18
a_5553,2022-2026 pooled,all,400,redwood-empire,171,11,0,0,0,0,0,11
a_5553,2022-2026 pooled,all,400,class-a,167,0,0,0,0,0,0,0
a_5553,2022-2026 pooled,all,4x100,tri-valley,83,40,13,0,0,9,8,39
a_5553,2022-2026 pooled,all,4x100,bay-shore,113,27,3,0,0,0,3,27
a_5553,2022-2026 pooled,all,4x100,redwood-empire,140,39,3,0,0,3,0,39
a_5553,2022-2026 pooled,all,4x100,class-a,99,2,2,0,0,0,2,0
a_5553,2022-2026 pooled,all,4x400,tri-valley,77,25,14,0,0,14,6,18
a_5553,2022-2026 pooled,all,4x400,bay-shore,91,8,0,0,0,0,0,8
a_5553,2022-2026 pooled,all,4x400,redwood-empire,140,19,8,0,0,8,0,13
a_5553,2022-2026 pooled,all,4x400,class-a,80,0,0,0,0,0,0,0
a_5553,2022-2026 pooled,all,800,tri-valley,118,37,23,0,0,22,6,20
a_5553,2022-2026 pooled,all,800,bay-shore,163,11,2,0,0,0,2,9
a_5553,2022-2026 pooled,all,800,redwood-empire,168,23,15,0,0,15,0,11
a_5553,2022-2026 pooled,all,800,class-a,125,4,4,0,0,4,0,0
a_5553,2022-2026 pooled,all,DT,tri-valley,135,37,29,0,0,29,2,25
a_5553,2022-2026 pooled,all,DT,bay-shore,171,9,0,0,0,0,0,9
a_5553,2022-2026 pooled,all,DT,redwood-empire,156,28,17,0,0,17,0,19
a_5553,2022-2026 pooled,all,DT,class-a,155,1,1,0,0,1,0,0
a_5553,2022-2026 pooled,all,HJ,tri-valley,104,8,8,0,0,8,0,0
a_5553,2022-2026 pooled,all,HJ,bay-shore,120,0,0,0,0,0,0,0
a_5553,2022-2026 pooled,all,HJ,redwood-empire,86,6,6,0,0,6,0,0
a_5553,2022-2026 pooled,all,HJ,class-a,100,3,3,0,0,3,0,0
a_5553,2022-2026 pooled,all,LJ,tri-valley,148,17,16,0,0,0,16,7
a_5553,2022-2026 pooled,all,LJ,bay-shore,137,16,15,0,0,0,15,4
a_5553,2022-2026 pooled,all,LJ,redwood-empire,151,0,0,0,0,0,0,0
a_5553,2022-2026 pooled,all,LJ,class-a,139,3,3,0,0,0,3,0
a_5553,2022-2026 pooled,all,PV,tri-valley,114,83,31,0,0,26,5,83
a_5553,2022-2026 pooled,all,PV,bay-shore,82,34,5,0,3,0,2,34
a_5553,2022-2026 pooled,all,PV,redwood-empire,105,72,11,0,1,10,0,72
a_5553,2022-2026 pooled,all,PV,class-a,35,1,1,0,0,1,0,0
a_5553,2022-2026 pooled,all,SP,tri-valley,139,48,28,0,0,28,0,22
a_5553,2022-2026 pooled,all,SP,bay-shore,160,10,0,0,0,0,0,10
a_5553,2022-2026 pooled,all,SP,redwood-empire,152,45,27,0,0,27,0,21
a_5553,2022-2026 pooled,all,SP,class-a,150,13,13,0,0,13,0,0
a_5553,2022-2026 pooled,all,TJ,tri-valley,150,20,6,0,0,0,6,14
a_5553,2022-2026 pooled,all,TJ,bay-shore,143,17,1,0,0,0,1,16
a_5553,2022-2026 pooled,all,TJ,redwood-empire,149,16,0,0,0,0,0,16
a_5553,2022-2026 pooled,all,TJ,class-a,125,2,2,0,0,0,2,0
a_5553,2022-2026 pooled,all,group:sprints_hurdles,tri-valley,483,137,90,0,0,28,69,84
a_5553,2022-2026 pooled,all,group:sprints_hurdles,bay-shore,620,78,39,0,0,0,39,53
a_5553,2022-2026 pooled,all,group:sprints_hurdles,redwood-empire,633,63,20,0,0,20,0,45
a_5553,2022-2026 pooled,all,group:sprints_hurdles,class-a,531,27,27,0,0,7,23,0
a_5553,2022-2026 pooled,all,group:400_800,tri-valley,228,85,48,0,0,26,31,53
a_5553,2022-2026 pooled,all,group:400_800,bay-shore,328,40,19,0,0,0,19,27
a_5553,2022-2026 pooled,all,group:400_800,redwood-empire,339,34,15,0,0,15,0,22
a_5553,2022-2026 pooled,all,group:400_800,class-a,292,4,4,0,0,4,0,0
a_5553,2022-2026 pooled,all,group:distance,tri-valley,255,48,30,0,0,19,11,22
a_5553,2022-2026 pooled,all,group:distance,bay-shore,310,13,5,0,0,0,5,8
a_5553,2022-2026 pooled,all,group:distance,redwood-empire,331,21,9,0,0,9,0,17
a_5553,2022-2026 pooled,all,group:distance,class-a,275,10,10,0,0,8,4,0
a_5553,2022-2026 pooled,all,group:jumps,tri-valley,516,128,61,0,0,34,27,104
a_5553,2022-2026 pooled,all,group:jumps,bay-shore,482,67,21,0,3,0,18,54
a_5553,2022-2026 pooled,all,group:jumps,redwood-empire,491,94,17,0,1,16,0,88
a_5553,2022-2026 pooled,all,group:jumps,class-a,399,9,9,0,0,4,5,0
a_5553,2022-2026 pooled,all,group:throws,tri-valley,274,85,57,0,0,57,2,47
a_5553,2022-2026 pooled,all,group:throws,bay-shore,331,19,0,0,0,0,0,19
a_5553,2022-2026 pooled,all,group:throws,redwood-empire,308,73,44,0,0,44,0,40
a_5553,2022-2026 pooled,all,group:throws,class-a,305,14,14,0,0,14,0,0
a_5553,2022-2026 pooled,all,group:relays,tri-valley,160,65,27,0,0,23,14,57
a_5553,2022-2026 pooled,all,group:relays,bay-shore,204,35,3,0,0,0,3,35
a_5553,2022-2026 pooled,all,group:relays,redwood-empire,280,58,11,0,0,11,0,52
a_5553,2022-2026 pooled,all,group:relays,class-a,179,2,2,0,0,0,2,0
a_5553,2022-2026 pooled,all,all,tri-valley,1916,548,313,0,0,187,154,367
a_5553,2022-2026 pooled,all,all,bay-shore,2275,252,87,0,3,0,84,196
a_5553,2022-2026 pooled,all,all,redwood-empire,2382,343,116,0,1,115,0,264
a_5553,2022-2026 pooled,all,all,class-a,1981,66,66,0,0,37,34,0
b_4443,2022,girls,100,tri-valley,13,0,0,0,0,0,0,0
b_4443,2022,girls,100,bay-shore,18,0,0,0,0,0,0,0
b_4443,2022,girls,100,redwood-empire,16,0,0,0,0,0,0,0
b_4443,2022,girls,100,class-a,15,0,0,0,0,0,0,0
b_4443,2022,girls,100H,tri-valley,12,0,0,0,0,0,0,0
b_4443,2022,girls,100H,bay-shore,18,0,0,0,0,0,0,0
b_4443,2022,girls,100H,redwood-empire,15,0,0,0,0,0,0,0
b_4443,2022,girls,100H,class-a,10,0,0,0,0,0,0,0
b_4443,2022,girls,1600,tri-valley,13,0,0,0,0,0,0,0
b_4443,2022,girls,1600,bay-shore,16,0,0,0,0,0,0,0
b_4443,2022,girls,1600,redwood-empire,15,0,0,0,0,0,0,0
b_4443,2022,girls,1600,class-a,9,0,0,0,0,0,0,0
b_4443,2022,girls,200,tri-valley,11,3,3,0,0,0,3,3
b_4443,2022,girls,200,bay-shore,13,2,2,0,0,0,2,1
b_4443,2022,girls,200,redwood-empire,13,0,0,0,0,0,0,0
b_4443,2022,girls,200,class-a,9,0,0,0,0,0,0,0
b_4443,2022,girls,300H,tri-valley,15,0,0,0,0,0,0,0
b_4443,2022,girls,300H,bay-shore,17,0,0,0,0,0,0,0
b_4443,2022,girls,300H,redwood-empire,14,0,0,0,0,0,0,0
b_4443,2022,girls,300H,class-a,8,0,0,0,0,0,0,0
b_4443,2022,girls,3200,tri-valley,14,0,0,0,0,0,0,0
b_4443,2022,girls,3200,bay-shore,14,0,0,0,0,0,0,0
b_4443,2022,girls,3200,redwood-empire,15,0,0,0,0,0,0,0
b_4443,2022,girls,3200,class-a,9,0,0,0,0,0,0,0
b_4443,2022,girls,400,tri-valley,9,3,3,0,0,0,3,2
b_4443,2022,girls,400,bay-shore,16,2,2,0,0,0,2,1
b_4443,2022,girls,400,redwood-empire,18,0,0,0,0,0,0,0
b_4443,2022,girls,400,class-a,10,0,0,0,0,0,0,0
b_4443,2022,girls,4x100,tri-valley,7,1,0,0,0,0,0,1
b_4443,2022,girls,4x100,bay-shore,9,1,0,0,0,0,0,1
b_4443,2022,girls,4x100,redwood-empire,9,1,0,0,0,0,0,1
b_4443,2022,girls,4x100,class-a,5,0,0,0,0,0,0,0
b_4443,2022,girls,4x400,tri-valley,3,1,0,0,0,0,0,1
b_4443,2022,girls,4x400,bay-shore,12,1,0,0,0,0,0,1
b_4443,2022,girls,4x400,redwood-empire,11,3,1,0,0,1,0,3
b_4443,2022,girls,4x400,class-a,5,0,0,0,0,0,0,0
b_4443,2022,girls,800,tri-valley,9,2,2,0,0,2,0,1
b_4443,2022,girls,800,bay-shore,17,0,0,0,0,0,0,0
b_4443,2022,girls,800,redwood-empire,18,4,4,0,0,4,0,1
b_4443,2022,girls,800,class-a,11,1,1,0,0,1,0,0
b_4443,2022,girls,DT,tri-valley,11,4,4,0,0,4,0,3
b_4443,2022,girls,DT,bay-shore,19,0,0,0,0,0,0,0
b_4443,2022,girls,DT,redwood-empire,16,4,4,0,0,4,0,3
b_4443,2022,girls,DT,class-a,16,1,1,0,0,1,0,0
b_4443,2022,girls,HJ,tri-valley,12,0,0,0,0,0,0,0
b_4443,2022,girls,HJ,bay-shore,11,0,0,0,0,0,0,0
b_4443,2022,girls,HJ,redwood-empire,3,0,0,0,0,0,0,0
b_4443,2022,girls,HJ,class-a,6,0,0,0,0,0,0,0
b_4443,2022,girls,LJ,tri-valley,15,0,0,0,0,0,0,0
b_4443,2022,girls,LJ,bay-shore,17,0,0,0,0,0,0,0
b_4443,2022,girls,LJ,redwood-empire,10,0,0,0,0,0,0,0
b_4443,2022,girls,LJ,class-a,12,0,0,0,0,0,0,0
b_4443,2022,girls,PV,tri-valley,15,0,0,0,0,0,0,0
b_4443,2022,girls,PV,bay-shore,10,0,0,0,0,0,0,0
b_4443,2022,girls,PV,redwood-empire,9,0,0,0,0,0,0,0
b_4443,2022,girls,PV,class-a,3,0,0,0,0,0,0,0
b_4443,2022,girls,SP,tri-valley,10,6,6,0,0,6,0,0
b_4443,2022,girls,SP,bay-shore,19,0,0,0,0,0,0,0
b_4443,2022,girls,SP,redwood-empire,15,7,7,0,0,7,0,0
b_4443,2022,girls,SP,class-a,15,6,6,0,0,6,0,0
b_4443,2022,girls,TJ,tri-valley,13,0,0,0,0,0,0,0
b_4443,2022,girls,TJ,bay-shore,13,0,0,0,0,0,0,0
b_4443,2022,girls,TJ,redwood-empire,9,0,0,0,0,0,0,0
b_4443,2022,girls,TJ,class-a,9,0,0,0,0,0,0,0
b_4443,2022,girls,group:sprints_hurdles,tri-valley,51,3,3,0,0,0,3,3
b_4443,2022,girls,group:sprints_hurdles,bay-shore,66,2,2,0,0,0,2,1
b_4443,2022,girls,group:sprints_hurdles,redwood-empire,58,0,0,0,0,0,0,0
b_4443,2022,girls,group:sprints_hurdles,class-a,42,0,0,0,0,0,0,0
b_4443,2022,girls,group:400_800,tri-valley,18,5,5,0,0,2,3,3
b_4443,2022,girls,group:400_800,bay-shore,33,2,2,0,0,0,2,1
b_4443,2022,girls,group:400_800,redwood-empire,36,4,4,0,0,4,0,1
b_4443,2022,girls,group:400_800,class-a,21,1,1,0,0,1,0,0
b_4443,2022,girls,group:distance,tri-valley,27,0,0,0,0,0,0,0
b_4443,2022,girls,group:distance,bay-shore,30,0,0,0,0,0,0,0
b_4443,2022,girls,group:distance,redwood-empire,30,0,0,0,0,0,0,0
b_4443,2022,girls,group:distance,class-a,18,0,0,0,0,0,0,0
b_4443,2022,girls,group:jumps,tri-valley,55,0,0,0,0,0,0,0
b_4443,2022,girls,group:jumps,bay-shore,51,0,0,0,0,0,0,0
b_4443,2022,girls,group:jumps,redwood-empire,31,0,0,0,0,0,0,0
b_4443,2022,girls,group:jumps,class-a,30,0,0,0,0,0,0,0
b_4443,2022,girls,group:throws,tri-valley,21,10,10,0,0,10,0,3
b_4443,2022,girls,group:throws,bay-shore,38,0,0,0,0,0,0,0
b_4443,2022,girls,group:throws,redwood-empire,31,11,11,0,0,11,0,3
b_4443,2022,girls,group:throws,class-a,31,7,7,0,0,7,0,0
b_4443,2022,girls,group:relays,tri-valley,10,2,0,0,0,0,0,2
b_4443,2022,girls,group:relays,bay-shore,21,2,0,0,0,0,0,2
b_4443,2022,girls,group:relays,redwood-empire,20,4,1,0,0,1,0,4
b_4443,2022,girls,group:relays,class-a,10,0,0,0,0,0,0,0
b_4443,2022,girls,all,tri-valley,182,20,18,0,0,12,6,11
b_4443,2022,girls,all,bay-shore,239,6,4,0,0,0,4,4
b_4443,2022,girls,all,redwood-empire,206,19,16,0,0,16,0,8
b_4443,2022,girls,all,class-a,152,8,8,0,0,8,0,0
b_4443,2022,boys,100,tri-valley,11,11,0,0,0,0,0,11
b_4443,2022,boys,100,bay-shore,14,8,0,0,0,0,0,8
b_4443,2022,boys,100,redwood-empire,15,9,0,0,0,0,0,9
b_4443,2022,boys,100,class-a,15,0,0,0,0,0,0,0
b_4443,2022,boys,110H,tri-valley,12,0,0,0,0,0,0,0
b_4443,2022,boys,110H,bay-shore,15,0,0,0,0,0,0,0
b_4443,2022,boys,110H,redwood-empire,13,0,0,0,0,0,0,0
b_4443,2022,boys,110H,class-a,8,0,0,0,0,0,0,0
b_4443,2022,boys,1600,tri-valley,13,0,0,0,0,0,0,0
b_4443,2022,boys,1600,bay-shore,14,0,0,0,0,0,0,0
b_4443,2022,boys,1600,redwood-empire,20,0,0,0,0,0,0,0
b_4443,2022,boys,1600,class-a,14,0,0,0,0,0,0,0
b_4443,2022,boys,200,tri-valley,13,11,0,0,0,0,0,11
b_4443,2022,boys,200,bay-shore,13,11,0,0,0,0,0,11
b_4443,2022,boys,200,redwood-empire,16,10,0,0,0,0,0,10
b_4443,2022,boys,200,class-a,12,0,0,0,0,0,0,0
b_4443,2022,boys,300H,tri-valley,11,1,0,0,0,0,0,1
b_4443,2022,boys,300H,bay-shore,15,0,0,0,0,0,0,0
b_4443,2022,boys,300H,redwood-empire,11,1,0,0,0,0,0,1
b_4443,2022,boys,300H,class-a,8,0,0,0,0,0,0,0
b_4443,2022,boys,3200,tri-valley,15,2,0,0,0,0,0,2
b_4443,2022,boys,3200,bay-shore,15,1,0,0,0,0,0,1
b_4443,2022,boys,3200,redwood-empire,19,1,0,0,0,0,0,1
b_4443,2022,boys,3200,class-a,14,0,0,0,0,0,0,0
b_4443,2022,boys,400,tri-valley,10,7,0,0,0,0,0,7
b_4443,2022,boys,400,bay-shore,15,4,0,0,0,0,0,4
b_4443,2022,boys,400,redwood-empire,17,2,0,0,0,0,0,2
b_4443,2022,boys,400,class-a,10,0,0,0,0,0,0,0
b_4443,2022,boys,4x100,tri-valley,6,2,0,0,0,0,0,2
b_4443,2022,boys,4x100,bay-shore,10,0,0,0,0,0,0,0
b_4443,2022,boys,4x100,redwood-empire,14,1,0,0,0,0,0,1
b_4443,2022,boys,4x100,class-a,7,0,0,0,0,0,0,0
b_4443,2022,boys,4x400,tri-valley,8,7,0,0,0,0,0,7
b_4443,2022,boys,4x400,bay-shore,8,5,0,0,0,0,0,5
b_4443,2022,boys,4x400,redwood-empire,16,7,0,0,0,0,0,7
b_4443,2022,boys,4x400,class-a,2,0,0,0,0,0,0,0
b_4443,2022,boys,800,tri-valley,15,7,0,0,0,0,0,7
b_4443,2022,boys,800,bay-shore,15,5,0,0,0,0,0,5
b_4443,2022,boys,800,redwood-empire,17,1,0,0,0,0,0,1
b_4443,2022,boys,800,class-a,8,0,0,0,0,0,0,0
b_4443,2022,boys,DT,tri-valley,13,0,0,0,0,0,0,0
b_4443,2022,boys,DT,bay-shore,17,0,0,0,0,0,0,0
b_4443,2022,boys,DT,redwood-empire,13,0,0,0,0,0,0,0
b_4443,2022,boys,DT,class-a,10,0,0,0,0,0,0,0
b_4443,2022,boys,HJ,tri-valley,11,5,5,0,0,5,0,0
b_4443,2022,boys,HJ,bay-shore,15,0,0,0,0,0,0,0
b_4443,2022,boys,HJ,redwood-empire,7,3,3,0,0,3,0,0
b_4443,2022,boys,HJ,class-a,9,2,2,0,0,2,0,0
b_4443,2022,boys,LJ,tri-valley,14,0,0,0,0,0,0,0
b_4443,2022,boys,LJ,bay-shore,13,0,0,0,0,0,0,0
b_4443,2022,boys,LJ,redwood-empire,15,0,0,0,0,0,0,0
b_4443,2022,boys,LJ,class-a,13,0,0,0,0,0,0,0
b_4443,2022,boys,PV,tri-valley,11,11,0,0,0,0,0,11
b_4443,2022,boys,PV,bay-shore,10,9,0,0,0,0,0,9
b_4443,2022,boys,PV,redwood-empire,11,11,0,0,0,0,0,11
b_4443,2022,boys,PV,class-a,0,0,0,0,0,0,0,0
b_4443,2022,boys,SP,tri-valley,16,4,0,0,0,0,0,4
b_4443,2022,boys,SP,bay-shore,15,1,0,0,0,0,0,1
b_4443,2022,boys,SP,redwood-empire,14,3,0,0,0,0,0,3
b_4443,2022,boys,SP,class-a,11,0,0,0,0,0,0,0
b_4443,2022,boys,TJ,tri-valley,14,1,0,0,0,0,0,1
b_4443,2022,boys,TJ,bay-shore,14,0,0,0,0,0,0,0
b_4443,2022,boys,TJ,redwood-empire,13,0,0,0,0,0,0,0
b_4443,2022,boys,TJ,class-a,13,0,0,0,0,0,0,0
b_4443,2022,boys,group:sprints_hurdles,tri-valley,47,23,0,0,0,0,0,23
b_4443,2022,boys,group:sprints_hurdles,bay-shore,57,19,0,0,0,0,0,19
b_4443,2022,boys,group:sprints_hurdles,redwood-empire,55,20,0,0,0,0,0,20
b_4443,2022,boys,group:sprints_hurdles,class-a,43,0,0,0,0,0,0,0
b_4443,2022,boys,group:400_800,tri-valley,25,14,0,0,0,0,0,14
b_4443,2022,boys,group:400_800,bay-shore,30,9,0,0,0,0,0,9
b_4443,2022,boys,group:400_800,redwood-empire,34,3,0,0,0,0,0,3
b_4443,2022,boys,group:400_800,class-a,18,0,0,0,0,0,0,0
b_4443,2022,boys,group:distance,tri-valley,28,2,0,0,0,0,0,2
b_4443,2022,boys,group:distance,bay-shore,29,1,0,0,0,0,0,1
b_4443,2022,boys,group:distance,redwood-empire,39,1,0,0,0,0,0,1
b_4443,2022,boys,group:distance,class-a,28,0,0,0,0,0,0,0
b_4443,2022,boys,group:jumps,tri-valley,50,17,5,0,0,5,0,12
b_4443,2022,boys,group:jumps,bay-shore,52,9,0,0,0,0,0,9
b_4443,2022,boys,group:jumps,redwood-empire,46,14,3,0,0,3,0,11
b_4443,2022,boys,group:jumps,class-a,35,2,2,0,0,2,0,0
b_4443,2022,boys,group:throws,tri-valley,29,4,0,0,0,0,0,4
b_4443,2022,boys,group:throws,bay-shore,32,1,0,0,0,0,0,1
b_4443,2022,boys,group:throws,redwood-empire,27,3,0,0,0,0,0,3
b_4443,2022,boys,group:throws,class-a,21,0,0,0,0,0,0,0
b_4443,2022,boys,group:relays,tri-valley,14,9,0,0,0,0,0,9
b_4443,2022,boys,group:relays,bay-shore,18,5,0,0,0,0,0,5
b_4443,2022,boys,group:relays,redwood-empire,30,8,0,0,0,0,0,8
b_4443,2022,boys,group:relays,class-a,9,0,0,0,0,0,0,0
b_4443,2022,boys,all,tri-valley,193,69,5,0,0,5,0,64
b_4443,2022,boys,all,bay-shore,218,44,0,0,0,0,0,44
b_4443,2022,boys,all,redwood-empire,231,49,3,0,0,3,0,46
b_4443,2022,boys,all,class-a,154,2,2,0,0,2,0,0
b_4443,2022,all,100,tri-valley,24,11,0,0,0,0,0,11
b_4443,2022,all,100,bay-shore,32,8,0,0,0,0,0,8
b_4443,2022,all,100,redwood-empire,31,9,0,0,0,0,0,9
b_4443,2022,all,100,class-a,30,0,0,0,0,0,0,0
b_4443,2022,all,100H,tri-valley,12,0,0,0,0,0,0,0
b_4443,2022,all,100H,bay-shore,18,0,0,0,0,0,0,0
b_4443,2022,all,100H,redwood-empire,15,0,0,0,0,0,0,0
b_4443,2022,all,100H,class-a,10,0,0,0,0,0,0,0
b_4443,2022,all,110H,tri-valley,12,0,0,0,0,0,0,0
b_4443,2022,all,110H,bay-shore,15,0,0,0,0,0,0,0
b_4443,2022,all,110H,redwood-empire,13,0,0,0,0,0,0,0
b_4443,2022,all,110H,class-a,8,0,0,0,0,0,0,0
b_4443,2022,all,1600,tri-valley,26,0,0,0,0,0,0,0
b_4443,2022,all,1600,bay-shore,30,0,0,0,0,0,0,0
b_4443,2022,all,1600,redwood-empire,35,0,0,0,0,0,0,0
b_4443,2022,all,1600,class-a,23,0,0,0,0,0,0,0
b_4443,2022,all,200,tri-valley,24,14,3,0,0,0,3,14
b_4443,2022,all,200,bay-shore,26,13,2,0,0,0,2,12
b_4443,2022,all,200,redwood-empire,29,10,0,0,0,0,0,10
b_4443,2022,all,200,class-a,21,0,0,0,0,0,0,0
b_4443,2022,all,300H,tri-valley,26,1,0,0,0,0,0,1
b_4443,2022,all,300H,bay-shore,32,0,0,0,0,0,0,0
b_4443,2022,all,300H,redwood-empire,25,1,0,0,0,0,0,1
b_4443,2022,all,300H,class-a,16,0,0,0,0,0,0,0
b_4443,2022,all,3200,tri-valley,29,2,0,0,0,0,0,2
b_4443,2022,all,3200,bay-shore,29,1,0,0,0,0,0,1
b_4443,2022,all,3200,redwood-empire,34,1,0,0,0,0,0,1
b_4443,2022,all,3200,class-a,23,0,0,0,0,0,0,0
b_4443,2022,all,400,tri-valley,19,10,3,0,0,0,3,9
b_4443,2022,all,400,bay-shore,31,6,2,0,0,0,2,5
b_4443,2022,all,400,redwood-empire,35,2,0,0,0,0,0,2
b_4443,2022,all,400,class-a,20,0,0,0,0,0,0,0
b_4443,2022,all,4x100,tri-valley,13,3,0,0,0,0,0,3
b_4443,2022,all,4x100,bay-shore,19,1,0,0,0,0,0,1
b_4443,2022,all,4x100,redwood-empire,23,2,0,0,0,0,0,2
b_4443,2022,all,4x100,class-a,12,0,0,0,0,0,0,0
b_4443,2022,all,4x400,tri-valley,11,8,0,0,0,0,0,8
b_4443,2022,all,4x400,bay-shore,20,6,0,0,0,0,0,6
b_4443,2022,all,4x400,redwood-empire,27,10,1,0,0,1,0,10
b_4443,2022,all,4x400,class-a,7,0,0,0,0,0,0,0
b_4443,2022,all,800,tri-valley,24,9,2,0,0,2,0,8
b_4443,2022,all,800,bay-shore,32,5,0,0,0,0,0,5
b_4443,2022,all,800,redwood-empire,35,5,4,0,0,4,0,2
b_4443,2022,all,800,class-a,19,1,1,0,0,1,0,0
b_4443,2022,all,DT,tri-valley,24,4,4,0,0,4,0,3
b_4443,2022,all,DT,bay-shore,36,0,0,0,0,0,0,0
b_4443,2022,all,DT,redwood-empire,29,4,4,0,0,4,0,3
b_4443,2022,all,DT,class-a,26,1,1,0,0,1,0,0
b_4443,2022,all,HJ,tri-valley,23,5,5,0,0,5,0,0
b_4443,2022,all,HJ,bay-shore,26,0,0,0,0,0,0,0
b_4443,2022,all,HJ,redwood-empire,10,3,3,0,0,3,0,0
b_4443,2022,all,HJ,class-a,15,2,2,0,0,2,0,0
b_4443,2022,all,LJ,tri-valley,29,0,0,0,0,0,0,0
b_4443,2022,all,LJ,bay-shore,30,0,0,0,0,0,0,0
b_4443,2022,all,LJ,redwood-empire,25,0,0,0,0,0,0,0
b_4443,2022,all,LJ,class-a,25,0,0,0,0,0,0,0
b_4443,2022,all,PV,tri-valley,26,11,0,0,0,0,0,11
b_4443,2022,all,PV,bay-shore,20,9,0,0,0,0,0,9
b_4443,2022,all,PV,redwood-empire,20,11,0,0,0,0,0,11
b_4443,2022,all,PV,class-a,3,0,0,0,0,0,0,0
b_4443,2022,all,SP,tri-valley,26,10,6,0,0,6,0,4
b_4443,2022,all,SP,bay-shore,34,1,0,0,0,0,0,1
b_4443,2022,all,SP,redwood-empire,29,10,7,0,0,7,0,3
b_4443,2022,all,SP,class-a,26,6,6,0,0,6,0,0
b_4443,2022,all,TJ,tri-valley,27,1,0,0,0,0,0,1
b_4443,2022,all,TJ,bay-shore,27,0,0,0,0,0,0,0
b_4443,2022,all,TJ,redwood-empire,22,0,0,0,0,0,0,0
b_4443,2022,all,TJ,class-a,22,0,0,0,0,0,0,0
b_4443,2022,all,group:sprints_hurdles,tri-valley,98,26,3,0,0,0,3,26
b_4443,2022,all,group:sprints_hurdles,bay-shore,123,21,2,0,0,0,2,20
b_4443,2022,all,group:sprints_hurdles,redwood-empire,113,20,0,0,0,0,0,20
b_4443,2022,all,group:sprints_hurdles,class-a,85,0,0,0,0,0,0,0
b_4443,2022,all,group:400_800,tri-valley,43,19,5,0,0,2,3,17
b_4443,2022,all,group:400_800,bay-shore,63,11,2,0,0,0,2,10
b_4443,2022,all,group:400_800,redwood-empire,70,7,4,0,0,4,0,4
b_4443,2022,all,group:400_800,class-a,39,1,1,0,0,1,0,0
b_4443,2022,all,group:distance,tri-valley,55,2,0,0,0,0,0,2
b_4443,2022,all,group:distance,bay-shore,59,1,0,0,0,0,0,1
b_4443,2022,all,group:distance,redwood-empire,69,1,0,0,0,0,0,1
b_4443,2022,all,group:distance,class-a,46,0,0,0,0,0,0,0
b_4443,2022,all,group:jumps,tri-valley,105,17,5,0,0,5,0,12
b_4443,2022,all,group:jumps,bay-shore,103,9,0,0,0,0,0,9
b_4443,2022,all,group:jumps,redwood-empire,77,14,3,0,0,3,0,11
b_4443,2022,all,group:jumps,class-a,65,2,2,0,0,2,0,0
b_4443,2022,all,group:throws,tri-valley,50,14,10,0,0,10,0,7
b_4443,2022,all,group:throws,bay-shore,70,1,0,0,0,0,0,1
b_4443,2022,all,group:throws,redwood-empire,58,14,11,0,0,11,0,6
b_4443,2022,all,group:throws,class-a,52,7,7,0,0,7,0,0
b_4443,2022,all,group:relays,tri-valley,24,11,0,0,0,0,0,11
b_4443,2022,all,group:relays,bay-shore,39,7,0,0,0,0,0,7
b_4443,2022,all,group:relays,redwood-empire,50,12,1,0,0,1,0,12
b_4443,2022,all,group:relays,class-a,19,0,0,0,0,0,0,0
b_4443,2022,all,all,tri-valley,375,89,23,0,0,17,6,75
b_4443,2022,all,all,bay-shore,457,50,4,0,0,0,4,48
b_4443,2022,all,all,redwood-empire,437,68,19,0,0,19,0,54
b_4443,2022,all,all,class-a,306,10,10,0,0,10,0,0
b_4443,2023,girls,100,tri-valley,12,0,0,0,0,0,0,0
b_4443,2023,girls,100,bay-shore,17,0,0,0,0,0,0,0
b_4443,2023,girls,100,redwood-empire,22,2,0,0,0,0,0,2
b_4443,2023,girls,100,class-a,14,0,0,0,0,0,0,0
b_4443,2023,girls,100H,tri-valley,10,2,2,0,0,2,0,1
b_4443,2023,girls,100H,bay-shore,18,0,0,0,0,0,0,0
b_4443,2023,girls,100H,redwood-empire,15,3,3,0,0,3,0,1
b_4443,2023,girls,100H,class-a,14,0,0,0,0,0,0,0
b_4443,2023,girls,1600,tri-valley,13,2,2,0,0,2,0,0
b_4443,2023,girls,1600,bay-shore,17,0,0,0,0,0,0,0
b_4443,2023,girls,1600,redwood-empire,18,0,0,0,0,0,0,0
b_4443,2023,girls,1600,class-a,11,0,0,0,0,0,0,0
b_4443,2023,girls,200,tri-valley,9,1,1,0,0,1,0,0
b_4443,2023,girls,200,bay-shore,17,0,0,0,0,0,0,0
b_4443,2023,girls,200,redwood-empire,18,1,1,0,0,1,0,0
b_4443,2023,girls,200,class-a,13,0,0,0,0,0,0,0
b_4443,2023,girls,300H,tri-valley,11,4,0,0,0,0,0,4
b_4443,2023,girls,300H,bay-shore,17,6,0,0,0,0,0,6
b_4443,2023,girls,300H,redwood-empire,16,8,0,0,0,0,0,8
b_4443,2023,girls,300H,class-a,13,0,0,0,0,0,0,0
b_4443,2023,girls,3200,tri-valley,13,0,0,0,0,0,0,0
b_4443,2023,girls,3200,bay-shore,16,0,0,0,0,0,0,0
b_4443,2023,girls,3200,redwood-empire,19,0,0,0,0,0,0,0
b_4443,2023,girls,3200,class-a,9,0,0,0,0,0,0,0
b_4443,2023,girls,400,tri-valley,8,1,0,0,0,0,0,1
b_4443,2023,girls,400,bay-shore,14,0,0,0,0,0,0,0
b_4443,2023,girls,400,redwood-empire,19,0,0,0,0,0,0,0
b_4443,2023,girls,400,class-a,17,0,0,0,0,0,0,0
b_4443,2023,girls,4x100,tri-valley,7,3,0,0,0,0,0,3
b_4443,2023,girls,4x100,bay-shore,9,1,0,0,0,0,0,1
b_4443,2023,girls,4x100,redwood-empire,17,8,0,0,0,0,0,8
b_4443,2023,girls,4x100,class-a,13,0,0,0,0,0,0,0
b_4443,2023,girls,4x400,tri-valley,5,0,0,0,0,0,0,0
b_4443,2023,girls,4x400,bay-shore,7,0,0,0,0,0,0,0
b_4443,2023,girls,4x400,redwood-empire,16,1,1,0,0,1,0,0
b_4443,2023,girls,4x400,class-a,10,0,0,0,0,0,0,0
b_4443,2023,girls,800,tri-valley,8,0,0,0,0,0,0,0
b_4443,2023,girls,800,bay-shore,19,0,0,0,0,0,0,0
b_4443,2023,girls,800,redwood-empire,22,0,0,0,0,0,0,0
b_4443,2023,girls,800,class-a,16,0,0,0,0,0,0,0
b_4443,2023,girls,DT,tri-valley,10,1,0,0,0,0,0,1
b_4443,2023,girls,DT,bay-shore,20,0,0,0,0,0,0,0
b_4443,2023,girls,DT,redwood-empire,21,3,0,0,0,0,0,3
b_4443,2023,girls,DT,class-a,17,0,0,0,0,0,0,0
b_4443,2023,girls,HJ,tri-valley,9,0,0,0,0,0,0,0
b_4443,2023,girls,HJ,bay-shore,10,0,0,0,0,0,0,0
b_4443,2023,girls,HJ,redwood-empire,9,0,0,0,0,0,0,0
b_4443,2023,girls,HJ,class-a,10,0,0,0,0,0,0,0
b_4443,2023,girls,LJ,tri-valley,16,0,0,0,0,0,0,0
b_4443,2023,girls,LJ,bay-shore,13,0,0,0,0,0,0,0
b_4443,2023,girls,LJ,redwood-empire,15,0,0,0,0,0,0,0
b_4443,2023,girls,LJ,class-a,13,0,0,0,0,0,0,0
b_4443,2023,girls,PV,tri-valley,18,18,0,0,0,0,0,18
b_4443,2023,girls,PV,bay-shore,9,3,0,0,0,0,0,3
b_4443,2023,girls,PV,redwood-empire,12,12,0,0,0,0,0,12
b_4443,2023,girls,PV,class-a,3,0,0,0,0,0,0,0
b_4443,2023,girls,SP,tri-valley,17,4,4,0,0,4,0,0
b_4443,2023,girls,SP,bay-shore,19,0,0,0,0,0,0,0
b_4443,2023,girls,SP,redwood-empire,15,2,2,0,0,2,0,0
b_4443,2023,girls,SP,class-a,19,1,1,0,0,1,0,0
b_4443,2023,girls,TJ,tri-valley,14,0,0,0,0,0,0,0
b_4443,2023,girls,TJ,bay-shore,11,0,0,0,0,0,0,0
b_4443,2023,girls,TJ,redwood-empire,20,0,0,0,0,0,0,0
b_4443,2023,girls,TJ,class-a,10,0,0,0,0,0,0,0
b_4443,2023,girls,group:sprints_hurdles,tri-valley,42,7,3,0,0,3,0,5
b_4443,2023,girls,group:sprints_hurdles,bay-shore,69,6,0,0,0,0,0,6
b_4443,2023,girls,group:sprints_hurdles,redwood-empire,71,14,4,0,0,4,0,11
b_4443,2023,girls,group:sprints_hurdles,class-a,54,0,0,0,0,0,0,0
b_4443,2023,girls,group:400_800,tri-valley,16,1,0,0,0,0,0,1
b_4443,2023,girls,group:400_800,bay-shore,33,0,0,0,0,0,0,0
b_4443,2023,girls,group:400_800,redwood-empire,41,0,0,0,0,0,0,0
b_4443,2023,girls,group:400_800,class-a,33,0,0,0,0,0,0,0
b_4443,2023,girls,group:distance,tri-valley,26,2,2,0,0,2,0,0
b_4443,2023,girls,group:distance,bay-shore,33,0,0,0,0,0,0,0
b_4443,2023,girls,group:distance,redwood-empire,37,0,0,0,0,0,0,0
b_4443,2023,girls,group:distance,class-a,20,0,0,0,0,0,0,0
b_4443,2023,girls,group:jumps,tri-valley,57,18,0,0,0,0,0,18
b_4443,2023,girls,group:jumps,bay-shore,43,3,0,0,0,0,0,3
b_4443,2023,girls,group:jumps,redwood-empire,56,12,0,0,0,0,0,12
b_4443,2023,girls,group:jumps,class-a,36,0,0,0,0,0,0,0
b_4443,2023,girls,group:throws,tri-valley,27,5,4,0,0,4,0,1
b_4443,2023,girls,group:throws,bay-shore,39,0,0,0,0,0,0,0
b_4443,2023,girls,group:throws,redwood-empire,36,5,2,0,0,2,0,3
b_4443,2023,girls,group:throws,class-a,36,1,1,0,0,1,0,0
b_4443,2023,girls,group:relays,tri-valley,12,3,0,0,0,0,0,3
b_4443,2023,girls,group:relays,bay-shore,16,1,0,0,0,0,0,1
b_4443,2023,girls,group:relays,redwood-empire,33,9,1,0,0,1,0,8
b_4443,2023,girls,group:relays,class-a,23,0,0,0,0,0,0,0
b_4443,2023,girls,all,tri-valley,180,36,9,0,0,9,0,28
b_4443,2023,girls,all,bay-shore,233,10,0,0,0,0,0,10
b_4443,2023,girls,all,redwood-empire,274,40,7,0,0,7,0,34
b_4443,2023,girls,all,class-a,202,1,1,0,0,1,0,0
b_4443,2023,boys,100,tri-valley,10,9,7,0,0,0,7,9
b_4443,2023,boys,100,bay-shore,15,2,1,0,0,0,1,2
b_4443,2023,boys,100,redwood-empire,23,2,0,0,0,0,0,2
b_4443,2023,boys,100,class-a,13,0,0,0,0,0,0,0
b_4443,2023,boys,110H,tri-valley,15,0,0,0,0,0,0,0
b_4443,2023,boys,110H,bay-shore,14,0,0,0,0,0,0,0
b_4443,2023,boys,110H,redwood-empire,21,0,0,0,0,0,0,0
b_4443,2023,boys,110H,class-a,12,0,0,0,0,0,0,0
b_4443,2023,boys,1600,tri-valley,7,3,0,0,0,0,0,3
b_4443,2023,boys,1600,bay-shore,19,4,0,0,0,0,0,4
b_4443,2023,boys,1600,redwood-empire,20,3,0,0,0,0,0,3
b_4443,2023,boys,1600,class-a,14,0,0,0,0,0,0,0
b_4443,2023,boys,200,tri-valley,9,5,0,0,0,0,0,5
b_4443,2023,boys,200,bay-shore,16,1,0,0,0,0,0,1
b_4443,2023,boys,200,redwood-empire,22,2,0,0,0,0,0,2
b_4443,2023,boys,200,class-a,13,0,0,0,0,0,0,0
b_4443,2023,boys,300H,tri-valley,14,3,3,0,0,3,0,1
b_4443,2023,boys,300H,bay-shore,16,0,0,0,0,0,0,0
b_4443,2023,boys,300H,redwood-empire,17,1,1,0,0,1,0,0
b_4443,2023,boys,300H,class-a,14,0,0,0,0,0,0,0
b_4443,2023,boys,3200,tri-valley,13,0,0,0,0,0,0,0
b_4443,2023,boys,3200,bay-shore,16,0,0,0,0,0,0,0
b_4443,2023,boys,3200,redwood-empire,20,0,0,0,0,0,0,0
b_4443,2023,boys,3200,class-a,17,0,0,0,0,0,0,0
b_4443,2023,boys,400,tri-valley,13,10,0,0,0,0,0,10
b_4443,2023,boys,400,bay-shore,17,7,0,0,0,0,0,7
b_4443,2023,boys,400,redwood-empire,22,6,0,0,0,0,0,6
b_4443,2023,boys,400,class-a,14,0,0,0,0,0,0,0
b_4443,2023,boys,4x100,tri-valley,9,7,3,0,0,3,0,7
b_4443,2023,boys,4x100,bay-shore,10,6,0,0,0,0,0,6
b_4443,2023,boys,4x100,redwood-empire,16,9,3,0,0,3,0,9
b_4443,2023,boys,4x100,class-a,5,0,0,0,0,0,0,0
b_4443,2023,boys,4x400,tri-valley,9,1,0,0,0,0,0,1
b_4443,2023,boys,4x400,bay-shore,13,0,0,0,0,0,0,0
b_4443,2023,boys,4x400,redwood-empire,16,1,0,0,0,0,0,1
b_4443,2023,boys,4x400,class-a,11,0,0,0,0,0,0,0
b_4443,2023,boys,800,tri-valley,10,1,1,0,0,0,1,0
b_4443,2023,boys,800,bay-shore,17,0,0,0,0,0,0,0
b_4443,2023,boys,800,redwood-empire,23,0,0,0,0,0,0,0
b_4443,2023,boys,800,class-a,13,0,0,0,0,0,0,0
b_4443,2023,boys,DT,tri-valley,15,0,0,0,0,0,0,0
b_4443,2023,boys,DT,bay-shore,17,0,0,0,0,0,0,0
b_4443,2023,boys,DT,redwood-empire,13,0,0,0,0,0,0,0
b_4443,2023,boys,DT,class-a,18,0,0,0,0,0,0,0
b_4443,2023,boys,HJ,tri-valley,10,0,0,0,0,0,0,0
b_4443,2023,boys,HJ,bay-shore,17,0,0,0,0,0,0,0
b_4443,2023,boys,HJ,redwood-empire,7,0,0,0,0,0,0,0
b_4443,2023,boys,HJ,class-a,10,0,0,0,0,0,0,0
b_4443,2023,boys,LJ,tri-valley,16,0,0,0,0,0,0,0
b_4443,2023,boys,LJ,bay-shore,13,0,0,0,0,0,0,0
b_4443,2023,boys,LJ,redwood-empire,18,0,0,0,0,0,0,0
b_4443,2023,boys,LJ,class-a,10,0,0,0,0,0,0,0
b_4443,2023,boys,PV,tri-valley,10,10,0,0,0,0,0,10
b_4443,2023,boys,PV,bay-shore,9,4,0,0,0,0,0,4
b_4443,2023,boys,PV,redwood-empire,9,9,0,0,0,0,0,9
b_4443,2023,boys,PV,class-a,2,0,0,0,0,0,0,0
b_4443,2023,boys,SP,tri-valley,14,1,0,0,0,0,0,1
b_4443,2023,boys,SP,bay-shore,13,2,0,0,0,0,0,2
b_4443,2023,boys,SP,redwood-empire,17,3,0,0,0,0,0,3
b_4443,2023,boys,SP,class-a,15,0,0,0,0,0,0,0
b_4443,2023,boys,TJ,tri-valley,17,0,0,0,0,0,0,0
b_4443,2023,boys,TJ,bay-shore,15,0,0,0,0,0,0,0
b_4443,2023,boys,TJ,redwood-empire,18,0,0,0,0,0,0,0
b_4443,2023,boys,TJ,class-a,14,0,0,0,0,0,0,0
b_4443,2023,boys,group:sprints_hurdles,tri-valley,48,17,10,0,0,3,7,15
b_4443,2023,boys,group:sprints_hurdles,bay-shore,61,3,1,0,0,0,1,3
b_4443,2023,boys,group:sprints_hurdles,redwood-empire,83,5,1,0,0,1,0,4
b_4443,2023,boys,group:sprints_hurdles,class-a,52,0,0,0,0,0,0,0
b_4443,2023,boys,group:400_800,tri-valley,23,11,1,0,0,0,1,10
b_4443,2023,boys,group:400_800,bay-shore,34,7,0,0,0,0,0,7
b_4443,2023,boys,group:400_800,redwood-empire,45,6,0,0,0,0,0,6
b_4443,2023,boys,group:400_800,class-a,27,0,0,0,0,0,0,0
b_4443,2023,boys,group:distance,tri-valley,20,3,0,0,0,0,0,3
b_4443,2023,boys,group:distance,bay-shore,35,4,0,0,0,0,0,4
b_4443,2023,boys,group:distance,redwood-empire,40,3,0,0,0,0,0,3
b_4443,2023,boys,group:distance,class-a,31,0,0,0,0,0,0,0
b_4443,2023,boys,group:jumps,tri-valley,53,10,0,0,0,0,0,10
b_4443,2023,boys,group:jumps,bay-shore,54,4,0,0,0,0,0,4
b_4443,2023,boys,group:jumps,redwood-empire,52,9,0,0,0,0,0,9
b_4443,2023,boys,group:jumps,class-a,36,0,0,0,0,0,0,0
b_4443,2023,boys,group:throws,tri-valley,29,1,0,0,0,0,0,1
b_4443,2023,boys,group:throws,bay-shore,30,2,0,0,0,0,0,2
b_4443,2023,boys,group:throws,redwood-empire,30,3,0,0,0,0,0,3
b_4443,2023,boys,group:throws,class-a,33,0,0,0,0,0,0,0
b_4443,2023,boys,group:relays,tri-valley,18,8,3,0,0,3,0,8
b_4443,2023,boys,group:relays,bay-shore,23,6,0,0,0,0,0,6
b_4443,2023,boys,group:relays,redwood-empire,32,10,3,0,0,3,0,10
b_4443,2023,boys,group:relays,class-a,16,0,0,0,0,0,0,0
b_4443,2023,boys,all,tri-valley,191,50,14,0,0,6,8,47
b_4443,2023,boys,all,bay-shore,237,26,1,0,0,0,1,26
b_4443,2023,boys,all,redwood-empire,282,36,4,0,0,4,0,35
b_4443,2023,boys,all,class-a,195,0,0,0,0,0,0,0
b_4443,2023,all,100,tri-valley,22,9,7,0,0,0,7,9
b_4443,2023,all,100,bay-shore,32,2,1,0,0,0,1,2
b_4443,2023,all,100,redwood-empire,45,4,0,0,0,0,0,4
b_4443,2023,all,100,class-a,27,0,0,0,0,0,0,0
b_4443,2023,all,100H,tri-valley,10,2,2,0,0,2,0,1
b_4443,2023,all,100H,bay-shore,18,0,0,0,0,0,0,0
b_4443,2023,all,100H,redwood-empire,15,3,3,0,0,3,0,1
b_4443,2023,all,100H,class-a,14,0,0,0,0,0,0,0
b_4443,2023,all,110H,tri-valley,15,0,0,0,0,0,0,0
b_4443,2023,all,110H,bay-shore,14,0,0,0,0,0,0,0
b_4443,2023,all,110H,redwood-empire,21,0,0,0,0,0,0,0
b_4443,2023,all,110H,class-a,12,0,0,0,0,0,0,0
b_4443,2023,all,1600,tri-valley,20,5,2,0,0,2,0,3
b_4443,2023,all,1600,bay-shore,36,4,0,0,0,0,0,4
b_4443,2023,all,1600,redwood-empire,38,3,0,0,0,0,0,3
b_4443,2023,all,1600,class-a,25,0,0,0,0,0,0,0
b_4443,2023,all,200,tri-valley,18,6,1,0,0,1,0,5
b_4443,2023,all,200,bay-shore,33,1,0,0,0,0,0,1
b_4443,2023,all,200,redwood-empire,40,3,1,0,0,1,0,2
b_4443,2023,all,200,class-a,26,0,0,0,0,0,0,0
b_4443,2023,all,300H,tri-valley,25,7,3,0,0,3,0,5
b_4443,2023,all,300H,bay-shore,33,6,0,0,0,0,0,6
b_4443,2023,all,300H,redwood-empire,33,9,1,0,0,1,0,8
b_4443,2023,all,300H,class-a,27,0,0,0,0,0,0,0
b_4443,2023,all,3200,tri-valley,26,0,0,0,0,0,0,0
b_4443,2023,all,3200,bay-shore,32,0,0,0,0,0,0,0
b_4443,2023,all,3200,redwood-empire,39,0,0,0,0,0,0,0
b_4443,2023,all,3200,class-a,26,0,0,0,0,0,0,0
b_4443,2023,all,400,tri-valley,21,11,0,0,0,0,0,11
b_4443,2023,all,400,bay-shore,31,7,0,0,0,0,0,7
b_4443,2023,all,400,redwood-empire,41,6,0,0,0,0,0,6
b_4443,2023,all,400,class-a,31,0,0,0,0,0,0,0
b_4443,2023,all,4x100,tri-valley,16,10,3,0,0,3,0,10
b_4443,2023,all,4x100,bay-shore,19,7,0,0,0,0,0,7
b_4443,2023,all,4x100,redwood-empire,33,17,3,0,0,3,0,17
b_4443,2023,all,4x100,class-a,18,0,0,0,0,0,0,0
b_4443,2023,all,4x400,tri-valley,14,1,0,0,0,0,0,1
b_4443,2023,all,4x400,bay-shore,20,0,0,0,0,0,0,0
b_4443,2023,all,4x400,redwood-empire,32,2,1,0,0,1,0,1
b_4443,2023,all,4x400,class-a,21,0,0,0,0,0,0,0
b_4443,2023,all,800,tri-valley,18,1,1,0,0,0,1,0
b_4443,2023,all,800,bay-shore,36,0,0,0,0,0,0,0
b_4443,2023,all,800,redwood-empire,45,0,0,0,0,0,0,0
b_4443,2023,all,800,class-a,29,0,0,0,0,0,0,0
b_4443,2023,all,DT,tri-valley,25,1,0,0,0,0,0,1
b_4443,2023,all,DT,bay-shore,37,0,0,0,0,0,0,0
b_4443,2023,all,DT,redwood-empire,34,3,0,0,0,0,0,3
b_4443,2023,all,DT,class-a,35,0,0,0,0,0,0,0
b_4443,2023,all,HJ,tri-valley,19,0,0,0,0,0,0,0
b_4443,2023,all,HJ,bay-shore,27,0,0,0,0,0,0,0
b_4443,2023,all,HJ,redwood-empire,16,0,0,0,0,0,0,0
b_4443,2023,all,HJ,class-a,20,0,0,0,0,0,0,0
b_4443,2023,all,LJ,tri-valley,32,0,0,0,0,0,0,0
b_4443,2023,all,LJ,bay-shore,26,0,0,0,0,0,0,0
b_4443,2023,all,LJ,redwood-empire,33,0,0,0,0,0,0,0
b_4443,2023,all,LJ,class-a,23,0,0,0,0,0,0,0
b_4443,2023,all,PV,tri-valley,28,28,0,0,0,0,0,28
b_4443,2023,all,PV,bay-shore,18,7,0,0,0,0,0,7
b_4443,2023,all,PV,redwood-empire,21,21,0,0,0,0,0,21
b_4443,2023,all,PV,class-a,5,0,0,0,0,0,0,0
b_4443,2023,all,SP,tri-valley,31,5,4,0,0,4,0,1
b_4443,2023,all,SP,bay-shore,32,2,0,0,0,0,0,2
b_4443,2023,all,SP,redwood-empire,32,5,2,0,0,2,0,3
b_4443,2023,all,SP,class-a,34,1,1,0,0,1,0,0
b_4443,2023,all,TJ,tri-valley,31,0,0,0,0,0,0,0
b_4443,2023,all,TJ,bay-shore,26,0,0,0,0,0,0,0
b_4443,2023,all,TJ,redwood-empire,38,0,0,0,0,0,0,0
b_4443,2023,all,TJ,class-a,24,0,0,0,0,0,0,0
b_4443,2023,all,group:sprints_hurdles,tri-valley,90,24,13,0,0,6,7,20
b_4443,2023,all,group:sprints_hurdles,bay-shore,130,9,1,0,0,0,1,9
b_4443,2023,all,group:sprints_hurdles,redwood-empire,154,19,5,0,0,5,0,15
b_4443,2023,all,group:sprints_hurdles,class-a,106,0,0,0,0,0,0,0
b_4443,2023,all,group:400_800,tri-valley,39,12,1,0,0,0,1,11
b_4443,2023,all,group:400_800,bay-shore,67,7,0,0,0,0,0,7
b_4443,2023,all,group:400_800,redwood-empire,86,6,0,0,0,0,0,6
b_4443,2023,all,group:400_800,class-a,60,0,0,0,0,0,0,0
b_4443,2023,all,group:distance,tri-valley,46,5,2,0,0,2,0,3
b_4443,2023,all,group:distance,bay-shore,68,4,0,0,0,0,0,4
b_4443,2023,all,group:distance,redwood-empire,77,3,0,0,0,0,0,3
b_4443,2023,all,group:distance,class-a,51,0,0,0,0,0,0,0
b_4443,2023,all,group:jumps,tri-valley,110,28,0,0,0,0,0,28
b_4443,2023,all,group:jumps,bay-shore,97,7,0,0,0,0,0,7
b_4443,2023,all,group:jumps,redwood-empire,108,21,0,0,0,0,0,21
b_4443,2023,all,group:jumps,class-a,72,0,0,0,0,0,0,0
b_4443,2023,all,group:throws,tri-valley,56,6,4,0,0,4,0,2
b_4443,2023,all,group:throws,bay-shore,69,2,0,0,0,0,0,2
b_4443,2023,all,group:throws,redwood-empire,66,8,2,0,0,2,0,6
b_4443,2023,all,group:throws,class-a,69,1,1,0,0,1,0,0
b_4443,2023,all,group:relays,tri-valley,30,11,3,0,0,3,0,11
b_4443,2023,all,group:relays,bay-shore,39,7,0,0,0,0,0,7
b_4443,2023,all,group:relays,redwood-empire,65,19,4,0,0,4,0,18
b_4443,2023,all,group:relays,class-a,39,0,0,0,0,0,0,0
b_4443,2023,all,all,tri-valley,371,86,23,0,0,15,8,75
b_4443,2023,all,all,bay-shore,470,36,1,0,0,0,1,36
b_4443,2023,all,all,redwood-empire,556,76,11,0,0,11,0,69
b_4443,2023,all,all,class-a,397,1,1,0,0,1,0,0
b_4443,2024,girls,100,tri-valley,13,4,4,0,0,0,4,0
b_4443,2024,girls,100,bay-shore,16,3,3,0,0,0,3,0
b_4443,2024,girls,100,redwood-empire,15,0,0,0,0,0,0,0
b_4443,2024,girls,100,class-a,17,3,3,0,0,0,3,0
b_4443,2024,girls,100H,tri-valley,14,0,0,0,0,0,0,0
b_4443,2024,girls,100H,bay-shore,20,0,0,0,0,0,0,0
b_4443,2024,girls,100H,redwood-empire,20,0,0,0,0,0,0,0
b_4443,2024,girls,100H,class-a,11,0,0,0,0,0,0,0
b_4443,2024,girls,1600,tri-valley,9,0,0,0,0,0,0,0
b_4443,2024,girls,1600,bay-shore,16,0,0,0,0,0,0,0
b_4443,2024,girls,1600,redwood-empire,17,0,0,0,0,0,0,0
b_4443,2024,girls,1600,class-a,10,0,0,0,0,0,0,0
b_4443,2024,girls,200,tri-valley,15,0,0,0,0,0,0,0
b_4443,2024,girls,200,bay-shore,16,0,0,0,0,0,0,0
b_4443,2024,girls,200,redwood-empire,16,0,0,0,0,0,0,0
b_4443,2024,girls,200,class-a,13,0,0,0,0,0,0,0
b_4443,2024,girls,300H,tri-valley,13,0,0,0,0,0,0,0
b_4443,2024,girls,300H,bay-shore,19,0,0,0,0,0,0,0
b_4443,2024,girls,300H,redwood-empire,17,0,0,0,0,0,0,0
b_4443,2024,girls,300H,class-a,12,0,0,0,0,0,0,0
b_4443,2024,girls,3200,tri-valley,12,0,0,0,0,0,0,0
b_4443,2024,girls,3200,bay-shore,14,0,0,0,0,0,0,0
b_4443,2024,girls,3200,redwood-empire,16,0,0,0,0,0,0,0
b_4443,2024,girls,3200,class-a,15,0,0,0,0,0,0,0
b_4443,2024,girls,400,tri-valley,10,0,0,0,0,0,0,0
b_4443,2024,girls,400,bay-shore,18,0,0,0,0,0,0,0
b_4443,2024,girls,400,redwood-empire,17,0,0,0,0,0,0,0
b_4443,2024,girls,400,class-a,16,0,0,0,0,0,0,0
b_4443,2024,girls,4x100,tri-valley,8,0,0,0,0,0,0,0
b_4443,2024,girls,4x100,bay-shore,14,1,0,0,0,0,0,1
b_4443,2024,girls,4x100,redwood-empire,17,0,0,0,0,0,0,0
b_4443,2024,girls,4x100,class-a,12,0,0,0,0,0,0,0
b_4443,2024,girls,4x400,tri-valley,5,0,0,0,0,0,0,0
b_4443,2024,girls,4x400,bay-shore,8,0,0,0,0,0,0,0
b_4443,2024,girls,4x400,redwood-empire,13,0,0,0,0,0,0,0
b_4443,2024,girls,4x400,class-a,7,0,0,0,0,0,0,0
b_4443,2024,girls,800,tri-valley,9,3,2,0,0,2,0,3
b_4443,2024,girls,800,bay-shore,16,1,0,0,0,0,0,1
b_4443,2024,girls,800,redwood-empire,18,2,1,0,0,1,0,2
b_4443,2024,girls,800,class-a,12,0,0,0,0,0,0,0
b_4443,2024,girls,DT,tri-valley,14,0,0,0,0,0,0,0
b_4443,2024,girls,DT,bay-shore,15,0,0,0,0,0,0,0
b_4443,2024,girls,DT,redwood-empire,17,0,0,0,0,0,0,0
b_4443,2024,girls,DT,class-a,12,0,0,0,0,0,0,0
b_4443,2024,girls,HJ,tri-valley,10,0,0,0,0,0,0,0
b_4443,2024,girls,HJ,bay-shore,15,0,0,0,0,0,0,0
b_4443,2024,girls,HJ,redwood-empire,3,0,0,0,0,0,0,0
b_4443,2024,girls,HJ,class-a,10,0,0,0,0,0,0,0
b_4443,2024,girls,LJ,tri-valley,15,1,1,0,0,0,1,1
b_4443,2024,girls,LJ,bay-shore,12,3,3,0,0,0,3,2
b_4443,2024,girls,LJ,redwood-empire,16,0,0,0,0,0,0,0
b_4443,2024,girls,LJ,class-a,13,0,0,0,0,0,0,0
b_4443,2024,girls,PV,tri-valley,10,10,0,0,0,0,0,10
b_4443,2024,girls,PV,bay-shore,11,10,0,0,0,0,0,10
b_4443,2024,girls,PV,redwood-empire,9,9,0,0,0,0,0,9
b_4443,2024,girls,PV,class-a,3,0,0,0,0,0,0,0
b_4443,2024,girls,SP,tri-valley,16,0,0,0,0,0,0,0
b_4443,2024,girls,SP,bay-shore,17,0,0,0,0,0,0,0
b_4443,2024,girls,SP,redwood-empire,13,0,0,0,0,0,0,0
b_4443,2024,girls,SP,class-a,12,0,0,0,0,0,0,0
b_4443,2024,girls,TJ,tri-valley,17,0,0,0,0,0,0,0
b_4443,2024,girls,TJ,bay-shore,16,0,0,0,0,0,0,0
b_4443,2024,girls,TJ,redwood-empire,15,0,0,0,0,0,0,0
b_4443,2024,girls,TJ,class-a,13,0,0,0,0,0,0,0
b_4443,2024,girls,group:sprints_hurdles,tri-valley,55,4,4,0,0,0,4,0
b_4443,2024,girls,group:sprints_hurdles,bay-shore,71,3,3,0,0,0,3,0
b_4443,2024,girls,group:sprints_hurdles,redwood-empire,68,0,0,0,0,0,0,0
b_4443,2024,girls,group:sprints_hurdles,class-a,53,3,3,0,0,0,3,0
b_4443,2024,girls,group:400_800,tri-valley,19,3,2,0,0,2,0,3
b_4443,2024,girls,group:400_800,bay-shore,34,1,0,0,0,0,0,1
b_4443,2024,girls,group:400_800,redwood-empire,35,2,1,0,0,1,0,2
b_4443,2024,girls,group:400_800,class-a,28,0,0,0,0,0,0,0
b_4443,2024,girls,group:distance,tri-valley,21,0,0,0,0,0,0,0
b_4443,2024,girls,group:distance,bay-shore,30,0,0,0,0,0,0,0
b_4443,2024,girls,group:distance,redwood-empire,33,0,0,0,0,0,0,0
b_4443,2024,girls,group:distance,class-a,25,0,0,0,0,0,0,0
b_4443,2024,girls,group:jumps,tri-valley,52,11,1,0,0,0,1,11
b_4443,2024,girls,group:jumps,bay-shore,54,13,3,0,0,0,3,12
b_4443,2024,girls,group:jumps,redwood-empire,43,9,0,0,0,0,0,9
b_4443,2024,girls,group:jumps,class-a,39,0,0,0,0,0,0,0
b_4443,2024,girls,group:throws,tri-valley,30,0,0,0,0,0,0,0
b_4443,2024,girls,group:throws,bay-shore,32,0,0,0,0,0,0,0
b_4443,2024,girls,group:throws,redwood-empire,30,0,0,0,0,0,0,0
b_4443,2024,girls,group:throws,class-a,24,0,0,0,0,0,0,0
b_4443,2024,girls,group:relays,tri-valley,13,0,0,0,0,0,0,0
b_4443,2024,girls,group:relays,bay-shore,22,1,0,0,0,0,0,1
b_4443,2024,girls,group:relays,redwood-empire,30,0,0,0,0,0,0,0
b_4443,2024,girls,group:relays,class-a,19,0,0,0,0,0,0,0
b_4443,2024,girls,all,tri-valley,190,18,7,0,0,2,5,14
b_4443,2024,girls,all,bay-shore,243,18,6,0,0,0,6,14
b_4443,2024,girls,all,redwood-empire,239,11,1,0,0,1,0,11
b_4443,2024,girls,all,class-a,188,3,3,0,0,0,3,0
b_4443,2024,boys,100,tri-valley,8,2,2,0,0,0,2,0
b_4443,2024,boys,100,bay-shore,11,1,1,0,0,0,1,0
b_4443,2024,boys,100,redwood-empire,18,0,0,0,0,0,0,0
b_4443,2024,boys,100,class-a,17,1,1,0,0,0,1,0
b_4443,2024,boys,110H,tri-valley,14,1,1,0,0,0,1,0
b_4443,2024,boys,110H,bay-shore,16,0,0,0,0,0,0,0
b_4443,2024,boys,110H,redwood-empire,17,0,0,0,0,0,0,0
b_4443,2024,boys,110H,class-a,12,0,0,0,0,0,0,0
b_4443,2024,boys,1600,tri-valley,11,4,0,0,0,0,0,4
b_4443,2024,boys,1600,bay-shore,16,1,0,0,0,0,0,1
b_4443,2024,boys,1600,redwood-empire,16,1,0,0,0,0,0,1
b_4443,2024,boys,1600,class-a,16,0,0,0,0,0,0,0
b_4443,2024,boys,200,tri-valley,13,0,0,0,0,0,0,0
b_4443,2024,boys,200,bay-shore,15,0,0,0,0,0,0,0
b_4443,2024,boys,200,redwood-empire,10,0,0,0,0,0,0,0
b_4443,2024,boys,200,class-a,16,0,0,0,0,0,0,0
b_4443,2024,boys,300H,tri-valley,11,2,0,0,0,0,0,2
b_4443,2024,boys,300H,bay-shore,14,1,0,0,0,0,0,1
b_4443,2024,boys,300H,redwood-empire,12,0,0,0,0,0,0,0
b_4443,2024,boys,300H,class-a,13,0,0,0,0,0,0,0
b_4443,2024,boys,3200,tri-valley,14,0,0,0,0,0,0,0
b_4443,2024,boys,3200,bay-shore,17,0,0,0,0,0,0,0
b_4443,2024,boys,3200,redwood-empire,19,1,0,0,0,0,0,1
b_4443,2024,boys,3200,class-a,24,0,0,0,0,0,0,0
b_4443,2024,boys,400,tri-valley,11,1,0,0,0,0,0,1
b_4443,2024,boys,400,bay-shore,14,3,0,0,0,0,0,3
b_4443,2024,boys,400,redwood-empire,18,0,0,0,0,0,0,0
b_4443,2024,boys,400,class-a,17,0,0,0,0,0,0,0
b_4443,2024,boys,4x100,tri-valley,10,7,0,0,0,0,0,7
b_4443,2024,boys,4x100,bay-shore,11,6,0,0,0,0,0,6
b_4443,2024,boys,4x100,redwood-empire,14,5,0,0,0,0,0,5
b_4443,2024,boys,4x100,class-a,9,0,0,0,0,0,0,0
b_4443,2024,boys,4x400,tri-valley,10,1,0,0,0,0,0,1
b_4443,2024,boys,4x400,bay-shore,8,1,0,0,0,0,0,1
b_4443,2024,boys,4x400,redwood-empire,15,0,0,0,0,0,0,0
b_4443,2024,boys,4x400,class-a,10,0,0,0,0,0,0,0
b_4443,2024,boys,800,tri-valley,10,0,0,0,0,0,0,0
b_4443,2024,boys,800,bay-shore,17,0,0,0,0,0,0,0
b_4443,2024,boys,800,redwood-empire,13,0,0,0,0,0,0,0
b_4443,2024,boys,800,class-a,14,0,0,0,0,0,0,0
b_4443,2024,boys,DT,tri-valley,12,4,0,0,0,0,0,4
b_4443,2024,boys,DT,bay-shore,20,4,0,0,0,0,0,4
b_4443,2024,boys,DT,redwood-empire,17,4,1,0,0,1,0,4
b_4443,2024,boys,DT,class-a,14,0,0,0,0,0,0,0
b_4443,2024,boys,HJ,tri-valley,8,0,0,0,0,0,0,0
b_4443,2024,boys,HJ,bay-shore,11,0,0,0,0,0,0,0
b_4443,2024,boys,HJ,redwood-empire,4,0,0,0,0,0,0,0
b_4443,2024,boys,HJ,class-a,12,0,0,0,0,0,0,0
b_4443,2024,boys,LJ,tri-valley,14,0,0,0,0,0,0,0
b_4443,2024,boys,LJ,bay-shore,10,0,0,0,0,0,0,0
b_4443,2024,boys,LJ,redwood-empire,15,0,0,0,0,0,0,0
b_4443,2024,boys,LJ,class-a,14,0,0,0,0,0,0,0
b_4443,2024,boys,PV,tri-valley,8,8,0,0,0,0,0,8
b_4443,2024,boys,PV,bay-shore,9,1,0,0,0,0,0,1
b_4443,2024,boys,PV,redwood-empire,13,12,0,0,0,0,0,12
b_4443,2024,boys,PV,class-a,5,0,0,0,0,0,0,0
b_4443,2024,boys,SP,tri-valley,14,6,0,0,0,0,0,6
b_4443,2024,boys,SP,bay-shore,16,4,0,0,0,0,0,4
b_4443,2024,boys,SP,redwood-empire,13,3,0,0,0,0,0,3
b_4443,2024,boys,SP,class-a,15,0,0,0,0,0,0,0
b_4443,2024,boys,TJ,tri-valley,14,1,0,0,0,0,0,1
b_4443,2024,boys,TJ,bay-shore,13,0,0,0,0,0,0,0
b_4443,2024,boys,TJ,redwood-empire,15,1,0,0,0,0,0,1
b_4443,2024,boys,TJ,class-a,17,0,0,0,0,0,0,0
b_4443,2024,boys,group:sprints_hurdles,tri-valley,46,5,3,0,0,0,3,2
b_4443,2024,boys,group:sprints_hurdles,bay-shore,56,2,1,0,0,0,1,1
b_4443,2024,boys,group:sprints_hurdles,redwood-empire,57,0,0,0,0,0,0,0
b_4443,2024,boys,group:sprints_hurdles,class-a,58,1,1,0,0,0,1,0
b_4443,2024,boys,group:400_800,tri-valley,21,1,0,0,0,0,0,1
b_4443,2024,boys,group:400_800,bay-shore,31,3,0,0,0,0,0,3
b_4443,2024,boys,group:400_800,redwood-empire,31,0,0,0,0,0,0,0
b_4443,2024,boys,group:400_800,class-a,31,0,0,0,0,0,0,0
b_4443,2024,boys,group:distance,tri-valley,25,4,0,0,0,0,0,4
b_4443,2024,boys,group:distance,bay-shore,33,1,0,0,0,0,0,1
b_4443,2024,boys,group:distance,redwood-empire,35,2,0,0,0,0,0,2
b_4443,2024,boys,group:distance,class-a,40,0,0,0,0,0,0,0
b_4443,2024,boys,group:jumps,tri-valley,44,9,0,0,0,0,0,9
b_4443,2024,boys,group:jumps,bay-shore,43,1,0,0,0,0,0,1
b_4443,2024,boys,group:jumps,redwood-empire,47,13,0,0,0,0,0,13
b_4443,2024,boys,group:jumps,class-a,48,0,0,0,0,0,0,0
b_4443,2024,boys,group:throws,tri-valley,26,10,0,0,0,0,0,10
b_4443,2024,boys,group:throws,bay-shore,36,8,0,0,0,0,0,8
b_4443,2024,boys,group:throws,redwood-empire,30,7,1,0,0,1,0,7
b_4443,2024,boys,group:throws,class-a,29,0,0,0,0,0,0,0
b_4443,2024,boys,group:relays,tri-valley,20,8,0,0,0,0,0,8
b_4443,2024,boys,group:relays,bay-shore,19,7,0,0,0,0,0,7
b_4443,2024,boys,group:relays,redwood-empire,29,5,0,0,0,0,0,5
b_4443,2024,boys,group:relays,class-a,19,0,0,0,0,0,0,0
b_4443,2024,boys,all,tri-valley,182,37,3,0,0,0,3,34
b_4443,2024,boys,all,bay-shore,218,22,1,0,0,0,1,21
b_4443,2024,boys,all,redwood-empire,229,27,1,0,0,1,0,27
b_4443,2024,boys,all,class-a,225,1,1,0,0,0,1,0
b_4443,2024,all,100,tri-valley,21,6,6,0,0,0,6,0
b_4443,2024,all,100,bay-shore,27,4,4,0,0,0,4,0
b_4443,2024,all,100,redwood-empire,33,0,0,0,0,0,0,0
b_4443,2024,all,100,class-a,34,4,4,0,0,0,4,0
b_4443,2024,all,100H,tri-valley,14,0,0,0,0,0,0,0
b_4443,2024,all,100H,bay-shore,20,0,0,0,0,0,0,0
b_4443,2024,all,100H,redwood-empire,20,0,0,0,0,0,0,0
b_4443,2024,all,100H,class-a,11,0,0,0,0,0,0,0
b_4443,2024,all,110H,tri-valley,14,1,1,0,0,0,1,0
b_4443,2024,all,110H,bay-shore,16,0,0,0,0,0,0,0
b_4443,2024,all,110H,redwood-empire,17,0,0,0,0,0,0,0
b_4443,2024,all,110H,class-a,12,0,0,0,0,0,0,0
b_4443,2024,all,1600,tri-valley,20,4,0,0,0,0,0,4
b_4443,2024,all,1600,bay-shore,32,1,0,0,0,0,0,1
b_4443,2024,all,1600,redwood-empire,33,1,0,0,0,0,0,1
b_4443,2024,all,1600,class-a,26,0,0,0,0,0,0,0
b_4443,2024,all,200,tri-valley,28,0,0,0,0,0,0,0
b_4443,2024,all,200,bay-shore,31,0,0,0,0,0,0,0
b_4443,2024,all,200,redwood-empire,26,0,0,0,0,0,0,0
b_4443,2024,all,200,class-a,29,0,0,0,0,0,0,0
b_4443,2024,all,300H,tri-valley,24,2,0,0,0,0,0,2
b_4443,2024,all,300H,bay-shore,33,1,0,0,0,0,0,1
b_4443,2024,all,300H,redwood-empire,29,0,0,0,0,0,0,0
b_4443,2024,all,300H,class-a,25,0,0,0,0,0,0,0
b_4443,2024,all,3200,tri-valley,26,0,0,0,0,0,0,0
b_4443,2024,all,3200,bay-shore,31,0,0,0,0,0,0,0
b_4443,2024,all,3200,redwood-empire,35,1,0,0,0,0,0,1
b_4443,2024,all,3200,class-a,39,0,0,0,0,0,0,0
b_4443,2024,all,400,tri-valley,21,1,0,0,0,0,0,1
b_4443,2024,all,400,bay-shore,32,3,0,0,0,0,0,3
b_4443,2024,all,400,redwood-empire,35,0,0,0,0,0,0,0
b_4443,2024,all,400,class-a,33,0,0,0,0,0,0,0
b_4443,2024,all,4x100,tri-valley,18,7,0,0,0,0,0,7
b_4443,2024,all,4x100,bay-shore,25,7,0,0,0,0,0,7
b_4443,2024,all,4x100,redwood-empire,31,5,0,0,0,0,0,5
b_4443,2024,all,4x100,class-a,21,0,0,0,0,0,0,0
b_4443,2024,all,4x400,tri-valley,15,1,0,0,0,0,0,1
b_4443,2024,all,4x400,bay-shore,16,1,0,0,0,0,0,1
b_4443,2024,all,4x400,redwood-empire,28,0,0,0,0,0,0,0
b_4443,2024,all,4x400,class-a,17,0,0,0,0,0,0,0
b_4443,2024,all,800,tri-valley,19,3,2,0,0,2,0,3
b_4443,2024,all,800,bay-shore,33,1,0,0,0,0,0,1
b_4443,2024,all,800,redwood-empire,31,2,1,0,0,1,0,2
b_4443,2024,all,800,class-a,26,0,0,0,0,0,0,0
b_4443,2024,all,DT,tri-valley,26,4,0,0,0,0,0,4
b_4443,2024,all,DT,bay-shore,35,4,0,0,0,0,0,4
b_4443,2024,all,DT,redwood-empire,34,4,1,0,0,1,0,4
b_4443,2024,all,DT,class-a,26,0,0,0,0,0,0,0
b_4443,2024,all,HJ,tri-valley,18,0,0,0,0,0,0,0
b_4443,2024,all,HJ,bay-shore,26,0,0,0,0,0,0,0
b_4443,2024,all,HJ,redwood-empire,7,0,0,0,0,0,0,0
b_4443,2024,all,HJ,class-a,22,0,0,0,0,0,0,0
b_4443,2024,all,LJ,tri-valley,29,1,1,0,0,0,1,1
b_4443,2024,all,LJ,bay-shore,22,3,3,0,0,0,3,2
b_4443,2024,all,LJ,redwood-empire,31,0,0,0,0,0,0,0
b_4443,2024,all,LJ,class-a,27,0,0,0,0,0,0,0
b_4443,2024,all,PV,tri-valley,18,18,0,0,0,0,0,18
b_4443,2024,all,PV,bay-shore,20,11,0,0,0,0,0,11
b_4443,2024,all,PV,redwood-empire,22,21,0,0,0,0,0,21
b_4443,2024,all,PV,class-a,8,0,0,0,0,0,0,0
b_4443,2024,all,SP,tri-valley,30,6,0,0,0,0,0,6
b_4443,2024,all,SP,bay-shore,33,4,0,0,0,0,0,4
b_4443,2024,all,SP,redwood-empire,26,3,0,0,0,0,0,3
b_4443,2024,all,SP,class-a,27,0,0,0,0,0,0,0
b_4443,2024,all,TJ,tri-valley,31,1,0,0,0,0,0,1
b_4443,2024,all,TJ,bay-shore,29,0,0,0,0,0,0,0
b_4443,2024,all,TJ,redwood-empire,30,1,0,0,0,0,0,1
b_4443,2024,all,TJ,class-a,30,0,0,0,0,0,0,0
b_4443,2024,all,group:sprints_hurdles,tri-valley,101,9,7,0,0,0,7,2
b_4443,2024,all,group:sprints_hurdles,bay-shore,127,5,4,0,0,0,4,1
b_4443,2024,all,group:sprints_hurdles,redwood-empire,125,0,0,0,0,0,0,0
b_4443,2024,all,group:sprints_hurdles,class-a,111,4,4,0,0,0,4,0
b_4443,2024,all,group:400_800,tri-valley,40,4,2,0,0,2,0,4
b_4443,2024,all,group:400_800,bay-shore,65,4,0,0,0,0,0,4
b_4443,2024,all,group:400_800,redwood-empire,66,2,1,0,0,1,0,2
b_4443,2024,all,group:400_800,class-a,59,0,0,0,0,0,0,0
b_4443,2024,all,group:distance,tri-valley,46,4,0,0,0,0,0,4
b_4443,2024,all,group:distance,bay-shore,63,1,0,0,0,0,0,1
b_4443,2024,all,group:distance,redwood-empire,68,2,0,0,0,0,0,2
b_4443,2024,all,group:distance,class-a,65,0,0,0,0,0,0,0
b_4443,2024,all,group:jumps,tri-valley,96,20,1,0,0,0,1,20
b_4443,2024,all,group:jumps,bay-shore,97,14,3,0,0,0,3,13
b_4443,2024,all,group:jumps,redwood-empire,90,22,0,0,0,0,0,22
b_4443,2024,all,group:jumps,class-a,87,0,0,0,0,0,0,0
b_4443,2024,all,group:throws,tri-valley,56,10,0,0,0,0,0,10
b_4443,2024,all,group:throws,bay-shore,68,8,0,0,0,0,0,8
b_4443,2024,all,group:throws,redwood-empire,60,7,1,0,0,1,0,7
b_4443,2024,all,group:throws,class-a,53,0,0,0,0,0,0,0
b_4443,2024,all,group:relays,tri-valley,33,8,0,0,0,0,0,8
b_4443,2024,all,group:relays,bay-shore,41,8,0,0,0,0,0,8
b_4443,2024,all,group:relays,redwood-empire,59,5,0,0,0,0,0,5
b_4443,2024,all,group:relays,class-a,38,0,0,0,0,0,0,0
b_4443,2024,all,all,tri-valley,372,55,10,0,0,2,8,48
b_4443,2024,all,all,bay-shore,461,40,7,0,0,0,7,35
b_4443,2024,all,all,redwood-empire,468,38,2,0,0,2,0,38
b_4443,2024,all,all,class-a,413,4,4,0,0,0,4,0
b_4443,2025,girls,100,tri-valley,10,5,2,0,0,0,2,5
b_4443,2025,girls,100,bay-shore,15,4,2,0,0,0,2,4
b_4443,2025,girls,100,redwood-empire,18,2,0,0,0,0,0,2
b_4443,2025,girls,100,class-a,18,0,0,0,0,0,0,0
b_4443,2025,girls,100H,tri-valley,18,0,0,0,0,0,0,0
b_4443,2025,girls,100H,bay-shore,17,0,0,0,0,0,0,0
b_4443,2025,girls,100H,redwood-empire,13,0,0,0,0,0,0,0
b_4443,2025,girls,100H,class-a,10,0,0,0,0,0,0,0
b_4443,2025,girls,1600,tri-valley,13,6,6,0,0,6,0,0
b_4443,2025,girls,1600,bay-shore,15,0,0,0,0,0,0,0
b_4443,2025,girls,1600,redwood-empire,12,1,1,0,0,1,0,0
b_4443,2025,girls,1600,class-a,13,2,2,0,0,2,0,0
b_4443,2025,girls,200,tri-valley,11,4,4,0,0,0,4,0
b_4443,2025,girls,200,bay-shore,15,1,1,0,0,0,1,0
b_4443,2025,girls,200,redwood-empire,16,0,0,0,0,0,0,0
b_4443,2025,girls,200,class-a,13,1,1,0,0,0,1,0
b_4443,2025,girls,300H,tri-valley,14,0,0,0,0,0,0,0
b_4443,2025,girls,300H,bay-shore,14,0,0,0,0,0,0,0
b_4443,2025,girls,300H,redwood-empire,15,0,0,0,0,0,0,0
b_4443,2025,girls,300H,class-a,12,0,0,0,0,0,0,0
b_4443,2025,girls,3200,tri-valley,15,6,0,0,0,0,0,6
b_4443,2025,girls,3200,bay-shore,13,0,0,0,0,0,0,0
b_4443,2025,girls,3200,redwood-empire,16,1,0,0,0,0,0,1
b_4443,2025,girls,3200,class-a,11,0,0,0,0,0,0,0
b_4443,2025,girls,400,tri-valley,12,2,2,0,0,0,2,0
b_4443,2025,girls,400,bay-shore,18,2,2,0,0,0,2,0
b_4443,2025,girls,400,redwood-empire,15,0,0,0,0,0,0,0
b_4443,2025,girls,400,class-a,27,0,0,0,0,0,0,0
b_4443,2025,girls,4x100,tri-valley,8,4,0,0,0,0,0,4
b_4443,2025,girls,4x100,bay-shore,14,0,0,0,0,0,0,0
b_4443,2025,girls,4x100,redwood-empire,15,2,0,0,0,0,0,2
b_4443,2025,girls,4x100,class-a,13,0,0,0,0,0,0,0
b_4443,2025,girls,4x400,tri-valley,7,0,0,0,0,0,0,0
b_4443,2025,girls,4x400,bay-shore,9,0,0,0,0,0,0,0
b_4443,2025,girls,4x400,redwood-empire,15,0,0,0,0,0,0,0
b_4443,2025,girls,4x400,class-a,8,0,0,0,0,0,0,0
b_4443,2025,girls,800,tri-valley,15,2,2,0,0,2,0,0
b_4443,2025,girls,800,bay-shore,18,0,0,0,0,0,0,0
b_4443,2025,girls,800,redwood-empire,16,2,2,0,0,2,0,0
b_4443,2025,girls,800,class-a,9,1,1,0,0,1,0,0
b_4443,2025,girls,DT,tri-valley,15,2,2,0,0,2,0,0
b_4443,2025,girls,DT,bay-shore,17,0,0,0,0,0,0,0
b_4443,2025,girls,DT,redwood-empire,13,0,0,0,0,0,0,0
b_4443,2025,girls,DT,class-a,15,0,0,0,0,0,0,0
b_4443,2025,girls,HJ,tri-valley,10,0,0,0,0,0,0,0
b_4443,2025,girls,HJ,bay-shore,7,0,0,0,0,0,0,0
b_4443,2025,girls,HJ,redwood-empire,5,0,0,0,0,0,0,0
b_4443,2025,girls,HJ,class-a,11,0,0,0,0,0,0,0
b_4443,2025,girls,LJ,tri-valley,12,4,2,0,0,0,2,4
b_4443,2025,girls,LJ,bay-shore,13,1,0,0,0,0,0,1
b_4443,2025,girls,LJ,redwood-empire,18,1,0,0,0,0,0,1
b_4443,2025,girls,LJ,class-a,16,0,0,0,0,0,0,0
b_4443,2025,girls,PV,tri-valley,9,1,0,0,0,0,0,1
b_4443,2025,girls,PV,bay-shore,3,0,0,0,0,0,0,0
b_4443,2025,girls,PV,redwood-empire,7,1,0,0,0,0,0,1
b_4443,2025,girls,PV,class-a,5,0,0,0,0,0,0,0
b_4443,2025,girls,SP,tri-valley,13,2,2,0,0,2,0,0
b_4443,2025,girls,SP,bay-shore,17,0,0,0,0,0,0,0
b_4443,2025,girls,SP,redwood-empire,15,2,2,0,0,2,0,0
b_4443,2025,girls,SP,class-a,14,0,0,0,0,0,0,0
b_4443,2025,girls,TJ,tri-valley,15,2,0,0,0,0,0,2
b_4443,2025,girls,TJ,bay-shore,14,5,0,0,0,0,0,5
b_4443,2025,girls,TJ,redwood-empire,16,4,0,0,0,0,0,4
b_4443,2025,girls,TJ,class-a,9,0,0,0,0,0,0,0
b_4443,2025,girls,group:sprints_hurdles,tri-valley,53,9,6,0,0,0,6,5
b_4443,2025,girls,group:sprints_hurdles,bay-shore,61,5,3,0,0,0,3,4
b_4443,2025,girls,group:sprints_hurdles,redwood-empire,62,2,0,0,0,0,0,2
b_4443,2025,girls,group:sprints_hurdles,class-a,53,1,1,0,0,0,1,0
b_4443,2025,girls,group:400_800,tri-valley,27,4,4,0,0,2,2,0
b_4443,2025,girls,group:400_800,bay-shore,36,2,2,0,0,0,2,0
b_4443,2025,girls,group:400_800,redwood-empire,31,2,2,0,0,2,0,0
b_4443,2025,girls,group:400_800,class-a,36,1,1,0,0,1,0,0
b_4443,2025,girls,group:distance,tri-valley,28,12,6,0,0,6,0,6
b_4443,2025,girls,group:distance,bay-shore,28,0,0,0,0,0,0,0
b_4443,2025,girls,group:distance,redwood-empire,28,2,1,0,0,1,0,1
b_4443,2025,girls,group:distance,class-a,24,2,2,0,0,2,0,0
b_4443,2025,girls,group:jumps,tri-valley,46,7,2,0,0,0,2,7
b_4443,2025,girls,group:jumps,bay-shore,37,6,0,0,0,0,0,6
b_4443,2025,girls,group:jumps,redwood-empire,46,6,0,0,0,0,0,6
b_4443,2025,girls,group:jumps,class-a,41,0,0,0,0,0,0,0
b_4443,2025,girls,group:throws,tri-valley,28,4,4,0,0,4,0,0
b_4443,2025,girls,group:throws,bay-shore,34,0,0,0,0,0,0,0
b_4443,2025,girls,group:throws,redwood-empire,28,2,2,0,0,2,0,0
b_4443,2025,girls,group:throws,class-a,29,0,0,0,0,0,0,0
b_4443,2025,girls,group:relays,tri-valley,15,4,0,0,0,0,0,4
b_4443,2025,girls,group:relays,bay-shore,23,0,0,0,0,0,0,0
b_4443,2025,girls,group:relays,redwood-empire,30,2,0,0,0,0,0,2
b_4443,2025,girls,group:relays,class-a,21,0,0,0,0,0,0,0
b_4443,2025,girls,all,tri-valley,197,40,22,0,0,12,10,22
b_4443,2025,girls,all,bay-shore,219,13,5,0,0,0,5,10
b_4443,2025,girls,all,redwood-empire,225,16,5,0,0,5,0,11
b_4443,2025,girls,all,class-a,204,4,4,0,0,3,1,0
b_4443,2025,boys,100,tri-valley,11,6,0,0,0,0,0,6
b_4443,2025,boys,100,bay-shore,17,7,0,0,0,0,0,7
b_4443,2025,boys,100,redwood-empire,16,9,0,0,0,0,0,9
b_4443,2025,boys,100,class-a,18,0,0,0,0,0,0,0
b_4443,2025,boys,110H,tri-valley,13,3,0,0,0,0,0,3
b_4443,2025,boys,110H,bay-shore,16,3,0,0,0,0,0,3
b_4443,2025,boys,110H,redwood-empire,17,2,0,0,0,0,0,2
b_4443,2025,boys,110H,class-a,13,0,0,0,0,0,0,0
b_4443,2025,boys,1600,tri-valley,13,2,2,0,0,2,0,2
b_4443,2025,boys,1600,bay-shore,19,0,0,0,0,0,0,0
b_4443,2025,boys,1600,redwood-empire,15,3,3,0,0,3,0,3
b_4443,2025,boys,1600,class-a,15,0,0,0,0,0,0,0
b_4443,2025,boys,200,tri-valley,13,1,0,0,0,0,0,1
b_4443,2025,boys,200,bay-shore,14,2,0,0,0,0,0,2
b_4443,2025,boys,200,redwood-empire,11,0,0,0,0,0,0,0
b_4443,2025,boys,200,class-a,15,0,0,0,0,0,0,0
b_4443,2025,boys,300H,tri-valley,9,4,4,0,0,4,0,2
b_4443,2025,boys,300H,bay-shore,16,0,0,0,0,0,0,0
b_4443,2025,boys,300H,redwood-empire,17,1,1,0,0,1,0,1
b_4443,2025,boys,300H,class-a,12,0,0,0,0,0,0,0
b_4443,2025,boys,3200,tri-valley,11,1,1,0,0,1,0,0
b_4443,2025,boys,3200,bay-shore,14,0,0,0,0,0,0,0
b_4443,2025,boys,3200,redwood-empire,15,0,0,0,0,0,0,0
b_4443,2025,boys,3200,class-a,18,0,0,0,0,0,0,0
b_4443,2025,boys,400,tri-valley,10,0,0,0,0,0,0,0
b_4443,2025,boys,400,bay-shore,18,0,0,0,0,0,0,0
b_4443,2025,boys,400,redwood-empire,17,0,0,0,0,0,0,0
b_4443,2025,boys,400,class-a,22,0,0,0,0,0,0,0
b_4443,2025,boys,4x100,tri-valley,8,4,0,0,0,0,0,4
b_4443,2025,boys,4x100,bay-shore,12,3,0,0,0,0,0,3
b_4443,2025,boys,4x100,redwood-empire,11,6,0,0,0,0,0,6
b_4443,2025,boys,4x100,class-a,14,0,0,0,0,0,0,0
b_4443,2025,boys,4x400,tri-valley,7,1,1,0,0,0,1,1
b_4443,2025,boys,4x400,bay-shore,11,2,0,0,0,0,0,2
b_4443,2025,boys,4x400,redwood-empire,14,1,0,0,0,0,0,1
b_4443,2025,boys,4x400,class-a,13,0,0,0,0,0,0,0
b_4443,2025,boys,800,tri-valley,12,6,0,0,0,0,0,6
b_4443,2025,boys,800,bay-shore,17,4,0,0,0,0,0,4
b_4443,2025,boys,800,redwood-empire,13,6,0,0,0,0,0,6
b_4443,2025,boys,800,class-a,14,0,0,0,0,0,0,0
b_4443,2025,boys,DT,tri-valley,12,8,2,0,0,2,0,8
b_4443,2025,boys,DT,bay-shore,16,1,0,0,0,0,0,1
b_4443,2025,boys,DT,redwood-empire,15,4,0,0,0,0,0,4
b_4443,2025,boys,DT,class-a,17,0,0,0,0,0,0,0
b_4443,2025,boys,HJ,tri-valley,7,0,0,0,0,0,0,0
b_4443,2025,boys,HJ,bay-shore,10,0,0,0,0,0,0,0
b_4443,2025,boys,HJ,redwood-empire,16,0,0,0,0,0,0,0
b_4443,2025,boys,HJ,class-a,11,0,0,0,0,0,0,0
b_4443,2025,boys,LJ,tri-valley,13,9,9,0,0,0,9,1
b_4443,2025,boys,LJ,bay-shore,17,7,7,0,0,0,7,0
b_4443,2025,boys,LJ,redwood-empire,17,0,0,0,0,0,0,0
b_4443,2025,boys,LJ,class-a,14,3,3,0,0,0,3,0
b_4443,2025,boys,PV,tri-valley,13,13,7,0,0,7,0,13
b_4443,2025,boys,PV,bay-shore,4,4,0,0,0,0,0,4
b_4443,2025,boys,PV,redwood-empire,9,9,2,0,0,2,0,9
b_4443,2025,boys,PV,class-a,4,0,0,0,0,0,0,0
b_4443,2025,boys,SP,tri-valley,12,6,0,0,0,0,0,6
b_4443,2025,boys,SP,bay-shore,17,2,0,0,0,0,0,2
b_4443,2025,boys,SP,redwood-empire,17,4,0,0,0,0,0,4
b_4443,2025,boys,SP,class-a,15,0,0,0,0,0,0,0
b_4443,2025,boys,TJ,tri-valley,14,0,0,0,0,0,0,0
b_4443,2025,boys,TJ,bay-shore,13,0,0,0,0,0,0,0
b_4443,2025,boys,TJ,redwood-empire,15,0,0,0,0,0,0,0
b_4443,2025,boys,TJ,class-a,18,0,0,0,0,0,0,0
b_4443,2025,boys,group:sprints_hurdles,tri-valley,46,14,4,0,0,4,0,12
b_4443,2025,boys,group:sprints_hurdles,bay-shore,63,12,0,0,0,0,0,12
b_4443,2025,boys,group:sprints_hurdles,redwood-empire,61,12,1,0,0,1,0,12
b_4443,2025,boys,group:sprints_hurdles,class-a,58,0,0,0,0,0,0,0
b_4443,2025,boys,group:400_800,tri-valley,22,6,0,0,0,0,0,6
b_4443,2025,boys,group:400_800,bay-shore,35,4,0,0,0,0,0,4
b_4443,2025,boys,group:400_800,redwood-empire,30,6,0,0,0,0,0,6
b_4443,2025,boys,group:400_800,class-a,36,0,0,0,0,0,0,0
b_4443,2025,boys,group:distance,tri-valley,24,3,3,0,0,3,0,2
b_4443,2025,boys,group:distance,bay-shore,33,0,0,0,0,0,0,0
b_4443,2025,boys,group:distance,redwood-empire,30,3,3,0,0,3,0,3
b_4443,2025,boys,group:distance,class-a,33,0,0,0,0,0,0,0
b_4443,2025,boys,group:jumps,tri-valley,47,22,16,0,0,7,9,14
b_4443,2025,boys,group:jumps,bay-shore,44,11,7,0,0,0,7,4
b_4443,2025,boys,group:jumps,redwood-empire,57,9,2,0,0,2,0,9
b_4443,2025,boys,group:jumps,class-a,47,3,3,0,0,0,3,0
b_4443,2025,boys,group:throws,tri-valley,24,14,2,0,0,2,0,14
b_4443,2025,boys,group:throws,bay-shore,33,3,0,0,0,0,0,3
b_4443,2025,boys,group:throws,redwood-empire,32,8,0,0,0,0,0,8
b_4443,2025,boys,group:throws,class-a,32,0,0,0,0,0,0,0
b_4443,2025,boys,group:relays,tri-valley,15,5,1,0,0,0,1,5
b_4443,2025,boys,group:relays,bay-shore,23,5,0,0,0,0,0,5
b_4443,2025,boys,group:relays,redwood-empire,25,7,0,0,0,0,0,7
b_4443,2025,boys,group:relays,class-a,27,0,0,0,0,0,0,0
b_4443,2025,boys,all,tri-valley,178,64,26,0,0,16,10,53
b_4443,2025,boys,all,bay-shore,231,35,7,0,0,0,7,28
b_4443,2025,boys,all,redwood-empire,235,45,6,0,0,6,0,45
b_4443,2025,boys,all,class-a,233,3,3,0,0,0,3,0
b_4443,2025,all,100,tri-valley,21,11,2,0,0,0,2,11
b_4443,2025,all,100,bay-shore,32,11,2,0,0,0,2,11
b_4443,2025,all,100,redwood-empire,34,11,0,0,0,0,0,11
b_4443,2025,all,100,class-a,36,0,0,0,0,0,0,0
b_4443,2025,all,100H,tri-valley,18,0,0,0,0,0,0,0
b_4443,2025,all,100H,bay-shore,17,0,0,0,0,0,0,0
b_4443,2025,all,100H,redwood-empire,13,0,0,0,0,0,0,0
b_4443,2025,all,100H,class-a,10,0,0,0,0,0,0,0
b_4443,2025,all,110H,tri-valley,13,3,0,0,0,0,0,3
b_4443,2025,all,110H,bay-shore,16,3,0,0,0,0,0,3
b_4443,2025,all,110H,redwood-empire,17,2,0,0,0,0,0,2
b_4443,2025,all,110H,class-a,13,0,0,0,0,0,0,0
b_4443,2025,all,1600,tri-valley,26,8,8,0,0,8,0,2
b_4443,2025,all,1600,bay-shore,34,0,0,0,0,0,0,0
b_4443,2025,all,1600,redwood-empire,27,4,4,0,0,4,0,3
b_4443,2025,all,1600,class-a,28,2,2,0,0,2,0,0
b_4443,2025,all,200,tri-valley,24,5,4,0,0,0,4,1
b_4443,2025,all,200,bay-shore,29,3,1,0,0,0,1,2
b_4443,2025,all,200,redwood-empire,27,0,0,0,0,0,0,0
b_4443,2025,all,200,class-a,28,1,1,0,0,0,1,0
b_4443,2025,all,300H,tri-valley,23,4,4,0,0,4,0,2
b_4443,2025,all,300H,bay-shore,30,0,0,0,0,0,0,0
b_4443,2025,all,300H,redwood-empire,32,1,1,0,0,1,0,1
b_4443,2025,all,300H,class-a,24,0,0,0,0,0,0,0
b_4443,2025,all,3200,tri-valley,26,7,1,0,0,1,0,6
b_4443,2025,all,3200,bay-shore,27,0,0,0,0,0,0,0
b_4443,2025,all,3200,redwood-empire,31,1,0,0,0,0,0,1
b_4443,2025,all,3200,class-a,29,0,0,0,0,0,0,0
b_4443,2025,all,400,tri-valley,22,2,2,0,0,0,2,0
b_4443,2025,all,400,bay-shore,36,2,2,0,0,0,2,0
b_4443,2025,all,400,redwood-empire,32,0,0,0,0,0,0,0
b_4443,2025,all,400,class-a,49,0,0,0,0,0,0,0
b_4443,2025,all,4x100,tri-valley,16,8,0,0,0,0,0,8
b_4443,2025,all,4x100,bay-shore,26,3,0,0,0,0,0,3
b_4443,2025,all,4x100,redwood-empire,26,8,0,0,0,0,0,8
b_4443,2025,all,4x100,class-a,27,0,0,0,0,0,0,0
b_4443,2025,all,4x400,tri-valley,14,1,1,0,0,0,1,1
b_4443,2025,all,4x400,bay-shore,20,2,0,0,0,0,0,2
b_4443,2025,all,4x400,redwood-empire,29,1,0,0,0,0,0,1
b_4443,2025,all,4x400,class-a,21,0,0,0,0,0,0,0
b_4443,2025,all,800,tri-valley,27,8,2,0,0,2,0,6
b_4443,2025,all,800,bay-shore,35,4,0,0,0,0,0,4
b_4443,2025,all,800,redwood-empire,29,8,2,0,0,2,0,6
b_4443,2025,all,800,class-a,23,1,1,0,0,1,0,0
b_4443,2025,all,DT,tri-valley,27,10,4,0,0,4,0,8
b_4443,2025,all,DT,bay-shore,33,1,0,0,0,0,0,1
b_4443,2025,all,DT,redwood-empire,28,4,0,0,0,0,0,4
b_4443,2025,all,DT,class-a,32,0,0,0,0,0,0,0
b_4443,2025,all,HJ,tri-valley,17,0,0,0,0,0,0,0
b_4443,2025,all,HJ,bay-shore,17,0,0,0,0,0,0,0
b_4443,2025,all,HJ,redwood-empire,21,0,0,0,0,0,0,0
b_4443,2025,all,HJ,class-a,22,0,0,0,0,0,0,0
b_4443,2025,all,LJ,tri-valley,25,13,11,0,0,0,11,5
b_4443,2025,all,LJ,bay-shore,30,8,7,0,0,0,7,1
b_4443,2025,all,LJ,redwood-empire,35,1,0,0,0,0,0,1
b_4443,2025,all,LJ,class-a,30,3,3,0,0,0,3,0
b_4443,2025,all,PV,tri-valley,22,14,7,0,0,7,0,14
b_4443,2025,all,PV,bay-shore,7,4,0,0,0,0,0,4
b_4443,2025,all,PV,redwood-empire,16,10,2,0,0,2,0,10
b_4443,2025,all,PV,class-a,9,0,0,0,0,0,0,0
b_4443,2025,all,SP,tri-valley,25,8,2,0,0,2,0,6
b_4443,2025,all,SP,bay-shore,34,2,0,0,0,0,0,2
b_4443,2025,all,SP,redwood-empire,32,6,2,0,0,2,0,4
b_4443,2025,all,SP,class-a,29,0,0,0,0,0,0,0
b_4443,2025,all,TJ,tri-valley,29,2,0,0,0,0,0,2
b_4443,2025,all,TJ,bay-shore,27,5,0,0,0,0,0,5
b_4443,2025,all,TJ,redwood-empire,31,4,0,0,0,0,0,4
b_4443,2025,all,TJ,class-a,27,0,0,0,0,0,0,0
b_4443,2025,all,group:sprints_hurdles,tri-valley,99,23,10,0,0,4,6,17
b_4443,2025,all,group:sprints_hurdles,bay-shore,124,17,3,0,0,0,3,16
b_4443,2025,all,group:sprints_hurdles,redwood-empire,123,14,1,0,0,1,0,14
b_4443,2025,all,group:sprints_hurdles,class-a,111,1,1,0,0,0,1,0
b_4443,2025,all,group:400_800,tri-valley,49,10,4,0,0,2,2,6
b_4443,2025,all,group:400_800,bay-shore,71,6,2,0,0,0,2,4
b_4443,2025,all,group:400_800,redwood-empire,61,8,2,0,0,2,0,6
b_4443,2025,all,group:400_800,class-a,72,1,1,0,0,1,0,0
b_4443,2025,all,group:distance,tri-valley,52,15,9,0,0,9,0,8
b_4443,2025,all,group:distance,bay-shore,61,0,0,0,0,0,0,0
b_4443,2025,all,group:distance,redwood-empire,58,5,4,0,0,4,0,4
b_4443,2025,all,group:distance,class-a,57,2,2,0,0,2,0,0
b_4443,2025,all,group:jumps,tri-valley,93,29,18,0,0,7,11,21
b_4443,2025,all,group:jumps,bay-shore,81,17,7,0,0,0,7,10
b_4443,2025,all,group:jumps,redwood-empire,103,15,2,0,0,2,0,15
b_4443,2025,all,group:jumps,class-a,88,3,3,0,0,0,3,0
b_4443,2025,all,group:throws,tri-valley,52,18,6,0,0,6,0,14
b_4443,2025,all,group:throws,bay-shore,67,3,0,0,0,0,0,3
b_4443,2025,all,group:throws,redwood-empire,60,10,2,0,0,2,0,8
b_4443,2025,all,group:throws,class-a,61,0,0,0,0,0,0,0
b_4443,2025,all,group:relays,tri-valley,30,9,1,0,0,0,1,9
b_4443,2025,all,group:relays,bay-shore,46,5,0,0,0,0,0,5
b_4443,2025,all,group:relays,redwood-empire,55,9,0,0,0,0,0,9
b_4443,2025,all,group:relays,class-a,48,0,0,0,0,0,0,0
b_4443,2025,all,all,tri-valley,375,104,48,0,0,28,20,75
b_4443,2025,all,all,bay-shore,450,48,12,0,0,0,12,38
b_4443,2025,all,all,redwood-empire,460,61,11,0,0,11,0,56
b_4443,2025,all,all,class-a,437,7,7,0,0,3,4,0
b_4443,2026,girls,100,tri-valley,17,7,7,0,0,0,7,6
b_4443,2026,girls,100,bay-shore,12,3,3,0,0,0,3,2
b_4443,2026,girls,100,redwood-empire,17,0,0,0,0,0,0,0
b_4443,2026,girls,100,class-a,16,3,3,0,0,0,3,0
b_4443,2026,girls,100H,tri-valley,9,5,0,0,0,0,0,5
b_4443,2026,girls,100H,bay-shore,18,5,0,0,0,0,0,5
b_4443,2026,girls,100H,redwood-empire,18,0,0,0,0,0,0,0
b_4443,2026,girls,100H,class-a,14,0,0,0,0,0,0,0
b_4443,2026,girls,1600,tri-valley,12,0,0,0,0,0,0,0
b_4443,2026,girls,1600,bay-shore,17,0,0,0,0,0,0,0
b_4443,2026,girls,1600,redwood-empire,15,0,0,0,0,0,0,0
b_4443,2026,girls,1600,class-a,15,0,0,0,0,0,0,0
b_4443,2026,girls,200,tri-valley,14,7,7,0,0,0,7,0
b_4443,2026,girls,200,bay-shore,14,6,6,0,0,0,6,0
b_4443,2026,girls,200,redwood-empire,15,0,0,0,0,0,0,0
b_4443,2026,girls,200,class-a,14,3,3,0,0,0,3,0
b_4443,2026,girls,300H,tri-valley,10,1,1,0,0,1,0,0
b_4443,2026,girls,300H,bay-shore,16,0,0,0,0,0,0,0
b_4443,2026,girls,300H,redwood-empire,15,2,2,0,0,2,0,1
b_4443,2026,girls,300H,class-a,14,1,1,0,0,1,0,0
b_4443,2026,girls,3200,tri-valley,12,6,6,0,0,0,6,0
b_4443,2026,girls,3200,bay-shore,16,2,2,0,0,0,2,0
b_4443,2026,girls,3200,redwood-empire,14,0,0,0,0,0,0,0
b_4443,2026,girls,3200,class-a,11,1,1,0,0,0,1,0
b_4443,2026,girls,400,tri-valley,8,5,0,0,0,0,0,5
b_4443,2026,girls,400,bay-shore,17,0,0,0,0,0,0,0
b_4443,2026,girls,400,redwood-empire,19,5,0,0,0,0,0,5
b_4443,2026,girls,400,class-a,17,0,0,0,0,0,0,0
b_4443,2026,girls,4x100,tri-valley,7,1,1,0,0,1,0,1
b_4443,2026,girls,4x100,bay-shore,15,3,0,0,0,0,0,3
b_4443,2026,girls,4x100,redwood-empire,16,0,0,0,0,0,0,0
b_4443,2026,girls,4x100,class-a,9,0,0,0,0,0,0,0
b_4443,2026,girls,4x400,tri-valley,6,3,3,0,0,3,0,0
b_4443,2026,girls,4x400,bay-shore,7,0,0,0,0,0,0,0
b_4443,2026,girls,4x400,redwood-empire,11,1,1,0,0,1,0,0
b_4443,2026,girls,4x400,class-a,7,0,0,0,0,0,0,0
b_4443,2026,girls,800,tri-valley,12,1,1,0,0,1,0,0
b_4443,2026,girls,800,bay-shore,16,0,0,0,0,0,0,0
b_4443,2026,girls,800,redwood-empire,15,1,1,0,0,1,0,0
b_4443,2026,girls,800,class-a,12,0,0,0,0,0,0,0
b_4443,2026,girls,DT,tri-valley,14,5,0,0,0,0,0,5
b_4443,2026,girls,DT,bay-shore,17,6,0,0,0,0,0,6
b_4443,2026,girls,DT,redwood-empire,15,5,0,0,0,0,0,5
b_4443,2026,girls,DT,class-a,16,0,0,0,0,0,0,0
b_4443,2026,girls,HJ,tri-valley,12,0,0,0,0,0,0,0
b_4443,2026,girls,HJ,bay-shore,15,0,0,0,0,0,0,0
b_4443,2026,girls,HJ,redwood-empire,15,0,0,0,0,0,0,0
b_4443,2026,girls,HJ,class-a,8,0,0,0,0,0,0,0
b_4443,2026,girls,LJ,tri-valley,17,0,0,0,0,0,0,0
b_4443,2026,girls,LJ,bay-shore,12,0,0,0,0,0,0,0
b_4443,2026,girls,LJ,redwood-empire,15,0,0,0,0,0,0,0
b_4443,2026,girls,LJ,class-a,18,0,0,0,0,0,0,0
b_4443,2026,girls,PV,tri-valley,10,5,0,0,0,0,0,5
b_4443,2026,girls,PV,bay-shore,9,3,0,0,0,0,0,3
b_4443,2026,girls,PV,redwood-empire,12,6,0,0,0,0,0,6
b_4443,2026,girls,PV,class-a,4,0,0,0,0,0,0,0
b_4443,2026,girls,SP,tri-valley,13,3,0,0,0,0,0,3
b_4443,2026,girls,SP,bay-shore,15,1,0,0,0,0,0,1
b_4443,2026,girls,SP,redwood-empire,15,5,0,0,0,0,0,5
b_4443,2026,girls,SP,class-a,17,0,0,0,0,0,0,0
b_4443,2026,girls,TJ,tri-valley,17,0,0,0,0,0,0,0
b_4443,2026,girls,TJ,bay-shore,15,0,0,0,0,0,0,0
b_4443,2026,girls,TJ,redwood-empire,16,0,0,0,0,0,0,0
b_4443,2026,girls,TJ,class-a,12,0,0,0,0,0,0,0
b_4443,2026,girls,group:sprints_hurdles,tri-valley,50,20,15,0,0,1,14,11
b_4443,2026,girls,group:sprints_hurdles,bay-shore,60,14,9,0,0,0,9,7
b_4443,2026,girls,group:sprints_hurdles,redwood-empire,65,2,2,0,0,2,0,1
b_4443,2026,girls,group:sprints_hurdles,class-a,58,7,7,0,0,1,6,0
b_4443,2026,girls,group:400_800,tri-valley,20,6,1,0,0,1,0,5
b_4443,2026,girls,group:400_800,bay-shore,33,0,0,0,0,0,0,0
b_4443,2026,girls,group:400_800,redwood-empire,34,6,1,0,0,1,0,5
b_4443,2026,girls,group:400_800,class-a,29,0,0,0,0,0,0,0
b_4443,2026,girls,group:distance,tri-valley,24,6,6,0,0,0,6,0
b_4443,2026,girls,group:distance,bay-shore,33,2,2,0,0,0,2,0
b_4443,2026,girls,group:distance,redwood-empire,29,0,0,0,0,0,0,0
b_4443,2026,girls,group:distance,class-a,26,1,1,0,0,0,1,0
b_4443,2026,girls,group:jumps,tri-valley,56,5,0,0,0,0,0,5
b_4443,2026,girls,group:jumps,bay-shore,51,3,0,0,0,0,0,3
b_4443,2026,girls,group:jumps,redwood-empire,58,6,0,0,0,0,0,6
b_4443,2026,girls,group:jumps,class-a,42,0,0,0,0,0,0,0
b_4443,2026,girls,group:throws,tri-valley,27,8,0,0,0,0,0,8
b_4443,2026,girls,group:throws,bay-shore,32,7,0,0,0,0,0,7
b_4443,2026,girls,group:throws,redwood-empire,30,10,0,0,0,0,0,10
b_4443,2026,girls,group:throws,class-a,33,0,0,0,0,0,0,0
b_4443,2026,girls,group:relays,tri-valley,13,4,4,0,0,4,0,1
b_4443,2026,girls,group:relays,bay-shore,22,3,0,0,0,0,0,3
b_4443,2026,girls,group:relays,redwood-empire,27,1,1,0,0,1,0,0
b_4443,2026,girls,group:relays,class-a,16,0,0,0,0,0,0,0
b_4443,2026,girls,all,tri-valley,190,49,26,0,0,6,20,30
b_4443,2026,girls,all,bay-shore,231,29,11,0,0,0,11,20
b_4443,2026,girls,all,redwood-empire,243,25,4,0,0,4,0,22
b_4443,2026,girls,all,class-a,204,8,8,0,0,1,7,0
b_4443,2026,boys,100,tri-valley,11,0,0,0,0,0,0,0
b_4443,2026,boys,100,bay-shore,15,0,0,0,0,0,0,0
b_4443,2026,boys,100,redwood-empire,18,0,0,0,0,0,0,0
b_4443,2026,boys,100,class-a,17,0,0,0,0,0,0,0
b_4443,2026,boys,110H,tri-valley,11,0,0,0,0,0,0,0
b_4443,2026,boys,110H,bay-shore,19,0,0,0,0,0,0,0
b_4443,2026,boys,110H,redwood-empire,18,0,0,0,0,0,0,0
b_4443,2026,boys,110H,class-a,14,0,0,0,0,0,0,0
b_4443,2026,boys,1600,tri-valley,12,2,0,0,0,0,0,2
b_4443,2026,boys,1600,bay-shore,19,2,0,0,0,0,0,2
b_4443,2026,boys,1600,redwood-empire,13,5,2,0,0,2,0,5
b_4443,2026,boys,1600,class-a,13,0,0,0,0,0,0,0
b_4443,2026,boys,200,tri-valley,3,0,0,0,0,0,0,0
b_4443,2026,boys,200,bay-shore,11,0,0,0,0,0,0,0
b_4443,2026,boys,200,redwood-empire,16,0,0,0,0,0,0,0
b_4443,2026,boys,200,class-a,14,0,0,0,0,0,0,0
b_4443,2026,boys,300H,tri-valley,9,0,0,0,0,0,0,0
b_4443,2026,boys,300H,bay-shore,19,0,0,0,0,0,0,0
b_4443,2026,boys,300H,redwood-empire,18,0,0,0,0,0,0,0
b_4443,2026,boys,300H,class-a,12,0,0,0,0,0,0,0
b_4443,2026,boys,3200,tri-valley,15,1,0,0,0,0,0,1
b_4443,2026,boys,3200,bay-shore,16,1,0,0,0,0,0,1
b_4443,2026,boys,3200,redwood-empire,19,2,0,0,0,0,0,2
b_4443,2026,boys,3200,class-a,13,0,0,0,0,0,0,0
b_4443,2026,boys,400,tri-valley,13,2,0,0,0,0,0,2
b_4443,2026,boys,400,bay-shore,17,2,0,0,0,0,0,2
b_4443,2026,boys,400,redwood-empire,16,1,0,0,0,0,0,1
b_4443,2026,boys,400,class-a,17,0,0,0,0,0,0,0
b_4443,2026,boys,4x100,tri-valley,8,5,0,0,0,0,0,5
b_4443,2026,boys,4x100,bay-shore,10,7,0,0,0,0,0,7
b_4443,2026,boys,4x100,redwood-empire,15,10,0,0,0,0,0,10
b_4443,2026,boys,4x100,class-a,12,0,0,0,0,0,0,0
b_4443,2026,boys,4x400,tri-valley,9,1,0,0,0,0,0,1
b_4443,2026,boys,4x400,bay-shore,13,1,0,0,0,0,0,1
b_4443,2026,boys,4x400,redwood-empire,15,2,0,0,0,0,0,2
b_4443,2026,boys,4x400,class-a,7,0,0,0,0,0,0,0
b_4443,2026,boys,800,tri-valley,12,2,2,0,0,2,0,1
b_4443,2026,boys,800,bay-shore,19,0,0,0,0,0,0,0
b_4443,2026,boys,800,redwood-empire,13,2,2,0,0,2,0,1
b_4443,2026,boys,800,class-a,16,0,0,0,0,0,0,0
b_4443,2026,boys,DT,tri-valley,12,0,0,0,0,0,0,0
b_4443,2026,boys,DT,bay-shore,20,0,0,0,0,0,0,0
b_4443,2026,boys,DT,redwood-empire,16,0,0,0,0,0,0,0
b_4443,2026,boys,DT,class-a,20,0,0,0,0,0,0,0
b_4443,2026,boys,HJ,tri-valley,13,0,0,0,0,0,0,0
b_4443,2026,boys,HJ,bay-shore,12,0,0,0,0,0,0,0
b_4443,2026,boys,HJ,redwood-empire,12,0,0,0,0,0,0,0
b_4443,2026,boys,HJ,class-a,10,0,0,0,0,0,0,0
b_4443,2026,boys,LJ,tri-valley,15,0,0,0,0,0,0,0
b_4443,2026,boys,LJ,bay-shore,15,0,0,0,0,0,0,0
b_4443,2026,boys,LJ,redwood-empire,16,0,0,0,0,0,0,0
b_4443,2026,boys,LJ,class-a,16,0,0,0,0,0,0,0
b_4443,2026,boys,PV,tri-valley,9,6,4,0,0,4,0,6
b_4443,2026,boys,PV,bay-shore,9,0,0,0,0,0,0,0
b_4443,2026,boys,PV,redwood-empire,13,2,0,0,0,0,0,2
b_4443,2026,boys,PV,class-a,6,0,0,0,0,0,0,0
b_4443,2026,boys,SP,tri-valley,13,2,1,0,0,1,0,2
b_4443,2026,boys,SP,bay-shore,17,0,0,0,0,0,0,0
b_4443,2026,boys,SP,redwood-empire,16,2,0,0,0,0,0,2
b_4443,2026,boys,SP,class-a,16,0,0,0,0,0,0,0
b_4443,2026,boys,TJ,tri-valley,14,10,0,0,0,0,0,10
b_4443,2026,boys,TJ,bay-shore,19,11,0,0,0,0,0,11
b_4443,2026,boys,TJ,redwood-empire,13,11,0,0,0,0,0,11
b_4443,2026,boys,TJ,class-a,10,0,0,0,0,0,0,0
b_4443,2026,boys,group:sprints_hurdles,tri-valley,34,0,0,0,0,0,0,0
b_4443,2026,boys,group:sprints_hurdles,bay-shore,64,0,0,0,0,0,0,0
b_4443,2026,boys,group:sprints_hurdles,redwood-empire,70,0,0,0,0,0,0,0
b_4443,2026,boys,group:sprints_hurdles,class-a,57,0,0,0,0,0,0,0
b_4443,2026,boys,group:400_800,tri-valley,25,4,2,0,0,2,0,3
b_4443,2026,boys,group:400_800,bay-shore,36,2,0,0,0,0,0,2
b_4443,2026,boys,group:400_800,redwood-empire,29,3,2,0,0,2,0,2
b_4443,2026,boys,group:400_800,class-a,33,0,0,0,0,0,0,0
b_4443,2026,boys,group:distance,tri-valley,27,3,0,0,0,0,0,3
b_4443,2026,boys,group:distance,bay-shore,35,3,0,0,0,0,0,3
b_4443,2026,boys,group:distance,redwood-empire,32,7,2,0,0,2,0,7
b_4443,2026,boys,group:distance,class-a,26,0,0,0,0,0,0,0
b_4443,2026,boys,group:jumps,tri-valley,51,16,4,0,0,4,0,16
b_4443,2026,boys,group:jumps,bay-shore,55,11,0,0,0,0,0,11
b_4443,2026,boys,group:jumps,redwood-empire,54,13,0,0,0,0,0,13
b_4443,2026,boys,group:jumps,class-a,42,0,0,0,0,0,0,0
b_4443,2026,boys,group:throws,tri-valley,25,2,1,0,0,1,0,2
b_4443,2026,boys,group:throws,bay-shore,37,0,0,0,0,0,0,0
b_4443,2026,boys,group:throws,redwood-empire,32,2,0,0,0,0,0,2
b_4443,2026,boys,group:throws,class-a,36,0,0,0,0,0,0,0
b_4443,2026,boys,group:relays,tri-valley,17,6,0,0,0,0,0,6
b_4443,2026,boys,group:relays,bay-shore,23,8,0,0,0,0,0,8
b_4443,2026,boys,group:relays,redwood-empire,30,12,0,0,0,0,0,12
b_4443,2026,boys,group:relays,class-a,19,0,0,0,0,0,0,0
b_4443,2026,boys,all,tri-valley,179,31,7,0,0,7,0,30
b_4443,2026,boys,all,bay-shore,250,24,0,0,0,0,0,24
b_4443,2026,boys,all,redwood-empire,247,37,4,0,0,4,0,36
b_4443,2026,boys,all,class-a,213,0,0,0,0,0,0,0
b_4443,2026,all,100,tri-valley,28,7,7,0,0,0,7,6
b_4443,2026,all,100,bay-shore,27,3,3,0,0,0,3,2
b_4443,2026,all,100,redwood-empire,35,0,0,0,0,0,0,0
b_4443,2026,all,100,class-a,33,3,3,0,0,0,3,0
b_4443,2026,all,100H,tri-valley,9,5,0,0,0,0,0,5
b_4443,2026,all,100H,bay-shore,18,5,0,0,0,0,0,5
b_4443,2026,all,100H,redwood-empire,18,0,0,0,0,0,0,0
b_4443,2026,all,100H,class-a,14,0,0,0,0,0,0,0
b_4443,2026,all,110H,tri-valley,11,0,0,0,0,0,0,0
b_4443,2026,all,110H,bay-shore,19,0,0,0,0,0,0,0
b_4443,2026,all,110H,redwood-empire,18,0,0,0,0,0,0,0
b_4443,2026,all,110H,class-a,14,0,0,0,0,0,0,0
b_4443,2026,all,1600,tri-valley,24,2,0,0,0,0,0,2
b_4443,2026,all,1600,bay-shore,36,2,0,0,0,0,0,2
b_4443,2026,all,1600,redwood-empire,28,5,2,0,0,2,0,5
b_4443,2026,all,1600,class-a,28,0,0,0,0,0,0,0
b_4443,2026,all,200,tri-valley,17,7,7,0,0,0,7,0
b_4443,2026,all,200,bay-shore,25,6,6,0,0,0,6,0
b_4443,2026,all,200,redwood-empire,31,0,0,0,0,0,0,0
b_4443,2026,all,200,class-a,28,3,3,0,0,0,3,0
b_4443,2026,all,300H,tri-valley,19,1,1,0,0,1,0,0
b_4443,2026,all,300H,bay-shore,35,0,0,0,0,0,0,0
b_4443,2026,all,300H,redwood-empire,33,2,2,0,0,2,0,1
b_4443,2026,all,300H,class-a,26,1,1,0,0,1,0,0
b_4443,2026,all,3200,tri-valley,27,7,6,0,0,0,6,1
b_4443,2026,all,3200,bay-shore,32,3,2,0,0,0,2,1
b_4443,2026,all,3200,redwood-empire,33,2,0,0,0,0,0,2
b_4443,2026,all,3200,class-a,24,1,1,0,0,0,1,0
b_4443,2026,all,400,tri-valley,21,7,0,0,0,0,0,7
b_4443,2026,all,400,bay-shore,34,2,0,0,0,0,0,2
b_4443,2026,all,400,redwood-empire,35,6,0,0,0,0,0,6
b_4443,2026,all,400,class-a,34,0,0,0,0,0,0,0
b_4443,2026,all,4x100,tri-valley,15,6,1,0,0,1,0,6
b_4443,2026,all,4x100,bay-shore,25,10,0,0,0,0,0,10
b_4443,2026,all,4x100,redwood-empire,31,10,0,0,0,0,0,10
b_4443,2026,all,4x100,class-a,21,0,0,0,0,0,0,0
b_4443,2026,all,4x400,tri-valley,15,4,3,0,0,3,0,1
b_4443,2026,all,4x400,bay-shore,20,1,0,0,0,0,0,1
b_4443,2026,all,4x400,redwood-empire,26,3,1,0,0,1,0,2
b_4443,2026,all,4x400,class-a,14,0,0,0,0,0,0,0
b_4443,2026,all,800,tri-valley,24,3,3,0,0,3,0,1
b_4443,2026,all,800,bay-shore,35,0,0,0,0,0,0,0
b_4443,2026,all,800,redwood-empire,28,3,3,0,0,3,0,1
b_4443,2026,all,800,class-a,28,0,0,0,0,0,0,0
b_4443,2026,all,DT,tri-valley,26,5,0,0,0,0,0,5
b_4443,2026,all,DT,bay-shore,37,6,0,0,0,0,0,6
b_4443,2026,all,DT,redwood-empire,31,5,0,0,0,0,0,5
b_4443,2026,all,DT,class-a,36,0,0,0,0,0,0,0
b_4443,2026,all,HJ,tri-valley,25,0,0,0,0,0,0,0
b_4443,2026,all,HJ,bay-shore,27,0,0,0,0,0,0,0
b_4443,2026,all,HJ,redwood-empire,27,0,0,0,0,0,0,0
b_4443,2026,all,HJ,class-a,18,0,0,0,0,0,0,0
b_4443,2026,all,LJ,tri-valley,32,0,0,0,0,0,0,0
b_4443,2026,all,LJ,bay-shore,27,0,0,0,0,0,0,0
b_4443,2026,all,LJ,redwood-empire,31,0,0,0,0,0,0,0
b_4443,2026,all,LJ,class-a,34,0,0,0,0,0,0,0
b_4443,2026,all,PV,tri-valley,19,11,4,0,0,4,0,11
b_4443,2026,all,PV,bay-shore,18,3,0,0,0,0,0,3
b_4443,2026,all,PV,redwood-empire,25,8,0,0,0,0,0,8
b_4443,2026,all,PV,class-a,10,0,0,0,0,0,0,0
b_4443,2026,all,SP,tri-valley,26,5,1,0,0,1,0,5
b_4443,2026,all,SP,bay-shore,32,1,0,0,0,0,0,1
b_4443,2026,all,SP,redwood-empire,31,7,0,0,0,0,0,7
b_4443,2026,all,SP,class-a,33,0,0,0,0,0,0,0
b_4443,2026,all,TJ,tri-valley,31,10,0,0,0,0,0,10
b_4443,2026,all,TJ,bay-shore,34,11,0,0,0,0,0,11
b_4443,2026,all,TJ,redwood-empire,29,11,0,0,0,0,0,11
b_4443,2026,all,TJ,class-a,22,0,0,0,0,0,0,0
b_4443,2026,all,group:sprints_hurdles,tri-valley,84,20,15,0,0,1,14,11
b_4443,2026,all,group:sprints_hurdles,bay-shore,124,14,9,0,0,0,9,7
b_4443,2026,all,group:sprints_hurdles,redwood-empire,135,2,2,0,0,2,0,1
b_4443,2026,all,group:sprints_hurdles,class-a,115,7,7,0,0,1,6,0
b_4443,2026,all,group:400_800,tri-valley,45,10,3,0,0,3,0,8
b_4443,2026,all,group:400_800,bay-shore,69,2,0,0,0,0,0,2
b_4443,2026,all,group:400_800,redwood-empire,63,9,3,0,0,3,0,7
b_4443,2026,all,group:400_800,class-a,62,0,0,0,0,0,0,0
b_4443,2026,all,group:distance,tri-valley,51,9,6,0,0,0,6,3
b_4443,2026,all,group:distance,bay-shore,68,5,2,0,0,0,2,3
b_4443,2026,all,group:distance,redwood-empire,61,7,2,0,0,2,0,7
b_4443,2026,all,group:distance,class-a,52,1,1,0,0,0,1,0
b_4443,2026,all,group:jumps,tri-valley,107,21,4,0,0,4,0,21
b_4443,2026,all,group:jumps,bay-shore,106,14,0,0,0,0,0,14
b_4443,2026,all,group:jumps,redwood-empire,112,19,0,0,0,0,0,19
b_4443,2026,all,group:jumps,class-a,84,0,0,0,0,0,0,0
b_4443,2026,all,group:throws,tri-valley,52,10,1,0,0,1,0,10
b_4443,2026,all,group:throws,bay-shore,69,7,0,0,0,0,0,7
b_4443,2026,all,group:throws,redwood-empire,62,12,0,0,0,0,0,12
b_4443,2026,all,group:throws,class-a,69,0,0,0,0,0,0,0
b_4443,2026,all,group:relays,tri-valley,30,10,4,0,0,4,0,7
b_4443,2026,all,group:relays,bay-shore,45,11,0,0,0,0,0,11
b_4443,2026,all,group:relays,redwood-empire,57,13,1,0,0,1,0,12
b_4443,2026,all,group:relays,class-a,35,0,0,0,0,0,0,0
b_4443,2026,all,all,tri-valley,369,80,33,0,0,13,20,60
b_4443,2026,all,all,bay-shore,481,53,11,0,0,0,11,44
b_4443,2026,all,all,redwood-empire,490,62,8,0,0,8,0,58
b_4443,2026,all,all,class-a,417,8,8,0,0,1,7,0
b_4443,2022-2026 pooled,girls,100,tri-valley,65,16,13,0,0,0,13,11
b_4443,2022-2026 pooled,girls,100,bay-shore,78,10,8,0,0,0,8,6
b_4443,2022-2026 pooled,girls,100,redwood-empire,88,4,0,0,0,0,0,4
b_4443,2022-2026 pooled,girls,100,class-a,80,6,6,0,0,0,6,0
b_4443,2022-2026 pooled,girls,100H,tri-valley,63,7,2,0,0,2,0,6
b_4443,2022-2026 pooled,girls,100H,bay-shore,91,5,0,0,0,0,0,5
b_4443,2022-2026 pooled,girls,100H,redwood-empire,81,3,3,0,0,3,0,1
b_4443,2022-2026 pooled,girls,100H,class-a,59,0,0,0,0,0,0,0
b_4443,2022-2026 pooled,girls,1600,tri-valley,60,8,8,0,0,8,0,0
b_4443,2022-2026 pooled,girls,1600,bay-shore,81,0,0,0,0,0,0,0
b_4443,2022-2026 pooled,girls,1600,redwood-empire,77,1,1,0,0,1,0,0
b_4443,2022-2026 pooled,girls,1600,class-a,58,2,2,0,0,2,0,0
b_4443,2022-2026 pooled,girls,200,tri-valley,60,15,15,0,0,1,14,3
b_4443,2022-2026 pooled,girls,200,bay-shore,75,9,9,0,0,0,9,1
b_4443,2022-2026 pooled,girls,200,redwood-empire,78,1,1,0,0,1,0,0
b_4443,2022-2026 pooled,girls,200,class-a,62,4,4,0,0,0,4,0
b_4443,2022-2026 pooled,girls,300H,tri-valley,63,5,1,0,0,1,0,4
b_4443,2022-2026 pooled,girls,300H,bay-shore,83,6,0,0,0,0,0,6
b_4443,2022-2026 pooled,girls,300H,redwood-empire,77,10,2,0,0,2,0,9
b_4443,2022-2026 pooled,girls,300H,class-a,59,1,1,0,0,1,0,0
b_4443,2022-2026 pooled,girls,3200,tri-valley,66,12,6,0,0,0,6,6
b_4443,2022-2026 pooled,girls,3200,bay-shore,73,2,2,0,0,0,2,0
b_4443,2022-2026 pooled,girls,3200,redwood-empire,80,1,0,0,0,0,0,1
b_4443,2022-2026 pooled,girls,3200,class-a,55,1,1,0,0,0,1,0
b_4443,2022-2026 pooled,girls,400,tri-valley,47,11,5,0,0,0,5,8
b_4443,2022-2026 pooled,girls,400,bay-shore,83,4,4,0,0,0,4,1
b_4443,2022-2026 pooled,girls,400,redwood-empire,88,5,0,0,0,0,0,5
b_4443,2022-2026 pooled,girls,400,class-a,87,0,0,0,0,0,0,0
b_4443,2022-2026 pooled,girls,4x100,tri-valley,37,9,1,0,0,1,0,9
b_4443,2022-2026 pooled,girls,4x100,bay-shore,61,6,0,0,0,0,0,6
b_4443,2022-2026 pooled,girls,4x100,redwood-empire,74,11,0,0,0,0,0,11
b_4443,2022-2026 pooled,girls,4x100,class-a,52,0,0,0,0,0,0,0
b_4443,2022-2026 pooled,girls,4x400,tri-valley,26,4,3,0,0,3,0,1
b_4443,2022-2026 pooled,girls,4x400,bay-shore,43,1,0,0,0,0,0,1
b_4443,2022-2026 pooled,girls,4x400,redwood-empire,66,5,3,0,0,3,0,3
b_4443,2022-2026 pooled,girls,4x400,class-a,37,0,0,0,0,0,0,0
b_4443,2022-2026 pooled,girls,800,tri-valley,53,8,7,0,0,7,0,4
b_4443,2022-2026 pooled,girls,800,bay-shore,86,1,0,0,0,0,0,1
b_4443,2022-2026 pooled,girls,800,redwood-empire,89,9,8,0,0,8,0,3
b_4443,2022-2026 pooled,girls,800,class-a,60,2,2,0,0,2,0,0
b_4443,2022-2026 pooled,girls,DT,tri-valley,64,12,6,0,0,6,0,9
b_4443,2022-2026 pooled,girls,DT,bay-shore,88,6,0,0,0,0,0,6
b_4443,2022-2026 pooled,girls,DT,redwood-empire,82,12,4,0,0,4,0,11
b_4443,2022-2026 pooled,girls,DT,class-a,76,1,1,0,0,1,0,0
b_4443,2022-2026 pooled,girls,HJ,tri-valley,53,0,0,0,0,0,0,0
b_4443,2022-2026 pooled,girls,HJ,bay-shore,58,0,0,0,0,0,0,0
b_4443,2022-2026 pooled,girls,HJ,redwood-empire,35,0,0,0,0,0,0,0
b_4443,2022-2026 pooled,girls,HJ,class-a,45,0,0,0,0,0,0,0
b_4443,2022-2026 pooled,girls,LJ,tri-valley,75,5,3,0,0,0,3,5
b_4443,2022-2026 pooled,girls,LJ,bay-shore,67,4,3,0,0,0,3,3
b_4443,2022-2026 pooled,girls,LJ,redwood-empire,74,1,0,0,0,0,0,1
b_4443,2022-2026 pooled,girls,LJ,class-a,72,0,0,0,0,0,0,0
b_4443,2022-2026 pooled,girls,PV,tri-valley,62,34,0,0,0,0,0,34
b_4443,2022-2026 pooled,girls,PV,bay-shore,42,16,0,0,0,0,0,16
b_4443,2022-2026 pooled,girls,PV,redwood-empire,49,28,0,0,0,0,0,28
b_4443,2022-2026 pooled,girls,PV,class-a,18,0,0,0,0,0,0,0
b_4443,2022-2026 pooled,girls,SP,tri-valley,69,15,12,0,0,12,0,3
b_4443,2022-2026 pooled,girls,SP,bay-shore,87,1,0,0,0,0,0,1
b_4443,2022-2026 pooled,girls,SP,redwood-empire,73,16,11,0,0,11,0,5
b_4443,2022-2026 pooled,girls,SP,class-a,77,7,7,0,0,7,0,0
b_4443,2022-2026 pooled,girls,TJ,tri-valley,76,2,0,0,0,0,0,2
b_4443,2022-2026 pooled,girls,TJ,bay-shore,69,5,0,0,0,0,0,5
b_4443,2022-2026 pooled,girls,TJ,redwood-empire,76,4,0,0,0,0,0,4
b_4443,2022-2026 pooled,girls,TJ,class-a,53,0,0,0,0,0,0,0
b_4443,2022-2026 pooled,girls,group:sprints_hurdles,tri-valley,251,43,31,0,0,4,27,24
b_4443,2022-2026 pooled,girls,group:sprints_hurdles,bay-shore,327,30,17,0,0,0,17,18
b_4443,2022-2026 pooled,girls,group:sprints_hurdles,redwood-empire,324,18,6,0,0,6,0,14
b_4443,2022-2026 pooled,girls,group:sprints_hurdles,class-a,260,11,11,0,0,1,10,0
b_4443,2022-2026 pooled,girls,group:400_800,tri-valley,100,19,12,0,0,7,5,12
b_4443,2022-2026 pooled,girls,group:400_800,bay-shore,169,5,4,0,0,0,4,2
b_4443,2022-2026 pooled,girls,group:400_800,redwood-empire,177,14,8,0,0,8,0,8
b_4443,2022-2026 pooled,girls,group:400_800,class-a,147,2,2,0,0,2,0,0
b_4443,2022-2026 pooled,girls,group:distance,tri-valley,126,20,14,0,0,8,6,6
b_4443,2022-2026 pooled,girls,group:distance,bay-shore,154,2,2,0,0,0,2,0
b_4443,2022-2026 pooled,girls,group:distance,redwood-empire,157,2,1,0,0,1,0,1
b_4443,2022-2026 pooled,girls,group:distance,class-a,113,3,3,0,0,2,1,0
b_4443,2022-2026 pooled,girls,group:jumps,tri-valley,266,41,3,0,0,0,3,41
b_4443,2022-2026 pooled,girls,group:jumps,bay-shore,236,25,3,0,0,0,3,24
b_4443,2022-2026 pooled,girls,group:jumps,redwood-empire,234,33,0,0,0,0,0,33
b_4443,2022-2026 pooled,girls,group:jumps,class-a,188,0,0,0,0,0,0,0
b_4443,2022-2026 pooled,girls,group:throws,tri-valley,133,27,18,0,0,18,0,12
b_4443,2022-2026 pooled,girls,group:throws,bay-shore,175,7,0,0,0,0,0,7
b_4443,2022-2026 pooled,girls,group:throws,redwood-empire,155,28,15,0,0,15,0,16
b_4443,2022-2026 pooled,girls,group:throws,class-a,153,8,8,0,0,8,0,0
b_4443,2022-2026 pooled,girls,group:relays,tri-valley,63,13,4,0,0,4,0,10
b_4443,2022-2026 pooled,girls,group:relays,bay-shore,104,7,0,0,0,0,0,7
b_4443,2022-2026 pooled,girls,group:relays,redwood-empire,140,16,3,0,0,3,0,14
b_4443,2022-2026 pooled,girls,group:relays,class-a,89,0,0,0,0,0,0,0
b_4443,2022-2026 pooled,girls,all,tri-valley,939,163,82,0,0,41,41,105
b_4443,2022-2026 pooled,girls,all,bay-shore,1165,76,26,0,0,0,26,58
b_4443,2022-2026 pooled,girls,all,redwood-empire,1187,111,33,0,0,33,0,86
b_4443,2022-2026 pooled,girls,all,class-a,950,24,24,0,0,13,11,0
b_4443,2022-2026 pooled,boys,100,tri-valley,51,28,9,0,0,0,9,26
b_4443,2022-2026 pooled,boys,100,bay-shore,72,18,2,0,0,0,2,17
b_4443,2022-2026 pooled,boys,100,redwood-empire,90,20,0,0,0,0,0,20
b_4443,2022-2026 pooled,boys,100,class-a,80,1,1,0,0,0,1,0
b_4443,2022-2026 pooled,boys,110H,tri-valley,65,4,1,0,0,0,1,3
b_4443,2022-2026 pooled,boys,110H,bay-shore,80,3,0,0,0,0,0,3
b_4443,2022-2026 pooled,boys,110H,redwood-empire,86,2,0,0,0,0,0,2
b_4443,2022-2026 pooled,boys,110H,class-a,59,0,0,0,0,0,0,0
b_4443,2022-2026 pooled,boys,1600,tri-valley,56,11,2,0,0,2,0,11
b_4443,2022-2026 pooled,boys,1600,bay-shore,87,7,0,0,0,0,0,7
b_4443,2022-2026 pooled,boys,1600,redwood-empire,84,12,5,0,0,5,0,12
b_4443,2022-2026 pooled,boys,1600,class-a,72,0,0,0,0,0,0,0
b_4443,2022-2026 pooled,boys,200,tri-valley,51,17,0,0,0,0,0,17
b_4443,2022-2026 pooled,boys,200,bay-shore,69,14,0,0,0,0,0,14
b_4443,2022-2026 pooled,boys,200,redwood-empire,75,12,0,0,0,0,0,12
b_4443,2022-2026 pooled,boys,200,class-a,70,0,0,0,0,0,0,0
b_4443,2022-2026 pooled,boys,300H,tri-valley,54,10,7,0,0,7,0,6
b_4443,2022-2026 pooled,boys,300H,bay-shore,80,1,0,0,0,0,0,1
b_4443,2022-2026 pooled,boys,300H,redwood-empire,75,3,2,0,0,2,0,2
b_4443,2022-2026 pooled,boys,300H,class-a,59,0,0,0,0,0,0,0
b_4443,2022-2026 pooled,boys,3200,tri-valley,68,4,1,0,0,1,0,3
b_4443,2022-2026 pooled,boys,3200,bay-shore,78,2,0,0,0,0,0,2
b_4443,2022-2026 pooled,boys,3200,redwood-empire,92,4,0,0,0,0,0,4
b_4443,2022-2026 pooled,boys,3200,class-a,86,0,0,0,0,0,0,0
b_4443,2022-2026 pooled,boys,400,tri-valley,57,20,0,0,0,0,0,20
b_4443,2022-2026 pooled,boys,400,bay-shore,81,16,0,0,0,0,0,16
b_4443,2022-2026 pooled,boys,400,redwood-empire,90,9,0,0,0,0,0,9
b_4443,2022-2026 pooled,boys,400,class-a,80,0,0,0,0,0,0,0
b_4443,2022-2026 pooled,boys,4x100,tri-valley,41,25,3,0,0,3,0,25
b_4443,2022-2026 pooled,boys,4x100,bay-shore,53,22,0,0,0,0,0,22
b_4443,2022-2026 pooled,boys,4x100,redwood-empire,70,31,3,0,0,3,0,31
b_4443,2022-2026 pooled,boys,4x100,class-a,47,0,0,0,0,0,0,0
b_4443,2022-2026 pooled,boys,4x400,tri-valley,43,11,1,0,0,0,1,11
b_4443,2022-2026 pooled,boys,4x400,bay-shore,53,9,0,0,0,0,0,9
b_4443,2022-2026 pooled,boys,4x400,redwood-empire,76,11,0,0,0,0,0,11
b_4443,2022-2026 pooled,boys,4x400,class-a,43,0,0,0,0,0,0,0
b_4443,2022-2026 pooled,boys,800,tri-valley,59,16,3,0,0,2,1,14
b_4443,2022-2026 pooled,boys,800,bay-shore,85,9,0,0,0,0,0,9
b_4443,2022-2026 pooled,boys,800,redwood-empire,79,9,2,0,0,2,0,8
b_4443,2022-2026 pooled,boys,800,class-a,65,0,0,0,0,0,0,0
b_4443,2022-2026 pooled,boys,DT,tri-valley,64,12,2,0,0,2,0,12
b_4443,2022-2026 pooled,boys,DT,bay-shore,90,5,0,0,0,0,0,5
b_4443,2022-2026 pooled,boys,DT,redwood-empire,74,8,1,0,0,1,0,8
b_4443,2022-2026 pooled,boys,DT,class-a,79,0,0,0,0,0,0,0
b_4443,2022-2026 pooled,boys,HJ,tri-valley,49,5,5,0,0,5,0,0
b_4443,2022-2026 pooled,boys,HJ,bay-shore,65,0,0,0,0,0,0,0
b_4443,2022-2026 pooled,boys,HJ,redwood-empire,46,3,3,0,0,3,0,0
b_4443,2022-2026 pooled,boys,HJ,class-a,52,2,2,0,0,2,0,0
b_4443,2022-2026 pooled,boys,LJ,tri-valley,72,9,9,0,0,0,9,1
b_4443,2022-2026 pooled,boys,LJ,bay-shore,68,7,7,0,0,0,7,0
b_4443,2022-2026 pooled,boys,LJ,redwood-empire,81,0,0,0,0,0,0,0
b_4443,2022-2026 pooled,boys,LJ,class-a,67,3,3,0,0,0,3,0
b_4443,2022-2026 pooled,boys,PV,tri-valley,51,48,11,0,0,11,0,48
b_4443,2022-2026 pooled,boys,PV,bay-shore,41,18,0,0,0,0,0,18
b_4443,2022-2026 pooled,boys,PV,redwood-empire,55,43,2,0,0,2,0,43
b_4443,2022-2026 pooled,boys,PV,class-a,17,0,0,0,0,0,0,0
b_4443,2022-2026 pooled,boys,SP,tri-valley,69,19,1,0,0,1,0,19
b_4443,2022-2026 pooled,boys,SP,bay-shore,78,9,0,0,0,0,0,9
b_4443,2022-2026 pooled,boys,SP,redwood-empire,77,15,0,0,0,0,0,15
b_4443,2022-2026 pooled,boys,SP,class-a,72,0,0,0,0,0,0,0
b_4443,2022-2026 pooled,boys,TJ,tri-valley,73,12,0,0,0,0,0,12
b_4443,2022-2026 pooled,boys,TJ,bay-shore,74,11,0,0,0,0,0,11
b_4443,2022-2026 pooled,boys,TJ,redwood-empire,74,12,0,0,0,0,0,12
b_4443,2022-2026 pooled,boys,TJ,class-a,72,0,0,0,0,0,0,0
b_4443,2022-2026 pooled,boys,group:sprints_hurdles,tri-valley,221,59,17,0,0,7,10,52
b_4443,2022-2026 pooled,boys,group:sprints_hurdles,bay-shore,301,36,2,0,0,0,2,35
b_4443,2022-2026 pooled,boys,group:sprints_hurdles,redwood-empire,326,37,2,0,0,2,0,36
b_4443,2022-2026 pooled,boys,group:sprints_hurdles,class-a,268,1,1,0,0,0,1,0
b_4443,2022-2026 pooled,boys,group:400_800,tri-valley,116,36,3,0,0,2,1,34
b_4443,2022-2026 pooled,boys,group:400_800,bay-shore,166,25,0,0,0,0,0,25
b_4443,2022-2026 pooled,boys,group:400_800,redwood-empire,169,18,2,0,0,2,0,17
b_4443,2022-2026 pooled,boys,group:400_800,class-a,145,0,0,0,0,0,0,0
b_4443,2022-2026 pooled,boys,group:distance,tri-valley,124,15,3,0,0,3,0,14
b_4443,2022-2026 pooled,boys,group:distance,bay-shore,165,9,0,0,0,0,0,9
b_4443,2022-2026 pooled,boys,group:distance,redwood-empire,176,16,5,0,0,5,0,16
b_4443,2022-2026 pooled,boys,group:distance,class-a,158,0,0,0,0,0,0,0
b_4443,2022-2026 pooled,boys,group:jumps,tri-valley,245,74,25,0,0,16,9,61
b_4443,2022-2026 pooled,boys,group:jumps,bay-shore,248,36,7,0,0,0,7,29
b_4443,2022-2026 pooled,boys,group:jumps,redwood-empire,256,58,5,0,0,5,0,55
b_4443,2022-2026 pooled,boys,group:jumps,class-a,208,5,5,0,0,2,3,0
b_4443,2022-2026 pooled,boys,group:throws,tri-valley,133,31,3,0,0,3,0,31
b_4443,2022-2026 pooled,boys,group:throws,bay-shore,168,14,0,0,0,0,0,14
b_4443,2022-2026 pooled,boys,group:throws,redwood-empire,151,23,1,0,0,1,0,23
b_4443,2022-2026 pooled,boys,group:throws,class-a,151,0,0,0,0,0,0,0
b_4443,2022-2026 pooled,boys,group:relays,tri-valley,84,36,4,0,0,3,1,36
b_4443,2022-2026 pooled,boys,group:relays,bay-shore,106,31,0,0,0,0,0,31
b_4443,2022-2026 pooled,boys,group:relays,redwood-empire,146,42,3,0,0,3,0,42
b_4443,2022-2026 pooled,boys,group:relays,class-a,90,0,0,0,0,0,0,0
b_4443,2022-2026 pooled,boys,all,tri-valley,923,251,55,0,0,34,21,228
b_4443,2022-2026 pooled,boys,all,bay-shore,1154,151,9,0,0,0,9,143
b_4443,2022-2026 pooled,boys,all,redwood-empire,1224,194,18,0,0,18,0,189
b_4443,2022-2026 pooled,boys,all,class-a,1020,6,6,0,0,2,4,0
b_4443,2022-2026 pooled,all,100,tri-valley,116,44,22,0,0,0,22,37
b_4443,2022-2026 pooled,all,100,bay-shore,150,28,10,0,0,0,10,23
b_4443,2022-2026 pooled,all,100,redwood-empire,178,24,0,0,0,0,0,24
b_4443,2022-2026 pooled,all,100,class-a,160,7,7,0,0,0,7,0
b_4443,2022-2026 pooled,all,100H,tri-valley,63,7,2,0,0,2,0,6
b_4443,2022-2026 pooled,all,100H,bay-shore,91,5,0,0,0,0,0,5
b_4443,2022-2026 pooled,all,100H,redwood-empire,81,3,3,0,0,3,0,1
b_4443,2022-2026 pooled,all,100H,class-a,59,0,0,0,0,0,0,0
b_4443,2022-2026 pooled,all,110H,tri-valley,65,4,1,0,0,0,1,3
b_4443,2022-2026 pooled,all,110H,bay-shore,80,3,0,0,0,0,0,3
b_4443,2022-2026 pooled,all,110H,redwood-empire,86,2,0,0,0,0,0,2
b_4443,2022-2026 pooled,all,110H,class-a,59,0,0,0,0,0,0,0
b_4443,2022-2026 pooled,all,1600,tri-valley,116,19,10,0,0,10,0,11
b_4443,2022-2026 pooled,all,1600,bay-shore,168,7,0,0,0,0,0,7
b_4443,2022-2026 pooled,all,1600,redwood-empire,161,13,6,0,0,6,0,12
b_4443,2022-2026 pooled,all,1600,class-a,130,2,2,0,0,2,0,0
b_4443,2022-2026 pooled,all,200,tri-valley,111,32,15,0,0,1,14,20
b_4443,2022-2026 pooled,all,200,bay-shore,144,23,9,0,0,0,9,15
b_4443,2022-2026 pooled,all,200,redwood-empire,153,13,1,0,0,1,0,12
b_4443,2022-2026 pooled,all,200,class-a,132,4,4,0,0,0,4,0
b_4443,2022-2026 pooled,all,300H,tri-valley,117,15,8,0,0,8,0,10
b_4443,2022-2026 pooled,all,300H,bay-shore,163,7,0,0,0,0,0,7
b_4443,2022-2026 pooled,all,300H,redwood-empire,152,13,4,0,0,4,0,11
b_4443,2022-2026 pooled,all,300H,class-a,118,1,1,0,0,1,0,0
b_4443,2022-2026 pooled,all,3200,tri-valley,134,16,7,0,0,1,6,9
b_4443,2022-2026 pooled,all,3200,bay-shore,151,4,2,0,0,0,2,2
b_4443,2022-2026 pooled,all,3200,redwood-empire,172,5,0,0,0,0,0,5
b_4443,2022-2026 pooled,all,3200,class-a,141,1,1,0,0,0,1,0
b_4443,2022-2026 pooled,all,400,tri-valley,104,31,5,0,0,0,5,28
b_4443,2022-2026 pooled,all,400,bay-shore,164,20,4,0,0,0,4,17
b_4443,2022-2026 pooled,all,400,redwood-empire,178,14,0,0,0,0,0,14
b_4443,2022-2026 pooled,all,400,class-a,167,0,0,0,0,0,0,0
b_4443,2022-2026 pooled,all,4x100,tri-valley,78,34,4,0,0,4,0,34
b_4443,2022-2026 pooled,all,4x100,bay-shore,114,28,0,0,0,0,0,28
b_4443,2022-2026 pooled,all,4x100,redwood-empire,144,42,3,0,0,3,0,42
b_4443,2022-2026 pooled,all,4x100,class-a,99,0,0,0,0,0,0,0
b_4443,2022-2026 pooled,all,4x400,tri-valley,69,15,4,0,0,3,1,12
b_4443,2022-2026 pooled,all,4x400,bay-shore,96,10,0,0,0,0,0,10
b_4443,2022-2026 pooled,all,4x400,redwood-empire,142,16,3,0,0,3,0,14
b_4443,2022-2026 pooled,all,4x400,class-a,80,0,0,0,0,0,0,0
b_4443,2022-2026 pooled,all,800,tri-valley,112,24,10,0,0,9,1,18
b_4443,2022-2026 pooled,all,800,bay-shore,171,10,0,0,0,0,0,10
b_4443,2022-2026 pooled,all,800,redwood-empire,168,18,10,0,0,10,0,11
b_4443,2022-2026 pooled,all,800,class-a,125,2,2,0,0,2,0,0
b_4443,2022-2026 pooled,all,DT,tri-valley,128,24,8,0,0,8,0,21
b_4443,2022-2026 pooled,all,DT,bay-shore,178,11,0,0,0,0,0,11
b_4443,2022-2026 pooled,all,DT,redwood-empire,156,20,5,0,0,5,0,19
b_4443,2022-2026 pooled,all,DT,class-a,155,1,1,0,0,1,0,0
b_4443,2022-2026 pooled,all,HJ,tri-valley,102,5,5,0,0,5,0,0
b_4443,2022-2026 pooled,all,HJ,bay-shore,123,0,0,0,0,0,0,0
b_4443,2022-2026 pooled,all,HJ,redwood-empire,81,3,3,0,0,3,0,0
b_4443,2022-2026 pooled,all,HJ,class-a,97,2,2,0,0,2,0,0
b_4443,2022-2026 pooled,all,LJ,tri-valley,147,14,12,0,0,0,12,6
b_4443,2022-2026 pooled,all,LJ,bay-shore,135,11,10,0,0,0,10,3
b_4443,2022-2026 pooled,all,LJ,redwood-empire,155,1,0,0,0,0,0,1
b_4443,2022-2026 pooled,all,LJ,class-a,139,3,3,0,0,0,3,0
b_4443,2022-2026 pooled,all,PV,tri-valley,113,82,11,0,0,11,0,82
b_4443,2022-2026 pooled,all,PV,bay-shore,83,34,0,0,0,0,0,34
b_4443,2022-2026 pooled,all,PV,redwood-empire,104,71,2,0,0,2,0,71
b_4443,2022-2026 pooled,all,PV,class-a,35,0,0,0,0,0,0,0
b_4443,2022-2026 pooled,all,SP,tri-valley,138,34,13,0,0,13,0,22
b_4443,2022-2026 pooled,all,SP,bay-shore,165,10,0,0,0,0,0,10
b_4443,2022-2026 pooled,all,SP,redwood-empire,150,31,11,0,0,11,0,20
b_4443,2022-2026 pooled,all,SP,class-a,149,7,7,0,0,7,0,0
b_4443,2022-2026 pooled,all,TJ,tri-valley,149,14,0,0,0,0,0,14
b_4443,2022-2026 pooled,all,TJ,bay-shore,143,16,0,0,0,0,0,16
b_4443,2022-2026 pooled,all,TJ,redwood-empire,150,16,0,0,0,0,0,16
b_4443,2022-2026 pooled,all,TJ,class-a,125,0,0,0,0,0,0,0
b_4443,2022-2026 pooled,all,group:sprints_hurdles,tri-valley,472,102,48,0,0,11,37,76
b_4443,2022-2026 pooled,all,group:sprints_hurdles,bay-shore,628,66,19,0,0,0,19,53
b_4443,2022-2026 pooled,all,group:sprints_hurdles,redwood-empire,650,55,8,0,0,8,0,50
b_4443,2022-2026 pooled,all,group:sprints_hurdles,class-a,528,12,12,0,0,1,11,0
b_4443,2022-2026 pooled,all,group:400_800,tri-valley,216,55,15,0,0,9,6,46
b_4443,2022-2026 pooled,all,group:400_800,bay-shore,335,30,4,0,0,0,4,27
b_4443,2022-2026 pooled,all,group:400_800,redwood-empire,346,32,10,0,0,10,0,25
b_4443,2022-2026 pooled,all,group:400_800,class-a,292,2,2,0,0,2,0,0
b_4443,2022-2026 pooled,all,group:distance,tri-valley,250,35,17,0,0,11,6,20
b_4443,2022-2026 pooled,all,group:distance,bay-shore,319,11,2,0,0,0,2,9
b_4443,2022-2026 pooled,all,group:distance,redwood-empire,333,18,6,0,0,6,0,17
b_4443,2022-2026 pooled,all,group:distance,class-a,271,3,3,0,0,2,1,0
b_4443,2022-2026 pooled,all,group:jumps,tri-valley,511,115,28,0,0,16,12,102
b_4443,2022-2026 pooled,all,group:jumps,bay-shore,484,61,10,0,0,0,10,53
b_4443,2022-2026 pooled,all,group:jumps,redwood-empire,490,91,5,0,0,5,0,88
b_4443,2022-2026 pooled,all,group:jumps,class-a,396,5,5,0,0,2,3,0
b_4443,2022-2026 pooled,all,group:throws,tri-valley,266,58,21,0,0,21,0,43
b_4443,2022-2026 pooled,all,group:throws,bay-shore,343,21,0,0,0,0,0,21
b_4443,2022-2026 pooled,all,group:throws,redwood-empire,306,51,16,0,0,16,0,39
b_4443,2022-2026 pooled,all,group:throws,class-a,304,8,8,0,0,8,0,0
b_4443,2022-2026 pooled,all,group:relays,tri-valley,147,49,8,0,0,7,1,46
b_4443,2022-2026 pooled,all,group:relays,bay-shore,210,38,0,0,0,0,0,38
b_4443,2022-2026 pooled,all,group:relays,redwood-empire,286,58,6,0,0,6,0,56
b_4443,2022-2026 pooled,all,group:relays,class-a,179,0,0,0,0,0,0,0
b_4443,2022-2026 pooled,all,all,tri-valley,1862,414,137,0,0,75,62,333
b_4443,2022-2026 pooled,all,all,bay-shore,2319,227,35,0,0,0,35,201
b_4443,2022-2026 pooled,all,all,redwood-empire,2411,305,51,0,0,51,0,275
b_4443,2022-2026 pooled,all,all,class-a,1970,30,30,0,0,15,15,0
c_3333,2022,girls,100,tri-valley,13,0,0,0,0,0,0,0
c_3333,2022,girls,100,bay-shore,18,0,0,0,0,0,0,0
c_3333,2022,girls,100,redwood-empire,16,0,0,0,0,0,0,0
c_3333,2022,girls,100,class-a,15,0,0,0,0,0,0,0
c_3333,2022,girls,100H,tri-valley,12,0,0,0,0,0,0,0
c_3333,2022,girls,100H,bay-shore,18,0,0,0,0,0,0,0
c_3333,2022,girls,100H,redwood-empire,15,0,0,0,0,0,0,0
c_3333,2022,girls,100H,class-a,10,0,0,0,0,0,0,0
c_3333,2022,girls,1600,tri-valley,13,0,0,0,0,0,0,0
c_3333,2022,girls,1600,bay-shore,16,0,0,0,0,0,0,0
c_3333,2022,girls,1600,redwood-empire,15,0,0,0,0,0,0,0
c_3333,2022,girls,1600,class-a,9,0,0,0,0,0,0,0
c_3333,2022,girls,200,tri-valley,11,3,0,0,0,0,0,3
c_3333,2022,girls,200,bay-shore,12,0,0,0,0,0,0,0
c_3333,2022,girls,200,redwood-empire,14,0,0,0,0,0,0,0
c_3333,2022,girls,200,class-a,9,0,0,0,0,0,0,0
c_3333,2022,girls,300H,tri-valley,15,0,0,0,0,0,0,0
c_3333,2022,girls,300H,bay-shore,17,0,0,0,0,0,0,0
c_3333,2022,girls,300H,redwood-empire,14,0,0,0,0,0,0,0
c_3333,2022,girls,300H,class-a,8,0,0,0,0,0,0,0
c_3333,2022,girls,3200,tri-valley,14,0,0,0,0,0,0,0
c_3333,2022,girls,3200,bay-shore,14,0,0,0,0,0,0,0
c_3333,2022,girls,3200,redwood-empire,15,0,0,0,0,0,0,0
c_3333,2022,girls,3200,class-a,9,0,0,0,0,0,0,0
c_3333,2022,girls,400,tri-valley,8,1,0,0,0,0,0,1
c_3333,2022,girls,400,bay-shore,16,1,0,0,0,0,0,1
c_3333,2022,girls,400,redwood-empire,19,0,0,0,0,0,0,0
c_3333,2022,girls,400,class-a,10,0,0,0,0,0,0,0
c_3333,2022,girls,4x100,tri-valley,7,1,0,0,0,0,0,1
c_3333,2022,girls,4x100,bay-shore,9,1,0,0,0,0,0,1
c_3333,2022,girls,4x100,redwood-empire,9,1,0,0,0,0,0,1
c_3333,2022,girls,4x100,class-a,5,0,0,0,0,0,0,0
c_3333,2022,girls,4x400,tri-valley,3,1,0,0,0,0,0,1
c_3333,2022,girls,4x400,bay-shore,13,2,0,0,0,0,0,2
c_3333,2022,girls,4x400,redwood-empire,11,3,0,0,0,0,0,3
c_3333,2022,girls,4x400,class-a,5,0,0,0,0,0,0,0
c_3333,2022,girls,800,tri-valley,9,1,0,0,0,0,0,1
c_3333,2022,girls,800,bay-shore,18,0,0,0,0,0,0,0
c_3333,2022,girls,800,redwood-empire,17,0,0,0,0,0,0,0
c_3333,2022,girls,800,class-a,11,0,0,0,0,0,0,0
c_3333,2022,girls,DT,tri-valley,10,3,3,0,0,3,0,2
c_3333,2022,girls,DT,bay-shore,19,0,0,0,0,0,0,0
c_3333,2022,girls,DT,redwood-empire,16,4,4,0,0,4,0,3
c_3333,2022,girls,DT,class-a,16,1,1,0,0,1,0,0
c_3333,2022,girls,HJ,tri-valley,14,0,0,0,0,0,0,0
c_3333,2022,girls,HJ,bay-shore,13,0,0,0,0,0,0,0
c_3333,2022,girls,HJ,redwood-empire,8,0,0,0,0,0,0,0
c_3333,2022,girls,HJ,class-a,8,0,0,0,0,0,0,0
c_3333,2022,girls,LJ,tri-valley,15,0,0,0,0,0,0,0
c_3333,2022,girls,LJ,bay-shore,17,0,0,0,0,0,0,0
c_3333,2022,girls,LJ,redwood-empire,10,0,0,0,0,0,0,0
c_3333,2022,girls,LJ,class-a,12,0,0,0,0,0,0,0
c_3333,2022,girls,PV,tri-valley,15,0,0,0,0,0,0,0
c_3333,2022,girls,PV,bay-shore,10,0,0,0,0,0,0,0
c_3333,2022,girls,PV,redwood-empire,9,0,0,0,0,0,0,0
c_3333,2022,girls,PV,class-a,3,0,0,0,0,0,0,0
c_3333,2022,girls,SP,tri-valley,9,5,5,0,0,5,0,0
c_3333,2022,girls,SP,bay-shore,19,0,0,0,0,0,0,0
c_3333,2022,girls,SP,redwood-empire,15,7,7,0,0,7,0,0
c_3333,2022,girls,SP,class-a,15,6,6,0,0,6,0,0
c_3333,2022,girls,TJ,tri-valley,13,0,0,0,0,0,0,0
c_3333,2022,girls,TJ,bay-shore,13,0,0,0,0,0,0,0
c_3333,2022,girls,TJ,redwood-empire,9,0,0,0,0,0,0,0
c_3333,2022,girls,TJ,class-a,9,0,0,0,0,0,0,0
c_3333,2022,girls,group:sprints_hurdles,tri-valley,51,3,0,0,0,0,0,3
c_3333,2022,girls,group:sprints_hurdles,bay-shore,65,0,0,0,0,0,0,0
c_3333,2022,girls,group:sprints_hurdles,redwood-empire,59,0,0,0,0,0,0,0
c_3333,2022,girls,group:sprints_hurdles,class-a,42,0,0,0,0,0,0,0
c_3333,2022,girls,group:400_800,tri-valley,17,2,0,0,0,0,0,2
c_3333,2022,girls,group:400_800,bay-shore,34,1,0,0,0,0,0,1
c_3333,2022,girls,group:400_800,redwood-empire,36,0,0,0,0,0,0,0
c_3333,2022,girls,group:400_800,class-a,21,0,0,0,0,0,0,0
c_3333,2022,girls,group:distance,tri-valley,27,0,0,0,0,0,0,0
c_3333,2022,girls,group:distance,bay-shore,30,0,0,0,0,0,0,0
c_3333,2022,girls,group:distance,redwood-empire,30,0,0,0,0,0,0,0
c_3333,2022,girls,group:distance,class-a,18,0,0,0,0,0,0,0
c_3333,2022,girls,group:jumps,tri-valley,57,0,0,0,0,0,0,0
c_3333,2022,girls,group:jumps,bay-shore,53,0,0,0,0,0,0,0
c_3333,2022,girls,group:jumps,redwood-empire,36,0,0,0,0,0,0,0
c_3333,2022,girls,group:jumps,class-a,32,0,0,0,0,0,0,0
c_3333,2022,girls,group:throws,tri-valley,19,8,8,0,0,8,0,2
c_3333,2022,girls,group:throws,bay-shore,38,0,0,0,0,0,0,0
c_3333,2022,girls,group:throws,redwood-empire,31,11,11,0,0,11,0,3
c_3333,2022,girls,group:throws,class-a,31,7,7,0,0,7,0,0
c_3333,2022,girls,group:relays,tri-valley,10,2,0,0,0,0,0,2
c_3333,2022,girls,group:relays,bay-shore,22,3,0,0,0,0,0,3
c_3333,2022,girls,group:relays,redwood-empire,20,4,0,0,0,0,0,4
c_3333,2022,girls,group:relays,class-a,10,0,0,0,0,0,0,0
c_3333,2022,girls,all,tri-valley,181,15,8,0,0,8,0,9
c_3333,2022,girls,all,bay-shore,242,4,0,0,0,0,0,4
c_3333,2022,girls,all,redwood-empire,212,15,11,0,0,11,0,7
c_3333,2022,girls,all,class-a,154,7,7,0,0,7,0,0
c_3333,2022,boys,100,tri-valley,11,11,0,0,0,0,0,11
c_3333,2022,boys,100,bay-shore,14,8,0,0,0,0,0,8
c_3333,2022,boys,100,redwood-empire,15,9,0,0,0,0,0,9
c_3333,2022,boys,100,class-a,15,0,0,0,0,0,0,0
c_3333,2022,boys,110H,tri-valley,12,0,0,0,0,0,0,0
c_3333,2022,boys,110H,bay-shore,15,0,0,0,0,0,0,0
c_3333,2022,boys,110H,redwood-empire,13,0,0,0,0,0,0,0
c_3333,2022,boys,110H,class-a,8,0,0,0,0,0,0,0
c_3333,2022,boys,1600,tri-valley,13,0,0,0,0,0,0,0
c_3333,2022,boys,1600,bay-shore,14,0,0,0,0,0,0,0
c_3333,2022,boys,1600,redwood-empire,20,0,0,0,0,0,0,0
c_3333,2022,boys,1600,class-a,14,0,0,0,0,0,0,0
c_3333,2022,boys,200,tri-valley,13,11,0,0,0,0,0,11
c_3333,2022,boys,200,bay-shore,13,11,0,0,0,0,0,11
c_3333,2022,boys,200,redwood-empire,16,10,0,0,0,0,0,10
c_3333,2022,boys,200,class-a,12,0,0,0,0,0,0,0
c_3333,2022,boys,300H,tri-valley,11,1,0,0,0,0,0,1
c_3333,2022,boys,300H,bay-shore,15,0,0,0,0,0,0,0
c_3333,2022,boys,300H,redwood-empire,11,1,0,0,0,0,0,1
c_3333,2022,boys,300H,class-a,8,0,0,0,0,0,0,0
c_3333,2022,boys,3200,tri-valley,15,2,0,0,0,0,0,2
c_3333,2022,boys,3200,bay-shore,15,1,0,0,0,0,0,1
c_3333,2022,boys,3200,redwood-empire,19,1,0,0,0,0,0,1
c_3333,2022,boys,3200,class-a,14,0,0,0,0,0,0,0
c_3333,2022,boys,400,tri-valley,10,7,0,0,0,0,0,7
c_3333,2022,boys,400,bay-shore,15,4,0,0,0,0,0,4
c_3333,2022,boys,400,redwood-empire,17,2,0,0,0,0,0,2
c_3333,2022,boys,400,class-a,10,0,0,0,0,0,0,0
c_3333,2022,boys,4x100,tri-valley,6,2,0,0,0,0,0,2
c_3333,2022,boys,4x100,bay-shore,10,0,0,0,0,0,0,0
c_3333,2022,boys,4x100,redwood-empire,14,1,0,0,0,0,0,1
c_3333,2022,boys,4x100,class-a,7,0,0,0,0,0,0,0
c_3333,2022,boys,4x400,tri-valley,8,7,0,0,0,0,0,7
c_3333,2022,boys,4x400,bay-shore,8,5,0,0,0,0,0,5
c_3333,2022,boys,4x400,redwood-empire,16,7,0,0,0,0,0,7
c_3333,2022,boys,4x400,class-a,2,0,0,0,0,0,0,0
c_3333,2022,boys,800,tri-valley,15,7,0,0,0,0,0,7
c_3333,2022,boys,800,bay-shore,15,5,0,0,0,0,0,5
c_3333,2022,boys,800,redwood-empire,17,1,0,0,0,0,0,1
c_3333,2022,boys,800,class-a,8,0,0,0,0,0,0,0
c_3333,2022,boys,DT,tri-valley,13,0,0,0,0,0,0,0
c_3333,2022,boys,DT,bay-shore,17,0,0,0,0,0,0,0
c_3333,2022,boys,DT,redwood-empire,13,0,0,0,0,0,0,0
c_3333,2022,boys,DT,class-a,10,0,0,0,0,0,0,0
c_3333,2022,boys,HJ,tri-valley,6,0,0,0,0,0,0,0
c_3333,2022,boys,HJ,bay-shore,16,0,0,0,0,0,0,0
c_3333,2022,boys,HJ,redwood-empire,4,0,0,0,0,0,0,0
c_3333,2022,boys,HJ,class-a,9,0,0,0,0,0,0,0
c_3333,2022,boys,LJ,tri-valley,14,0,0,0,0,0,0,0
c_3333,2022,boys,LJ,bay-shore,14,0,0,0,0,0,0,0
c_3333,2022,boys,LJ,redwood-empire,15,0,0,0,0,0,0,0
c_3333,2022,boys,LJ,class-a,13,0,0,0,0,0,0,0
c_3333,2022,boys,PV,tri-valley,11,11,0,0,0,0,0,11
c_3333,2022,boys,PV,bay-shore,11,10,0,0,0,0,0,10
c_3333,2022,boys,PV,redwood-empire,11,11,0,0,0,0,0,11
c_3333,2022,boys,PV,class-a,0,0,0,0,0,0,0,0
c_3333,2022,boys,SP,tri-valley,16,4,0,0,0,0,0,4
c_3333,2022,boys,SP,bay-shore,15,1,0,0,0,0,0,1
c_3333,2022,boys,SP,redwood-empire,14,3,0,0,0,0,0,3
c_3333,2022,boys,SP,class-a,11,0,0,0,0,0,0,0
c_3333,2022,boys,TJ,tri-valley,14,1,0,0,0,0,0,1
c_3333,2022,boys,TJ,bay-shore,14,0,0,0,0,0,0,0
c_3333,2022,boys,TJ,redwood-empire,13,0,0,0,0,0,0,0
c_3333,2022,boys,TJ,class-a,13,0,0,0,0,0,0,0
c_3333,2022,boys,group:sprints_hurdles,tri-valley,47,23,0,0,0,0,0,23
c_3333,2022,boys,group:sprints_hurdles,bay-shore,57,19,0,0,0,0,0,19
c_3333,2022,boys,group:sprints_hurdles,redwood-empire,55,20,0,0,0,0,0,20
c_3333,2022,boys,group:sprints_hurdles,class-a,43,0,0,0,0,0,0,0
c_3333,2022,boys,group:400_800,tri-valley,25,14,0,0,0,0,0,14
c_3333,2022,boys,group:400_800,bay-shore,30,9,0,0,0,0,0,9
c_3333,2022,boys,group:400_800,redwood-empire,34,3,0,0,0,0,0,3
c_3333,2022,boys,group:400_800,class-a,18,0,0,0,0,0,0,0
c_3333,2022,boys,group:distance,tri-valley,28,2,0,0,0,0,0,2
c_3333,2022,boys,group:distance,bay-shore,29,1,0,0,0,0,0,1
c_3333,2022,boys,group:distance,redwood-empire,39,1,0,0,0,0,0,1
c_3333,2022,boys,group:distance,class-a,28,0,0,0,0,0,0,0
c_3333,2022,boys,group:jumps,tri-valley,45,12,0,0,0,0,0,12
c_3333,2022,boys,group:jumps,bay-shore,55,10,0,0,0,0,0,10
c_3333,2022,boys,group:jumps,redwood-empire,43,11,0,0,0,0,0,11
c_3333,2022,boys,group:jumps,class-a,35,0,0,0,0,0,0,0
c_3333,2022,boys,group:throws,tri-valley,29,4,0,0,0,0,0,4
c_3333,2022,boys,group:throws,bay-shore,32,1,0,0,0,0,0,1
c_3333,2022,boys,group:throws,redwood-empire,27,3,0,0,0,0,0,3
c_3333,2022,boys,group:throws,class-a,21,0,0,0,0,0,0,0
c_3333,2022,boys,group:relays,tri-valley,14,9,0,0,0,0,0,9
c_3333,2022,boys,group:relays,bay-shore,18,5,0,0,0,0,0,5
c_3333,2022,boys,group:relays,redwood-empire,30,8,0,0,0,0,0,8
c_3333,2022,boys,group:relays,class-a,9,0,0,0,0,0,0,0
c_3333,2022,boys,all,tri-valley,188,64,0,0,0,0,0,64
c_3333,2022,boys,all,bay-shore,221,45,0,0,0,0,0,45
c_3333,2022,boys,all,redwood-empire,228,46,0,0,0,0,0,46
c_3333,2022,boys,all,class-a,154,0,0,0,0,0,0,0
c_3333,2022,all,100,tri-valley,24,11,0,0,0,0,0,11
c_3333,2022,all,100,bay-shore,32,8,0,0,0,0,0,8
c_3333,2022,all,100,redwood-empire,31,9,0,0,0,0,0,9
c_3333,2022,all,100,class-a,30,0,0,0,0,0,0,0
c_3333,2022,all,100H,tri-valley,12,0,0,0,0,0,0,0
c_3333,2022,all,100H,bay-shore,18,0,0,0,0,0,0,0
c_3333,2022,all,100H,redwood-empire,15,0,0,0,0,0,0,0
c_3333,2022,all,100H,class-a,10,0,0,0,0,0,0,0
c_3333,2022,all,110H,tri-valley,12,0,0,0,0,0,0,0
c_3333,2022,all,110H,bay-shore,15,0,0,0,0,0,0,0
c_3333,2022,all,110H,redwood-empire,13,0,0,0,0,0,0,0
c_3333,2022,all,110H,class-a,8,0,0,0,0,0,0,0
c_3333,2022,all,1600,tri-valley,26,0,0,0,0,0,0,0
c_3333,2022,all,1600,bay-shore,30,0,0,0,0,0,0,0
c_3333,2022,all,1600,redwood-empire,35,0,0,0,0,0,0,0
c_3333,2022,all,1600,class-a,23,0,0,0,0,0,0,0
c_3333,2022,all,200,tri-valley,24,14,0,0,0,0,0,14
c_3333,2022,all,200,bay-shore,25,11,0,0,0,0,0,11
c_3333,2022,all,200,redwood-empire,30,10,0,0,0,0,0,10
c_3333,2022,all,200,class-a,21,0,0,0,0,0,0,0
c_3333,2022,all,300H,tri-valley,26,1,0,0,0,0,0,1
c_3333,2022,all,300H,bay-shore,32,0,0,0,0,0,0,0
c_3333,2022,all,300H,redwood-empire,25,1,0,0,0,0,0,1
c_3333,2022,all,300H,class-a,16,0,0,0,0,0,0,0
c_3333,2022,all,3200,tri-valley,29,2,0,0,0,0,0,2
c_3333,2022,all,3200,bay-shore,29,1,0,0,0,0,0,1
c_3333,2022,all,3200,redwood-empire,34,1,0,0,0,0,0,1
c_3333,2022,all,3200,class-a,23,0,0,0,0,0,0,0
c_3333,2022,all,400,tri-valley,18,8,0,0,0,0,0,8
c_3333,2022,all,400,bay-shore,31,5,0,0,0,0,0,5
c_3333,2022,all,400,redwood-empire,36,2,0,0,0,0,0,2
c_3333,2022,all,400,class-a,20,0,0,0,0,0,0,0
c_3333,2022,all,4x100,tri-valley,13,3,0,0,0,0,0,3
c_3333,2022,all,4x100,bay-shore,19,1,0,0,0,0,0,1
c_3333,2022,all,4x100,redwood-empire,23,2,0,0,0,0,0,2
c_3333,2022,all,4x100,class-a,12,0,0,0,0,0,0,0
c_3333,2022,all,4x400,tri-valley,11,8,0,0,0,0,0,8
c_3333,2022,all,4x400,bay-shore,21,7,0,0,0,0,0,7
c_3333,2022,all,4x400,redwood-empire,27,10,0,0,0,0,0,10
c_3333,2022,all,4x400,class-a,7,0,0,0,0,0,0,0
c_3333,2022,all,800,tri-valley,24,8,0,0,0,0,0,8
c_3333,2022,all,800,bay-shore,33,5,0,0,0,0,0,5
c_3333,2022,all,800,redwood-empire,34,1,0,0,0,0,0,1
c_3333,2022,all,800,class-a,19,0,0,0,0,0,0,0
c_3333,2022,all,DT,tri-valley,23,3,3,0,0,3,0,2
c_3333,2022,all,DT,bay-shore,36,0,0,0,0,0,0,0
c_3333,2022,all,DT,redwood-empire,29,4,4,0,0,4,0,3
c_3333,2022,all,DT,class-a,26,1,1,0,0,1,0,0
c_3333,2022,all,HJ,tri-valley,20,0,0,0,0,0,0,0
c_3333,2022,all,HJ,bay-shore,29,0,0,0,0,0,0,0
c_3333,2022,all,HJ,redwood-empire,12,0,0,0,0,0,0,0
c_3333,2022,all,HJ,class-a,17,0,0,0,0,0,0,0
c_3333,2022,all,LJ,tri-valley,29,0,0,0,0,0,0,0
c_3333,2022,all,LJ,bay-shore,31,0,0,0,0,0,0,0
c_3333,2022,all,LJ,redwood-empire,25,0,0,0,0,0,0,0
c_3333,2022,all,LJ,class-a,25,0,0,0,0,0,0,0
c_3333,2022,all,PV,tri-valley,26,11,0,0,0,0,0,11
c_3333,2022,all,PV,bay-shore,21,10,0,0,0,0,0,10
c_3333,2022,all,PV,redwood-empire,20,11,0,0,0,0,0,11
c_3333,2022,all,PV,class-a,3,0,0,0,0,0,0,0
c_3333,2022,all,SP,tri-valley,25,9,5,0,0,5,0,4
c_3333,2022,all,SP,bay-shore,34,1,0,0,0,0,0,1
c_3333,2022,all,SP,redwood-empire,29,10,7,0,0,7,0,3
c_3333,2022,all,SP,class-a,26,6,6,0,0,6,0,0
c_3333,2022,all,TJ,tri-valley,27,1,0,0,0,0,0,1
c_3333,2022,all,TJ,bay-shore,27,0,0,0,0,0,0,0
c_3333,2022,all,TJ,redwood-empire,22,0,0,0,0,0,0,0
c_3333,2022,all,TJ,class-a,22,0,0,0,0,0,0,0
c_3333,2022,all,group:sprints_hurdles,tri-valley,98,26,0,0,0,0,0,26
c_3333,2022,all,group:sprints_hurdles,bay-shore,122,19,0,0,0,0,0,19
c_3333,2022,all,group:sprints_hurdles,redwood-empire,114,20,0,0,0,0,0,20
c_3333,2022,all,group:sprints_hurdles,class-a,85,0,0,0,0,0,0,0
c_3333,2022,all,group:400_800,tri-valley,42,16,0,0,0,0,0,16
c_3333,2022,all,group:400_800,bay-shore,64,10,0,0,0,0,0,10
c_3333,2022,all,group:400_800,redwood-empire,70,3,0,0,0,0,0,3
c_3333,2022,all,group:400_800,class-a,39,0,0,0,0,0,0,0
c_3333,2022,all,group:distance,tri-valley,55,2,0,0,0,0,0,2
c_3333,2022,all,group:distance,bay-shore,59,1,0,0,0,0,0,1
c_3333,2022,all,group:distance,redwood-empire,69,1,0,0,0,0,0,1
c_3333,2022,all,group:distance,class-a,46,0,0,0,0,0,0,0
c_3333,2022,all,group:jumps,tri-valley,102,12,0,0,0,0,0,12
c_3333,2022,all,group:jumps,bay-shore,108,10,0,0,0,0,0,10
c_3333,2022,all,group:jumps,redwood-empire,79,11,0,0,0,0,0,11
c_3333,2022,all,group:jumps,class-a,67,0,0,0,0,0,0,0
c_3333,2022,all,group:throws,tri-valley,48,12,8,0,0,8,0,6
c_3333,2022,all,group:throws,bay-shore,70,1,0,0,0,0,0,1
c_3333,2022,all,group:throws,redwood-empire,58,14,11,0,0,11,0,6
c_3333,2022,all,group:throws,class-a,52,7,7,0,0,7,0,0
c_3333,2022,all,group:relays,tri-valley,24,11,0,0,0,0,0,11
c_3333,2022,all,group:relays,bay-shore,40,8,0,0,0,0,0,8
c_3333,2022,all,group:relays,redwood-empire,50,12,0,0,0,0,0,12
c_3333,2022,all,group:relays,class-a,19,0,0,0,0,0,0,0
c_3333,2022,all,all,tri-valley,369,79,8,0,0,8,0,73
c_3333,2022,all,all,bay-shore,463,49,0,0,0,0,0,49
c_3333,2022,all,all,redwood-empire,440,61,11,0,0,11,0,53
c_3333,2022,all,all,class-a,308,7,7,0,0,7,0,0
c_3333,2023,girls,100,tri-valley,12,0,0,0,0,0,0,0
c_3333,2023,girls,100,bay-shore,17,0,0,0,0,0,0,0
c_3333,2023,girls,100,redwood-empire,22,2,0,0,0,0,0,2
c_3333,2023,girls,100,class-a,14,0,0,0,0,0,0,0
c_3333,2023,girls,100H,tri-valley,9,0,0,0,0,0,0,0
c_3333,2023,girls,100H,bay-shore,19,0,0,0,0,0,0,0
c_3333,2023,girls,100H,redwood-empire,15,1,0,0,0,0,0,1
c_3333,2023,girls,100H,class-a,14,0,0,0,0,0,0,0
c_3333,2023,girls,1600,tri-valley,12,0,0,0,0,0,0,0
c_3333,2023,girls,1600,bay-shore,18,0,0,0,0,0,0,0
c_3333,2023,girls,1600,redwood-empire,18,0,0,0,0,0,0,0
c_3333,2023,girls,1600,class-a,11,0,0,0,0,0,0,0
c_3333,2023,girls,200,tri-valley,8,0,0,0,0,0,0,0
c_3333,2023,girls,200,bay-shore,18,0,0,0,0,0,0,0
c_3333,2023,girls,200,redwood-empire,17,0,0,0,0,0,0,0
c_3333,2023,girls,200,class-a,13,0,0,0,0,0,0,0
c_3333,2023,girls,300H,tri-valley,11,4,0,0,0,0,0,4
c_3333,2023,girls,300H,bay-shore,17,6,0,0,0,0,0,6
c_3333,2023,girls,300H,redwood-empire,16,8,0,0,0,0,0,8
c_3333,2023,girls,300H,class-a,13,0,0,0,0,0,0,0
c_3333,2023,girls,3200,tri-valley,13,0,0,0,0,0,0,0
c_3333,2023,girls,3200,bay-shore,16,0,0,0,0,0,0,0
c_3333,2023,girls,3200,redwood-empire,19,0,0,0,0,0,0,0
c_3333,2023,girls,3200,class-a,9,0,0,0,0,0,0,0
c_3333,2023,girls,400,tri-valley,8,1,0,0,0,0,0,1
c_3333,2023,girls,400,bay-shore,14,0,0,0,0,0,0,0
c_3333,2023,girls,400,redwood-empire,19,0,0,0,0,0,0,0
c_3333,2023,girls,400,class-a,17,0,0,0,0,0,0,0
c_3333,2023,girls,4x100,tri-valley,7,3,0,0,0,0,0,3
c_3333,2023,girls,4x100,bay-shore,9,1,0,0,0,0,0,1
c_3333,2023,girls,4x100,redwood-empire,17,8,0,0,0,0,0,8
c_3333,2023,girls,4x100,class-a,13,0,0,0,0,0,0,0
c_3333,2023,girls,4x400,tri-valley,5,0,0,0,0,0,0,0
c_3333,2023,girls,4x400,bay-shore,8,0,0,0,0,0,0,0
c_3333,2023,girls,4x400,redwood-empire,15,0,0,0,0,0,0,0
c_3333,2023,girls,4x400,class-a,10,0,0,0,0,0,0,0
c_3333,2023,girls,800,tri-valley,8,0,0,0,0,0,0,0
c_3333,2023,girls,800,bay-shore,19,0,0,0,0,0,0,0
c_3333,2023,girls,800,redwood-empire,22,0,0,0,0,0,0,0
c_3333,2023,girls,800,class-a,16,0,0,0,0,0,0,0
c_3333,2023,girls,DT,tri-valley,10,1,0,0,0,0,0,1
c_3333,2023,girls,DT,bay-shore,20,0,0,0,0,0,0,0
c_3333,2023,girls,DT,redwood-empire,21,3,0,0,0,0,0,3
c_3333,2023,girls,DT,class-a,17,0,0,0,0,0,0,0
c_3333,2023,girls,HJ,tri-valley,9,0,0,0,0,0,0,0
c_3333,2023,girls,HJ,bay-shore,11,0,0,0,0,0,0,0
c_3333,2023,girls,HJ,redwood-empire,9,0,0,0,0,0,0,0
c_3333,2023,girls,HJ,class-a,10,0,0,0,0,0,0,0
c_3333,2023,girls,LJ,tri-valley,16,0,0,0,0,0,0,0
c_3333,2023,girls,LJ,bay-shore,13,0,0,0,0,0,0,0
c_3333,2023,girls,LJ,redwood-empire,15,0,0,0,0,0,0,0
c_3333,2023,girls,LJ,class-a,13,0,0,0,0,0,0,0
c_3333,2023,girls,PV,tri-valley,18,18,0,0,0,0,0,18
c_3333,2023,girls,PV,bay-shore,12,6,0,0,0,0,0,6
c_3333,2023,girls,PV,redwood-empire,12,12,0,0,0,0,0,12
c_3333,2023,girls,PV,class-a,3,0,0,0,0,0,0,0
c_3333,2023,girls,SP,tri-valley,17,0,0,0,0,0,0,0
c_3333,2023,girls,SP,bay-shore,20,0,0,0,0,0,0,0
c_3333,2023,girls,SP,redwood-empire,14,0,0,0,0,0,0,0
c_3333,2023,girls,SP,class-a,19,0,0,0,0,0,0,0
c_3333,2023,girls,TJ,tri-valley,14,0,0,0,0,0,0,0
c_3333,2023,girls,TJ,bay-shore,11,0,0,0,0,0,0,0
c_3333,2023,girls,TJ,redwood-empire,20,0,0,0,0,0,0,0
c_3333,2023,girls,TJ,class-a,10,0,0,0,0,0,0,0
c_3333,2023,girls,group:sprints_hurdles,tri-valley,40,4,0,0,0,0,0,4
c_3333,2023,girls,group:sprints_hurdles,bay-shore,71,6,0,0,0,0,0,6
c_3333,2023,girls,group:sprints_hurdles,redwood-empire,70,11,0,0,0,0,0,11
c_3333,2023,girls,group:sprints_hurdles,class-a,54,0,0,0,0,0,0,0
c_3333,2023,girls,group:400_800,tri-valley,16,1,0,0,0,0,0,1
c_3333,2023,girls,group:400_800,bay-shore,33,0,0,0,0,0,0,0
c_3333,2023,girls,group:400_800,redwood-empire,41,0,0,0,0,0,0,0
c_3333,2023,girls,group:400_800,class-a,33,0,0,0,0,0,0,0
c_3333,2023,girls,group:distance,tri-valley,25,0,0,0,0,0,0,0
c_3333,2023,girls,group:distance,bay-shore,34,0,0,0,0,0,0,0
c_3333,2023,girls,group:distance,redwood-empire,37,0,0,0,0,0,0,0
c_3333,2023,girls,group:distance,class-a,20,0,0,0,0,0,0,0
c_3333,2023,girls,group:jumps,tri-valley,57,18,0,0,0,0,0,18
c_3333,2023,girls,group:jumps,bay-shore,47,6,0,0,0,0,0,6
c_3333,2023,girls,group:jumps,redwood-empire,56,12,0,0,0,0,0,12
c_3333,2023,girls,group:jumps,class-a,36,0,0,0,0,0,0,0
c_3333,2023,girls,group:throws,tri-valley,27,1,0,0,0,0,0,1
c_3333,2023,girls,group:throws,bay-shore,40,0,0,0,0,0,0,0
c_3333,2023,girls,group:throws,redwood-empire,35,3,0,0,0,0,0,3
c_3333,2023,girls,group:throws,class-a,36,0,0,0,0,0,0,0
c_3333,2023,girls,group:relays,tri-valley,12,3,0,0,0,0,0,3
c_3333,2023,girls,group:relays,bay-shore,17,1,0,0,0,0,0,1
c_3333,2023,girls,group:relays,redwood-empire,32,8,0,0,0,0,0,8
c_3333,2023,girls,group:relays,class-a,23,0,0,0,0,0,0,0
c_3333,2023,girls,all,tri-valley,177,27,0,0,0,0,0,27
c_3333,2023,girls,all,bay-shore,242,13,0,0,0,0,0,13
c_3333,2023,girls,all,redwood-empire,271,34,0,0,0,0,0,34
c_3333,2023,girls,all,class-a,202,0,0,0,0,0,0,0
c_3333,2023,boys,100,tri-valley,10,9,6,0,0,0,6,9
c_3333,2023,boys,100,bay-shore,15,2,1,0,0,0,1,2
c_3333,2023,boys,100,redwood-empire,24,3,0,0,0,0,0,3
c_3333,2023,boys,100,class-a,13,0,0,0,0,0,0,0
c_3333,2023,boys,110H,tri-valley,15,0,0,0,0,0,0,0
c_3333,2023,boys,110H,bay-shore,14,0,0,0,0,0,0,0
c_3333,2023,boys,110H,redwood-empire,21,0,0,0,0,0,0,0
c_3333,2023,boys,110H,class-a,12,0,0,0,0,0,0,0
c_3333,2023,boys,1600,tri-valley,7,3,0,0,0,0,0,3
c_3333,2023,boys,1600,bay-shore,19,4,0,0,0,0,0,4
c_3333,2023,boys,1600,redwood-empire,20,3,0,0,0,0,0,3
c_3333,2023,boys,1600,class-a,14,0,0,0,0,0,0,0
c_3333,2023,boys,200,tri-valley,9,5,0,0,0,0,0,5
c_3333,2023,boys,200,bay-shore,16,1,0,0,0,0,0,1
c_3333,2023,boys,200,redwood-empire,22,2,0,0,0,0,0,2
c_3333,2023,boys,200,class-a,13,0,0,0,0,0,0,0
c_3333,2023,boys,300H,tri-valley,13,0,0,0,0,0,0,0
c_3333,2023,boys,300H,bay-shore,17,0,0,0,0,0,0,0
c_3333,2023,boys,300H,redwood-empire,17,0,0,0,0,0,0,0
c_3333,2023,boys,300H,class-a,14,0,0,0,0,0,0,0
c_3333,2023,boys,3200,tri-valley,13,0,0,0,0,0,0,0
c_3333,2023,boys,3200,bay-shore,16,0,0,0,0,0,0,0
c_3333,2023,boys,3200,redwood-empire,20,0,0,0,0,0,0,0
c_3333,2023,boys,3200,class-a,17,0,0,0,0,0,0,0
c_3333,2023,boys,400,tri-valley,13,10,0,0,0,0,0,10
c_3333,2023,boys,400,bay-shore,17,7,0,0,0,0,0,7
c_3333,2023,boys,400,redwood-empire,22,6,0,0,0,0,0,6
c_3333,2023,boys,400,class-a,14,0,0,0,0,0,0,0
c_3333,2023,boys,4x100,tri-valley,8,6,1,0,0,1,0,6
c_3333,2023,boys,4x100,bay-shore,11,7,0,0,0,0,0,7
c_3333,2023,boys,4x100,redwood-empire,16,9,2,0,0,2,0,9
c_3333,2023,boys,4x100,class-a,5,0,0,0,0,0,0,0
c_3333,2023,boys,4x400,tri-valley,9,1,0,0,0,0,0,1
c_3333,2023,boys,4x400,bay-shore,13,0,0,0,0,0,0,0
c_3333,2023,boys,4x400,redwood-empire,16,1,0,0,0,0,0,1
c_3333,2023,boys,4x400,class-a,11,0,0,0,0,0,0,0
c_3333,2023,boys,800,tri-valley,9,0,0,0,0,0,0,0
c_3333,2023,boys,800,bay-shore,17,0,0,0,0,0,0,0
c_3333,2023,boys,800,redwood-empire,24,0,0,0,0,0,0,0
c_3333,2023,boys,800,class-a,13,0,0,0,0,0,0,0
c_3333,2023,boys,DT,tri-valley,15,0,0,0,0,0,0,0
c_3333,2023,boys,DT,bay-shore,17,0,0,0,0,0,0,0
c_3333,2023,boys,DT,redwood-empire,13,0,0,0,0,0,0,0
c_3333,2023,boys,DT,class-a,18,0,0,0,0,0,0,0
c_3333,2023,boys,HJ,tri-valley,10,0,0,0,0,0,0,0
c_3333,2023,boys,HJ,bay-shore,17,0,0,0,0,0,0,0
c_3333,2023,boys,HJ,redwood-empire,7,0,0,0,0,0,0,0
c_3333,2023,boys,HJ,class-a,10,0,0,0,0,0,0,0
c_3333,2023,boys,LJ,tri-valley,16,0,0,0,0,0,0,0
c_3333,2023,boys,LJ,bay-shore,13,0,0,0,0,0,0,0
c_3333,2023,boys,LJ,redwood-empire,18,0,0,0,0,0,0,0
c_3333,2023,boys,LJ,class-a,9,0,0,0,0,0,0,0
c_3333,2023,boys,PV,tri-valley,10,10,0,0,0,0,0,10
c_3333,2023,boys,PV,bay-shore,9,4,0,0,0,0,0,4
c_3333,2023,boys,PV,redwood-empire,9,9,0,0,0,0,0,9
c_3333,2023,boys,PV,class-a,2,0,0,0,0,0,0,0
c_3333,2023,boys,SP,tri-valley,14,1,0,0,0,0,0,1
c_3333,2023,boys,SP,bay-shore,13,2,0,0,0,0,0,2
c_3333,2023,boys,SP,redwood-empire,17,3,0,0,0,0,0,3
c_3333,2023,boys,SP,class-a,15,0,0,0,0,0,0,0
c_3333,2023,boys,TJ,tri-valley,17,0,0,0,0,0,0,0
c_3333,2023,boys,TJ,bay-shore,15,0,0,0,0,0,0,0
c_3333,2023,boys,TJ,redwood-empire,18,0,0,0,0,0,0,0
c_3333,2023,boys,TJ,class-a,14,0,0,0,0,0,0,0
c_3333,2023,boys,group:sprints_hurdles,tri-valley,47,14,6,0,0,0,6,14
c_3333,2023,boys,group:sprints_hurdles,bay-shore,62,3,1,0,0,0,1,3
c_3333,2023,boys,group:sprints_hurdles,redwood-empire,84,5,0,0,0,0,0,5
c_3333,2023,boys,group:sprints_hurdles,class-a,52,0,0,0,0,0,0,0
c_3333,2023,boys,group:400_800,tri-valley,22,10,0,0,0,0,0,10
c_3333,2023,boys,group:400_800,bay-shore,34,7,0,0,0,0,0,7
c_3333,2023,boys,group:400_800,redwood-empire,46,6,0,0,0,0,0,6
c_3333,2023,boys,group:400_800,class-a,27,0,0,0,0,0,0,0
c_3333,2023,boys,group:distance,tri-valley,20,3,0,0,0,0,0,3
c_3333,2023,boys,group:distance,bay-shore,35,4,0,0,0,0,0,4
c_3333,2023,boys,group:distance,redwood-empire,40,3,0,0,0,0,0,3
c_3333,2023,boys,group:distance,class-a,31,0,0,0,0,0,0,0
c_3333,2023,boys,group:jumps,tri-valley,53,10,0,0,0,0,0,10
c_3333,2023,boys,group:jumps,bay-shore,54,4,0,0,0,0,0,4
c_3333,2023,boys,group:jumps,redwood-empire,52,9,0,0,0,0,0,9
c_3333,2023,boys,group:jumps,class-a,35,0,0,0,0,0,0,0
c_3333,2023,boys,group:throws,tri-valley,29,1,0,0,0,0,0,1
c_3333,2023,boys,group:throws,bay-shore,30,2,0,0,0,0,0,2
c_3333,2023,boys,group:throws,redwood-empire,30,3,0,0,0,0,0,3
c_3333,2023,boys,group:throws,class-a,33,0,0,0,0,0,0,0
c_3333,2023,boys,group:relays,tri-valley,17,7,1,0,0,1,0,7
c_3333,2023,boys,group:relays,bay-shore,24,7,0,0,0,0,0,7
c_3333,2023,boys,group:relays,redwood-empire,32,10,2,0,0,2,0,10
c_3333,2023,boys,group:relays,class-a,16,0,0,0,0,0,0,0
c_3333,2023,boys,all,tri-valley,188,45,7,0,0,1,6,45
c_3333,2023,boys,all,bay-shore,239,27,1,0,0,0,1,27
c_3333,2023,boys,all,redwood-empire,284,36,2,0,0,2,0,36
c_3333,2023,boys,all,class-a,194,0,0,0,0,0,0,0
c_3333,2023,all,100,tri-valley,22,9,6,0,0,0,6,9
c_3333,2023,all,100,bay-shore,32,2,1,0,0,0,1,2
c_3333,2023,all,100,redwood-empire,46,5,0,0,0,0,0,5
c_3333,2023,all,100,class-a,27,0,0,0,0,0,0,0
c_3333,2023,all,100H,tri-valley,9,0,0,0,0,0,0,0
c_3333,2023,all,100H,bay-shore,19,0,0,0,0,0,0,0
c_3333,2023,all,100H,redwood-empire,15,1,0,0,0,0,0,1
c_3333,2023,all,100H,class-a,14,0,0,0,0,0,0,0
c_3333,2023,all,110H,tri-valley,15,0,0,0,0,0,0,0
c_3333,2023,all,110H,bay-shore,14,0,0,0,0,0,0,0
c_3333,2023,all,110H,redwood-empire,21,0,0,0,0,0,0,0
c_3333,2023,all,110H,class-a,12,0,0,0,0,0,0,0
c_3333,2023,all,1600,tri-valley,19,3,0,0,0,0,0,3
c_3333,2023,all,1600,bay-shore,37,4,0,0,0,0,0,4
c_3333,2023,all,1600,redwood-empire,38,3,0,0,0,0,0,3
c_3333,2023,all,1600,class-a,25,0,0,0,0,0,0,0
c_3333,2023,all,200,tri-valley,17,5,0,0,0,0,0,5
c_3333,2023,all,200,bay-shore,34,1,0,0,0,0,0,1
c_3333,2023,all,200,redwood-empire,39,2,0,0,0,0,0,2
c_3333,2023,all,200,class-a,26,0,0,0,0,0,0,0
c_3333,2023,all,300H,tri-valley,24,4,0,0,0,0,0,4
c_3333,2023,all,300H,bay-shore,34,6,0,0,0,0,0,6
c_3333,2023,all,300H,redwood-empire,33,8,0,0,0,0,0,8
c_3333,2023,all,300H,class-a,27,0,0,0,0,0,0,0
c_3333,2023,all,3200,tri-valley,26,0,0,0,0,0,0,0
c_3333,2023,all,3200,bay-shore,32,0,0,0,0,0,0,0
c_3333,2023,all,3200,redwood-empire,39,0,0,0,0,0,0,0
c_3333,2023,all,3200,class-a,26,0,0,0,0,0,0,0
c_3333,2023,all,400,tri-valley,21,11,0,0,0,0,0,11
c_3333,2023,all,400,bay-shore,31,7,0,0,0,0,0,7
c_3333,2023,all,400,redwood-empire,41,6,0,0,0,0,0,6
c_3333,2023,all,400,class-a,31,0,0,0,0,0,0,0
c_3333,2023,all,4x100,tri-valley,15,9,1,0,0,1,0,9
c_3333,2023,all,4x100,bay-shore,20,8,0,0,0,0,0,8
c_3333,2023,all,4x100,redwood-empire,33,17,2,0,0,2,0,17
c_3333,2023,all,4x100,class-a,18,0,0,0,0,0,0,0
c_3333,2023,all,4x400,tri-valley,14,1,0,0,0,0,0,1
c_3333,2023,all,4x400,bay-shore,21,0,0,0,0,0,0,0
c_3333,2023,all,4x400,redwood-empire,31,1,0,0,0,0,0,1
c_3333,2023,all,4x400,class-a,21,0,0,0,0,0,0,0
c_3333,2023,all,800,tri-valley,17,0,0,0,0,0,0,0
c_3333,2023,all,800,bay-shore,36,0,0,0,0,0,0,0
c_3333,2023,all,800,redwood-empire,46,0,0,0,0,0,0,0
c_3333,2023,all,800,class-a,29,0,0,0,0,0,0,0
c_3333,2023,all,DT,tri-valley,25,1,0,0,0,0,0,1
c_3333,2023,all,DT,bay-shore,37,0,0,0,0,0,0,0
c_3333,2023,all,DT,redwood-empire,34,3,0,0,0,0,0,3
c_3333,2023,all,DT,class-a,35,0,0,0,0,0,0,0
c_3333,2023,all,HJ,tri-valley,19,0,0,0,0,0,0,0
c_3333,2023,all,HJ,bay-shore,28,0,0,0,0,0,0,0
c_3333,2023,all,HJ,redwood-empire,16,0,0,0,0,0,0,0
c_3333,2023,all,HJ,class-a,20,0,0,0,0,0,0,0
c_3333,2023,all,LJ,tri-valley,32,0,0,0,0,0,0,0
c_3333,2023,all,LJ,bay-shore,26,0,0,0,0,0,0,0
c_3333,2023,all,LJ,redwood-empire,33,0,0,0,0,0,0,0
c_3333,2023,all,LJ,class-a,22,0,0,0,0,0,0,0
c_3333,2023,all,PV,tri-valley,28,28,0,0,0,0,0,28
c_3333,2023,all,PV,bay-shore,21,10,0,0,0,0,0,10
c_3333,2023,all,PV,redwood-empire,21,21,0,0,0,0,0,21
c_3333,2023,all,PV,class-a,5,0,0,0,0,0,0,0
c_3333,2023,all,SP,tri-valley,31,1,0,0,0,0,0,1
c_3333,2023,all,SP,bay-shore,33,2,0,0,0,0,0,2
c_3333,2023,all,SP,redwood-empire,31,3,0,0,0,0,0,3
c_3333,2023,all,SP,class-a,34,0,0,0,0,0,0,0
c_3333,2023,all,TJ,tri-valley,31,0,0,0,0,0,0,0
c_3333,2023,all,TJ,bay-shore,26,0,0,0,0,0,0,0
c_3333,2023,all,TJ,redwood-empire,38,0,0,0,0,0,0,0
c_3333,2023,all,TJ,class-a,24,0,0,0,0,0,0,0
c_3333,2023,all,group:sprints_hurdles,tri-valley,87,18,6,0,0,0,6,18
c_3333,2023,all,group:sprints_hurdles,bay-shore,133,9,1,0,0,0,1,9
c_3333,2023,all,group:sprints_hurdles,redwood-empire,154,16,0,0,0,0,0,16
c_3333,2023,all,group:sprints_hurdles,class-a,106,0,0,0,0,0,0,0
c_3333,2023,all,group:400_800,tri-valley,38,11,0,0,0,0,0,11
c_3333,2023,all,group:400_800,bay-shore,67,7,0,0,0,0,0,7
c_3333,2023,all,group:400_800,redwood-empire,87,6,0,0,0,0,0,6
c_3333,2023,all,group:400_800,class-a,60,0,0,0,0,0,0,0
c_3333,2023,all,group:distance,tri-valley,45,3,0,0,0,0,0,3
c_3333,2023,all,group:distance,bay-shore,69,4,0,0,0,0,0,4
c_3333,2023,all,group:distance,redwood-empire,77,3,0,0,0,0,0,3
c_3333,2023,all,group:distance,class-a,51,0,0,0,0,0,0,0
c_3333,2023,all,group:jumps,tri-valley,110,28,0,0,0,0,0,28
c_3333,2023,all,group:jumps,bay-shore,101,10,0,0,0,0,0,10
c_3333,2023,all,group:jumps,redwood-empire,108,21,0,0,0,0,0,21
c_3333,2023,all,group:jumps,class-a,71,0,0,0,0,0,0,0
c_3333,2023,all,group:throws,tri-valley,56,2,0,0,0,0,0,2
c_3333,2023,all,group:throws,bay-shore,70,2,0,0,0,0,0,2
c_3333,2023,all,group:throws,redwood-empire,65,6,0,0,0,0,0,6
c_3333,2023,all,group:throws,class-a,69,0,0,0,0,0,0,0
c_3333,2023,all,group:relays,tri-valley,29,10,1,0,0,1,0,10
c_3333,2023,all,group:relays,bay-shore,41,8,0,0,0,0,0,8
c_3333,2023,all,group:relays,redwood-empire,64,18,2,0,0,2,0,18
c_3333,2023,all,group:relays,class-a,39,0,0,0,0,0,0,0
c_3333,2023,all,all,tri-valley,365,72,7,0,0,1,6,72
c_3333,2023,all,all,bay-shore,481,40,1,0,0,0,1,40
c_3333,2023,all,all,redwood-empire,555,70,2,0,0,2,0,70
c_3333,2023,all,all,class-a,396,0,0,0,0,0,0,0
c_3333,2024,girls,100,tri-valley,11,2,2,0,0,0,2,0
c_3333,2024,girls,100,bay-shore,16,2,2,0,0,0,2,0
c_3333,2024,girls,100,redwood-empire,16,0,0,0,0,0,0,0
c_3333,2024,girls,100,class-a,17,2,2,0,0,0,2,0
c_3333,2024,girls,100H,tri-valley,14,0,0,0,0,0,0,0
c_3333,2024,girls,100H,bay-shore,20,0,0,0,0,0,0,0
c_3333,2024,girls,100H,redwood-empire,20,0,0,0,0,0,0,0
c_3333,2024,girls,100H,class-a,11,0,0,0,0,0,0,0
c_3333,2024,girls,1600,tri-valley,9,0,0,0,0,0,0,0
c_3333,2024,girls,1600,bay-shore,16,0,0,0,0,0,0,0
c_3333,2024,girls,1600,redwood-empire,17,0,0,0,0,0,0,0
c_3333,2024,girls,1600,class-a,10,0,0,0,0,0,0,0
c_3333,2024,girls,200,tri-valley,15,0,0,0,0,0,0,0
c_3333,2024,girls,200,bay-shore,16,0,0,0,0,0,0,0
c_3333,2024,girls,200,redwood-empire,16,0,0,0,0,0,0,0
c_3333,2024,girls,200,class-a,13,0,0,0,0,0,0,0
c_3333,2024,girls,300H,tri-valley,13,0,0,0,0,0,0,0
c_3333,2024,girls,300H,bay-shore,19,0,0,0,0,0,0,0
c_3333,2024,girls,300H,redwood-empire,17,0,0,0,0,0,0,0
c_3333,2024,girls,300H,class-a,12,0,0,0,0,0,0,0
c_3333,2024,girls,3200,tri-valley,12,0,0,0,0,0,0,0
c_3333,2024,girls,3200,bay-shore,14,0,0,0,0,0,0,0
c_3333,2024,girls,3200,redwood-empire,16,0,0,0,0,0,0,0
c_3333,2024,girls,3200,class-a,15,0,0,0,0,0,0,0
c_3333,2024,girls,400,tri-valley,10,0,0,0,0,0,0,0
c_3333,2024,girls,400,bay-shore,18,0,0,0,0,0,0,0
c_3333,2024,girls,400,redwood-empire,17,0,0,0,0,0,0,0
c_3333,2024,girls,400,class-a,16,0,0,0,0,0,0,0
c_3333,2024,girls,4x100,tri-valley,8,0,0,0,0,0,0,0
c_3333,2024,girls,4x100,bay-shore,14,1,0,0,0,0,0,1
c_3333,2024,girls,4x100,redwood-empire,17,0,0,0,0,0,0,0
c_3333,2024,girls,4x100,class-a,12,0,0,0,0,0,0,0
c_3333,2024,girls,4x400,tri-valley,5,0,0,0,0,0,0,0
c_3333,2024,girls,4x400,bay-shore,8,0,0,0,0,0,0,0
c_3333,2024,girls,4x400,redwood-empire,13,0,0,0,0,0,0,0
c_3333,2024,girls,4x400,class-a,7,0,0,0,0,0,0,0
c_3333,2024,girls,800,tri-valley,9,3,0,0,0,0,0,3
c_3333,2024,girls,800,bay-shore,17,2,0,0,0,0,0,2
c_3333,2024,girls,800,redwood-empire,17,1,0,0,0,0,0,1
c_3333,2024,girls,800,class-a,12,0,0,0,0,0,0,0
c_3333,2024,girls,DT,tri-valley,14,0,0,0,0,0,0,0
c_3333,2024,girls,DT,bay-shore,15,0,0,0,0,0,0,0
c_3333,2024,girls,DT,redwood-empire,17,0,0,0,0,0,0,0
c_3333,2024,girls,DT,class-a,12,0,0,0,0,0,0,0
c_3333,2024,girls,HJ,tri-valley,10,0,0,0,0,0,0,0
c_3333,2024,girls,HJ,bay-shore,15,0,0,0,0,0,0,0
c_3333,2024,girls,HJ,redwood-empire,3,0,0,0,0,0,0,0
c_3333,2024,girls,HJ,class-a,10,0,0,0,0,0,0,0
c_3333,2024,girls,LJ,tri-valley,15,1,0,0,0,0,0,1
c_3333,2024,girls,LJ,bay-shore,11,1,0,0,0,0,0,1
c_3333,2024,girls,LJ,redwood-empire,17,0,0,0,0,0,0,0
c_3333,2024,girls,LJ,class-a,13,0,0,0,0,0,0,0
c_3333,2024,girls,PV,tri-valley,10,10,0,0,0,0,0,10
c_3333,2024,girls,PV,bay-shore,11,10,0,0,0,0,0,10
c_3333,2024,girls,PV,redwood-empire,10,10,0,0,0,0,0,10
c_3333,2024,girls,PV,class-a,3,0,0,0,0,0,0,0
c_3333,2024,girls,SP,tri-valley,16,0,0,0,0,0,0,0
c_3333,2024,girls,SP,bay-shore,17,0,0,0,0,0,0,0
c_3333,2024,girls,SP,redwood-empire,13,0,0,0,0,0,0,0
c_3333,2024,girls,SP,class-a,12,0,0,0,0,0,0,0
c_3333,2024,girls,TJ,tri-valley,17,0,0,0,0,0,0,0
c_3333,2024,girls,TJ,bay-shore,16,0,0,0,0,0,0,0
c_3333,2024,girls,TJ,redwood-empire,15,0,0,0,0,0,0,0
c_3333,2024,girls,TJ,class-a,13,0,0,0,0,0,0,0
c_3333,2024,girls,group:sprints_hurdles,tri-valley,53,2,2,0,0,0,2,0
c_3333,2024,girls,group:sprints_hurdles,bay-shore,71,2,2,0,0,0,2,0
c_3333,2024,girls,group:sprints_hurdles,redwood-empire,69,0,0,0,0,0,0,0
c_3333,2024,girls,group:sprints_hurdles,class-a,53,2,2,0,0,0,2,0
c_3333,2024,girls,group:400_800,tri-valley,19,3,0,0,0,0,0,3
c_3333,2024,girls,group:400_800,bay-shore,35,2,0,0,0,0,0,2
c_3333,2024,girls,group:400_800,redwood-empire,34,1,0,0,0,0,0,1
c_3333,2024,girls,group:400_800,class-a,28,0,0,0,0,0,0,0
c_3333,2024,girls,group:distance,tri-valley,21,0,0,0,0,0,0,0
c_3333,2024,girls,group:distance,bay-shore,30,0,0,0,0,0,0,0
c_3333,2024,girls,group:distance,redwood-empire,33,0,0,0,0,0,0,0
c_3333,2024,girls,group:distance,class-a,25,0,0,0,0,0,0,0
c_3333,2024,girls,group:jumps,tri-valley,52,11,0,0,0,0,0,11
c_3333,2024,girls,group:jumps,bay-shore,53,11,0,0,0,0,0,11
c_3333,2024,girls,group:jumps,redwood-empire,45,10,0,0,0,0,0,10
c_3333,2024,girls,group:jumps,class-a,39,0,0,0,0,0,0,0
c_3333,2024,girls,group:throws,tri-valley,30,0,0,0,0,0,0,0
c_3333,2024,girls,group:throws,bay-shore,32,0,0,0,0,0,0,0
c_3333,2024,girls,group:throws,redwood-empire,30,0,0,0,0,0,0,0
c_3333,2024,girls,group:throws,class-a,24,0,0,0,0,0,0,0
c_3333,2024,girls,group:relays,tri-valley,13,0,0,0,0,0,0,0
c_3333,2024,girls,group:relays,bay-shore,22,1,0,0,0,0,0,1
c_3333,2024,girls,group:relays,redwood-empire,30,0,0,0,0,0,0,0
c_3333,2024,girls,group:relays,class-a,19,0,0,0,0,0,0,0
c_3333,2024,girls,all,tri-valley,188,16,2,0,0,0,2,14
c_3333,2024,girls,all,bay-shore,243,16,2,0,0,0,2,14
c_3333,2024,girls,all,redwood-empire,241,11,0,0,0,0,0,11
c_3333,2024,girls,all,class-a,188,2,2,0,0,0,2,0
c_3333,2024,boys,100,tri-valley,8,2,2,0,0,0,2,0
c_3333,2024,boys,100,bay-shore,11,1,1,0,0,0,1,0
c_3333,2024,boys,100,redwood-empire,19,0,0,0,0,0,0,0
c_3333,2024,boys,100,class-a,17,1,1,0,0,0,1,0
c_3333,2024,boys,110H,tri-valley,13,0,0,0,0,0,0,0
c_3333,2024,boys,110H,bay-shore,16,0,0,0,0,0,0,0
c_3333,2024,boys,110H,redwood-empire,18,0,0,0,0,0,0,0
c_3333,2024,boys,110H,class-a,12,0,0,0,0,0,0,0
c_3333,2024,boys,1600,tri-valley,11,4,0,0,0,0,0,4
c_3333,2024,boys,1600,bay-shore,16,1,0,0,0,0,0,1
c_3333,2024,boys,1600,redwood-empire,16,1,0,0,0,0,0,1
c_3333,2024,boys,1600,class-a,16,0,0,0,0,0,0,0
c_3333,2024,boys,200,tri-valley,13,0,0,0,0,0,0,0
c_3333,2024,boys,200,bay-shore,15,0,0,0,0,0,0,0
c_3333,2024,boys,200,redwood-empire,10,0,0,0,0,0,0,0
c_3333,2024,boys,200,class-a,16,0,0,0,0,0,0,0
c_3333,2024,boys,300H,tri-valley,11,2,0,0,0,0,0,2
c_3333,2024,boys,300H,bay-shore,14,1,0,0,0,0,0,1
c_3333,2024,boys,300H,redwood-empire,12,0,0,0,0,0,0,0
c_3333,2024,boys,300H,class-a,13,0,0,0,0,0,0,0
c_3333,2024,boys,3200,tri-valley,14,0,0,0,0,0,0,0
c_3333,2024,boys,3200,bay-shore,17,0,0,0,0,0,0,0
c_3333,2024,boys,3200,redwood-empire,19,1,0,0,0,0,0,1
c_3333,2024,boys,3200,class-a,24,0,0,0,0,0,0,0
c_3333,2024,boys,400,tri-valley,11,1,0,0,0,0,0,1
c_3333,2024,boys,400,bay-shore,14,3,0,0,0,0,0,3
c_3333,2024,boys,400,redwood-empire,18,0,0,0,0,0,0,0
c_3333,2024,boys,400,class-a,17,0,0,0,0,0,0,0
c_3333,2024,boys,4x100,tri-valley,10,7,0,0,0,0,0,7
c_3333,2024,boys,4x100,bay-shore,11,6,0,0,0,0,0,6
c_3333,2024,boys,4x100,redwood-empire,14,5,0,0,0,0,0,5
c_3333,2024,boys,4x100,class-a,9,0,0,0,0,0,0,0
c_3333,2024,boys,4x400,tri-valley,10,1,0,0,0,0,0,1
c_3333,2024,boys,4x400,bay-shore,8,1,0,0,0,0,0,1
c_3333,2024,boys,4x400,redwood-empire,15,0,0,0,0,0,0,0
c_3333,2024,boys,4x400,class-a,10,0,0,0,0,0,0,0
c_3333,2024,boys,800,tri-valley,10,0,0,0,0,0,0,0
c_3333,2024,boys,800,bay-shore,18,0,0,0,0,0,0,0
c_3333,2024,boys,800,redwood-empire,13,0,0,0,0,0,0,0
c_3333,2024,boys,800,class-a,14,0,0,0,0,0,0,0
c_3333,2024,boys,DT,tri-valley,12,4,0,0,0,0,0,4
c_3333,2024,boys,DT,bay-shore,21,5,0,0,0,0,0,5
c_3333,2024,boys,DT,redwood-empire,16,3,0,0,0,0,0,3
c_3333,2024,boys,DT,class-a,14,0,0,0,0,0,0,0
c_3333,2024,boys,HJ,tri-valley,8,0,0,0,0,0,0,0
c_3333,2024,boys,HJ,bay-shore,11,0,0,0,0,0,0,0
c_3333,2024,boys,HJ,redwood-empire,4,0,0,0,0,0,0,0
c_3333,2024,boys,HJ,class-a,12,0,0,0,0,0,0,0
c_3333,2024,boys,LJ,tri-valley,14,0,0,0,0,0,0,0
c_3333,2024,boys,LJ,bay-shore,10,0,0,0,0,0,0,0
c_3333,2024,boys,LJ,redwood-empire,15,0,0,0,0,0,0,0
c_3333,2024,boys,LJ,class-a,14,0,0,0,0,0,0,0
c_3333,2024,boys,PV,tri-valley,8,8,0,0,0,0,0,8
c_3333,2024,boys,PV,bay-shore,9,1,0,0,0,0,0,1
c_3333,2024,boys,PV,redwood-empire,13,12,0,0,0,0,0,12
c_3333,2024,boys,PV,class-a,5,0,0,0,0,0,0,0
c_3333,2024,boys,SP,tri-valley,14,6,0,0,0,0,0,6
c_3333,2024,boys,SP,bay-shore,16,4,0,0,0,0,0,4
c_3333,2024,boys,SP,redwood-empire,13,3,0,0,0,0,0,3
c_3333,2024,boys,SP,class-a,15,0,0,0,0,0,0,0
c_3333,2024,boys,TJ,tri-valley,14,1,0,0,0,0,0,1
c_3333,2024,boys,TJ,bay-shore,13,0,0,0,0,0,0,0
c_3333,2024,boys,TJ,redwood-empire,15,1,0,0,0,0,0,1
c_3333,2024,boys,TJ,class-a,17,0,0,0,0,0,0,0
c_3333,2024,boys,group:sprints_hurdles,tri-valley,45,4,2,0,0,0,2,2
c_3333,2024,boys,group:sprints_hurdles,bay-shore,56,2,1,0,0,0,1,1
c_3333,2024,boys,group:sprints_hurdles,redwood-empire,59,0,0,0,0,0,0,0
c_3333,2024,boys,group:sprints_hurdles,class-a,58,1,1,0,0,0,1,0
c_3333,2024,boys,group:400_800,tri-valley,21,1,0,0,0,0,0,1
c_3333,2024,boys,group:400_800,bay-shore,32,3,0,0,0,0,0,3
c_3333,2024,boys,group:400_800,redwood-empire,31,0,0,0,0,0,0,0
c_3333,2024,boys,group:400_800,class-a,31,0,0,0,0,0,0,0
c_3333,2024,boys,group:distance,tri-valley,25,4,0,0,0,0,0,4
c_3333,2024,boys,group:distance,bay-shore,33,1,0,0,0,0,0,1
c_3333,2024,boys,group:distance,redwood-empire,35,2,0,0,0,0,0,2
c_3333,2024,boys,group:distance,class-a,40,0,0,0,0,0,0,0
c_3333,2024,boys,group:jumps,tri-valley,44,9,0,0,0,0,0,9
c_3333,2024,boys,group:jumps,bay-shore,43,1,0,0,0,0,0,1
c_3333,2024,boys,group:jumps,redwood-empire,47,13,0,0,0,0,0,13
c_3333,2024,boys,group:jumps,class-a,48,0,0,0,0,0,0,0
c_3333,2024,boys,group:throws,tri-valley,26,10,0,0,0,0,0,10
c_3333,2024,boys,group:throws,bay-shore,37,9,0,0,0,0,0,9
c_3333,2024,boys,group:throws,redwood-empire,29,6,0,0,0,0,0,6
c_3333,2024,boys,group:throws,class-a,29,0,0,0,0,0,0,0
c_3333,2024,boys,group:relays,tri-valley,20,8,0,0,0,0,0,8
c_3333,2024,boys,group:relays,bay-shore,19,7,0,0,0,0,0,7
c_3333,2024,boys,group:relays,redwood-empire,29,5,0,0,0,0,0,5
c_3333,2024,boys,group:relays,class-a,19,0,0,0,0,0,0,0
c_3333,2024,boys,all,tri-valley,181,36,2,0,0,0,2,34
c_3333,2024,boys,all,bay-shore,220,23,1,0,0,0,1,22
c_3333,2024,boys,all,redwood-empire,230,26,0,0,0,0,0,26
c_3333,2024,boys,all,class-a,225,1,1,0,0,0,1,0
c_3333,2024,all,100,tri-valley,19,4,4,0,0,0,4,0
c_3333,2024,all,100,bay-shore,27,3,3,0,0,0,3,0
c_3333,2024,all,100,redwood-empire,35,0,0,0,0,0,0,0
c_3333,2024,all,100,class-a,34,3,3,0,0,0,3,0
c_3333,2024,all,100H,tri-valley,14,0,0,0,0,0,0,0
c_3333,2024,all,100H,bay-shore,20,0,0,0,0,0,0,0
c_3333,2024,all,100H,redwood-empire,20,0,0,0,0,0,0,0
c_3333,2024,all,100H,class-a,11,0,0,0,0,0,0,0
c_3333,2024,all,110H,tri-valley,13,0,0,0,0,0,0,0
c_3333,2024,all,110H,bay-shore,16,0,0,0,0,0,0,0
c_3333,2024,all,110H,redwood-empire,18,0,0,0,0,0,0,0
c_3333,2024,all,110H,class-a,12,0,0,0,0,0,0,0
c_3333,2024,all,1600,tri-valley,20,4,0,0,0,0,0,4
c_3333,2024,all,1600,bay-shore,32,1,0,0,0,0,0,1
c_3333,2024,all,1600,redwood-empire,33,1,0,0,0,0,0,1
c_3333,2024,all,1600,class-a,26,0,0,0,0,0,0,0
c_3333,2024,all,200,tri-valley,28,0,0,0,0,0,0,0
c_3333,2024,all,200,bay-shore,31,0,0,0,0,0,0,0
c_3333,2024,all,200,redwood-empire,26,0,0,0,0,0,0,0
c_3333,2024,all,200,class-a,29,0,0,0,0,0,0,0
c_3333,2024,all,300H,tri-valley,24,2,0,0,0,0,0,2
c_3333,2024,all,300H,bay-shore,33,1,0,0,0,0,0,1
c_3333,2024,all,300H,redwood-empire,29,0,0,0,0,0,0,0
c_3333,2024,all,300H,class-a,25,0,0,0,0,0,0,0
c_3333,2024,all,3200,tri-valley,26,0,0,0,0,0,0,0
c_3333,2024,all,3200,bay-shore,31,0,0,0,0,0,0,0
c_3333,2024,all,3200,redwood-empire,35,1,0,0,0,0,0,1
c_3333,2024,all,3200,class-a,39,0,0,0,0,0,0,0
c_3333,2024,all,400,tri-valley,21,1,0,0,0,0,0,1
c_3333,2024,all,400,bay-shore,32,3,0,0,0,0,0,3
c_3333,2024,all,400,redwood-empire,35,0,0,0,0,0,0,0
c_3333,2024,all,400,class-a,33,0,0,0,0,0,0,0
c_3333,2024,all,4x100,tri-valley,18,7,0,0,0,0,0,7
c_3333,2024,all,4x100,bay-shore,25,7,0,0,0,0,0,7
c_3333,2024,all,4x100,redwood-empire,31,5,0,0,0,0,0,5
c_3333,2024,all,4x100,class-a,21,0,0,0,0,0,0,0
c_3333,2024,all,4x400,tri-valley,15,1,0,0,0,0,0,1
c_3333,2024,all,4x400,bay-shore,16,1,0,0,0,0,0,1
c_3333,2024,all,4x400,redwood-empire,28,0,0,0,0,0,0,0
c_3333,2024,all,4x400,class-a,17,0,0,0,0,0,0,0
c_3333,2024,all,800,tri-valley,19,3,0,0,0,0,0,3
c_3333,2024,all,800,bay-shore,35,2,0,0,0,0,0,2
c_3333,2024,all,800,redwood-empire,30,1,0,0,0,0,0,1
c_3333,2024,all,800,class-a,26,0,0,0,0,0,0,0
c_3333,2024,all,DT,tri-valley,26,4,0,0,0,0,0,4
c_3333,2024,all,DT,bay-shore,36,5,0,0,0,0,0,5
c_3333,2024,all,DT,redwood-empire,33,3,0,0,0,0,0,3
c_3333,2024,all,DT,class-a,26,0,0,0,0,0,0,0
c_3333,2024,all,HJ,tri-valley,18,0,0,0,0,0,0,0
c_3333,2024,all,HJ,bay-shore,26,0,0,0,0,0,0,0
c_3333,2024,all,HJ,redwood-empire,7,0,0,0,0,0,0,0
c_3333,2024,all,HJ,class-a,22,0,0,0,0,0,0,0
c_3333,2024,all,LJ,tri-valley,29,1,0,0,0,0,0,1
c_3333,2024,all,LJ,bay-shore,21,1,0,0,0,0,0,1
c_3333,2024,all,LJ,redwood-empire,32,0,0,0,0,0,0,0
c_3333,2024,all,LJ,class-a,27,0,0,0,0,0,0,0
c_3333,2024,all,PV,tri-valley,18,18,0,0,0,0,0,18
c_3333,2024,all,PV,bay-shore,20,11,0,0,0,0,0,11
c_3333,2024,all,PV,redwood-empire,23,22,0,0,0,0,0,22
c_3333,2024,all,PV,class-a,8,0,0,0,0,0,0,0
c_3333,2024,all,SP,tri-valley,30,6,0,0,0,0,0,6
c_3333,2024,all,SP,bay-shore,33,4,0,0,0,0,0,4
c_3333,2024,all,SP,redwood-empire,26,3,0,0,0,0,0,3
c_3333,2024,all,SP,class-a,27,0,0,0,0,0,0,0
c_3333,2024,all,TJ,tri-valley,31,1,0,0,0,0,0,1
c_3333,2024,all,TJ,bay-shore,29,0,0,0,0,0,0,0
c_3333,2024,all,TJ,redwood-empire,30,1,0,0,0,0,0,1
c_3333,2024,all,TJ,class-a,30,0,0,0,0,0,0,0
c_3333,2024,all,group:sprints_hurdles,tri-valley,98,6,4,0,0,0,4,2
c_3333,2024,all,group:sprints_hurdles,bay-shore,127,4,3,0,0,0,3,1
c_3333,2024,all,group:sprints_hurdles,redwood-empire,128,0,0,0,0,0,0,0
c_3333,2024,all,group:sprints_hurdles,class-a,111,3,3,0,0,0,3,0
c_3333,2024,all,group:400_800,tri-valley,40,4,0,0,0,0,0,4
c_3333,2024,all,group:400_800,bay-shore,67,5,0,0,0,0,0,5
c_3333,2024,all,group:400_800,redwood-empire,65,1,0,0,0,0,0,1
c_3333,2024,all,group:400_800,class-a,59,0,0,0,0,0,0,0
c_3333,2024,all,group:distance,tri-valley,46,4,0,0,0,0,0,4
c_3333,2024,all,group:distance,bay-shore,63,1,0,0,0,0,0,1
c_3333,2024,all,group:distance,redwood-empire,68,2,0,0,0,0,0,2
c_3333,2024,all,group:distance,class-a,65,0,0,0,0,0,0,0
c_3333,2024,all,group:jumps,tri-valley,96,20,0,0,0,0,0,20
c_3333,2024,all,group:jumps,bay-shore,96,12,0,0,0,0,0,12
c_3333,2024,all,group:jumps,redwood-empire,92,23,0,0,0,0,0,23
c_3333,2024,all,group:jumps,class-a,87,0,0,0,0,0,0,0
c_3333,2024,all,group:throws,tri-valley,56,10,0,0,0,0,0,10
c_3333,2024,all,group:throws,bay-shore,69,9,0,0,0,0,0,9
c_3333,2024,all,group:throws,redwood-empire,59,6,0,0,0,0,0,6
c_3333,2024,all,group:throws,class-a,53,0,0,0,0,0,0,0
c_3333,2024,all,group:relays,tri-valley,33,8,0,0,0,0,0,8
c_3333,2024,all,group:relays,bay-shore,41,8,0,0,0,0,0,8
c_3333,2024,all,group:relays,redwood-empire,59,5,0,0,0,0,0,5
c_3333,2024,all,group:relays,class-a,38,0,0,0,0,0,0,0
c_3333,2024,all,all,tri-valley,369,52,4,0,0,0,4,48
c_3333,2024,all,all,bay-shore,463,39,3,0,0,0,3,36
c_3333,2024,all,all,redwood-empire,471,37,0,0,0,0,0,37
c_3333,2024,all,all,class-a,413,3,3,0,0,0,3,0
c_3333,2025,girls,100,tri-valley,10,5,0,0,0,0,0,5
c_3333,2025,girls,100,bay-shore,14,3,0,0,0,0,0,3
c_3333,2025,girls,100,redwood-empire,19,3,0,0,0,0,0,3
c_3333,2025,girls,100,class-a,18,0,0,0,0,0,0,0
c_3333,2025,girls,100H,tri-valley,18,0,0,0,0,0,0,0
c_3333,2025,girls,100H,bay-shore,17,0,0,0,0,0,0,0
c_3333,2025,girls,100H,redwood-empire,13,0,0,0,0,0,0,0
c_3333,2025,girls,100H,class-a,10,0,0,0,0,0,0,0
c_3333,2025,girls,1600,tri-valley,13,4,4,0,0,4,0,0
c_3333,2025,girls,1600,bay-shore,16,0,0,0,0,0,0,0
c_3333,2025,girls,1600,redwood-empire,12,0,0,0,0,0,0,0
c_3333,2025,girls,1600,class-a,12,1,1,0,0,1,0,0
c_3333,2025,girls,200,tri-valley,10,0,0,0,0,0,0,0
c_3333,2025,girls,200,bay-shore,15,0,0,0,0,0,0,0
c_3333,2025,girls,200,redwood-empire,17,0,0,0,0,0,0,0
c_3333,2025,girls,200,class-a,13,0,0,0,0,0,0,0
c_3333,2025,girls,300H,tri-valley,14,0,0,0,0,0,0,0
c_3333,2025,girls,300H,bay-shore,14,0,0,0,0,0,0,0
c_3333,2025,girls,300H,redwood-empire,15,0,0,0,0,0,0,0
c_3333,2025,girls,300H,class-a,12,0,0,0,0,0,0,0
c_3333,2025,girls,3200,tri-valley,15,6,0,0,0,0,0,6
c_3333,2025,girls,3200,bay-shore,13,0,0,0,0,0,0,0
c_3333,2025,girls,3200,redwood-empire,16,1,0,0,0,0,0,1
c_3333,2025,girls,3200,class-a,11,0,0,0,0,0,0,0
c_3333,2025,girls,400,tri-valley,11,0,0,0,0,0,0,0
c_3333,2025,girls,400,bay-shore,18,0,0,0,0,0,0,0
c_3333,2025,girls,400,redwood-empire,16,0,0,0,0,0,0,0
c_3333,2025,girls,400,class-a,27,0,0,0,0,0,0,0
c_3333,2025,girls,4x100,tri-valley,8,4,0,0,0,0,0,4
c_3333,2025,girls,4x100,bay-shore,14,0,0,0,0,0,0,0
c_3333,2025,girls,4x100,redwood-empire,15,2,0,0,0,0,0,2
c_3333,2025,girls,4x100,class-a,13,0,0,0,0,0,0,0
c_3333,2025,girls,4x400,tri-valley,7,0,0,0,0,0,0,0
c_3333,2025,girls,4x400,bay-shore,9,0,0,0,0,0,0,0
c_3333,2025,girls,4x400,redwood-empire,15,0,0,0,0,0,0,0
c_3333,2025,girls,4x400,class-a,8,0,0,0,0,0,0,0
c_3333,2025,girls,800,tri-valley,15,2,2,0,0,2,0,0
c_3333,2025,girls,800,bay-shore,19,0,0,0,0,0,0,0
c_3333,2025,girls,800,redwood-empire,16,1,1,0,0,1,0,0
c_3333,2025,girls,800,class-a,8,0,0,0,0,0,0,0
c_3333,2025,girls,DT,tri-valley,14,0,0,0,0,0,0,0
c_3333,2025,girls,DT,bay-shore,18,0,0,0,0,0,0,0
c_3333,2025,girls,DT,redwood-empire,13,0,0,0,0,0,0,0
c_3333,2025,girls,DT,class-a,15,0,0,0,0,0,0,0
c_3333,2025,girls,HJ,tri-valley,10,0,0,0,0,0,0,0
c_3333,2025,girls,HJ,bay-shore,7,0,0,0,0,0,0,0
c_3333,2025,girls,HJ,redwood-empire,5,0,0,0,0,0,0,0
c_3333,2025,girls,HJ,class-a,11,0,0,0,0,0,0,0
c_3333,2025,girls,LJ,tri-valley,11,3,0,0,0,0,0,3
c_3333,2025,girls,LJ,bay-shore,13,1,0,0,0,0,0,1
c_3333,2025,girls,LJ,redwood-empire,19,2,0,0,0,0,0,2
c_3333,2025,girls,LJ,class-a,16,0,0,0,0,0,0,0
c_3333,2025,girls,PV,tri-valley,9,1,0,0,0,0,0,1
c_3333,2025,girls,PV,bay-shore,3,0,0,0,0,0,0,0
c_3333,2025,girls,PV,redwood-empire,7,1,0,0,0,0,0,1
c_3333,2025,girls,PV,class-a,5,0,0,0,0,0,0,0
c_3333,2025,girls,SP,tri-valley,13,0,0,0,0,0,0,0
c_3333,2025,girls,SP,bay-shore,18,0,0,0,0,0,0,0
c_3333,2025,girls,SP,redwood-empire,14,0,0,0,0,0,0,0
c_3333,2025,girls,SP,class-a,14,0,0,0,0,0,0,0
c_3333,2025,girls,TJ,tri-valley,15,2,0,0,0,0,0,2
c_3333,2025,girls,TJ,bay-shore,14,5,0,0,0,0,0,5
c_3333,2025,girls,TJ,redwood-empire,16,4,0,0,0,0,0,4
c_3333,2025,girls,TJ,class-a,9,0,0,0,0,0,0,0
c_3333,2025,girls,group:sprints_hurdles,tri-valley,52,5,0,0,0,0,0,5
c_3333,2025,girls,group:sprints_hurdles,bay-shore,60,3,0,0,0,0,0,3
c_3333,2025,girls,group:sprints_hurdles,redwood-empire,64,3,0,0,0,0,0,3
c_3333,2025,girls,group:sprints_hurdles,class-a,53,0,0,0,0,0,0,0
c_3333,2025,girls,group:400_800,tri-valley,26,2,2,0,0,2,0,0
c_3333,2025,girls,group:400_800,bay-shore,37,0,0,0,0,0,0,0
c_3333,2025,girls,group:400_800,redwood-empire,32,1,1,0,0,1,0,0
c_3333,2025,girls,group:400_800,class-a,35,0,0,0,0,0,0,0
c_3333,2025,girls,group:distance,tri-valley,28,10,4,0,0,4,0,6
c_3333,2025,girls,group:distance,bay-shore,29,0,0,0,0,0,0,0
c_3333,2025,girls,group:distance,redwood-empire,28,1,0,0,0,0,0,1
c_3333,2025,girls,group:distance,class-a,23,1,1,0,0,1,0,0
c_3333,2025,girls,group:jumps,tri-valley,45,6,0,0,0,0,0,6
c_3333,2025,girls,group:jumps,bay-shore,37,6,0,0,0,0,0,6
c_3333,2025,girls,group:jumps,redwood-empire,47,7,0,0,0,0,0,7
c_3333,2025,girls,group:jumps,class-a,41,0,0,0,0,0,0,0
c_3333,2025,girls,group:throws,tri-valley,27,0,0,0,0,0,0,0
c_3333,2025,girls,group:throws,bay-shore,36,0,0,0,0,0,0,0
c_3333,2025,girls,group:throws,redwood-empire,27,0,0,0,0,0,0,0
c_3333,2025,girls,group:throws,class-a,29,0,0,0,0,0,0,0
c_3333,2025,girls,group:relays,tri-valley,15,4,0,0,0,0,0,4
c_3333,2025,girls,group:relays,bay-shore,23,0,0,0,0,0,0,0
c_3333,2025,girls,group:relays,redwood-empire,30,2,0,0,0,0,0,2
c_3333,2025,girls,group:relays,class-a,21,0,0,0,0,0,0,0
c_3333,2025,girls,all,tri-valley,193,27,6,0,0,6,0,21
c_3333,2025,girls,all,bay-shore,222,9,0,0,0,0,0,9
c_3333,2025,girls,all,redwood-empire,228,14,1,0,0,1,0,13
c_3333,2025,girls,all,class-a,202,1,1,0,0,1,0,0
c_3333,2025,boys,100,tri-valley,11,6,0,0,0,0,0,6
c_3333,2025,boys,100,bay-shore,17,7,0,0,0,0,0,7
c_3333,2025,boys,100,redwood-empire,16,9,0,0,0,0,0,9
c_3333,2025,boys,100,class-a,18,0,0,0,0,0,0,0
c_3333,2025,boys,110H,tri-valley,13,3,0,0,0,0,0,3
c_3333,2025,boys,110H,bay-shore,16,3,0,0,0,0,0,3
c_3333,2025,boys,110H,redwood-empire,17,2,0,0,0,0,0,2
c_3333,2025,boys,110H,class-a,13,0,0,0,0,0,0,0
c_3333,2025,boys,1600,tri-valley,13,2,2,0,0,2,0,2
c_3333,2025,boys,1600,bay-shore,20,1,0,0,0,0,0,1
c_3333,2025,boys,1600,redwood-empire,14,2,1,0,0,1,0,2
c_3333,2025,boys,1600,class-a,15,0,0,0,0,0,0,0
c_3333,2025,boys,200,tri-valley,13,1,0,0,0,0,0,1
c_3333,2025,boys,200,bay-shore,14,2,0,0,0,0,0,2
c_3333,2025,boys,200,redwood-empire,11,0,0,0,0,0,0,0
c_3333,2025,boys,200,class-a,15,0,0,0,0,0,0,0
c_3333,2025,boys,300H,tri-valley,9,2,0,0,0,0,0,2
c_3333,2025,boys,300H,bay-shore,17,0,0,0,0,0,0,0
c_3333,2025,boys,300H,redwood-empire,16,0,0,0,0,0,0,0
c_3333,2025,boys,300H,class-a,12,0,0,0,0,0,0,0
c_3333,2025,boys,3200,tri-valley,10,0,0,0,0,0,0,0
c_3333,2025,boys,3200,bay-shore,15,0,0,0,0,0,0,0
c_3333,2025,boys,3200,redwood-empire,15,0,0,0,0,0,0,0
c_3333,2025,boys,3200,class-a,18,0,0,0,0,0,0,0
c_3333,2025,boys,400,tri-valley,10,0,0,0,0,0,0,0
c_3333,2025,boys,400,bay-shore,18,0,0,0,0,0,0,0
c_3333,2025,boys,400,redwood-empire,17,0,0,0,0,0,0,0
c_3333,2025,boys,400,class-a,22,0,0,0,0,0,0,0
c_3333,2025,boys,4x100,tri-valley,8,4,0,0,0,0,0,4
c_3333,2025,boys,4x100,bay-shore,12,3,0,0,0,0,0,3
c_3333,2025,boys,4x100,redwood-empire,11,6,0,0,0,0,0,6
c_3333,2025,boys,4x100,class-a,14,0,0,0,0,0,0,0
c_3333,2025,boys,4x400,tri-valley,6,0,0,0,0,0,0,0
c_3333,2025,boys,4x400,bay-shore,11,2,0,0,0,0,0,2
c_3333,2025,boys,4x400,redwood-empire,15,2,0,0,0,0,0,2
c_3333,2025,boys,4x400,class-a,13,0,0,0,0,0,0,0
c_3333,2025,boys,800,tri-valley,12,6,0,0,0,0,0,6
c_3333,2025,boys,800,bay-shore,17,4,0,0,0,0,0,4
c_3333,2025,boys,800,redwood-empire,13,6,0,0,0,0,0,6
c_3333,2025,boys,800,class-a,14,0,0,0,0,0,0,0
c_3333,2025,boys,DT,tri-valley,10,6,0,0,0,0,0,6
c_3333,2025,boys,DT,bay-shore,17,2,0,0,0,0,0,2
c_3333,2025,boys,DT,redwood-empire,15,4,0,0,0,0,0,4
c_3333,2025,boys,DT,class-a,17,0,0,0,0,0,0,0
c_3333,2025,boys,HJ,tri-valley,7,0,0,0,0,0,0,0
c_3333,2025,boys,HJ,bay-shore,10,0,0,0,0,0,0,0
c_3333,2025,boys,HJ,redwood-empire,16,0,0,0,0,0,0,0
c_3333,2025,boys,HJ,class-a,11,0,0,0,0,0,0,0
c_3333,2025,boys,LJ,tri-valley,12,8,8,0,0,0,8,0
c_3333,2025,boys,LJ,bay-shore,17,7,7,0,0,0,7,0
c_3333,2025,boys,LJ,redwood-empire,18,0,0,0,0,0,0,0
c_3333,2025,boys,LJ,class-a,14,3,3,0,0,0,3,0
c_3333,2025,boys,PV,tri-valley,13,13,7,0,0,7,0,13
c_3333,2025,boys,PV,bay-shore,5,5,0,0,0,0,0,5
c_3333,2025,boys,PV,redwood-empire,9,9,2,0,0,2,0,9
c_3333,2025,boys,PV,class-a,4,0,0,0,0,0,0,0
c_3333,2025,boys,SP,tri-valley,12,6,0,0,0,0,0,6
c_3333,2025,boys,SP,bay-shore,17,2,0,0,0,0,0,2
c_3333,2025,boys,SP,redwood-empire,17,4,0,0,0,0,0,4
c_3333,2025,boys,SP,class-a,15,0,0,0,0,0,0,0
c_3333,2025,boys,TJ,tri-valley,14,0,0,0,0,0,0,0
c_3333,2025,boys,TJ,bay-shore,13,0,0,0,0,0,0,0
c_3333,2025,boys,TJ,redwood-empire,15,0,0,0,0,0,0,0
c_3333,2025,boys,TJ,class-a,18,0,0,0,0,0,0,0
c_3333,2025,boys,group:sprints_hurdles,tri-valley,46,12,0,0,0,0,0,12
c_3333,2025,boys,group:sprints_hurdles,bay-shore,64,12,0,0,0,0,0,12
c_3333,2025,boys,group:sprints_hurdles,redwood-empire,60,11,0,0,0,0,0,11
c_3333,2025,boys,group:sprints_hurdles,class-a,58,0,0,0,0,0,0,0
c_3333,2025,boys,group:400_800,tri-valley,22,6,0,0,0,0,0,6
c_3333,2025,boys,group:400_800,bay-shore,35,4,0,0,0,0,0,4
c_3333,2025,boys,group:400_800,redwood-empire,30,6,0,0,0,0,0,6
c_3333,2025,boys,group:400_800,class-a,36,0,0,0,0,0,0,0
c_3333,2025,boys,group:distance,tri-valley,23,2,2,0,0,2,0,2
c_3333,2025,boys,group:distance,bay-shore,35,1,0,0,0,0,0,1
c_3333,2025,boys,group:distance,redwood-empire,29,2,1,0,0,1,0,2
c_3333,2025,boys,group:distance,class-a,33,0,0,0,0,0,0,0
c_3333,2025,boys,group:jumps,tri-valley,46,21,15,0,0,7,8,13
c_3333,2025,boys,group:jumps,bay-shore,45,12,7,0,0,0,7,5
c_3333,2025,boys,group:jumps,redwood-empire,58,9,2,0,0,2,0,9
c_3333,2025,boys,group:jumps,class-a,47,3,3,0,0,0,3,0
c_3333,2025,boys,group:throws,tri-valley,22,12,0,0,0,0,0,12
c_3333,2025,boys,group:throws,bay-shore,34,4,0,0,0,0,0,4
c_3333,2025,boys,group:throws,redwood-empire,32,8,0,0,0,0,0,8
c_3333,2025,boys,group:throws,class-a,32,0,0,0,0,0,0,0
c_3333,2025,boys,group:relays,tri-valley,14,4,0,0,0,0,0,4
c_3333,2025,boys,group:relays,bay-shore,23,5,0,0,0,0,0,5
c_3333,2025,boys,group:relays,redwood-empire,26,8,0,0,0,0,0,8
c_3333,2025,boys,group:relays,class-a,27,0,0,0,0,0,0,0
c_3333,2025,boys,all,tri-valley,173,57,17,0,0,9,8,49
c_3333,2025,boys,all,bay-shore,236,38,7,0,0,0,7,31
c_3333,2025,boys,all,redwood-empire,235,44,3,0,0,3,0,44
c_3333,2025,boys,all,class-a,233,3,3,0,0,0,3,0
c_3333,2025,all,100,tri-valley,21,11,0,0,0,0,0,11
c_3333,2025,all,100,bay-shore,31,10,0,0,0,0,0,10
c_3333,2025,all,100,redwood-empire,35,12,0,0,0,0,0,12
c_3333,2025,all,100,class-a,36,0,0,0,0,0,0,0
c_3333,2025,all,100H,tri-valley,18,0,0,0,0,0,0,0
c_3333,2025,all,100H,bay-shore,17,0,0,0,0,0,0,0
c_3333,2025,all,100H,redwood-empire,13,0,0,0,0,0,0,0
c_3333,2025,all,100H,class-a,10,0,0,0,0,0,0,0
c_3333,2025,all,110H,tri-valley,13,3,0,0,0,0,0,3
c_3333,2025,all,110H,bay-shore,16,3,0,0,0,0,0,3
c_3333,2025,all,110H,redwood-empire,17,2,0,0,0,0,0,2
c_3333,2025,all,110H,class-a,13,0,0,0,0,0,0,0
c_3333,2025,all,1600,tri-valley,26,6,6,0,0,6,0,2
c_3333,2025,all,1600,bay-shore,36,1,0,0,0,0,0,1
c_3333,2025,all,1600,redwood-empire,26,2,1,0,0,1,0,2
c_3333,2025,all,1600,class-a,27,1,1,0,0,1,0,0
c_3333,2025,all,200,tri-valley,23,1,0,0,0,0,0,1
c_3333,2025,all,200,bay-shore,29,2,0,0,0,0,0,2
c_3333,2025,all,200,redwood-empire,28,0,0,0,0,0,0,0
c_3333,2025,all,200,class-a,28,0,0,0,0,0,0,0
c_3333,2025,all,300H,tri-valley,23,2,0,0,0,0,0,2
c_3333,2025,all,300H,bay-shore,31,0,0,0,0,0,0,0
c_3333,2025,all,300H,redwood-empire,31,0,0,0,0,0,0,0
c_3333,2025,all,300H,class-a,24,0,0,0,0,0,0,0
c_3333,2025,all,3200,tri-valley,25,6,0,0,0,0,0,6
c_3333,2025,all,3200,bay-shore,28,0,0,0,0,0,0,0
c_3333,2025,all,3200,redwood-empire,31,1,0,0,0,0,0,1
c_3333,2025,all,3200,class-a,29,0,0,0,0,0,0,0
c_3333,2025,all,400,tri-valley,21,0,0,0,0,0,0,0
c_3333,2025,all,400,bay-shore,36,0,0,0,0,0,0,0
c_3333,2025,all,400,redwood-empire,33,0,0,0,0,0,0,0
c_3333,2025,all,400,class-a,49,0,0,0,0,0,0,0
c_3333,2025,all,4x100,tri-valley,16,8,0,0,0,0,0,8
c_3333,2025,all,4x100,bay-shore,26,3,0,0,0,0,0,3
c_3333,2025,all,4x100,redwood-empire,26,8,0,0,0,0,0,8
c_3333,2025,all,4x100,class-a,27,0,0,0,0,0,0,0
c_3333,2025,all,4x400,tri-valley,13,0,0,0,0,0,0,0
c_3333,2025,all,4x400,bay-shore,20,2,0,0,0,0,0,2
c_3333,2025,all,4x400,redwood-empire,30,2,0,0,0,0,0,2
c_3333,2025,all,4x400,class-a,21,0,0,0,0,0,0,0
c_3333,2025,all,800,tri-valley,27,8,2,0,0,2,0,6
c_3333,2025,all,800,bay-shore,36,4,0,0,0,0,0,4
c_3333,2025,all,800,redwood-empire,29,7,1,0,0,1,0,6
c_3333,2025,all,800,class-a,22,0,0,0,0,0,0,0
c_3333,2025,all,DT,tri-valley,24,6,0,0,0,0,0,6
c_3333,2025,all,DT,bay-shore,35,2,0,0,0,0,0,2
c_3333,2025,all,DT,redwood-empire,28,4,0,0,0,0,0,4
c_3333,2025,all,DT,class-a,32,0,0,0,0,0,0,0
c_3333,2025,all,HJ,tri-valley,17,0,0,0,0,0,0,0
c_3333,2025,all,HJ,bay-shore,17,0,0,0,0,0,0,0
c_3333,2025,all,HJ,redwood-empire,21,0,0,0,0,0,0,0
c_3333,2025,all,HJ,class-a,22,0,0,0,0,0,0,0
c_3333,2025,all,LJ,tri-valley,23,11,8,0,0,0,8,3
c_3333,2025,all,LJ,bay-shore,30,8,7,0,0,0,7,1
c_3333,2025,all,LJ,redwood-empire,37,2,0,0,0,0,0,2
c_3333,2025,all,LJ,class-a,30,3,3,0,0,0,3,0
c_3333,2025,all,PV,tri-valley,22,14,7,0,0,7,0,14
c_3333,2025,all,PV,bay-shore,8,5,0,0,0,0,0,5
c_3333,2025,all,PV,redwood-empire,16,10,2,0,0,2,0,10
c_3333,2025,all,PV,class-a,9,0,0,0,0,0,0,0
c_3333,2025,all,SP,tri-valley,25,6,0,0,0,0,0,6
c_3333,2025,all,SP,bay-shore,35,2,0,0,0,0,0,2
c_3333,2025,all,SP,redwood-empire,31,4,0,0,0,0,0,4
c_3333,2025,all,SP,class-a,29,0,0,0,0,0,0,0
c_3333,2025,all,TJ,tri-valley,29,2,0,0,0,0,0,2
c_3333,2025,all,TJ,bay-shore,27,5,0,0,0,0,0,5
c_3333,2025,all,TJ,redwood-empire,31,4,0,0,0,0,0,4
c_3333,2025,all,TJ,class-a,27,0,0,0,0,0,0,0
c_3333,2025,all,group:sprints_hurdles,tri-valley,98,17,0,0,0,0,0,17
c_3333,2025,all,group:sprints_hurdles,bay-shore,124,15,0,0,0,0,0,15
c_3333,2025,all,group:sprints_hurdles,redwood-empire,124,14,0,0,0,0,0,14
c_3333,2025,all,group:sprints_hurdles,class-a,111,0,0,0,0,0,0,0
c_3333,2025,all,group:400_800,tri-valley,48,8,2,0,0,2,0,6
c_3333,2025,all,group:400_800,bay-shore,72,4,0,0,0,0,0,4
c_3333,2025,all,group:400_800,redwood-empire,62,7,1,0,0,1,0,6
c_3333,2025,all,group:400_800,class-a,71,0,0,0,0,0,0,0
c_3333,2025,all,group:distance,tri-valley,51,12,6,0,0,6,0,8
c_3333,2025,all,group:distance,bay-shore,64,1,0,0,0,0,0,1
c_3333,2025,all,group:distance,redwood-empire,57,3,1,0,0,1,0,3
c_3333,2025,all,group:distance,class-a,56,1,1,0,0,1,0,0
c_3333,2025,all,group:jumps,tri-valley,91,27,15,0,0,7,8,19
c_3333,2025,all,group:jumps,bay-shore,82,18,7,0,0,0,7,11
c_3333,2025,all,group:jumps,redwood-empire,105,16,2,0,0,2,0,16
c_3333,2025,all,group:jumps,class-a,88,3,3,0,0,0,3,0
c_3333,2025,all,group:throws,tri-valley,49,12,0,0,0,0,0,12
c_3333,2025,all,group:throws,bay-shore,70,4,0,0,0,0,0,4
c_3333,2025,all,group:throws,redwood-empire,59,8,0,0,0,0,0,8
c_3333,2025,all,group:throws,class-a,61,0,0,0,0,0,0,0
c_3333,2025,all,group:relays,tri-valley,29,8,0,0,0,0,0,8
c_3333,2025,all,group:relays,bay-shore,46,5,0,0,0,0,0,5
c_3333,2025,all,group:relays,redwood-empire,56,10,0,0,0,0,0,10
c_3333,2025,all,group:relays,class-a,48,0,0,0,0,0,0,0
c_3333,2025,all,all,tri-valley,366,84,23,0,0,15,8,70
c_3333,2025,all,all,bay-shore,458,47,7,0,0,0,7,40
c_3333,2025,all,all,redwood-empire,463,58,4,0,0,4,0,57
c_3333,2025,all,all,class-a,435,4,4,0,0,1,3,0
c_3333,2026,girls,100,tri-valley,16,5,4,0,0,0,4,5
c_3333,2026,girls,100,bay-shore,12,2,1,0,0,0,1,2
c_3333,2026,girls,100,redwood-empire,18,0,0,0,0,0,0,0
c_3333,2026,girls,100,class-a,16,0,0,0,0,0,0,0
c_3333,2026,girls,100H,tri-valley,9,5,0,0,0,0,0,5
c_3333,2026,girls,100H,bay-shore,18,5,0,0,0,0,0,5
c_3333,2026,girls,100H,redwood-empire,18,0,0,0,0,0,0,0
c_3333,2026,girls,100H,class-a,14,0,0,0,0,0,0,0
c_3333,2026,girls,1600,tri-valley,12,0,0,0,0,0,0,0
c_3333,2026,girls,1600,bay-shore,17,0,0,0,0,0,0,0
c_3333,2026,girls,1600,redwood-empire,15,0,0,0,0,0,0,0
c_3333,2026,girls,1600,class-a,15,0,0,0,0,0,0,0
c_3333,2026,girls,200,tri-valley,14,6,6,0,0,0,6,0
c_3333,2026,girls,200,bay-shore,13,2,2,0,0,0,2,0
c_3333,2026,girls,200,redwood-empire,16,0,0,0,0,0,0,0
c_3333,2026,girls,200,class-a,14,3,3,0,0,0,3,0
c_3333,2026,girls,300H,tri-valley,10,0,0,0,0,0,0,0
c_3333,2026,girls,300H,bay-shore,17,0,0,0,0,0,0,0
c_3333,2026,girls,300H,redwood-empire,14,0,0,0,0,0,0,0
c_3333,2026,girls,300H,class-a,14,0,0,0,0,0,0,0
c_3333,2026,girls,3200,tri-valley,12,5,5,0,0,0,5,0
c_3333,2026,girls,3200,bay-shore,15,1,1,0,0,0,1,0
c_3333,2026,girls,3200,redwood-empire,15,0,0,0,0,0,0,0
c_3333,2026,girls,3200,class-a,11,0,0,0,0,0,0,0
c_3333,2026,girls,400,tri-valley,8,5,0,0,0,0,0,5
c_3333,2026,girls,400,bay-shore,17,0,0,0,0,0,0,0
c_3333,2026,girls,400,redwood-empire,19,5,0,0,0,0,0,5
c_3333,2026,girls,400,class-a,17,0,0,0,0,0,0,0
c_3333,2026,girls,4x100,tri-valley,6,0,0,0,0,0,0,0
c_3333,2026,girls,4x100,bay-shore,16,4,0,0,0,0,0,4
c_3333,2026,girls,4x100,redwood-empire,16,0,0,0,0,0,0,0
c_3333,2026,girls,4x100,class-a,9,0,0,0,0,0,0,0
c_3333,2026,girls,4x400,tri-valley,5,1,1,0,0,1,0,0
c_3333,2026,girls,4x400,bay-shore,8,0,0,0,0,0,0,0
c_3333,2026,girls,4x400,redwood-empire,11,0,0,0,0,0,0,0
c_3333,2026,girls,4x400,class-a,7,0,0,0,0,0,0,0
c_3333,2026,girls,800,tri-valley,11,0,0,0,0,0,0,0
c_3333,2026,girls,800,bay-shore,17,0,0,0,0,0,0,0
c_3333,2026,girls,800,redwood-empire,15,1,1,0,0,1,0,0
c_3333,2026,girls,800,class-a,12,0,0,0,0,0,0,0
c_3333,2026,girls,DT,tri-valley,14,5,0,0,0,0,0,5
c_3333,2026,girls,DT,bay-shore,17,6,0,0,0,0,0,6
c_3333,2026,girls,DT,redwood-empire,15,5,0,0,0,0,0,5
c_3333,2026,girls,DT,class-a,16,0,0,0,0,0,0,0
c_3333,2026,girls,HJ,tri-valley,12,0,0,0,0,0,0,0
c_3333,2026,girls,HJ,bay-shore,15,0,0,0,0,0,0,0
c_3333,2026,girls,HJ,redwood-empire,15,0,0,0,0,0,0,0
c_3333,2026,girls,HJ,class-a,8,0,0,0,0,0,0,0
c_3333,2026,girls,LJ,tri-valley,17,0,0,0,0,0,0,0
c_3333,2026,girls,LJ,bay-shore,12,0,0,0,0,0,0,0
c_3333,2026,girls,LJ,redwood-empire,16,1,0,0,0,0,0,1
c_3333,2026,girls,LJ,class-a,18,0,0,0,0,0,0,0
c_3333,2026,girls,PV,tri-valley,10,5,0,0,0,0,0,5
c_3333,2026,girls,PV,bay-shore,9,3,0,0,0,0,0,3
c_3333,2026,girls,PV,redwood-empire,12,6,0,0,0,0,0,6
c_3333,2026,girls,PV,class-a,4,0,0,0,0,0,0,0
c_3333,2026,girls,SP,tri-valley,13,3,0,0,0,0,0,3
c_3333,2026,girls,SP,bay-shore,15,1,0,0,0,0,0,1
c_3333,2026,girls,SP,redwood-empire,15,5,0,0,0,0,0,5
c_3333,2026,girls,SP,class-a,17,0,0,0,0,0,0,0
c_3333,2026,girls,TJ,tri-valley,17,0,0,0,0,0,0,0
c_3333,2026,girls,TJ,bay-shore,15,0,0,0,0,0,0,0
c_3333,2026,girls,TJ,redwood-empire,16,0,0,0,0,0,0,0
c_3333,2026,girls,TJ,class-a,12,0,0,0,0,0,0,0
c_3333,2026,girls,group:sprints_hurdles,tri-valley,49,16,10,0,0,0,10,10
c_3333,2026,girls,group:sprints_hurdles,bay-shore,60,9,3,0,0,0,3,7
c_3333,2026,girls,group:sprints_hurdles,redwood-empire,66,0,0,0,0,0,0,0
c_3333,2026,girls,group:sprints_hurdles,class-a,58,3,3,0,0,0,3,0
c_3333,2026,girls,group:400_800,tri-valley,19,5,0,0,0,0,0,5
c_3333,2026,girls,group:400_800,bay-shore,34,0,0,0,0,0,0,0
c_3333,2026,girls,group:400_800,redwood-empire,34,6,1,0,0,1,0,5
c_3333,2026,girls,group:400_800,class-a,29,0,0,0,0,0,0,0
c_3333,2026,girls,group:distance,tri-valley,24,5,5,0,0,0,5,0
c_3333,2026,girls,group:distance,bay-shore,32,1,1,0,0,0,1,0
c_3333,2026,girls,group:distance,redwood-empire,30,0,0,0,0,0,0,0
c_3333,2026,girls,group:distance,class-a,26,0,0,0,0,0,0,0
c_3333,2026,girls,group:jumps,tri-valley,56,5,0,0,0,0,0,5
c_3333,2026,girls,group:jumps,bay-shore,51,3,0,0,0,0,0,3
c_3333,2026,girls,group:jumps,redwood-empire,59,7,0,0,0,0,0,7
c_3333,2026,girls,group:jumps,class-a,42,0,0,0,0,0,0,0
c_3333,2026,girls,group:throws,tri-valley,27,8,0,0,0,0,0,8
c_3333,2026,girls,group:throws,bay-shore,32,7,0,0,0,0,0,7
c_3333,2026,girls,group:throws,redwood-empire,30,10,0,0,0,0,0,10
c_3333,2026,girls,group:throws,class-a,33,0,0,0,0,0,0,0
c_3333,2026,girls,group:relays,tri-valley,11,1,1,0,0,1,0,0
c_3333,2026,girls,group:relays,bay-shore,24,4,0,0,0,0,0,4
c_3333,2026,girls,group:relays,redwood-empire,27,0,0,0,0,0,0,0
c_3333,2026,girls,group:relays,class-a,16,0,0,0,0,0,0,0
c_3333,2026,girls,all,tri-valley,186,40,16,0,0,1,15,28
c_3333,2026,girls,all,bay-shore,233,24,4,0,0,0,4,21
c_3333,2026,girls,all,redwood-empire,246,23,1,0,0,1,0,22
c_3333,2026,girls,all,class-a,204,3,3,0,0,0,3,0
c_3333,2026,boys,100,tri-valley,11,0,0,0,0,0,0,0
c_3333,2026,boys,100,bay-shore,15,0,0,0,0,0,0,0
c_3333,2026,boys,100,redwood-empire,19,1,0,0,0,0,0,1
c_3333,2026,boys,100,class-a,17,0,0,0,0,0,0,0
c_3333,2026,boys,110H,tri-valley,11,0,0,0,0,0,0,0
c_3333,2026,boys,110H,bay-shore,19,0,0,0,0,0,0,0
c_3333,2026,boys,110H,redwood-empire,18,0,0,0,0,0,0,0
c_3333,2026,boys,110H,class-a,14,0,0,0,0,0,0,0
c_3333,2026,boys,1600,tri-valley,12,2,0,0,0,0,0,2
c_3333,2026,boys,1600,bay-shore,20,3,0,0,0,0,0,3
c_3333,2026,boys,1600,redwood-empire,12,4,0,0,0,0,0,4
c_3333,2026,boys,1600,class-a,13,0,0,0,0,0,0,0
c_3333,2026,boys,200,tri-valley,3,0,0,0,0,0,0,0
c_3333,2026,boys,200,bay-shore,11,0,0,0,0,0,0,0
c_3333,2026,boys,200,redwood-empire,16,0,0,0,0,0,0,0
c_3333,2026,boys,200,class-a,14,0,0,0,0,0,0,0
c_3333,2026,boys,300H,tri-valley,9,0,0,0,0,0,0,0
c_3333,2026,boys,300H,bay-shore,19,0,0,0,0,0,0,0
c_3333,2026,boys,300H,redwood-empire,18,0,0,0,0,0,0,0
c_3333,2026,boys,300H,class-a,12,0,0,0,0,0,0,0
c_3333,2026,boys,3200,tri-valley,15,1,0,0,0,0,0,1
c_3333,2026,boys,3200,bay-shore,16,1,0,0,0,0,0,1
c_3333,2026,boys,3200,redwood-empire,19,2,0,0,0,0,0,2
c_3333,2026,boys,3200,class-a,13,0,0,0,0,0,0,0
c_3333,2026,boys,400,tri-valley,13,2,0,0,0,0,0,2
c_3333,2026,boys,400,bay-shore,17,2,0,0,0,0,0,2
c_3333,2026,boys,400,redwood-empire,16,1,0,0,0,0,0,1
c_3333,2026,boys,400,class-a,17,0,0,0,0,0,0,0
c_3333,2026,boys,4x100,tri-valley,8,5,0,0,0,0,0,5
c_3333,2026,boys,4x100,bay-shore,10,7,0,0,0,0,0,7
c_3333,2026,boys,4x100,redwood-empire,15,10,0,0,0,0,0,10
c_3333,2026,boys,4x100,class-a,12,0,0,0,0,0,0,0
c_3333,2026,boys,4x400,tri-valley,9,1,0,0,0,0,0,1
c_3333,2026,boys,4x400,bay-shore,13,1,0,0,0,0,0,1
c_3333,2026,boys,4x400,redwood-empire,15,2,0,0,0,0,0,2
c_3333,2026,boys,4x400,class-a,7,0,0,0,0,0,0,0
c_3333,2026,boys,800,tri-valley,12,1,0,0,0,0,0,1
c_3333,2026,boys,800,bay-shore,20,0,0,0,0,0,0,0
c_3333,2026,boys,800,redwood-empire,13,1,0,0,0,0,0,1
c_3333,2026,boys,800,class-a,16,0,0,0,0,0,0,0
c_3333,2026,boys,DT,tri-valley,12,0,0,0,0,0,0,0
c_3333,2026,boys,DT,bay-shore,20,0,0,0,0,0,0,0
c_3333,2026,boys,DT,redwood-empire,16,0,0,0,0,0,0,0
c_3333,2026,boys,DT,class-a,20,0,0,0,0,0,0,0
c_3333,2026,boys,HJ,tri-valley,13,0,0,0,0,0,0,0
c_3333,2026,boys,HJ,bay-shore,12,0,0,0,0,0,0,0
c_3333,2026,boys,HJ,redwood-empire,12,0,0,0,0,0,0,0
c_3333,2026,boys,HJ,class-a,10,0,0,0,0,0,0,0
c_3333,2026,boys,LJ,tri-valley,15,0,0,0,0,0,0,0
c_3333,2026,boys,LJ,bay-shore,15,0,0,0,0,0,0,0
c_3333,2026,boys,LJ,redwood-empire,16,0,0,0,0,0,0,0
c_3333,2026,boys,LJ,class-a,16,0,0,0,0,0,0,0
c_3333,2026,boys,PV,tri-valley,5,2,0,0,0,0,0,2
c_3333,2026,boys,PV,bay-shore,10,1,0,0,0,0,0,1
c_3333,2026,boys,PV,redwood-empire,13,2,0,0,0,0,0,2
c_3333,2026,boys,PV,class-a,6,0,0,0,0,0,0,0
c_3333,2026,boys,SP,tri-valley,12,1,0,0,0,0,0,1
c_3333,2026,boys,SP,bay-shore,18,1,0,0,0,0,0,1
c_3333,2026,boys,SP,redwood-empire,16,2,0,0,0,0,0,2
c_3333,2026,boys,SP,class-a,16,0,0,0,0,0,0,0
c_3333,2026,boys,TJ,tri-valley,14,10,0,0,0,0,0,10
c_3333,2026,boys,TJ,bay-shore,19,11,0,0,0,0,0,11
c_3333,2026,boys,TJ,redwood-empire,13,11,0,0,0,0,0,11
c_3333,2026,boys,TJ,class-a,10,0,0,0,0,0,0,0
c_3333,2026,boys,group:sprints_hurdles,tri-valley,34,0,0,0,0,0,0,0
c_3333,2026,boys,group:sprints_hurdles,bay-shore,64,0,0,0,0,0,0,0
c_3333,2026,boys,group:sprints_hurdles,redwood-empire,71,1,0,0,0,0,0,1
c_3333,2026,boys,group:sprints_hurdles,class-a,57,0,0,0,0,0,0,0
c_3333,2026,boys,group:400_800,tri-valley,25,3,0,0,0,0,0,3
c_3333,2026,boys,group:400_800,bay-shore,37,2,0,0,0,0,0,2
c_3333,2026,boys,group:400_800,redwood-empire,29,2,0,0,0,0,0,2
c_3333,2026,boys,group:400_800,class-a,33,0,0,0,0,0,0,0
c_3333,2026,boys,group:distance,tri-valley,27,3,0,0,0,0,0,3
c_3333,2026,boys,group:distance,bay-shore,36,4,0,0,0,0,0,4
c_3333,2026,boys,group:distance,redwood-empire,31,6,0,0,0,0,0,6
c_3333,2026,boys,group:distance,class-a,26,0,0,0,0,0,0,0
c_3333,2026,boys,group:jumps,tri-valley,47,12,0,0,0,0,0,12
c_3333,2026,boys,group:jumps,bay-shore,56,12,0,0,0,0,0,12
c_3333,2026,boys,group:jumps,redwood-empire,54,13,0,0,0,0,0,13
c_3333,2026,boys,group:jumps,class-a,42,0,0,0,0,0,0,0
c_3333,2026,boys,group:throws,tri-valley,24,1,0,0,0,0,0,1
c_3333,2026,boys,group:throws,bay-shore,38,1,0,0,0,0,0,1
c_3333,2026,boys,group:throws,redwood-empire,32,2,0,0,0,0,0,2
c_3333,2026,boys,group:throws,class-a,36,0,0,0,0,0,0,0
c_3333,2026,boys,group:relays,tri-valley,17,6,0,0,0,0,0,6
c_3333,2026,boys,group:relays,bay-shore,23,8,0,0,0,0,0,8
c_3333,2026,boys,group:relays,redwood-empire,30,12,0,0,0,0,0,12
c_3333,2026,boys,group:relays,class-a,19,0,0,0,0,0,0,0
c_3333,2026,boys,all,tri-valley,174,25,0,0,0,0,0,25
c_3333,2026,boys,all,bay-shore,254,27,0,0,0,0,0,27
c_3333,2026,boys,all,redwood-empire,247,36,0,0,0,0,0,36
c_3333,2026,boys,all,class-a,213,0,0,0,0,0,0,0
c_3333,2026,all,100,tri-valley,27,5,4,0,0,0,4,5
c_3333,2026,all,100,bay-shore,27,2,1,0,0,0,1,2
c_3333,2026,all,100,redwood-empire,37,1,0,0,0,0,0,1
c_3333,2026,all,100,class-a,33,0,0,0,0,0,0,0
c_3333,2026,all,100H,tri-valley,9,5,0,0,0,0,0,5
c_3333,2026,all,100H,bay-shore,18,5,0,0,0,0,0,5
c_3333,2026,all,100H,redwood-empire,18,0,0,0,0,0,0,0
c_3333,2026,all,100H,class-a,14,0,0,0,0,0,0,0
c_3333,2026,all,110H,tri-valley,11,0,0,0,0,0,0,0
c_3333,2026,all,110H,bay-shore,19,0,0,0,0,0,0,0
c_3333,2026,all,110H,redwood-empire,18,0,0,0,0,0,0,0
c_3333,2026,all,110H,class-a,14,0,0,0,0,0,0,0
c_3333,2026,all,1600,tri-valley,24,2,0,0,0,0,0,2
c_3333,2026,all,1600,bay-shore,37,3,0,0,0,0,0,3
c_3333,2026,all,1600,redwood-empire,27,4,0,0,0,0,0,4
c_3333,2026,all,1600,class-a,28,0,0,0,0,0,0,0
c_3333,2026,all,200,tri-valley,17,6,6,0,0,0,6,0
c_3333,2026,all,200,bay-shore,24,2,2,0,0,0,2,0
c_3333,2026,all,200,redwood-empire,32,0,0,0,0,0,0,0
c_3333,2026,all,200,class-a,28,3,3,0,0,0,3,0
c_3333,2026,all,300H,tri-valley,19,0,0,0,0,0,0,0
c_3333,2026,all,300H,bay-shore,36,0,0,0,0,0,0,0
c_3333,2026,all,300H,redwood-empire,32,0,0,0,0,0,0,0
c_3333,2026,all,300H,class-a,26,0,0,0,0,0,0,0
c_3333,2026,all,3200,tri-valley,27,6,5,0,0,0,5,1
c_3333,2026,all,3200,bay-shore,31,2,1,0,0,0,1,1
c_3333,2026,all,3200,redwood-empire,34,2,0,0,0,0,0,2
c_3333,2026,all,3200,class-a,24,0,0,0,0,0,0,0
c_3333,2026,all,400,tri-valley,21,7,0,0,0,0,0,7
c_3333,2026,all,400,bay-shore,34,2,0,0,0,0,0,2
c_3333,2026,all,400,redwood-empire,35,6,0,0,0,0,0,6
c_3333,2026,all,400,class-a,34,0,0,0,0,0,0,0
c_3333,2026,all,4x100,tri-valley,14,5,0,0,0,0,0,5
c_3333,2026,all,4x100,bay-shore,26,11,0,0,0,0,0,11
c_3333,2026,all,4x100,redwood-empire,31,10,0,0,0,0,0,10
c_3333,2026,all,4x100,class-a,21,0,0,0,0,0,0,0
c_3333,2026,all,4x400,tri-valley,14,2,1,0,0,1,0,1
c_3333,2026,all,4x400,bay-shore,21,1,0,0,0,0,0,1
c_3333,2026,all,4x400,redwood-empire,26,2,0,0,0,0,0,2
c_3333,2026,all,4x400,class-a,14,0,0,0,0,0,0,0
c_3333,2026,all,800,tri-valley,23,1,0,0,0,0,0,1
c_3333,2026,all,800,bay-shore,37,0,0,0,0,0,0,0
c_3333,2026,all,800,redwood-empire,28,2,1,0,0,1,0,1
c_3333,2026,all,800,class-a,28,0,0,0,0,0,0,0
c_3333,2026,all,DT,tri-valley,26,5,0,0,0,0,0,5
c_3333,2026,all,DT,bay-shore,37,6,0,0,0,0,0,6
c_3333,2026,all,DT,redwood-empire,31,5,0,0,0,0,0,5
c_3333,2026,all,DT,class-a,36,0,0,0,0,0,0,0
c_3333,2026,all,HJ,tri-valley,25,0,0,0,0,0,0,0
c_3333,2026,all,HJ,bay-shore,27,0,0,0,0,0,0,0
c_3333,2026,all,HJ,redwood-empire,27,0,0,0,0,0,0,0
c_3333,2026,all,HJ,class-a,18,0,0,0,0,0,0,0
c_3333,2026,all,LJ,tri-valley,32,0,0,0,0,0,0,0
c_3333,2026,all,LJ,bay-shore,27,0,0,0,0,0,0,0
c_3333,2026,all,LJ,redwood-empire,32,1,0,0,0,0,0,1
c_3333,2026,all,LJ,class-a,34,0,0,0,0,0,0,0
c_3333,2026,all,PV,tri-valley,15,7,0,0,0,0,0,7
c_3333,2026,all,PV,bay-shore,19,4,0,0,0,0,0,4
c_3333,2026,all,PV,redwood-empire,25,8,0,0,0,0,0,8
c_3333,2026,all,PV,class-a,10,0,0,0,0,0,0,0
c_3333,2026,all,SP,tri-valley,25,4,0,0,0,0,0,4
c_3333,2026,all,SP,bay-shore,33,2,0,0,0,0,0,2
c_3333,2026,all,SP,redwood-empire,31,7,0,0,0,0,0,7
c_3333,2026,all,SP,class-a,33,0,0,0,0,0,0,0
c_3333,2026,all,TJ,tri-valley,31,10,0,0,0,0,0,10
c_3333,2026,all,TJ,bay-shore,34,11,0,0,0,0,0,11
c_3333,2026,all,TJ,redwood-empire,29,11,0,0,0,0,0,11
c_3333,2026,all,TJ,class-a,22,0,0,0,0,0,0,0
c_3333,2026,all,group:sprints_hurdles,tri-valley,83,16,10,0,0,0,10,10
c_3333,2026,all,group:sprints_hurdles,bay-shore,124,9,3,0,0,0,3,7
c_3333,2026,all,group:sprints_hurdles,redwood-empire,137,1,0,0,0,0,0,1
c_3333,2026,all,group:sprints_hurdles,class-a,115,3,3,0,0,0,3,0
c_3333,2026,all,group:400_800,tri-valley,44,8,0,0,0,0,0,8
c_3333,2026,all,group:400_800,bay-shore,71,2,0,0,0,0,0,2
c_3333,2026,all,group:400_800,redwood-empire,63,8,1,0,0,1,0,7
c_3333,2026,all,group:400_800,class-a,62,0,0,0,0,0,0,0
c_3333,2026,all,group:distance,tri-valley,51,8,5,0,0,0,5,3
c_3333,2026,all,group:distance,bay-shore,68,5,1,0,0,0,1,4
c_3333,2026,all,group:distance,redwood-empire,61,6,0,0,0,0,0,6
c_3333,2026,all,group:distance,class-a,52,0,0,0,0,0,0,0
c_3333,2026,all,group:jumps,tri-valley,103,17,0,0,0,0,0,17
c_3333,2026,all,group:jumps,bay-shore,107,15,0,0,0,0,0,15
c_3333,2026,all,group:jumps,redwood-empire,113,20,0,0,0,0,0,20
c_3333,2026,all,group:jumps,class-a,84,0,0,0,0,0,0,0
c_3333,2026,all,group:throws,tri-valley,51,9,0,0,0,0,0,9
c_3333,2026,all,group:throws,bay-shore,70,8,0,0,0,0,0,8
c_3333,2026,all,group:throws,redwood-empire,62,12,0,0,0,0,0,12
c_3333,2026,all,group:throws,class-a,69,0,0,0,0,0,0,0
c_3333,2026,all,group:relays,tri-valley,28,7,1,0,0,1,0,6
c_3333,2026,all,group:relays,bay-shore,47,12,0,0,0,0,0,12
c_3333,2026,all,group:relays,redwood-empire,57,12,0,0,0,0,0,12
c_3333,2026,all,group:relays,class-a,35,0,0,0,0,0,0,0
c_3333,2026,all,all,tri-valley,360,65,16,0,0,1,15,53
c_3333,2026,all,all,bay-shore,487,51,4,0,0,0,4,48
c_3333,2026,all,all,redwood-empire,493,59,1,0,0,1,0,58
c_3333,2026,all,all,class-a,417,3,3,0,0,0,3,0
c_3333,2022-2026 pooled,girls,100,tri-valley,62,12,6,0,0,0,6,10
c_3333,2022-2026 pooled,girls,100,bay-shore,77,7,3,0,0,0,3,5
c_3333,2022-2026 pooled,girls,100,redwood-empire,91,5,0,0,0,0,0,5
c_3333,2022-2026 pooled,girls,100,class-a,80,2,2,0,0,0,2,0
c_3333,2022-2026 pooled,girls,100H,tri-valley,62,5,0,0,0,0,0,5
c_3333,2022-2026 pooled,girls,100H,bay-shore,92,5,0,0,0,0,0,5
c_3333,2022-2026 pooled,girls,100H,redwood-empire,81,1,0,0,0,0,0,1
c_3333,2022-2026 pooled,girls,100H,class-a,59,0,0,0,0,0,0,0
c_3333,2022-2026 pooled,girls,1600,tri-valley,59,4,4,0,0,4,0,0
c_3333,2022-2026 pooled,girls,1600,bay-shore,83,0,0,0,0,0,0,0
c_3333,2022-2026 pooled,girls,1600,redwood-empire,77,0,0,0,0,0,0,0
c_3333,2022-2026 pooled,girls,1600,class-a,57,1,1,0,0,1,0,0
c_3333,2022-2026 pooled,girls,200,tri-valley,58,9,6,0,0,0,6,3
c_3333,2022-2026 pooled,girls,200,bay-shore,74,2,2,0,0,0,2,0
c_3333,2022-2026 pooled,girls,200,redwood-empire,80,0,0,0,0,0,0,0
c_3333,2022-2026 pooled,girls,200,class-a,62,3,3,0,0,0,3,0
c_3333,2022-2026 pooled,girls,300H,tri-valley,63,4,0,0,0,0,0,4
c_3333,2022-2026 pooled,girls,300H,bay-shore,84,6,0,0,0,0,0,6
c_3333,2022-2026 pooled,girls,300H,redwood-empire,76,8,0,0,0,0,0,8
c_3333,2022-2026 pooled,girls,300H,class-a,59,0,0,0,0,0,0,0
c_3333,2022-2026 pooled,girls,3200,tri-valley,66,11,5,0,0,0,5,6
c_3333,2022-2026 pooled,girls,3200,bay-shore,72,1,1,0,0,0,1,0
c_3333,2022-2026 pooled,girls,3200,redwood-empire,81,1,0,0,0,0,0,1
c_3333,2022-2026 pooled,girls,3200,class-a,55,0,0,0,0,0,0,0
c_3333,2022-2026 pooled,girls,400,tri-valley,45,7,0,0,0,0,0,7
c_3333,2022-2026 pooled,girls,400,bay-shore,83,1,0,0,0,0,0,1
c_3333,2022-2026 pooled,girls,400,redwood-empire,90,5,0,0,0,0,0,5
c_3333,2022-2026 pooled,girls,400,class-a,87,0,0,0,0,0,0,0
c_3333,2022-2026 pooled,girls,4x100,tri-valley,36,8,0,0,0,0,0,8
c_3333,2022-2026 pooled,girls,4x100,bay-shore,62,7,0,0,0,0,0,7
c_3333,2022-2026 pooled,girls,4x100,redwood-empire,74,11,0,0,0,0,0,11
c_3333,2022-2026 pooled,girls,4x100,class-a,52,0,0,0,0,0,0,0
c_3333,2022-2026 pooled,girls,4x400,tri-valley,25,2,1,0,0,1,0,1
c_3333,2022-2026 pooled,girls,4x400,bay-shore,46,2,0,0,0,0,0,2
c_3333,2022-2026 pooled,girls,4x400,redwood-empire,65,3,0,0,0,0,0,3
c_3333,2022-2026 pooled,girls,4x400,class-a,37,0,0,0,0,0,0,0
c_3333,2022-2026 pooled,girls,800,tri-valley,52,6,2,0,0,2,0,4
c_3333,2022-2026 pooled,girls,800,bay-shore,90,2,0,0,0,0,0,2
c_3333,2022-2026 pooled,girls,800,redwood-empire,87,3,2,0,0,2,0,1
c_3333,2022-2026 pooled,girls,800,class-a,59,0,0,0,0,0,0,0
c_3333,2022-2026 pooled,girls,DT,tri-valley,62,9,3,0,0,3,0,8
c_3333,2022-2026 pooled,girls,DT,bay-shore,89,6,0,0,0,0,0,6
c_3333,2022-2026 pooled,girls,DT,redwood-empire,82,12,4,0,0,4,0,11
c_3333,2022-2026 pooled,girls,DT,class-a,76,1,1,0,0,1,0,0
c_3333,2022-2026 pooled,girls,HJ,tri-valley,55,0,0,0,0,0,0,0
c_3333,2022-2026 pooled,girls,HJ,bay-shore,61,0,0,0,0,0,0,0
c_3333,2022-2026 pooled,girls,HJ,redwood-empire,40,0,0,0,0,0,0,0
c_3333,2022-2026 pooled,girls,HJ,class-a,47,0,0,0,0,0,0,0
c_3333,2022-2026 pooled,girls,LJ,tri-valley,74,4,0,0,0,0,0,4
c_3333,2022-2026 pooled,girls,LJ,bay-shore,66,2,0,0,0,0,0,2
c_3333,2022-2026 pooled,girls,LJ,redwood-empire,77,3,0,0,0,0,0,3
c_3333,2022-2026 pooled,girls,LJ,class-a,72,0,0,0,0,0,0,0
c_3333,2022-2026 pooled,girls,PV,tri-valley,62,34,0,0,0,0,0,34
c_3333,2022-2026 pooled,girls,PV,bay-shore,45,19,0,0,0,0,0,19
c_3333,2022-2026 pooled,girls,PV,redwood-empire,50,29,0,0,0,0,0,29
c_3333,2022-2026 pooled,girls,PV,class-a,18,0,0,0,0,0,0,0
c_3333,2022-2026 pooled,girls,SP,tri-valley,68,8,5,0,0,5,0,3
c_3333,2022-2026 pooled,girls,SP,bay-shore,89,1,0,0,0,0,0,1
c_3333,2022-2026 pooled,girls,SP,redwood-empire,71,12,7,0,0,7,0,5
c_3333,2022-2026 pooled,girls,SP,class-a,77,6,6,0,0,6,0,0
c_3333,2022-2026 pooled,girls,TJ,tri-valley,76,2,0,0,0,0,0,2
c_3333,2022-2026 pooled,girls,TJ,bay-shore,69,5,0,0,0,0,0,5
c_3333,2022-2026 pooled,girls,TJ,redwood-empire,76,4,0,0,0,0,0,4
c_3333,2022-2026 pooled,girls,TJ,class-a,53,0,0,0,0,0,0,0
c_3333,2022-2026 pooled,girls,group:sprints_hurdles,tri-valley,245,30,12,0,0,0,12,22
c_3333,2022-2026 pooled,girls,group:sprints_hurdles,bay-shore,327,20,5,0,0,0,5,16
c_3333,2022-2026 pooled,girls,group:sprints_hurdles,redwood-empire,328,14,0,0,0,0,0,14
c_3333,2022-2026 pooled,girls,group:sprints_hurdles,class-a,260,5,5,0,0,0,5,0
c_3333,2022-2026 pooled,girls,group:400_800,tri-valley,97,13,2,0,0,2,0,11
c_3333,2022-2026 pooled,girls,group:400_800,bay-shore,173,3,0,0,0,0,0,3
c_3333,2022-2026 pooled,girls,group:400_800,redwood-empire,177,8,2,0,0,2,0,6
c_3333,2022-2026 pooled,girls,group:400_800,class-a,146,0,0,0,0,0,0,0
c_3333,2022-2026 pooled,girls,group:distance,tri-valley,125,15,9,0,0,4,5,6
c_3333,2022-2026 pooled,girls,group:distance,bay-shore,155,1,1,0,0,0,1,0
c_3333,2022-2026 pooled,girls,group:distance,redwood-empire,158,1,0,0,0,0,0,1
c_3333,2022-2026 pooled,girls,group:distance,class-a,112,1,1,0,0,1,0,0
c_3333,2022-2026 pooled,girls,group:jumps,tri-valley,267,40,0,0,0,0,0,40
c_3333,2022-2026 pooled,girls,group:jumps,bay-shore,241,26,0,0,0,0,0,26
c_3333,2022-2026 pooled,girls,group:jumps,redwood-empire,243,36,0,0,0,0,0,36
c_3333,2022-2026 pooled,girls,group:jumps,class-a,190,0,0,0,0,0,0,0
c_3333,2022-2026 pooled,girls,group:throws,tri-valley,130,17,8,0,0,8,0,11
c_3333,2022-2026 pooled,girls,group:throws,bay-shore,178,7,0,0,0,0,0,7
c_3333,2022-2026 pooled,girls,group:throws,redwood-empire,153,24,11,0,0,11,0,16
c_3333,2022-2026 pooled,girls,group:throws,class-a,153,7,7,0,0,7,0,0
c_3333,2022-2026 pooled,girls,group:relays,tri-valley,61,10,1,0,0,1,0,9
c_3333,2022-2026 pooled,girls,group:relays,bay-shore,108,9,0,0,0,0,0,9
c_3333,2022-2026 pooled,girls,group:relays,redwood-empire,139,14,0,0,0,0,0,14
c_3333,2022-2026 pooled,girls,group:relays,class-a,89,0,0,0,0,0,0,0
c_3333,2022-2026 pooled,girls,all,tri-valley,925,125,32,0,0,15,17,99
c_3333,2022-2026 pooled,girls,all,bay-shore,1182,66,6,0,0,0,6,61
c_3333,2022-2026 pooled,girls,all,redwood-empire,1198,97,13,0,0,13,0,87
c_3333,2022-2026 pooled,girls,all,class-a,950,13,13,0,0,8,5,0
c_3333,2022-2026 pooled,boys,100,tri-valley,51,28,8,0,0,0,8,26
c_3333,2022-2026 pooled,boys,100,bay-shore,72,18,2,0,0,0,2,17
c_3333,2022-2026 pooled,boys,100,redwood-empire,93,22,0,0,0,0,0,22
c_3333,2022-2026 pooled,boys,100,class-a,80,1,1,0,0,0,1,0
c_3333,2022-2026 pooled,boys,110H,tri-valley,64,3,0,0,0,0,0,3
c_3333,2022-2026 pooled,boys,110H,bay-shore,80,3,0,0,0,0,0,3
c_3333,2022-2026 pooled,boys,110H,redwood-empire,87,2,0,0,0,0,0,2
c_3333,2022-2026 pooled,boys,110H,class-a,59,0,0,0,0,0,0,0
c_3333,2022-2026 pooled,boys,1600,tri-valley,56,11,2,0,0,2,0,11
c_3333,2022-2026 pooled,boys,1600,bay-shore,89,9,0,0,0,0,0,9
c_3333,2022-2026 pooled,boys,1600,redwood-empire,82,10,1,0,0,1,0,10
c_3333,2022-2026 pooled,boys,1600,class-a,72,0,0,0,0,0,0,0
c_3333,2022-2026 pooled,boys,200,tri-valley,51,17,0,0,0,0,0,17
c_3333,2022-2026 pooled,boys,200,bay-shore,69,14,0,0,0,0,0,14
c_3333,2022-2026 pooled,boys,200,redwood-empire,75,12,0,0,0,0,0,12
c_3333,2022-2026 pooled,boys,200,class-a,70,0,0,0,0,0,0,0
c_3333,2022-2026 pooled,boys,300H,tri-valley,53,5,0,0,0,0,0,5
c_3333,2022-2026 pooled,boys,300H,bay-shore,82,1,0,0,0,0,0,1
c_3333,2022-2026 pooled,boys,300H,redwood-empire,74,1,0,0,0,0,0,1
c_3333,2022-2026 pooled,boys,300H,class-a,59,0,0,0,0,0,0,0
c_3333,2022-2026 pooled,boys,3200,tri-valley,67,3,0,0,0,0,0,3
c_3333,2022-2026 pooled,boys,3200,bay-shore,79,2,0,0,0,0,0,2
c_3333,2022-2026 pooled,boys,3200,redwood-empire,92,4,0,0,0,0,0,4
c_3333,2022-2026 pooled,boys,3200,class-a,86,0,0,0,0,0,0,0
c_3333,2022-2026 pooled,boys,400,tri-valley,57,20,0,0,0,0,0,20
c_3333,2022-2026 pooled,boys,400,bay-shore,81,16,0,0,0,0,0,16
c_3333,2022-2026 pooled,boys,400,redwood-empire,90,9,0,0,0,0,0,9
c_3333,2022-2026 pooled,boys,400,class-a,80,0,0,0,0,0,0,0
c_3333,2022-2026 pooled,boys,4x100,tri-valley,40,24,1,0,0,1,0,24
c_3333,2022-2026 pooled,boys,4x100,bay-shore,54,23,0,0,0,0,0,23
c_3333,2022-2026 pooled,boys,4x100,redwood-empire,70,31,2,0,0,2,0,31
c_3333,2022-2026 pooled,boys,4x100,class-a,47,0,0,0,0,0,0,0
c_3333,2022-2026 pooled,boys,4x400,tri-valley,42,10,0,0,0,0,0,10
c_3333,2022-2026 pooled,boys,4x400,bay-shore,53,9,0,0,0,0,0,9
c_3333,2022-2026 pooled,boys,4x400,redwood-empire,77,12,0,0,0,0,0,12
c_3333,2022-2026 pooled,boys,4x400,class-a,43,0,0,0,0,0,0,0
c_3333,2022-2026 pooled,boys,800,tri-valley,58,14,0,0,0,0,0,14
c_3333,2022-2026 pooled,boys,800,bay-shore,87,9,0,0,0,0,0,9
c_3333,2022-2026 pooled,boys,800,redwood-empire,80,8,0,0,0,0,0,8
c_3333,2022-2026 pooled,boys,800,class-a,65,0,0,0,0,0,0,0
c_3333,2022-2026 pooled,boys,DT,tri-valley,62,10,0,0,0,0,0,10
c_3333,2022-2026 pooled,boys,DT,bay-shore,92,7,0,0,0,0,0,7
c_3333,2022-2026 pooled,boys,DT,redwood-empire,73,7,0,0,0,0,0,7
c_3333,2022-2026 pooled,boys,DT,class-a,79,0,0,0,0,0,0,0
c_3333,2022-2026 pooled,boys,HJ,tri-valley,44,0,0,0,0,0,0,0
c_3333,2022-2026 pooled,boys,HJ,bay-shore,66,0,0,0,0,0,0,0
c_3333,2022-2026 pooled,boys,HJ,redwood-empire,43,0,0,0,0,0,0,0
c_3333,2022-2026 pooled,boys,HJ,class-a,52,0,0,0,0,0,0,0
c_3333,2022-2026 pooled,boys,LJ,tri-valley,71,8,8,0,0,0,8,0
c_3333,2022-2026 pooled,boys,LJ,bay-shore,69,7,7,0,0,0,7,0
c_3333,2022-2026 pooled,boys,LJ,redwood-empire,82,0,0,0,0,0,0,0
c_3333,2022-2026 pooled,boys,LJ,class-a,66,3,3,0,0,0,3,0
c_3333,2022-2026 pooled,boys,PV,tri-valley,47,44,7,0,0,7,0,44
c_3333,2022-2026 pooled,boys,PV,bay-shore,44,21,0,0,0,0,0,21
c_3333,2022-2026 pooled,boys,PV,redwood-empire,55,43,2,0,0,2,0,43
c_3333,2022-2026 pooled,boys,PV,class-a,17,0,0,0,0,0,0,0
c_3333,2022-2026 pooled,boys,SP,tri-valley,68,18,0,0,0,0,0,18
c_3333,2022-2026 pooled,boys,SP,bay-shore,79,10,0,0,0,0,0,10
c_3333,2022-2026 pooled,boys,SP,redwood-empire,77,15,0,0,0,0,0,15
c_3333,2022-2026 pooled,boys,SP,class-a,72,0,0,0,0,0,0,0
c_3333,2022-2026 pooled,boys,TJ,tri-valley,73,12,0,0,0,0,0,12
c_3333,2022-2026 pooled,boys,TJ,bay-shore,74,11,0,0,0,0,0,11
c_3333,2022-2026 pooled,boys,TJ,redwood-empire,74,12,0,0,0,0,0,12
c_3333,2022-2026 pooled,boys,TJ,class-a,72,0,0,0,0,0,0,0
c_3333,2022-2026 pooled,boys,group:sprints_hurdles,tri-valley,219,53,8,0,0,0,8,51
c_3333,2022-2026 pooled,boys,group:sprints_hurdles,bay-shore,303,36,2,0,0,0,2,35
c_3333,2022-2026 pooled,boys,group:sprints_hurdles,redwood-empire,329,37,0,0,0,0,0,37
c_3333,2022-2026 pooled,boys,group:sprints_hurdles,class-a,268,1,1,0,0,0,1,0
c_3333,2022-2026 pooled,boys,group:400_800,tri-valley,115,34,0,0,0,0,0,34
c_3333,2022-2026 pooled,boys,group:400_800,bay-shore,168,25,0,0,0,0,0,25
c_3333,2022-2026 pooled,boys,group:400_800,redwood-empire,170,17,0,0,0,0,0,17
c_3333,2022-2026 pooled,boys,group:400_800,class-a,145,0,0,0,0,0,0,0
c_3333,2022-2026 pooled,boys,group:distance,tri-valley,123,14,2,0,0,2,0,14
c_3333,2022-2026 pooled,boys,group:distance,bay-shore,168,11,0,0,0,0,0,11
c_3333,2022-2026 pooled,boys,group:distance,redwood-empire,174,14,1,0,0,1,0,14
c_3333,2022-2026 pooled,boys,group:distance,class-a,158,0,0,0,0,0,0,0
c_3333,2022-2026 pooled,boys,group:jumps,tri-valley,235,64,15,0,0,7,8,56
c_3333,2022-2026 pooled,boys,group:jumps,bay-shore,253,39,7,0,0,0,7,32
c_3333,2022-2026 pooled,boys,group:jumps,redwood-empire,254,55,2,0,0,2,0,55
c_3333,2022-2026 pooled,boys,group:jumps,class-a,207,3,3,0,0,0,3,0
c_3333,2022-2026 pooled,boys,group:throws,tri-valley,130,28,0,0,0,0,0,28
c_3333,2022-2026 pooled,boys,group:throws,bay-shore,171,17,0,0,0,0,0,17
c_3333,2022-2026 pooled,boys,group:throws,redwood-empire,150,22,0,0,0,0,0,22
c_3333,2022-2026 pooled,boys,group:throws,class-a,151,0,0,0,0,0,0,0
c_3333,2022-2026 pooled,boys,group:relays,tri-valley,82,34,1,0,0,1,0,34
c_3333,2022-2026 pooled,boys,group:relays,bay-shore,107,32,0,0,0,0,0,32
c_3333,2022-2026 pooled,boys,group:relays,redwood-empire,147,43,2,0,0,2,0,43
c_3333,2022-2026 pooled,boys,group:relays,class-a,90,0,0,0,0,0,0,0
c_3333,2022-2026 pooled,boys,all,tri-valley,904,227,26,0,0,10,16,217
c_3333,2022-2026 pooled,boys,all,bay-shore,1170,160,9,0,0,0,9,152
c_3333,2022-2026 pooled,boys,all,redwood-empire,1224,188,5,0,0,5,0,188
c_3333,2022-2026 pooled,boys,all,class-a,1019,4,4,0,0,0,4,0
c_3333,2022-2026 pooled,all,100,tri-valley,113,40,14,0,0,0,14,36
c_3333,2022-2026 pooled,all,100,bay-shore,149,25,5,0,0,0,5,22
c_3333,2022-2026 pooled,all,100,redwood-empire,184,27,0,0,0,0,0,27
c_3333,2022-2026 pooled,all,100,class-a,160,3,3,0,0,0,3,0
c_3333,2022-2026 pooled,all,100H,tri-valley,62,5,0,0,0,0,0,5
c_3333,2022-2026 pooled,all,100H,bay-shore,92,5,0,0,0,0,0,5
c_3333,2022-2026 pooled,all,100H,redwood-empire,81,1,0,0,0,0,0,1
c_3333,2022-2026 pooled,all,100H,class-a,59,0,0,0,0,0,0,0
c_3333,2022-2026 pooled,all,110H,tri-valley,64,3,0,0,0,0,0,3
c_3333,2022-2026 pooled,all,110H,bay-shore,80,3,0,0,0,0,0,3
c_3333,2022-2026 pooled,all,110H,redwood-empire,87,2,0,0,0,0,0,2
c_3333,2022-2026 pooled,all,110H,class-a,59,0,0,0,0,0,0,0
c_3333,2022-2026 pooled,all,1600,tri-valley,115,15,6,0,0,6,0,11
c_3333,2022-2026 pooled,all,1600,bay-shore,172,9,0,0,0,0,0,9
c_3333,2022-2026 pooled,all,1600,redwood-empire,159,10,1,0,0,1,0,10
c_3333,2022-2026 pooled,all,1600,class-a,129,1,1,0,0,1,0,0
c_3333,2022-2026 pooled,all,200,tri-valley,109,26,6,0,0,0,6,20
c_3333,2022-2026 pooled,all,200,bay-shore,143,16,2,0,0,0,2,14
c_3333,2022-2026 pooled,all,200,redwood-empire,155,12,0,0,0,0,0,12
c_3333,2022-2026 pooled,all,200,class-a,132,3,3,0,0,0,3,0
c_3333,2022-2026 pooled,all,300H,tri-valley,116,9,0,0,0,0,0,9
c_3333,2022-2026 pooled,all,300H,bay-shore,166,7,0,0,0,0,0,7
c_3333,2022-2026 pooled,all,300H,redwood-empire,150,9,0,0,0,0,0,9
c_3333,2022-2026 pooled,all,300H,class-a,118,0,0,0,0,0,0,0
c_3333,2022-2026 pooled,all,3200,tri-valley,133,14,5,0,0,0,5,9
c_3333,2022-2026 pooled,all,3200,bay-shore,151,3,1,0,0,0,1,2
c_3333,2022-2026 pooled,all,3200,redwood-empire,173,5,0,0,0,0,0,5
c_3333,2022-2026 pooled,all,3200,class-a,141,0,0,0,0,0,0,0
c_3333,2022-2026 pooled,all,400,tri-valley,102,27,0,0,0,0,0,27
c_3333,2022-2026 pooled,all,400,bay-shore,164,17,0,0,0,0,0,17
c_3333,2022-2026 pooled,all,400,redwood-empire,180,14,0,0,0,0,0,14
c_3333,2022-2026 pooled,all,400,class-a,167,0,0,0,0,0,0,0
c_3333,2022-2026 pooled,all,4x100,tri-valley,76,32,1,0,0,1,0,32
c_3333,2022-2026 pooled,all,4x100,bay-shore,116,30,0,0,0,0,0,30
c_3333,2022-2026 pooled,all,4x100,redwood-empire,144,42,2,0,0,2,0,42
c_3333,2022-2026 pooled,all,4x100,class-a,99,0,0,0,0,0,0,0
c_3333,2022-2026 pooled,all,4x400,tri-valley,67,12,1,0,0,1,0,11
c_3333,2022-2026 pooled,all,4x400,bay-shore,99,11,0,0,0,0,0,11
c_3333,2022-2026 pooled,all,4x400,redwood-empire,142,15,0,0,0,0,0,15
c_3333,2022-2026 pooled,all,4x400,class-a,80,0,0,0,0,0,0,0
c_3333,2022-2026 pooled,all,800,tri-valley,110,20,2,0,0,2,0,18
c_3333,2022-2026 pooled,all,800,bay-shore,177,11,0,0,0,0,0,11
c_3333,2022-2026 pooled,all,800,redwood-empire,167,11,2,0,0,2,0,9
c_3333,2022-2026 pooled,all,800,class-a,124,0,0,0,0,0,0,0
c_3333,2022-2026 pooled,all,DT,tri-valley,124,19,3,0,0,3,0,18
c_3333,2022-2026 pooled,all,DT,bay-shore,181,13,0,0,0,0,0,13
c_3333,2022-2026 pooled,all,DT,redwood-empire,155,19,4,0,0,4,0,18
c_3333,2022-2026 pooled,all,DT,class-a,155,1,1,0,0,1,0,0
c_3333,2022-2026 pooled,all,HJ,tri-valley,99,0,0,0,0,0,0,0
c_3333,2022-2026 pooled,all,HJ,bay-shore,127,0,0,0,0,0,0,0
c_3333,2022-2026 pooled,all,HJ,redwood-empire,83,0,0,0,0,0,0,0
c_3333,2022-2026 pooled,all,HJ,class-a,99,0,0,0,0,0,0,0
c_3333,2022-2026 pooled,all,LJ,tri-valley,145,12,8,0,0,0,8,4
c_3333,2022-2026 pooled,all,LJ,bay-shore,135,9,7,0,0,0,7,2
c_3333,2022-2026 pooled,all,LJ,redwood-empire,159,3,0,0,0,0,0,3
c_3333,2022-2026 pooled,all,LJ,class-a,138,3,3,0,0,0,3,0
c_3333,2022-2026 pooled,all,PV,tri-valley,109,78,7,0,0,7,0,78
c_3333,2022-2026 pooled,all,PV,bay-shore,89,40,0,0,0,0,0,40
c_3333,2022-2026 pooled,all,PV,redwood-empire,105,72,2,0,0,2,0,72
c_3333,2022-2026 pooled,all,PV,class-a,35,0,0,0,0,0,0,0
c_3333,2022-2026 pooled,all,SP,tri-valley,136,26,5,0,0,5,0,21
c_3333,2022-2026 pooled,all,SP,bay-shore,168,11,0,0,0,0,0,11
c_3333,2022-2026 pooled,all,SP,redwood-empire,148,27,7,0,0,7,0,20
c_3333,2022-2026 pooled,all,SP,class-a,149,6,6,0,0,6,0,0
c_3333,2022-2026 pooled,all,TJ,tri-valley,149,14,0,0,0,0,0,14
c_3333,2022-2026 pooled,all,TJ,bay-shore,143,16,0,0,0,0,0,16
c_3333,2022-2026 pooled,all,TJ,redwood-empire,150,16,0,0,0,0,0,16
c_3333,2022-2026 pooled,all,TJ,class-a,125,0,0,0,0,0,0,0
c_3333,2022-2026 pooled,all,group:sprints_hurdles,tri-valley,464,83,20,0,0,0,20,73
c_3333,2022-2026 pooled,all,group:sprints_hurdles,bay-shore,630,56,7,0,0,0,7,51
c_3333,2022-2026 pooled,all,group:sprints_hurdles,redwood-empire,657,51,0,0,0,0,0,51
c_3333,2022-2026 pooled,all,group:sprints_hurdles,class-a,528,6,6,0,0,0,6,0
c_3333,2022-2026 pooled,all,group:400_800,tri-valley,212,47,2,0,0,2,0,45
c_3333,2022-2026 pooled,all,group:400_800,bay-shore,341,28,0,0,0,0,0,28
c_3333,2022-2026 pooled,all,group:400_800,redwood-empire,347,25,2,0,0,2,0,23
c_3333,2022-2026 pooled,all,group:400_800,class-a,291,0,0,0,0,0,0,0
c_3333,2022-2026 pooled,all,group:distance,tri-valley,248,29,11,0,0,6,5,20
c_3333,2022-2026 pooled,all,group:distance,bay-shore,323,12,1,0,0,0,1,11
c_3333,2022-2026 pooled,all,group:distance,redwood-empire,332,15,1,0,0,1,0,15
c_3333,2022-2026 pooled,all,group:distance,class-a,270,1,1,0,0,1,0,0
c_3333,2022-2026 pooled,all,group:jumps,tri-valley,502,104,15,0,0,7,8,96
c_3333,2022-2026 pooled,all,group:jumps,bay-shore,494,65,7,0,0,0,7,58
c_3333,2022-2026 pooled,all,group:jumps,redwood-empire,497,91,2,0,0,2,0,91
c_3333,2022-2026 pooled,all,group:jumps,class-a,397,3,3,0,0,0,3,0
c_3333,2022-2026 pooled,all,group:throws,tri-valley,260,45,8,0,0,8,0,39
c_3333,2022-2026 pooled,all,group:throws,bay-shore,349,24,0,0,0,0,0,24
c_3333,2022-2026 pooled,all,group:throws,redwood-empire,303,46,11,0,0,11,0,38
c_3333,2022-2026 pooled,all,group:throws,class-a,304,7,7,0,0,7,0,0
c_3333,2022-2026 pooled,all,group:relays,tri-valley,143,44,2,0,0,2,0,43
c_3333,2022-2026 pooled,all,group:relays,bay-shore,215,41,0,0,0,0,0,41
c_3333,2022-2026 pooled,all,group:relays,redwood-empire,286,57,2,0,0,2,0,57
c_3333,2022-2026 pooled,all,group:relays,class-a,179,0,0,0,0,0,0,0
c_3333,2022-2026 pooled,all,all,tri-valley,1829,352,58,0,0,25,33,316
c_3333,2022-2026 pooled,all,all,bay-shore,2352,226,15,0,0,0,15,213
c_3333,2022-2026 pooled,all,all,redwood-empire,2422,285,18,0,0,18,0,275
c_3333,2022-2026 pooled,all,all,class-a,1969,17,17,0,0,8,9,0
