scenario,season,gender,event,area,added,removed,removed_made_final,added_above_cutoff
current,2022,girls,100,tri-valley,0,0,0,0
current,2022,girls,100,bay-shore,0,0,0,0
current,2022,girls,100,redwood-empire,0,0,0,0
current,2022,girls,100,class-a,0,0,0,0
current,2022,girls,100H,tri-valley,0,0,0,0
current,2022,girls,100H,bay-shore,0,0,0,0
current,2022,girls,100H,redwood-empire,0,0,0,0
current,2022,girls,100H,class-a,0,0,0,0
current,2022,girls,1600,tri-valley,0,0,0,0
current,2022,girls,1600,bay-shore,0,0,0,0
current,2022,girls,1600,redwood-empire,0,0,0,0
current,2022,girls,1600,class-a,0,0,0,0
current,2022,girls,200,tri-valley,0,0,0,0
current,2022,girls,200,bay-shore,0,0,0,0
current,2022,girls,200,redwood-empire,0,0,0,0
current,2022,girls,200,class-a,0,0,0,0
current,2022,girls,300H,tri-valley,0,0,0,0
current,2022,girls,300H,bay-shore,0,0,0,0
current,2022,girls,300H,redwood-empire,0,0,0,0
current,2022,girls,300H,class-a,0,0,0,0
current,2022,girls,3200,tri-valley,0,0,0,0
current,2022,girls,3200,bay-shore,0,0,0,0
current,2022,girls,3200,redwood-empire,0,0,0,0
current,2022,girls,3200,class-a,0,0,0,0
current,2022,girls,400,tri-valley,0,0,0,0
current,2022,girls,400,bay-shore,0,0,0,0
current,2022,girls,400,redwood-empire,0,0,0,0
current,2022,girls,400,class-a,0,0,0,0
current,2022,girls,4x100,tri-valley,0,0,0,0
current,2022,girls,4x100,bay-shore,0,0,0,0
current,2022,girls,4x100,redwood-empire,0,0,0,0
current,2022,girls,4x100,class-a,0,0,0,0
current,2022,girls,4x400,tri-valley,0,0,0,0
current,2022,girls,4x400,bay-shore,0,0,0,0
current,2022,girls,4x400,redwood-empire,0,0,0,0
current,2022,girls,4x400,class-a,0,0,0,0
current,2022,girls,800,tri-valley,0,0,0,0
current,2022,girls,800,bay-shore,0,0,0,0
current,2022,girls,800,redwood-empire,0,0,0,0
current,2022,girls,800,class-a,0,0,0,0
current,2022,girls,DT,tri-valley,0,0,0,0
current,2022,girls,DT,bay-shore,0,0,0,0
current,2022,girls,DT,redwood-empire,0,0,0,0
current,2022,girls,DT,class-a,0,0,0,0
current,2022,girls,HJ,tri-valley,0,0,0,0
current,2022,girls,HJ,bay-shore,0,0,0,0
current,2022,girls,HJ,redwood-empire,0,0,0,0
current,2022,girls,HJ,class-a,0,0,0,0
current,2022,girls,LJ,tri-valley,0,0,0,0
current,2022,girls,LJ,bay-shore,0,0,0,0
current,2022,girls,LJ,redwood-empire,0,0,0,0
current,2022,girls,LJ,class-a,0,0,0,0
current,2022,girls,PV,tri-valley,0,0,0,0
current,2022,girls,PV,bay-shore,0,0,0,0
current,2022,girls,PV,redwood-empire,0,0,0,0
current,2022,girls,PV,class-a,0,0,0,0
current,2022,girls,SP,tri-valley,0,0,0,0
current,2022,girls,SP,bay-shore,0,0,0,0
current,2022,girls,SP,redwood-empire,0,0,0,0
current,2022,girls,SP,class-a,0,0,0,0
current,2022,girls,TJ,tri-valley,0,0,0,0
current,2022,girls,TJ,bay-shore,0,0,0,0
current,2022,girls,TJ,redwood-empire,0,0,0,0
current,2022,girls,TJ,class-a,0,0,0,0
current,2022,girls,group:sprints_hurdles,tri-valley,0,0,0,0
current,2022,girls,group:sprints_hurdles,bay-shore,0,0,0,0
current,2022,girls,group:sprints_hurdles,redwood-empire,0,0,0,0
current,2022,girls,group:sprints_hurdles,class-a,0,0,0,0
current,2022,girls,group:400_800,tri-valley,0,0,0,0
current,2022,girls,group:400_800,bay-shore,0,0,0,0
current,2022,girls,group:400_800,redwood-empire,0,0,0,0
current,2022,girls,group:400_800,class-a,0,0,0,0
current,2022,girls,group:distance,tri-valley,0,0,0,0
current,2022,girls,group:distance,bay-shore,0,0,0,0
current,2022,girls,group:distance,redwood-empire,0,0,0,0
current,2022,girls,group:distance,class-a,0,0,0,0
current,2022,girls,group:jumps,tri-valley,0,0,0,0
current,2022,girls,group:jumps,bay-shore,0,0,0,0
current,2022,girls,group:jumps,redwood-empire,0,0,0,0
current,2022,girls,group:jumps,class-a,0,0,0,0
current,2022,girls,group:throws,tri-valley,0,0,0,0
current,2022,girls,group:throws,bay-shore,0,0,0,0
current,2022,girls,group:throws,redwood-empire,0,0,0,0
current,2022,girls,group:throws,class-a,0,0,0,0
current,2022,girls,group:relays,tri-valley,0,0,0,0
current,2022,girls,group:relays,bay-shore,0,0,0,0
current,2022,girls,group:relays,redwood-empire,0,0,0,0
current,2022,girls,group:relays,class-a,0,0,0,0
current,2022,girls,all,tri-valley,0,0,0,0
current,2022,girls,all,bay-shore,0,0,0,0
current,2022,girls,all,redwood-empire,0,0,0,0
current,2022,girls,all,class-a,0,0,0,0
current,2022,boys,100,tri-valley,0,0,0,0
current,2022,boys,100,bay-shore,0,0,0,0
current,2022,boys,100,redwood-empire,0,0,0,0
current,2022,boys,100,class-a,0,0,0,0
current,2022,boys,110H,tri-valley,0,0,0,0
current,2022,boys,110H,bay-shore,0,0,0,0
current,2022,boys,110H,redwood-empire,0,0,0,0
current,2022,boys,110H,class-a,0,0,0,0
current,2022,boys,1600,tri-valley,0,0,0,0
current,2022,boys,1600,bay-shore,0,0,0,0
current,2022,boys,1600,redwood-empire,0,0,0,0
current,2022,boys,1600,class-a,0,0,0,0
current,2022,boys,200,tri-valley,0,0,0,0
current,2022,boys,200,bay-shore,0,0,0,0
current,2022,boys,200,redwood-empire,0,0,0,0
current,2022,boys,200,class-a,0,0,0,0
current,2022,boys,300H,tri-valley,0,0,0,0
current,2022,boys,300H,bay-shore,0,0,0,0
current,2022,boys,300H,redwood-empire,0,0,0,0
current,2022,boys,300H,class-a,0,0,0,0
current,2022,boys,3200,tri-valley,0,0,0,0
current,2022,boys,3200,bay-shore,0,0,0,0
current,2022,boys,3200,redwood-empire,0,0,0,0
current,2022,boys,3200,class-a,0,0,0,0
current,2022,boys,400,tri-valley,0,0,0,0
current,2022,boys,400,bay-shore,0,0,0,0
current,2022,boys,400,redwood-empire,0,0,0,0
current,2022,boys,400,class-a,0,0,0,0
current,2022,boys,4x100,tri-valley,0,0,0,0
current,2022,boys,4x100,bay-shore,0,0,0,0
current,2022,boys,4x100,redwood-empire,0,0,0,0
current,2022,boys,4x100,class-a,0,0,0,0
current,2022,boys,4x400,tri-valley,0,0,0,0
current,2022,boys,4x400,bay-shore,0,0,0,0
current,2022,boys,4x400,redwood-empire,0,0,0,0
current,2022,boys,4x400,class-a,0,0,0,0
current,2022,boys,800,tri-valley,0,0,0,0
current,2022,boys,800,bay-shore,0,0,0,0
current,2022,boys,800,redwood-empire,0,0,0,0
current,2022,boys,800,class-a,0,0,0,0
current,2022,boys,DT,tri-valley,0,0,0,0
current,2022,boys,DT,bay-shore,0,0,0,0
current,2022,boys,DT,redwood-empire,0,0,0,0
current,2022,boys,DT,class-a,0,0,0,0
current,2022,boys,HJ,tri-valley,0,0,0,0
current,2022,boys,HJ,bay-shore,0,0,0,0
current,2022,boys,HJ,redwood-empire,0,0,0,0
current,2022,boys,HJ,class-a,0,0,0,0
current,2022,boys,LJ,tri-valley,0,0,0,0
current,2022,boys,LJ,bay-shore,0,0,0,0
current,2022,boys,LJ,redwood-empire,0,0,0,0
current,2022,boys,LJ,class-a,0,0,0,0
current,2022,boys,PV,tri-valley,0,0,0,0
current,2022,boys,PV,bay-shore,0,0,0,0
current,2022,boys,PV,redwood-empire,0,0,0,0
current,2022,boys,PV,class-a,0,0,0,0
current,2022,boys,SP,tri-valley,0,0,0,0
current,2022,boys,SP,bay-shore,0,0,0,0
current,2022,boys,SP,redwood-empire,0,0,0,0
current,2022,boys,SP,class-a,0,0,0,0
current,2022,boys,TJ,tri-valley,0,0,0,0
current,2022,boys,TJ,bay-shore,0,0,0,0
current,2022,boys,TJ,redwood-empire,0,0,0,0
current,2022,boys,TJ,class-a,0,0,0,0
current,2022,boys,group:sprints_hurdles,tri-valley,0,0,0,0
current,2022,boys,group:sprints_hurdles,bay-shore,0,0,0,0
current,2022,boys,group:sprints_hurdles,redwood-empire,0,0,0,0
current,2022,boys,group:sprints_hurdles,class-a,0,0,0,0
current,2022,boys,group:400_800,tri-valley,0,0,0,0
current,2022,boys,group:400_800,bay-shore,0,0,0,0
current,2022,boys,group:400_800,redwood-empire,0,0,0,0
current,2022,boys,group:400_800,class-a,0,0,0,0
current,2022,boys,group:distance,tri-valley,0,0,0,0
current,2022,boys,group:distance,bay-shore,0,0,0,0
current,2022,boys,group:distance,redwood-empire,0,0,0,0
current,2022,boys,group:distance,class-a,0,0,0,0
current,2022,boys,group:jumps,tri-valley,0,0,0,0
current,2022,boys,group:jumps,bay-shore,0,0,0,0
current,2022,boys,group:jumps,redwood-empire,0,0,0,0
current,2022,boys,group:jumps,class-a,0,0,0,0
current,2022,boys,group:throws,tri-valley,0,0,0,0
current,2022,boys,group:throws,bay-shore,0,0,0,0
current,2022,boys,group:throws,redwood-empire,0,0,0,0
current,2022,boys,group:throws,class-a,0,0,0,0
current,2022,boys,group:relays,tri-valley,0,0,0,0
current,2022,boys,group:relays,bay-shore,0,0,0,0
current,2022,boys,group:relays,redwood-empire,0,0,0,0
current,2022,boys,group:relays,class-a,0,0,0,0
current,2022,boys,all,tri-valley,0,0,0,0
current,2022,boys,all,bay-shore,0,0,0,0
current,2022,boys,all,redwood-empire,0,0,0,0
current,2022,boys,all,class-a,0,0,0,0
current,2022,all,100,tri-valley,0,0,0,0
current,2022,all,100,bay-shore,0,0,0,0
current,2022,all,100,redwood-empire,0,0,0,0
current,2022,all,100,class-a,0,0,0,0
current,2022,all,100H,tri-valley,0,0,0,0
current,2022,all,100H,bay-shore,0,0,0,0
current,2022,all,100H,redwood-empire,0,0,0,0
current,2022,all,100H,class-a,0,0,0,0
current,2022,all,110H,tri-valley,0,0,0,0
current,2022,all,110H,bay-shore,0,0,0,0
current,2022,all,110H,redwood-empire,0,0,0,0
current,2022,all,110H,class-a,0,0,0,0
current,2022,all,1600,tri-valley,0,0,0,0
current,2022,all,1600,bay-shore,0,0,0,0
current,2022,all,1600,redwood-empire,0,0,0,0
current,2022,all,1600,class-a,0,0,0,0
current,2022,all,200,tri-valley,0,0,0,0
current,2022,all,200,bay-shore,0,0,0,0
current,2022,all,200,redwood-empire,0,0,0,0
current,2022,all,200,class-a,0,0,0,0
current,2022,all,300H,tri-valley,0,0,0,0
current,2022,all,300H,bay-shore,0,0,0,0
current,2022,all,300H,redwood-empire,0,0,0,0
current,2022,all,300H,class-a,0,0,0,0
current,2022,all,3200,tri-valley,0,0,0,0
current,2022,all,3200,bay-shore,0,0,0,0
current,2022,all,3200,redwood-empire,0,0,0,0
current,2022,all,3200,class-a,0,0,0,0
current,2022,all,400,tri-valley,0,0,0,0
current,2022,all,400,bay-shore,0,0,0,0
current,2022,all,400,redwood-empire,0,0,0,0
current,2022,all,400,class-a,0,0,0,0
current,2022,all,4x100,tri-valley,0,0,0,0
current,2022,all,4x100,bay-shore,0,0,0,0
current,2022,all,4x100,redwood-empire,0,0,0,0
current,2022,all,4x100,class-a,0,0,0,0
current,2022,all,4x400,tri-valley,0,0,0,0
current,2022,all,4x400,bay-shore,0,0,0,0
current,2022,all,4x400,redwood-empire,0,0,0,0
current,2022,all,4x400,class-a,0,0,0,0
current,2022,all,800,tri-valley,0,0,0,0
current,2022,all,800,bay-shore,0,0,0,0
current,2022,all,800,redwood-empire,0,0,0,0
current,2022,all,800,class-a,0,0,0,0
current,2022,all,DT,tri-valley,0,0,0,0
current,2022,all,DT,bay-shore,0,0,0,0
current,2022,all,DT,redwood-empire,0,0,0,0
current,2022,all,DT,class-a,0,0,0,0
current,2022,all,HJ,tri-valley,0,0,0,0
current,2022,all,HJ,bay-shore,0,0,0,0
current,2022,all,HJ,redwood-empire,0,0,0,0
current,2022,all,HJ,class-a,0,0,0,0
current,2022,all,LJ,tri-valley,0,0,0,0
current,2022,all,LJ,bay-shore,0,0,0,0
current,2022,all,LJ,redwood-empire,0,0,0,0
current,2022,all,LJ,class-a,0,0,0,0
current,2022,all,PV,tri-valley,0,0,0,0
current,2022,all,PV,bay-shore,0,0,0,0
current,2022,all,PV,redwood-empire,0,0,0,0
current,2022,all,PV,class-a,0,0,0,0
current,2022,all,SP,tri-valley,0,0,0,0
current,2022,all,SP,bay-shore,0,0,0,0
current,2022,all,SP,redwood-empire,0,0,0,0
current,2022,all,SP,class-a,0,0,0,0
current,2022,all,TJ,tri-valley,0,0,0,0
current,2022,all,TJ,bay-shore,0,0,0,0
current,2022,all,TJ,redwood-empire,0,0,0,0
current,2022,all,TJ,class-a,0,0,0,0
current,2022,all,group:sprints_hurdles,tri-valley,0,0,0,0
current,2022,all,group:sprints_hurdles,bay-shore,0,0,0,0
current,2022,all,group:sprints_hurdles,redwood-empire,0,0,0,0
current,2022,all,group:sprints_hurdles,class-a,0,0,0,0
current,2022,all,group:400_800,tri-valley,0,0,0,0
current,2022,all,group:400_800,bay-shore,0,0,0,0
current,2022,all,group:400_800,redwood-empire,0,0,0,0
current,2022,all,group:400_800,class-a,0,0,0,0
current,2022,all,group:distance,tri-valley,0,0,0,0
current,2022,all,group:distance,bay-shore,0,0,0,0
current,2022,all,group:distance,redwood-empire,0,0,0,0
current,2022,all,group:distance,class-a,0,0,0,0
current,2022,all,group:jumps,tri-valley,0,0,0,0
current,2022,all,group:jumps,bay-shore,0,0,0,0
current,2022,all,group:jumps,redwood-empire,0,0,0,0
current,2022,all,group:jumps,class-a,0,0,0,0
current,2022,all,group:throws,tri-valley,0,0,0,0
current,2022,all,group:throws,bay-shore,0,0,0,0
current,2022,all,group:throws,redwood-empire,0,0,0,0
current,2022,all,group:throws,class-a,0,0,0,0
current,2022,all,group:relays,tri-valley,0,0,0,0
current,2022,all,group:relays,bay-shore,0,0,0,0
current,2022,all,group:relays,redwood-empire,0,0,0,0
current,2022,all,group:relays,class-a,0,0,0,0
current,2022,all,all,tri-valley,0,0,0,0
current,2022,all,all,bay-shore,0,0,0,0
current,2022,all,all,redwood-empire,0,0,0,0
current,2022,all,all,class-a,0,0,0,0
current,2023,girls,100,tri-valley,0,0,0,0
current,2023,girls,100,bay-shore,0,0,0,0
current,2023,girls,100,redwood-empire,0,0,0,0
current,2023,girls,100,class-a,0,0,0,0
current,2023,girls,100H,tri-valley,0,0,0,0
current,2023,girls,100H,bay-shore,0,0,0,0
current,2023,girls,100H,redwood-empire,0,0,0,0
current,2023,girls,100H,class-a,0,0,0,0
current,2023,girls,1600,tri-valley,0,0,0,0
current,2023,girls,1600,bay-shore,0,0,0,0
current,2023,girls,1600,redwood-empire,0,0,0,0
current,2023,girls,1600,class-a,0,0,0,0
current,2023,girls,200,tri-valley,0,0,0,0
current,2023,girls,200,bay-shore,0,0,0,0
current,2023,girls,200,redwood-empire,0,0,0,0
current,2023,girls,200,class-a,0,0,0,0
current,2023,girls,300H,tri-valley,0,0,0,0
current,2023,girls,300H,bay-shore,0,0,0,0
current,2023,girls,300H,redwood-empire,0,0,0,0
current,2023,girls,300H,class-a,0,0,0,0
current,2023,girls,3200,tri-valley,0,0,0,0
current,2023,girls,3200,bay-shore,0,0,0,0
current,2023,girls,3200,redwood-empire,0,0,0,0
current,2023,girls,3200,class-a,0,0,0,0
current,2023,girls,400,tri-valley,0,0,0,0
current,2023,girls,400,bay-shore,0,0,0,0
current,2023,girls,400,redwood-empire,0,0,0,0
current,2023,girls,400,class-a,0,0,0,0
current,2023,girls,4x100,tri-valley,0,0,0,0
current,2023,girls,4x100,bay-shore,0,0,0,0
current,2023,girls,4x100,redwood-empire,0,0,0,0
current,2023,girls,4x100,class-a,0,0,0,0
current,2023,girls,4x400,tri-valley,0,0,0,0
current,2023,girls,4x400,bay-shore,0,0,0,0
current,2023,girls,4x400,redwood-empire,0,0,0,0
current,2023,girls,4x400,class-a,0,0,0,0
current,2023,girls,800,tri-valley,0,0,0,0
current,2023,girls,800,bay-shore,0,0,0,0
current,2023,girls,800,redwood-empire,0,0,0,0
current,2023,girls,800,class-a,0,0,0,0
current,2023,girls,DT,tri-valley,0,0,0,0
current,2023,girls,DT,bay-shore,0,0,0,0
current,2023,girls,DT,redwood-empire,0,0,0,0
current,2023,girls,DT,class-a,0,0,0,0
current,2023,girls,HJ,tri-valley,0,0,0,0
current,2023,girls,HJ,bay-shore,0,0,0,0
current,2023,girls,HJ,redwood-empire,0,0,0,0
current,2023,girls,HJ,class-a,0,0,0,0
current,2023,girls,LJ,tri-valley,0,0,0,0
current,2023,girls,LJ,bay-shore,0,0,0,0
current,2023,girls,LJ,redwood-empire,0,0,0,0
current,2023,girls,LJ,class-a,0,0,0,0
current,2023,girls,PV,tri-valley,0,0,0,0
current,2023,girls,PV,bay-shore,0,0,0,0
current,2023,girls,PV,redwood-empire,0,0,0,0
current,2023,girls,PV,class-a,0,0,0,0
current,2023,girls,SP,tri-valley,0,0,0,0
current,2023,girls,SP,bay-shore,0,0,0,0
current,2023,girls,SP,redwood-empire,0,0,0,0
current,2023,girls,SP,class-a,0,0,0,0
current,2023,girls,TJ,tri-valley,0,0,0,0
current,2023,girls,TJ,bay-shore,0,0,0,0
current,2023,girls,TJ,redwood-empire,0,0,0,0
current,2023,girls,TJ,class-a,0,0,0,0
current,2023,girls,group:sprints_hurdles,tri-valley,0,0,0,0
current,2023,girls,group:sprints_hurdles,bay-shore,0,0,0,0
current,2023,girls,group:sprints_hurdles,redwood-empire,0,0,0,0
current,2023,girls,group:sprints_hurdles,class-a,0,0,0,0
current,2023,girls,group:400_800,tri-valley,0,0,0,0
current,2023,girls,group:400_800,bay-shore,0,0,0,0
current,2023,girls,group:400_800,redwood-empire,0,0,0,0
current,2023,girls,group:400_800,class-a,0,0,0,0
current,2023,girls,group:distance,tri-valley,0,0,0,0
current,2023,girls,group:distance,bay-shore,0,0,0,0
current,2023,girls,group:distance,redwood-empire,0,0,0,0
current,2023,girls,group:distance,class-a,0,0,0,0
current,2023,girls,group:jumps,tri-valley,0,0,0,0
current,2023,girls,group:jumps,bay-shore,0,0,0,0
current,2023,girls,group:jumps,redwood-empire,0,0,0,0
current,2023,girls,group:jumps,class-a,0,0,0,0
current,2023,girls,group:throws,tri-valley,0,0,0,0
current,2023,girls,group:throws,bay-shore,0,0,0,0
current,2023,girls,group:throws,redwood-empire,0,0,0,0
current,2023,girls,group:throws,class-a,0,0,0,0
current,2023,girls,group:relays,tri-valley,0,0,0,0
current,2023,girls,group:relays,bay-shore,0,0,0,0
current,2023,girls,group:relays,redwood-empire,0,0,0,0
current,2023,girls,group:relays,class-a,0,0,0,0
current,2023,girls,all,tri-valley,0,0,0,0
current,2023,girls,all,bay-shore,0,0,0,0
current,2023,girls,all,redwood-empire,0,0,0,0
current,2023,girls,all,class-a,0,0,0,0
current,2023,boys,100,tri-valley,0,0,0,0
current,2023,boys,100,bay-shore,0,0,0,0
current,2023,boys,100,redwood-empire,0,0,0,0
current,2023,boys,100,class-a,0,0,0,0
current,2023,boys,110H,tri-valley,0,0,0,0
current,2023,boys,110H,bay-shore,0,0,0,0
current,2023,boys,110H,redwood-empire,0,0,0,0
current,2023,boys,110H,class-a,0,0,0,0
current,2023,boys,1600,tri-valley,0,0,0,0
current,2023,boys,1600,bay-shore,0,0,0,0
current,2023,boys,1600,redwood-empire,0,0,0,0
current,2023,boys,1600,class-a,0,0,0,0
current,2023,boys,200,tri-valley,0,0,0,0
current,2023,boys,200,bay-shore,0,0,0,0
current,2023,boys,200,redwood-empire,0,0,0,0
current,2023,boys,200,class-a,0,0,0,0
current,2023,boys,300H,tri-valley,0,0,0,0
current,2023,boys,300H,bay-shore,0,0,0,0
current,2023,boys,300H,redwood-empire,0,0,0,0
current,2023,boys,300H,class-a,0,0,0,0
current,2023,boys,3200,tri-valley,0,0,0,0
current,2023,boys,3200,bay-shore,0,0,0,0
current,2023,boys,3200,redwood-empire,0,0,0,0
current,2023,boys,3200,class-a,0,0,0,0
current,2023,boys,400,tri-valley,0,0,0,0
current,2023,boys,400,bay-shore,0,0,0,0
current,2023,boys,400,redwood-empire,0,0,0,0
current,2023,boys,400,class-a,0,0,0,0
current,2023,boys,4x100,tri-valley,0,0,0,0
current,2023,boys,4x100,bay-shore,0,0,0,0
current,2023,boys,4x100,redwood-empire,0,0,0,0
current,2023,boys,4x100,class-a,0,0,0,0
current,2023,boys,4x400,tri-valley,0,0,0,0
current,2023,boys,4x400,bay-shore,0,0,0,0
current,2023,boys,4x400,redwood-empire,0,0,0,0
current,2023,boys,4x400,class-a,0,0,0,0
current,2023,boys,800,tri-valley,0,0,0,0
current,2023,boys,800,bay-shore,0,0,0,0
current,2023,boys,800,redwood-empire,0,0,0,0
current,2023,boys,800,class-a,0,0,0,0
current,2023,boys,DT,tri-valley,0,0,0,0
current,2023,boys,DT,bay-shore,0,0,0,0
current,2023,boys,DT,redwood-empire,0,0,0,0
current,2023,boys,DT,class-a,0,0,0,0
current,2023,boys,HJ,tri-valley,0,0,0,0
current,2023,boys,HJ,bay-shore,0,0,0,0
current,2023,boys,HJ,redwood-empire,0,0,0,0
current,2023,boys,HJ,class-a,0,0,0,0
current,2023,boys,LJ,tri-valley,0,0,0,0
current,2023,boys,LJ,bay-shore,0,0,0,0
current,2023,boys,LJ,redwood-empire,0,0,0,0
current,2023,boys,LJ,class-a,0,0,0,0
current,2023,boys,PV,tri-valley,0,0,0,0
current,2023,boys,PV,bay-shore,0,0,0,0
current,2023,boys,PV,redwood-empire,0,0,0,0
current,2023,boys,PV,class-a,0,0,0,0
current,2023,boys,SP,tri-valley,0,0,0,0
current,2023,boys,SP,bay-shore,0,0,0,0
current,2023,boys,SP,redwood-empire,0,0,0,0
current,2023,boys,SP,class-a,0,0,0,0
current,2023,boys,TJ,tri-valley,0,0,0,0
current,2023,boys,TJ,bay-shore,0,0,0,0
current,2023,boys,TJ,redwood-empire,0,0,0,0
current,2023,boys,TJ,class-a,0,0,0,0
current,2023,boys,group:sprints_hurdles,tri-valley,0,0,0,0
current,2023,boys,group:sprints_hurdles,bay-shore,0,0,0,0
current,2023,boys,group:sprints_hurdles,redwood-empire,0,0,0,0
current,2023,boys,group:sprints_hurdles,class-a,0,0,0,0
current,2023,boys,group:400_800,tri-valley,0,0,0,0
current,2023,boys,group:400_800,bay-shore,0,0,0,0
current,2023,boys,group:400_800,redwood-empire,0,0,0,0
current,2023,boys,group:400_800,class-a,0,0,0,0
current,2023,boys,group:distance,tri-valley,0,0,0,0
current,2023,boys,group:distance,bay-shore,0,0,0,0
current,2023,boys,group:distance,redwood-empire,0,0,0,0
current,2023,boys,group:distance,class-a,0,0,0,0
current,2023,boys,group:jumps,tri-valley,0,0,0,0
current,2023,boys,group:jumps,bay-shore,0,0,0,0
current,2023,boys,group:jumps,redwood-empire,0,0,0,0
current,2023,boys,group:jumps,class-a,0,0,0,0
current,2023,boys,group:throws,tri-valley,0,0,0,0
current,2023,boys,group:throws,bay-shore,0,0,0,0
current,2023,boys,group:throws,redwood-empire,0,0,0,0
current,2023,boys,group:throws,class-a,0,0,0,0
current,2023,boys,group:relays,tri-valley,0,0,0,0
current,2023,boys,group:relays,bay-shore,0,0,0,0
current,2023,boys,group:relays,redwood-empire,0,0,0,0
current,2023,boys,group:relays,class-a,0,0,0,0
current,2023,boys,all,tri-valley,0,0,0,0
current,2023,boys,all,bay-shore,0,0,0,0
current,2023,boys,all,redwood-empire,0,0,0,0
current,2023,boys,all,class-a,0,0,0,0
current,2023,all,100,tri-valley,0,0,0,0
current,2023,all,100,bay-shore,0,0,0,0
current,2023,all,100,redwood-empire,0,0,0,0
current,2023,all,100,class-a,0,0,0,0
current,2023,all,100H,tri-valley,0,0,0,0
current,2023,all,100H,bay-shore,0,0,0,0
current,2023,all,100H,redwood-empire,0,0,0,0
current,2023,all,100H,class-a,0,0,0,0
current,2023,all,110H,tri-valley,0,0,0,0
current,2023,all,110H,bay-shore,0,0,0,0
current,2023,all,110H,redwood-empire,0,0,0,0
current,2023,all,110H,class-a,0,0,0,0
current,2023,all,1600,tri-valley,0,0,0,0
current,2023,all,1600,bay-shore,0,0,0,0
current,2023,all,1600,redwood-empire,0,0,0,0
current,2023,all,1600,class-a,0,0,0,0
current,2023,all,200,tri-valley,0,0,0,0
current,2023,all,200,bay-shore,0,0,0,0
current,2023,all,200,redwood-empire,0,0,0,0
current,2023,all,200,class-a,0,0,0,0
current,2023,all,300H,tri-valley,0,0,0,0
current,2023,all,300H,bay-shore,0,0,0,0
current,2023,all,300H,redwood-empire,0,0,0,0
current,2023,all,300H,class-a,0,0,0,0
current,2023,all,3200,tri-valley,0,0,0,0
current,2023,all,3200,bay-shore,0,0,0,0
current,2023,all,3200,redwood-empire,0,0,0,0
current,2023,all,3200,class-a,0,0,0,0
current,2023,all,400,tri-valley,0,0,0,0
current,2023,all,400,bay-shore,0,0,0,0
current,2023,all,400,redwood-empire,0,0,0,0
current,2023,all,400,class-a,0,0,0,0
current,2023,all,4x100,tri-valley,0,0,0,0
current,2023,all,4x100,bay-shore,0,0,0,0
current,2023,all,4x100,redwood-empire,0,0,0,0
current,2023,all,4x100,class-a,0,0,0,0
current,2023,all,4x400,tri-valley,0,0,0,0
current,2023,all,4x400,bay-shore,0,0,0,0
current,2023,all,4x400,redwood-empire,0,0,0,0
current,2023,all,4x400,class-a,0,0,0,0
current,2023,all,800,tri-valley,0,0,0,0
current,2023,all,800,bay-shore,0,0,0,0
current,2023,all,800,redwood-empire,0,0,0,0
current,2023,all,800,class-a,0,0,0,0
current,2023,all,DT,tri-valley,0,0,0,0
current,2023,all,DT,bay-shore,0,0,0,0
current,2023,all,DT,redwood-empire,0,0,0,0
current,2023,all,DT,class-a,0,0,0,0
current,2023,all,HJ,tri-valley,0,0,0,0
current,2023,all,HJ,bay-shore,0,0,0,0
current,2023,all,HJ,redwood-empire,0,0,0,0
current,2023,all,HJ,class-a,0,0,0,0
current,2023,all,LJ,tri-valley,0,0,0,0
current,2023,all,LJ,bay-shore,0,0,0,0
current,2023,all,LJ,redwood-empire,0,0,0,0
current,2023,all,LJ,class-a,0,0,0,0
current,2023,all,PV,tri-valley,0,0,0,0
current,2023,all,PV,bay-shore,0,0,0,0
current,2023,all,PV,redwood-empire,0,0,0,0
current,2023,all,PV,class-a,0,0,0,0
current,2023,all,SP,tri-valley,0,0,0,0
current,2023,all,SP,bay-shore,0,0,0,0
current,2023,all,SP,redwood-empire,0,0,0,0
current,2023,all,SP,class-a,0,0,0,0
current,2023,all,TJ,tri-valley,0,0,0,0
current,2023,all,TJ,bay-shore,0,0,0,0
current,2023,all,TJ,redwood-empire,0,0,0,0
current,2023,all,TJ,class-a,0,0,0,0
current,2023,all,group:sprints_hurdles,tri-valley,0,0,0,0
current,2023,all,group:sprints_hurdles,bay-shore,0,0,0,0
current,2023,all,group:sprints_hurdles,redwood-empire,0,0,0,0
current,2023,all,group:sprints_hurdles,class-a,0,0,0,0
current,2023,all,group:400_800,tri-valley,0,0,0,0
current,2023,all,group:400_800,bay-shore,0,0,0,0
current,2023,all,group:400_800,redwood-empire,0,0,0,0
current,2023,all,group:400_800,class-a,0,0,0,0
current,2023,all,group:distance,tri-valley,0,0,0,0
current,2023,all,group:distance,bay-shore,0,0,0,0
current,2023,all,group:distance,redwood-empire,0,0,0,0
current,2023,all,group:distance,class-a,0,0,0,0
current,2023,all,group:jumps,tri-valley,0,0,0,0
current,2023,all,group:jumps,bay-shore,0,0,0,0
current,2023,all,group:jumps,redwood-empire,0,0,0,0
current,2023,all,group:jumps,class-a,0,0,0,0
current,2023,all,group:throws,tri-valley,0,0,0,0
current,2023,all,group:throws,bay-shore,0,0,0,0
current,2023,all,group:throws,redwood-empire,0,0,0,0
current,2023,all,group:throws,class-a,0,0,0,0
current,2023,all,group:relays,tri-valley,0,0,0,0
current,2023,all,group:relays,bay-shore,0,0,0,0
current,2023,all,group:relays,redwood-empire,0,0,0,0
current,2023,all,group:relays,class-a,0,0,0,0
current,2023,all,all,tri-valley,0,0,0,0
current,2023,all,all,bay-shore,0,0,0,0
current,2023,all,all,redwood-empire,0,0,0,0
current,2023,all,all,class-a,0,0,0,0
current,2024,girls,100,tri-valley,0,0,0,0
current,2024,girls,100,bay-shore,0,0,0,0
current,2024,girls,100,redwood-empire,0,0,0,0
current,2024,girls,100,class-a,0,0,0,0
current,2024,girls,100H,tri-valley,0,0,0,0
current,2024,girls,100H,bay-shore,0,0,0,0
current,2024,girls,100H,redwood-empire,0,0,0,0
current,2024,girls,100H,class-a,0,0,0,0
current,2024,girls,1600,tri-valley,0,0,0,0
current,2024,girls,1600,bay-shore,0,0,0,0
current,2024,girls,1600,redwood-empire,0,0,0,0
current,2024,girls,1600,class-a,0,0,0,0
current,2024,girls,200,tri-valley,0,0,0,0
current,2024,girls,200,bay-shore,0,0,0,0
current,2024,girls,200,redwood-empire,0,0,0,0
current,2024,girls,200,class-a,0,0,0,0
current,2024,girls,300H,tri-valley,0,0,0,0
current,2024,girls,300H,bay-shore,0,0,0,0
current,2024,girls,300H,redwood-empire,0,0,0,0
current,2024,girls,300H,class-a,0,0,0,0
current,2024,girls,3200,tri-valley,0,0,0,0
current,2024,girls,3200,bay-shore,0,0,0,0
current,2024,girls,3200,redwood-empire,0,0,0,0
current,2024,girls,3200,class-a,0,0,0,0
current,2024,girls,400,tri-valley,0,0,0,0
current,2024,girls,400,bay-shore,0,0,0,0
current,2024,girls,400,redwood-empire,0,0,0,0
current,2024,girls,400,class-a,0,0,0,0
current,2024,girls,4x100,tri-valley,0,0,0,0
current,2024,girls,4x100,bay-shore,0,0,0,0
current,2024,girls,4x100,redwood-empire,0,0,0,0
current,2024,girls,4x100,class-a,0,0,0,0
current,2024,girls,4x400,tri-valley,0,0,0,0
current,2024,girls,4x400,bay-shore,0,0,0,0
current,2024,girls,4x400,redwood-empire,0,0,0,0
current,2024,girls,4x400,class-a,0,0,0,0
current,2024,girls,800,tri-valley,0,0,0,0
current,2024,girls,800,bay-shore,0,0,0,0
current,2024,girls,800,redwood-empire,0,0,0,0
current,2024,girls,800,class-a,0,0,0,0
current,2024,girls,DT,tri-valley,0,0,0,0
current,2024,girls,DT,bay-shore,0,0,0,0
current,2024,girls,DT,redwood-empire,0,0,0,0
current,2024,girls,DT,class-a,0,0,0,0
current,2024,girls,HJ,tri-valley,0,0,0,0
current,2024,girls,HJ,bay-shore,0,0,0,0
current,2024,girls,HJ,redwood-empire,0,0,0,0
current,2024,girls,HJ,class-a,0,0,0,0
current,2024,girls,LJ,tri-valley,0,0,0,0
current,2024,girls,LJ,bay-shore,0,0,0,0
current,2024,girls,LJ,redwood-empire,0,0,0,0
current,2024,girls,LJ,class-a,0,0,0,0
current,2024,girls,PV,tri-valley,0,0,0,0
current,2024,girls,PV,bay-shore,0,0,0,0
current,2024,girls,PV,redwood-empire,0,0,0,0
current,2024,girls,PV,class-a,0,0,0,0
current,2024,girls,SP,tri-valley,0,0,0,0
current,2024,girls,SP,bay-shore,0,0,0,0
current,2024,girls,SP,redwood-empire,0,0,0,0
current,2024,girls,SP,class-a,0,0,0,0
current,2024,girls,TJ,tri-valley,0,0,0,0
current,2024,girls,TJ,bay-shore,0,0,0,0
current,2024,girls,TJ,redwood-empire,0,0,0,0
current,2024,girls,TJ,class-a,0,0,0,0
current,2024,girls,group:sprints_hurdles,tri-valley,0,0,0,0
current,2024,girls,group:sprints_hurdles,bay-shore,0,0,0,0
current,2024,girls,group:sprints_hurdles,redwood-empire,0,0,0,0
current,2024,girls,group:sprints_hurdles,class-a,0,0,0,0
current,2024,girls,group:400_800,tri-valley,0,0,0,0
current,2024,girls,group:400_800,bay-shore,0,0,0,0
current,2024,girls,group:400_800,redwood-empire,0,0,0,0
current,2024,girls,group:400_800,class-a,0,0,0,0
current,2024,girls,group:distance,tri-valley,0,0,0,0
current,2024,girls,group:distance,bay-shore,0,0,0,0
current,2024,girls,group:distance,redwood-empire,0,0,0,0
current,2024,girls,group:distance,class-a,0,0,0,0
current,2024,girls,group:jumps,tri-valley,0,0,0,0
current,2024,girls,group:jumps,bay-shore,0,0,0,0
current,2024,girls,group:jumps,redwood-empire,0,0,0,0
current,2024,girls,group:jumps,class-a,0,0,0,0
current,2024,girls,group:throws,tri-valley,0,0,0,0
current,2024,girls,group:throws,bay-shore,0,0,0,0
current,2024,girls,group:throws,redwood-empire,0,0,0,0
current,2024,girls,group:throws,class-a,0,0,0,0
current,2024,girls,group:relays,tri-valley,0,0,0,0
current,2024,girls,group:relays,bay-shore,0,0,0,0
current,2024,girls,group:relays,redwood-empire,0,0,0,0
current,2024,girls,group:relays,class-a,0,0,0,0
current,2024,girls,all,tri-valley,0,0,0,0
current,2024,girls,all,bay-shore,0,0,0,0
current,2024,girls,all,redwood-empire,0,0,0,0
current,2024,girls,all,class-a,0,0,0,0
current,2024,boys,100,tri-valley,0,0,0,0
current,2024,boys,100,bay-shore,0,0,0,0
current,2024,boys,100,redwood-empire,0,0,0,0
current,2024,boys,100,class-a,0,0,0,0
current,2024,boys,110H,tri-valley,0,0,0,0
current,2024,boys,110H,bay-shore,0,0,0,0
current,2024,boys,110H,redwood-empire,0,0,0,0
current,2024,boys,110H,class-a,0,0,0,0
current,2024,boys,1600,tri-valley,0,0,0,0
current,2024,boys,1600,bay-shore,0,0,0,0
current,2024,boys,1600,redwood-empire,0,0,0,0
current,2024,boys,1600,class-a,0,0,0,0
current,2024,boys,200,tri-valley,0,0,0,0
current,2024,boys,200,bay-shore,0,0,0,0
current,2024,boys,200,redwood-empire,0,0,0,0
current,2024,boys,200,class-a,0,0,0,0
current,2024,boys,300H,tri-valley,0,0,0,0
current,2024,boys,300H,bay-shore,0,0,0,0
current,2024,boys,300H,redwood-empire,0,0,0,0
current,2024,boys,300H,class-a,0,0,0,0
current,2024,boys,3200,tri-valley,0,0,0,0
current,2024,boys,3200,bay-shore,0,0,0,0
current,2024,boys,3200,redwood-empire,0,0,0,0
current,2024,boys,3200,class-a,0,0,0,0
current,2024,boys,400,tri-valley,0,0,0,0
current,2024,boys,400,bay-shore,0,0,0,0
current,2024,boys,400,redwood-empire,0,0,0,0
current,2024,boys,400,class-a,0,0,0,0
current,2024,boys,4x100,tri-valley,0,0,0,0
current,2024,boys,4x100,bay-shore,0,0,0,0
current,2024,boys,4x100,redwood-empire,0,0,0,0
current,2024,boys,4x100,class-a,0,0,0,0
current,2024,boys,4x400,tri-valley,0,0,0,0
current,2024,boys,4x400,bay-shore,0,0,0,0
current,2024,boys,4x400,redwood-empire,0,0,0,0
current,2024,boys,4x400,class-a,0,0,0,0
current,2024,boys,800,tri-valley,0,0,0,0
current,2024,boys,800,bay-shore,0,0,0,0
current,2024,boys,800,redwood-empire,0,0,0,0
current,2024,boys,800,class-a,0,0,0,0
current,2024,boys,DT,tri-valley,0,0,0,0
current,2024,boys,DT,bay-shore,0,0,0,0
current,2024,boys,DT,redwood-empire,0,0,0,0
current,2024,boys,DT,class-a,0,0,0,0
current,2024,boys,HJ,tri-valley,0,0,0,0
current,2024,boys,HJ,bay-shore,0,0,0,0
current,2024,boys,HJ,redwood-empire,0,0,0,0
current,2024,boys,HJ,class-a,0,0,0,0
current,2024,boys,LJ,tri-valley,0,0,0,0
current,2024,boys,LJ,bay-shore,0,0,0,0
current,2024,boys,LJ,redwood-empire,0,0,0,0
current,2024,boys,LJ,class-a,0,0,0,0
current,2024,boys,PV,tri-valley,0,0,0,0
current,2024,boys,PV,bay-shore,0,0,0,0
current,2024,boys,PV,redwood-empire,0,0,0,0
current,2024,boys,PV,class-a,0,0,0,0
current,2024,boys,SP,tri-valley,0,0,0,0
current,2024,boys,SP,bay-shore,0,0,0,0
current,2024,boys,SP,redwood-empire,0,0,0,0
current,2024,boys,SP,class-a,0,0,0,0
current,2024,boys,TJ,tri-valley,0,0,0,0
current,2024,boys,TJ,bay-shore,0,0,0,0
current,2024,boys,TJ,redwood-empire,0,0,0,0
current,2024,boys,TJ,class-a,0,0,0,0
current,2024,boys,group:sprints_hurdles,tri-valley,0,0,0,0
current,2024,boys,group:sprints_hurdles,bay-shore,0,0,0,0
current,2024,boys,group:sprints_hurdles,redwood-empire,0,0,0,0
current,2024,boys,group:sprints_hurdles,class-a,0,0,0,0
current,2024,boys,group:400_800,tri-valley,0,0,0,0
current,2024,boys,group:400_800,bay-shore,0,0,0,0
current,2024,boys,group:400_800,redwood-empire,0,0,0,0
current,2024,boys,group:400_800,class-a,0,0,0,0
current,2024,boys,group:distance,tri-valley,0,0,0,0
current,2024,boys,group:distance,bay-shore,0,0,0,0
current,2024,boys,group:distance,redwood-empire,0,0,0,0
current,2024,boys,group:distance,class-a,0,0,0,0
current,2024,boys,group:jumps,tri-valley,0,0,0,0
current,2024,boys,group:jumps,bay-shore,0,0,0,0
current,2024,boys,group:jumps,redwood-empire,0,0,0,0
current,2024,boys,group:jumps,class-a,0,0,0,0
current,2024,boys,group:throws,tri-valley,0,0,0,0
current,2024,boys,group:throws,bay-shore,0,0,0,0
current,2024,boys,group:throws,redwood-empire,0,0,0,0
current,2024,boys,group:throws,class-a,0,0,0,0
current,2024,boys,group:relays,tri-valley,0,0,0,0
current,2024,boys,group:relays,bay-shore,0,0,0,0
current,2024,boys,group:relays,redwood-empire,0,0,0,0
current,2024,boys,group:relays,class-a,0,0,0,0
current,2024,boys,all,tri-valley,0,0,0,0
current,2024,boys,all,bay-shore,0,0,0,0
current,2024,boys,all,redwood-empire,0,0,0,0
current,2024,boys,all,class-a,0,0,0,0
current,2024,all,100,tri-valley,0,0,0,0
current,2024,all,100,bay-shore,0,0,0,0
current,2024,all,100,redwood-empire,0,0,0,0
current,2024,all,100,class-a,0,0,0,0
current,2024,all,100H,tri-valley,0,0,0,0
current,2024,all,100H,bay-shore,0,0,0,0
current,2024,all,100H,redwood-empire,0,0,0,0
current,2024,all,100H,class-a,0,0,0,0
current,2024,all,110H,tri-valley,0,0,0,0
current,2024,all,110H,bay-shore,0,0,0,0
current,2024,all,110H,redwood-empire,0,0,0,0
current,2024,all,110H,class-a,0,0,0,0
current,2024,all,1600,tri-valley,0,0,0,0
current,2024,all,1600,bay-shore,0,0,0,0
current,2024,all,1600,redwood-empire,0,0,0,0
current,2024,all,1600,class-a,0,0,0,0
current,2024,all,200,tri-valley,0,0,0,0
current,2024,all,200,bay-shore,0,0,0,0
current,2024,all,200,redwood-empire,0,0,0,0
current,2024,all,200,class-a,0,0,0,0
current,2024,all,300H,tri-valley,0,0,0,0
current,2024,all,300H,bay-shore,0,0,0,0
current,2024,all,300H,redwood-empire,0,0,0,0
current,2024,all,300H,class-a,0,0,0,0
current,2024,all,3200,tri-valley,0,0,0,0
current,2024,all,3200,bay-shore,0,0,0,0
current,2024,all,3200,redwood-empire,0,0,0,0
current,2024,all,3200,class-a,0,0,0,0
current,2024,all,400,tri-valley,0,0,0,0
current,2024,all,400,bay-shore,0,0,0,0
current,2024,all,400,redwood-empire,0,0,0,0
current,2024,all,400,class-a,0,0,0,0
current,2024,all,4x100,tri-valley,0,0,0,0
current,2024,all,4x100,bay-shore,0,0,0,0
current,2024,all,4x100,redwood-empire,0,0,0,0
current,2024,all,4x100,class-a,0,0,0,0
current,2024,all,4x400,tri-valley,0,0,0,0
current,2024,all,4x400,bay-shore,0,0,0,0
current,2024,all,4x400,redwood-empire,0,0,0,0
current,2024,all,4x400,class-a,0,0,0,0
current,2024,all,800,tri-valley,0,0,0,0
current,2024,all,800,bay-shore,0,0,0,0
current,2024,all,800,redwood-empire,0,0,0,0
current,2024,all,800,class-a,0,0,0,0
current,2024,all,DT,tri-valley,0,0,0,0
current,2024,all,DT,bay-shore,0,0,0,0
current,2024,all,DT,redwood-empire,0,0,0,0
current,2024,all,DT,class-a,0,0,0,0
current,2024,all,HJ,tri-valley,0,0,0,0
current,2024,all,HJ,bay-shore,0,0,0,0
current,2024,all,HJ,redwood-empire,0,0,0,0
current,2024,all,HJ,class-a,0,0,0,0
current,2024,all,LJ,tri-valley,0,0,0,0
current,2024,all,LJ,bay-shore,0,0,0,0
current,2024,all,LJ,redwood-empire,0,0,0,0
current,2024,all,LJ,class-a,0,0,0,0
current,2024,all,PV,tri-valley,0,0,0,0
current,2024,all,PV,bay-shore,0,0,0,0
current,2024,all,PV,redwood-empire,0,0,0,0
current,2024,all,PV,class-a,0,0,0,0
current,2024,all,SP,tri-valley,0,0,0,0
current,2024,all,SP,bay-shore,0,0,0,0
current,2024,all,SP,redwood-empire,0,0,0,0
current,2024,all,SP,class-a,0,0,0,0
current,2024,all,TJ,tri-valley,0,0,0,0
current,2024,all,TJ,bay-shore,0,0,0,0
current,2024,all,TJ,redwood-empire,0,0,0,0
current,2024,all,TJ,class-a,0,0,0,0
current,2024,all,group:sprints_hurdles,tri-valley,0,0,0,0
current,2024,all,group:sprints_hurdles,bay-shore,0,0,0,0
current,2024,all,group:sprints_hurdles,redwood-empire,0,0,0,0
current,2024,all,group:sprints_hurdles,class-a,0,0,0,0
current,2024,all,group:400_800,tri-valley,0,0,0,0
current,2024,all,group:400_800,bay-shore,0,0,0,0
current,2024,all,group:400_800,redwood-empire,0,0,0,0
current,2024,all,group:400_800,class-a,0,0,0,0
current,2024,all,group:distance,tri-valley,0,0,0,0
current,2024,all,group:distance,bay-shore,0,0,0,0
current,2024,all,group:distance,redwood-empire,0,0,0,0
current,2024,all,group:distance,class-a,0,0,0,0
current,2024,all,group:jumps,tri-valley,0,0,0,0
current,2024,all,group:jumps,bay-shore,0,0,0,0
current,2024,all,group:jumps,redwood-empire,0,0,0,0
current,2024,all,group:jumps,class-a,0,0,0,0
current,2024,all,group:throws,tri-valley,0,0,0,0
current,2024,all,group:throws,bay-shore,0,0,0,0
current,2024,all,group:throws,redwood-empire,0,0,0,0
current,2024,all,group:throws,class-a,0,0,0,0
current,2024,all,group:relays,tri-valley,0,0,0,0
current,2024,all,group:relays,bay-shore,0,0,0,0
current,2024,all,group:relays,redwood-empire,0,0,0,0
current,2024,all,group:relays,class-a,0,0,0,0
current,2024,all,all,tri-valley,0,0,0,0
current,2024,all,all,bay-shore,0,0,0,0
current,2024,all,all,redwood-empire,0,0,0,0
current,2024,all,all,class-a,0,0,0,0
current,2025,girls,100,tri-valley,0,0,0,0
current,2025,girls,100,bay-shore,0,0,0,0
current,2025,girls,100,redwood-empire,0,0,0,0
current,2025,girls,100,class-a,0,0,0,0
current,2025,girls,100H,tri-valley,0,0,0,0
current,2025,girls,100H,bay-shore,0,0,0,0
current,2025,girls,100H,redwood-empire,0,0,0,0
current,2025,girls,100H,class-a,0,0,0,0
current,2025,girls,1600,tri-valley,0,0,0,0
current,2025,girls,1600,bay-shore,0,0,0,0
current,2025,girls,1600,redwood-empire,0,0,0,0
current,2025,girls,1600,class-a,0,0,0,0
current,2025,girls,200,tri-valley,0,0,0,0
current,2025,girls,200,bay-shore,0,0,0,0
current,2025,girls,200,redwood-empire,0,0,0,0
current,2025,girls,200,class-a,0,0,0,0
current,2025,girls,300H,tri-valley,0,0,0,0
current,2025,girls,300H,bay-shore,0,0,0,0
current,2025,girls,300H,redwood-empire,0,0,0,0
current,2025,girls,300H,class-a,0,0,0,0
current,2025,girls,3200,tri-valley,0,0,0,0
current,2025,girls,3200,bay-shore,0,0,0,0
current,2025,girls,3200,redwood-empire,0,0,0,0
current,2025,girls,3200,class-a,0,0,0,0
current,2025,girls,400,tri-valley,0,0,0,0
current,2025,girls,400,bay-shore,0,0,0,0
current,2025,girls,400,redwood-empire,0,0,0,0
current,2025,girls,400,class-a,0,0,0,0
current,2025,girls,4x100,tri-valley,0,0,0,0
current,2025,girls,4x100,bay-shore,0,0,0,0
current,2025,girls,4x100,redwood-empire,0,0,0,0
current,2025,girls,4x100,class-a,0,0,0,0
current,2025,girls,4x400,tri-valley,0,0,0,0
current,2025,girls,4x400,bay-shore,0,0,0,0
current,2025,girls,4x400,redwood-empire,0,0,0,0
current,2025,girls,4x400,class-a,0,0,0,0
current,2025,girls,800,tri-valley,0,0,0,0
current,2025,girls,800,bay-shore,0,0,0,0
current,2025,girls,800,redwood-empire,0,0,0,0
current,2025,girls,800,class-a,0,0,0,0
current,2025,girls,DT,tri-valley,0,0,0,0
current,2025,girls,DT,bay-shore,0,0,0,0
current,2025,girls,DT,redwood-empire,0,0,0,0
current,2025,girls,DT,class-a,0,0,0,0
current,2025,girls,HJ,tri-valley,0,0,0,0
current,2025,girls,HJ,bay-shore,0,0,0,0
current,2025,girls,HJ,redwood-empire,0,0,0,0
current,2025,girls,HJ,class-a,0,0,0,0
current,2025,girls,LJ,tri-valley,0,0,0,0
current,2025,girls,LJ,bay-shore,0,0,0,0
current,2025,girls,LJ,redwood-empire,0,0,0,0
current,2025,girls,LJ,class-a,0,0,0,0
current,2025,girls,PV,tri-valley,0,0,0,0
current,2025,girls,PV,bay-shore,0,0,0,0
current,2025,girls,PV,redwood-empire,0,0,0,0
current,2025,girls,PV,class-a,0,0,0,0
current,2025,girls,SP,tri-valley,0,0,0,0
current,2025,girls,SP,bay-shore,0,0,0,0
current,2025,girls,SP,redwood-empire,0,0,0,0
current,2025,girls,SP,class-a,0,0,0,0
current,2025,girls,TJ,tri-valley,0,0,0,0
current,2025,girls,TJ,bay-shore,0,0,0,0
current,2025,girls,TJ,redwood-empire,0,0,0,0
current,2025,girls,TJ,class-a,0,0,0,0
current,2025,girls,group:sprints_hurdles,tri-valley,0,0,0,0
current,2025,girls,group:sprints_hurdles,bay-shore,0,0,0,0
current,2025,girls,group:sprints_hurdles,redwood-empire,0,0,0,0
current,2025,girls,group:sprints_hurdles,class-a,0,0,0,0
current,2025,girls,group:400_800,tri-valley,0,0,0,0
current,2025,girls,group:400_800,bay-shore,0,0,0,0
current,2025,girls,group:400_800,redwood-empire,0,0,0,0
current,2025,girls,group:400_800,class-a,0,0,0,0
current,2025,girls,group:distance,tri-valley,0,0,0,0
current,2025,girls,group:distance,bay-shore,0,0,0,0
current,2025,girls,group:distance,redwood-empire,0,0,0,0
current,2025,girls,group:distance,class-a,0,0,0,0
current,2025,girls,group:jumps,tri-valley,0,0,0,0
current,2025,girls,group:jumps,bay-shore,0,0,0,0
current,2025,girls,group:jumps,redwood-empire,0,0,0,0
current,2025,girls,group:jumps,class-a,0,0,0,0
current,2025,girls,group:throws,tri-valley,0,0,0,0
current,2025,girls,group:throws,bay-shore,0,0,0,0
current,2025,girls,group:throws,redwood-empire,0,0,0,0
current,2025,girls,group:throws,class-a,0,0,0,0
current,2025,girls,group:relays,tri-valley,0,0,0,0
current,2025,girls,group:relays,bay-shore,0,0,0,0
current,2025,girls,group:relays,redwood-empire,0,0,0,0
current,2025,girls,group:relays,class-a,0,0,0,0
current,2025,girls,all,tri-valley,0,0,0,0
current,2025,girls,all,bay-shore,0,0,0,0
current,2025,girls,all,redwood-empire,0,0,0,0
current,2025,girls,all,class-a,0,0,0,0
current,2025,boys,100,tri-valley,0,0,0,0
current,2025,boys,100,bay-shore,0,0,0,0
current,2025,boys,100,redwood-empire,0,0,0,0
current,2025,boys,100,class-a,0,0,0,0
current,2025,boys,110H,tri-valley,0,0,0,0
current,2025,boys,110H,bay-shore,0,0,0,0
current,2025,boys,110H,redwood-empire,0,0,0,0
current,2025,boys,110H,class-a,0,0,0,0
current,2025,boys,1600,tri-valley,0,0,0,0
current,2025,boys,1600,bay-shore,0,0,0,0
current,2025,boys,1600,redwood-empire,0,0,0,0
current,2025,boys,1600,class-a,0,0,0,0
current,2025,boys,200,tri-valley,0,0,0,0
current,2025,boys,200,bay-shore,0,0,0,0
current,2025,boys,200,redwood-empire,0,0,0,0
current,2025,boys,200,class-a,0,0,0,0
current,2025,boys,300H,tri-valley,0,0,0,0
current,2025,boys,300H,bay-shore,0,0,0,0
current,2025,boys,300H,redwood-empire,0,0,0,0
current,2025,boys,300H,class-a,0,0,0,0
current,2025,boys,3200,tri-valley,0,0,0,0
current,2025,boys,3200,bay-shore,0,0,0,0
current,2025,boys,3200,redwood-empire,0,0,0,0
current,2025,boys,3200,class-a,0,0,0,0
current,2025,boys,400,tri-valley,0,0,0,0
current,2025,boys,400,bay-shore,0,0,0,0
current,2025,boys,400,redwood-empire,0,0,0,0
current,2025,boys,400,class-a,0,0,0,0
current,2025,boys,4x100,tri-valley,0,0,0,0
current,2025,boys,4x100,bay-shore,0,0,0,0
current,2025,boys,4x100,redwood-empire,0,0,0,0
current,2025,boys,4x100,class-a,0,0,0,0
current,2025,boys,4x400,tri-valley,0,0,0,0
current,2025,boys,4x400,bay-shore,0,0,0,0
current,2025,boys,4x400,redwood-empire,0,0,0,0
current,2025,boys,4x400,class-a,0,0,0,0
current,2025,boys,800,tri-valley,0,0,0,0
current,2025,boys,800,bay-shore,0,0,0,0
current,2025,boys,800,redwood-empire,0,0,0,0
current,2025,boys,800,class-a,0,0,0,0
current,2025,boys,DT,tri-valley,0,0,0,0
current,2025,boys,DT,bay-shore,0,0,0,0
current,2025,boys,DT,redwood-empire,0,0,0,0
current,2025,boys,DT,class-a,0,0,0,0
current,2025,boys,HJ,tri-valley,0,0,0,0
current,2025,boys,HJ,bay-shore,0,0,0,0
current,2025,boys,HJ,redwood-empire,0,0,0,0
current,2025,boys,HJ,class-a,0,0,0,0
current,2025,boys,LJ,tri-valley,0,0,0,0
current,2025,boys,LJ,bay-shore,0,0,0,0
current,2025,boys,LJ,redwood-empire,0,0,0,0
current,2025,boys,LJ,class-a,0,0,0,0
current,2025,boys,PV,tri-valley,0,0,0,0
current,2025,boys,PV,bay-shore,0,0,0,0
current,2025,boys,PV,redwood-empire,0,0,0,0
current,2025,boys,PV,class-a,0,0,0,0
current,2025,boys,SP,tri-valley,0,0,0,0
current,2025,boys,SP,bay-shore,0,0,0,0
current,2025,boys,SP,redwood-empire,0,0,0,0
current,2025,boys,SP,class-a,0,0,0,0
current,2025,boys,TJ,tri-valley,0,0,0,0
current,2025,boys,TJ,bay-shore,0,0,0,0
current,2025,boys,TJ,redwood-empire,0,0,0,0
current,2025,boys,TJ,class-a,0,0,0,0
current,2025,boys,group:sprints_hurdles,tri-valley,0,0,0,0
current,2025,boys,group:sprints_hurdles,bay-shore,0,0,0,0
current,2025,boys,group:sprints_hurdles,redwood-empire,0,0,0,0
current,2025,boys,group:sprints_hurdles,class-a,0,0,0,0
current,2025,boys,group:400_800,tri-valley,0,0,0,0
current,2025,boys,group:400_800,bay-shore,0,0,0,0
current,2025,boys,group:400_800,redwood-empire,0,0,0,0
current,2025,boys,group:400_800,class-a,0,0,0,0
current,2025,boys,group:distance,tri-valley,0,0,0,0
current,2025,boys,group:distance,bay-shore,0,0,0,0
current,2025,boys,group:distance,redwood-empire,0,0,0,0
current,2025,boys,group:distance,class-a,0,0,0,0
current,2025,boys,group:jumps,tri-valley,0,0,0,0
current,2025,boys,group:jumps,bay-shore,0,0,0,0
current,2025,boys,group:jumps,redwood-empire,0,0,0,0
current,2025,boys,group:jumps,class-a,0,0,0,0
current,2025,boys,group:throws,tri-valley,0,0,0,0
current,2025,boys,group:throws,bay-shore,0,0,0,0
current,2025,boys,group:throws,redwood-empire,0,0,0,0
current,2025,boys,group:throws,class-a,0,0,0,0
current,2025,boys,group:relays,tri-valley,0,0,0,0
current,2025,boys,group:relays,bay-shore,0,0,0,0
current,2025,boys,group:relays,redwood-empire,0,0,0,0
current,2025,boys,group:relays,class-a,0,0,0,0
current,2025,boys,all,tri-valley,0,0,0,0
current,2025,boys,all,bay-shore,0,0,0,0
current,2025,boys,all,redwood-empire,0,0,0,0
current,2025,boys,all,class-a,0,0,0,0
current,2025,all,100,tri-valley,0,0,0,0
current,2025,all,100,bay-shore,0,0,0,0
current,2025,all,100,redwood-empire,0,0,0,0
current,2025,all,100,class-a,0,0,0,0
current,2025,all,100H,tri-valley,0,0,0,0
current,2025,all,100H,bay-shore,0,0,0,0
current,2025,all,100H,redwood-empire,0,0,0,0
current,2025,all,100H,class-a,0,0,0,0
current,2025,all,110H,tri-valley,0,0,0,0
current,2025,all,110H,bay-shore,0,0,0,0
current,2025,all,110H,redwood-empire,0,0,0,0
current,2025,all,110H,class-a,0,0,0,0
current,2025,all,1600,tri-valley,0,0,0,0
current,2025,all,1600,bay-shore,0,0,0,0
current,2025,all,1600,redwood-empire,0,0,0,0
current,2025,all,1600,class-a,0,0,0,0
current,2025,all,200,tri-valley,0,0,0,0
current,2025,all,200,bay-shore,0,0,0,0
current,2025,all,200,redwood-empire,0,0,0,0
current,2025,all,200,class-a,0,0,0,0
current,2025,all,300H,tri-valley,0,0,0,0
current,2025,all,300H,bay-shore,0,0,0,0
current,2025,all,300H,redwood-empire,0,0,0,0
current,2025,all,300H,class-a,0,0,0,0
current,2025,all,3200,tri-valley,0,0,0,0
current,2025,all,3200,bay-shore,0,0,0,0
current,2025,all,3200,redwood-empire,0,0,0,0
current,2025,all,3200,class-a,0,0,0,0
current,2025,all,400,tri-valley,0,0,0,0
current,2025,all,400,bay-shore,0,0,0,0
current,2025,all,400,redwood-empire,0,0,0,0
current,2025,all,400,class-a,0,0,0,0
current,2025,all,4x100,tri-valley,0,0,0,0
current,2025,all,4x100,bay-shore,0,0,0,0
current,2025,all,4x100,redwood-empire,0,0,0,0
current,2025,all,4x100,class-a,0,0,0,0
current,2025,all,4x400,tri-valley,0,0,0,0
current,2025,all,4x400,bay-shore,0,0,0,0
current,2025,all,4x400,redwood-empire,0,0,0,0
current,2025,all,4x400,class-a,0,0,0,0
current,2025,all,800,tri-valley,0,0,0,0
current,2025,all,800,bay-shore,0,0,0,0
current,2025,all,800,redwood-empire,0,0,0,0
current,2025,all,800,class-a,0,0,0,0
current,2025,all,DT,tri-valley,0,0,0,0
current,2025,all,DT,bay-shore,0,0,0,0
current,2025,all,DT,redwood-empire,0,0,0,0
current,2025,all,DT,class-a,0,0,0,0
current,2025,all,HJ,tri-valley,0,0,0,0
current,2025,all,HJ,bay-shore,0,0,0,0
current,2025,all,HJ,redwood-empire,0,0,0,0
current,2025,all,HJ,class-a,0,0,0,0
current,2025,all,LJ,tri-valley,0,0,0,0
current,2025,all,LJ,bay-shore,0,0,0,0
current,2025,all,LJ,redwood-empire,0,0,0,0
current,2025,all,LJ,class-a,0,0,0,0
current,2025,all,PV,tri-valley,0,0,0,0
current,2025,all,PV,bay-shore,0,0,0,0
current,2025,all,PV,redwood-empire,0,0,0,0
current,2025,all,PV,class-a,0,0,0,0
current,2025,all,SP,tri-valley,0,0,0,0
current,2025,all,SP,bay-shore,0,0,0,0
current,2025,all,SP,redwood-empire,0,0,0,0
current,2025,all,SP,class-a,0,0,0,0
current,2025,all,TJ,tri-valley,0,0,0,0
current,2025,all,TJ,bay-shore,0,0,0,0
current,2025,all,TJ,redwood-empire,0,0,0,0
current,2025,all,TJ,class-a,0,0,0,0
current,2025,all,group:sprints_hurdles,tri-valley,0,0,0,0
current,2025,all,group:sprints_hurdles,bay-shore,0,0,0,0
current,2025,all,group:sprints_hurdles,redwood-empire,0,0,0,0
current,2025,all,group:sprints_hurdles,class-a,0,0,0,0
current,2025,all,group:400_800,tri-valley,0,0,0,0
current,2025,all,group:400_800,bay-shore,0,0,0,0
current,2025,all,group:400_800,redwood-empire,0,0,0,0
current,2025,all,group:400_800,class-a,0,0,0,0
current,2025,all,group:distance,tri-valley,0,0,0,0
current,2025,all,group:distance,bay-shore,0,0,0,0
current,2025,all,group:distance,redwood-empire,0,0,0,0
current,2025,all,group:distance,class-a,0,0,0,0
current,2025,all,group:jumps,tri-valley,0,0,0,0
current,2025,all,group:jumps,bay-shore,0,0,0,0
current,2025,all,group:jumps,redwood-empire,0,0,0,0
current,2025,all,group:jumps,class-a,0,0,0,0
current,2025,all,group:throws,tri-valley,0,0,0,0
current,2025,all,group:throws,bay-shore,0,0,0,0
current,2025,all,group:throws,redwood-empire,0,0,0,0
current,2025,all,group:throws,class-a,0,0,0,0
current,2025,all,group:relays,tri-valley,0,0,0,0
current,2025,all,group:relays,bay-shore,0,0,0,0
current,2025,all,group:relays,redwood-empire,0,0,0,0
current,2025,all,group:relays,class-a,0,0,0,0
current,2025,all,all,tri-valley,0,0,0,0
current,2025,all,all,bay-shore,0,0,0,0
current,2025,all,all,redwood-empire,0,0,0,0
current,2025,all,all,class-a,0,0,0,0
current,2026,girls,100,tri-valley,0,0,0,0
current,2026,girls,100,bay-shore,0,0,0,0
current,2026,girls,100,redwood-empire,0,0,0,0
current,2026,girls,100,class-a,0,0,0,0
current,2026,girls,100H,tri-valley,0,0,0,0
current,2026,girls,100H,bay-shore,0,0,0,0
current,2026,girls,100H,redwood-empire,0,0,0,0
current,2026,girls,100H,class-a,0,0,0,0
current,2026,girls,1600,tri-valley,0,0,0,0
current,2026,girls,1600,bay-shore,0,0,0,0
current,2026,girls,1600,redwood-empire,0,0,0,0
current,2026,girls,1600,class-a,0,0,0,0
current,2026,girls,200,tri-valley,0,0,0,0
current,2026,girls,200,bay-shore,0,0,0,0
current,2026,girls,200,redwood-empire,0,0,0,0
current,2026,girls,200,class-a,0,0,0,0
current,2026,girls,300H,tri-valley,0,0,0,0
current,2026,girls,300H,bay-shore,0,0,0,0
current,2026,girls,300H,redwood-empire,0,0,0,0
current,2026,girls,300H,class-a,0,0,0,0
current,2026,girls,3200,tri-valley,0,0,0,0
current,2026,girls,3200,bay-shore,0,0,0,0
current,2026,girls,3200,redwood-empire,0,0,0,0
current,2026,girls,3200,class-a,0,0,0,0
current,2026,girls,400,tri-valley,0,0,0,0
current,2026,girls,400,bay-shore,0,0,0,0
current,2026,girls,400,redwood-empire,0,0,0,0
current,2026,girls,400,class-a,0,0,0,0
current,2026,girls,4x100,tri-valley,0,0,0,0
current,2026,girls,4x100,bay-shore,0,0,0,0
current,2026,girls,4x100,redwood-empire,0,0,0,0
current,2026,girls,4x100,class-a,0,0,0,0
current,2026,girls,4x400,tri-valley,0,0,0,0
current,2026,girls,4x400,bay-shore,0,0,0,0
current,2026,girls,4x400,redwood-empire,0,0,0,0
current,2026,girls,4x400,class-a,0,0,0,0
current,2026,girls,800,tri-valley,0,0,0,0
current,2026,girls,800,bay-shore,0,0,0,0
current,2026,girls,800,redwood-empire,0,0,0,0
current,2026,girls,800,class-a,0,0,0,0
current,2026,girls,DT,tri-valley,0,0,0,0
current,2026,girls,DT,bay-shore,0,0,0,0
current,2026,girls,DT,redwood-empire,0,0,0,0
current,2026,girls,DT,class-a,0,0,0,0
current,2026,girls,HJ,tri-valley,0,0,0,0
current,2026,girls,HJ,bay-shore,0,0,0,0
current,2026,girls,HJ,redwood-empire,0,0,0,0
current,2026,girls,HJ,class-a,0,0,0,0
current,2026,girls,LJ,tri-valley,0,0,0,0
current,2026,girls,LJ,bay-shore,0,0,0,0
current,2026,girls,LJ,redwood-empire,0,0,0,0
current,2026,girls,LJ,class-a,0,0,0,0
current,2026,girls,PV,tri-valley,0,0,0,0
current,2026,girls,PV,bay-shore,0,0,0,0
current,2026,girls,PV,redwood-empire,0,0,0,0
current,2026,girls,PV,class-a,0,0,0,0
current,2026,girls,SP,tri-valley,0,0,0,0
current,2026,girls,SP,bay-shore,0,0,0,0
current,2026,girls,SP,redwood-empire,0,0,0,0
current,2026,girls,SP,class-a,0,0,0,0
current,2026,girls,TJ,tri-valley,0,0,0,0
current,2026,girls,TJ,bay-shore,0,0,0,0
current,2026,girls,TJ,redwood-empire,0,0,0,0
current,2026,girls,TJ,class-a,0,0,0,0
current,2026,girls,group:sprints_hurdles,tri-valley,0,0,0,0
current,2026,girls,group:sprints_hurdles,bay-shore,0,0,0,0
current,2026,girls,group:sprints_hurdles,redwood-empire,0,0,0,0
current,2026,girls,group:sprints_hurdles,class-a,0,0,0,0
current,2026,girls,group:400_800,tri-valley,0,0,0,0
current,2026,girls,group:400_800,bay-shore,0,0,0,0
current,2026,girls,group:400_800,redwood-empire,0,0,0,0
current,2026,girls,group:400_800,class-a,0,0,0,0
current,2026,girls,group:distance,tri-valley,0,0,0,0
current,2026,girls,group:distance,bay-shore,0,0,0,0
current,2026,girls,group:distance,redwood-empire,0,0,0,0
current,2026,girls,group:distance,class-a,0,0,0,0
current,2026,girls,group:jumps,tri-valley,0,0,0,0
current,2026,girls,group:jumps,bay-shore,0,0,0,0
current,2026,girls,group:jumps,redwood-empire,0,0,0,0
current,2026,girls,group:jumps,class-a,0,0,0,0
current,2026,girls,group:throws,tri-valley,0,0,0,0
current,2026,girls,group:throws,bay-shore,0,0,0,0
current,2026,girls,group:throws,redwood-empire,0,0,0,0
current,2026,girls,group:throws,class-a,0,0,0,0
current,2026,girls,group:relays,tri-valley,0,0,0,0
current,2026,girls,group:relays,bay-shore,0,0,0,0
current,2026,girls,group:relays,redwood-empire,0,0,0,0
current,2026,girls,group:relays,class-a,0,0,0,0
current,2026,girls,all,tri-valley,0,0,0,0
current,2026,girls,all,bay-shore,0,0,0,0
current,2026,girls,all,redwood-empire,0,0,0,0
current,2026,girls,all,class-a,0,0,0,0
current,2026,boys,100,tri-valley,0,0,0,0
current,2026,boys,100,bay-shore,0,0,0,0
current,2026,boys,100,redwood-empire,0,0,0,0
current,2026,boys,100,class-a,0,0,0,0
current,2026,boys,110H,tri-valley,0,0,0,0
current,2026,boys,110H,bay-shore,0,0,0,0
current,2026,boys,110H,redwood-empire,0,0,0,0
current,2026,boys,110H,class-a,0,0,0,0
current,2026,boys,1600,tri-valley,0,0,0,0
current,2026,boys,1600,bay-shore,0,0,0,0
current,2026,boys,1600,redwood-empire,0,0,0,0
current,2026,boys,1600,class-a,0,0,0,0
current,2026,boys,200,tri-valley,0,0,0,0
current,2026,boys,200,bay-shore,0,0,0,0
current,2026,boys,200,redwood-empire,0,0,0,0
current,2026,boys,200,class-a,0,0,0,0
current,2026,boys,300H,tri-valley,0,0,0,0
current,2026,boys,300H,bay-shore,0,0,0,0
current,2026,boys,300H,redwood-empire,0,0,0,0
current,2026,boys,300H,class-a,0,0,0,0
current,2026,boys,3200,tri-valley,0,0,0,0
current,2026,boys,3200,bay-shore,0,0,0,0
current,2026,boys,3200,redwood-empire,0,0,0,0
current,2026,boys,3200,class-a,0,0,0,0
current,2026,boys,400,tri-valley,0,0,0,0
current,2026,boys,400,bay-shore,0,0,0,0
current,2026,boys,400,redwood-empire,0,0,0,0
current,2026,boys,400,class-a,0,0,0,0
current,2026,boys,4x100,tri-valley,0,0,0,0
current,2026,boys,4x100,bay-shore,0,0,0,0
current,2026,boys,4x100,redwood-empire,0,0,0,0
current,2026,boys,4x100,class-a,0,0,0,0
current,2026,boys,4x400,tri-valley,0,0,0,0
current,2026,boys,4x400,bay-shore,0,0,0,0
current,2026,boys,4x400,redwood-empire,0,0,0,0
current,2026,boys,4x400,class-a,0,0,0,0
current,2026,boys,800,tri-valley,0,0,0,0
current,2026,boys,800,bay-shore,0,0,0,0
current,2026,boys,800,redwood-empire,0,0,0,0
current,2026,boys,800,class-a,0,0,0,0
current,2026,boys,DT,tri-valley,0,0,0,0
current,2026,boys,DT,bay-shore,0,0,0,0
current,2026,boys,DT,redwood-empire,0,0,0,0
current,2026,boys,DT,class-a,0,0,0,0
current,2026,boys,HJ,tri-valley,0,0,0,0
current,2026,boys,HJ,bay-shore,0,0,0,0
current,2026,boys,HJ,redwood-empire,0,0,0,0
current,2026,boys,HJ,class-a,0,0,0,0
current,2026,boys,LJ,tri-valley,0,0,0,0
current,2026,boys,LJ,bay-shore,0,0,0,0
current,2026,boys,LJ,redwood-empire,0,0,0,0
current,2026,boys,LJ,class-a,0,0,0,0
current,2026,boys,PV,tri-valley,0,0,0,0
current,2026,boys,PV,bay-shore,0,0,0,0
current,2026,boys,PV,redwood-empire,0,0,0,0
current,2026,boys,PV,class-a,0,0,0,0
current,2026,boys,SP,tri-valley,0,0,0,0
current,2026,boys,SP,bay-shore,0,0,0,0
current,2026,boys,SP,redwood-empire,0,0,0,0
current,2026,boys,SP,class-a,0,0,0,0
current,2026,boys,TJ,tri-valley,0,0,0,0
current,2026,boys,TJ,bay-shore,0,0,0,0
current,2026,boys,TJ,redwood-empire,0,0,0,0
current,2026,boys,TJ,class-a,0,0,0,0
current,2026,boys,group:sprints_hurdles,tri-valley,0,0,0,0
current,2026,boys,group:sprints_hurdles,bay-shore,0,0,0,0
current,2026,boys,group:sprints_hurdles,redwood-empire,0,0,0,0
current,2026,boys,group:sprints_hurdles,class-a,0,0,0,0
current,2026,boys,group:400_800,tri-valley,0,0,0,0
current,2026,boys,group:400_800,bay-shore,0,0,0,0
current,2026,boys,group:400_800,redwood-empire,0,0,0,0
current,2026,boys,group:400_800,class-a,0,0,0,0
current,2026,boys,group:distance,tri-valley,0,0,0,0
current,2026,boys,group:distance,bay-shore,0,0,0,0
current,2026,boys,group:distance,redwood-empire,0,0,0,0
current,2026,boys,group:distance,class-a,0,0,0,0
current,2026,boys,group:jumps,tri-valley,0,0,0,0
current,2026,boys,group:jumps,bay-shore,0,0,0,0
current,2026,boys,group:jumps,redwood-empire,0,0,0,0
current,2026,boys,group:jumps,class-a,0,0,0,0
current,2026,boys,group:throws,tri-valley,0,0,0,0
current,2026,boys,group:throws,bay-shore,0,0,0,0
current,2026,boys,group:throws,redwood-empire,0,0,0,0
current,2026,boys,group:throws,class-a,0,0,0,0
current,2026,boys,group:relays,tri-valley,0,0,0,0
current,2026,boys,group:relays,bay-shore,0,0,0,0
current,2026,boys,group:relays,redwood-empire,0,0,0,0
current,2026,boys,group:relays,class-a,0,0,0,0
current,2026,boys,all,tri-valley,0,0,0,0
current,2026,boys,all,bay-shore,0,0,0,0
current,2026,boys,all,redwood-empire,0,0,0,0
current,2026,boys,all,class-a,0,0,0,0
current,2026,all,100,tri-valley,0,0,0,0
current,2026,all,100,bay-shore,0,0,0,0
current,2026,all,100,redwood-empire,0,0,0,0
current,2026,all,100,class-a,0,0,0,0
current,2026,all,100H,tri-valley,0,0,0,0
current,2026,all,100H,bay-shore,0,0,0,0
current,2026,all,100H,redwood-empire,0,0,0,0
current,2026,all,100H,class-a,0,0,0,0
current,2026,all,110H,tri-valley,0,0,0,0
current,2026,all,110H,bay-shore,0,0,0,0
current,2026,all,110H,redwood-empire,0,0,0,0
current,2026,all,110H,class-a,0,0,0,0
current,2026,all,1600,tri-valley,0,0,0,0
current,2026,all,1600,bay-shore,0,0,0,0
current,2026,all,1600,redwood-empire,0,0,0,0
current,2026,all,1600,class-a,0,0,0,0
current,2026,all,200,tri-valley,0,0,0,0
current,2026,all,200,bay-shore,0,0,0,0
current,2026,all,200,redwood-empire,0,0,0,0
current,2026,all,200,class-a,0,0,0,0
current,2026,all,300H,tri-valley,0,0,0,0
current,2026,all,300H,bay-shore,0,0,0,0
current,2026,all,300H,redwood-empire,0,0,0,0
current,2026,all,300H,class-a,0,0,0,0
current,2026,all,3200,tri-valley,0,0,0,0
current,2026,all,3200,bay-shore,0,0,0,0
current,2026,all,3200,redwood-empire,0,0,0,0
current,2026,all,3200,class-a,0,0,0,0
current,2026,all,400,tri-valley,0,0,0,0
current,2026,all,400,bay-shore,0,0,0,0
current,2026,all,400,redwood-empire,0,0,0,0
current,2026,all,400,class-a,0,0,0,0
current,2026,all,4x100,tri-valley,0,0,0,0
current,2026,all,4x100,bay-shore,0,0,0,0
current,2026,all,4x100,redwood-empire,0,0,0,0
current,2026,all,4x100,class-a,0,0,0,0
current,2026,all,4x400,tri-valley,0,0,0,0
current,2026,all,4x400,bay-shore,0,0,0,0
current,2026,all,4x400,redwood-empire,0,0,0,0
current,2026,all,4x400,class-a,0,0,0,0
current,2026,all,800,tri-valley,0,0,0,0
current,2026,all,800,bay-shore,0,0,0,0
current,2026,all,800,redwood-empire,0,0,0,0
current,2026,all,800,class-a,0,0,0,0
current,2026,all,DT,tri-valley,0,0,0,0
current,2026,all,DT,bay-shore,0,0,0,0
current,2026,all,DT,redwood-empire,0,0,0,0
current,2026,all,DT,class-a,0,0,0,0
current,2026,all,HJ,tri-valley,0,0,0,0
current,2026,all,HJ,bay-shore,0,0,0,0
current,2026,all,HJ,redwood-empire,0,0,0,0
current,2026,all,HJ,class-a,0,0,0,0
current,2026,all,LJ,tri-valley,0,0,0,0
current,2026,all,LJ,bay-shore,0,0,0,0
current,2026,all,LJ,redwood-empire,0,0,0,0
current,2026,all,LJ,class-a,0,0,0,0
current,2026,all,PV,tri-valley,0,0,0,0
current,2026,all,PV,bay-shore,0,0,0,0
current,2026,all,PV,redwood-empire,0,0,0,0
current,2026,all,PV,class-a,0,0,0,0
current,2026,all,SP,tri-valley,0,0,0,0
current,2026,all,SP,bay-shore,0,0,0,0
current,2026,all,SP,redwood-empire,0,0,0,0
current,2026,all,SP,class-a,0,0,0,0
current,2026,all,TJ,tri-valley,0,0,0,0
current,2026,all,TJ,bay-shore,0,0,0,0
current,2026,all,TJ,redwood-empire,0,0,0,0
current,2026,all,TJ,class-a,0,0,0,0
current,2026,all,group:sprints_hurdles,tri-valley,0,0,0,0
current,2026,all,group:sprints_hurdles,bay-shore,0,0,0,0
current,2026,all,group:sprints_hurdles,redwood-empire,0,0,0,0
current,2026,all,group:sprints_hurdles,class-a,0,0,0,0
current,2026,all,group:400_800,tri-valley,0,0,0,0
current,2026,all,group:400_800,bay-shore,0,0,0,0
current,2026,all,group:400_800,redwood-empire,0,0,0,0
current,2026,all,group:400_800,class-a,0,0,0,0
current,2026,all,group:distance,tri-valley,0,0,0,0
current,2026,all,group:distance,bay-shore,0,0,0,0
current,2026,all,group:distance,redwood-empire,0,0,0,0
current,2026,all,group:distance,class-a,0,0,0,0
current,2026,all,group:jumps,tri-valley,0,0,0,0
current,2026,all,group:jumps,bay-shore,0,0,0,0
current,2026,all,group:jumps,redwood-empire,0,0,0,0
current,2026,all,group:jumps,class-a,0,0,0,0
current,2026,all,group:throws,tri-valley,0,0,0,0
current,2026,all,group:throws,bay-shore,0,0,0,0
current,2026,all,group:throws,redwood-empire,0,0,0,0
current,2026,all,group:throws,class-a,0,0,0,0
current,2026,all,group:relays,tri-valley,0,0,0,0
current,2026,all,group:relays,bay-shore,0,0,0,0
current,2026,all,group:relays,redwood-empire,0,0,0,0
current,2026,all,group:relays,class-a,0,0,0,0
current,2026,all,all,tri-valley,0,0,0,0
current,2026,all,all,bay-shore,0,0,0,0
current,2026,all,all,redwood-empire,0,0,0,0
current,2026,all,all,class-a,0,0,0,0
current,2022-2026 pooled,girls,100,tri-valley,0,0,0,0
current,2022-2026 pooled,girls,100,bay-shore,0,0,0,0
current,2022-2026 pooled,girls,100,redwood-empire,0,0,0,0
current,2022-2026 pooled,girls,100,class-a,0,0,0,0
current,2022-2026 pooled,girls,100H,tri-valley,0,0,0,0
current,2022-2026 pooled,girls,100H,bay-shore,0,0,0,0
current,2022-2026 pooled,girls,100H,redwood-empire,0,0,0,0
current,2022-2026 pooled,girls,100H,class-a,0,0,0,0
current,2022-2026 pooled,girls,1600,tri-valley,0,0,0,0
current,2022-2026 pooled,girls,1600,bay-shore,0,0,0,0
current,2022-2026 pooled,girls,1600,redwood-empire,0,0,0,0
current,2022-2026 pooled,girls,1600,class-a,0,0,0,0
current,2022-2026 pooled,girls,200,tri-valley,0,0,0,0
current,2022-2026 pooled,girls,200,bay-shore,0,0,0,0
current,2022-2026 pooled,girls,200,redwood-empire,0,0,0,0
current,2022-2026 pooled,girls,200,class-a,0,0,0,0
current,2022-2026 pooled,girls,300H,tri-valley,0,0,0,0
current,2022-2026 pooled,girls,300H,bay-shore,0,0,0,0
current,2022-2026 pooled,girls,300H,redwood-empire,0,0,0,0
current,2022-2026 pooled,girls,300H,class-a,0,0,0,0
current,2022-2026 pooled,girls,3200,tri-valley,0,0,0,0
current,2022-2026 pooled,girls,3200,bay-shore,0,0,0,0
current,2022-2026 pooled,girls,3200,redwood-empire,0,0,0,0
current,2022-2026 pooled,girls,3200,class-a,0,0,0,0
current,2022-2026 pooled,girls,400,tri-valley,0,0,0,0
current,2022-2026 pooled,girls,400,bay-shore,0,0,0,0
current,2022-2026 pooled,girls,400,redwood-empire,0,0,0,0
current,2022-2026 pooled,girls,400,class-a,0,0,0,0
current,2022-2026 pooled,girls,4x100,tri-valley,0,0,0,0
current,2022-2026 pooled,girls,4x100,bay-shore,0,0,0,0
current,2022-2026 pooled,girls,4x100,redwood-empire,0,0,0,0
current,2022-2026 pooled,girls,4x100,class-a,0,0,0,0
current,2022-2026 pooled,girls,4x400,tri-valley,0,0,0,0
current,2022-2026 pooled,girls,4x400,bay-shore,0,0,0,0
current,2022-2026 pooled,girls,4x400,redwood-empire,0,0,0,0
current,2022-2026 pooled,girls,4x400,class-a,0,0,0,0
current,2022-2026 pooled,girls,800,tri-valley,0,0,0,0
current,2022-2026 pooled,girls,800,bay-shore,0,0,0,0
current,2022-2026 pooled,girls,800,redwood-empire,0,0,0,0
current,2022-2026 pooled,girls,800,class-a,0,0,0,0
current,2022-2026 pooled,girls,DT,tri-valley,0,0,0,0
current,2022-2026 pooled,girls,DT,bay-shore,0,0,0,0
current,2022-2026 pooled,girls,DT,redwood-empire,0,0,0,0
current,2022-2026 pooled,girls,DT,class-a,0,0,0,0
current,2022-2026 pooled,girls,HJ,tri-valley,0,0,0,0
current,2022-2026 pooled,girls,HJ,bay-shore,0,0,0,0
current,2022-2026 pooled,girls,HJ,redwood-empire,0,0,0,0
current,2022-2026 pooled,girls,HJ,class-a,0,0,0,0
current,2022-2026 pooled,girls,LJ,tri-valley,0,0,0,0
current,2022-2026 pooled,girls,LJ,bay-shore,0,0,0,0
current,2022-2026 pooled,girls,LJ,redwood-empire,0,0,0,0
current,2022-2026 pooled,girls,LJ,class-a,0,0,0,0
current,2022-2026 pooled,girls,PV,tri-valley,0,0,0,0
current,2022-2026 pooled,girls,PV,bay-shore,0,0,0,0
current,2022-2026 pooled,girls,PV,redwood-empire,0,0,0,0
current,2022-2026 pooled,girls,PV,class-a,0,0,0,0
current,2022-2026 pooled,girls,SP,tri-valley,0,0,0,0
current,2022-2026 pooled,girls,SP,bay-shore,0,0,0,0
current,2022-2026 pooled,girls,SP,redwood-empire,0,0,0,0
current,2022-2026 pooled,girls,SP,class-a,0,0,0,0
current,2022-2026 pooled,girls,TJ,tri-valley,0,0,0,0
current,2022-2026 pooled,girls,TJ,bay-shore,0,0,0,0
current,2022-2026 pooled,girls,TJ,redwood-empire,0,0,0,0
current,2022-2026 pooled,girls,TJ,class-a,0,0,0,0
current,2022-2026 pooled,girls,group:sprints_hurdles,tri-valley,0,0,0,0
current,2022-2026 pooled,girls,group:sprints_hurdles,bay-shore,0,0,0,0
current,2022-2026 pooled,girls,group:sprints_hurdles,redwood-empire,0,0,0,0
current,2022-2026 pooled,girls,group:sprints_hurdles,class-a,0,0,0,0
current,2022-2026 pooled,girls,group:400_800,tri-valley,0,0,0,0
current,2022-2026 pooled,girls,group:400_800,bay-shore,0,0,0,0
current,2022-2026 pooled,girls,group:400_800,redwood-empire,0,0,0,0
current,2022-2026 pooled,girls,group:400_800,class-a,0,0,0,0
current,2022-2026 pooled,girls,group:distance,tri-valley,0,0,0,0
current,2022-2026 pooled,girls,group:distance,bay-shore,0,0,0,0
current,2022-2026 pooled,girls,group:distance,redwood-empire,0,0,0,0
current,2022-2026 pooled,girls,group:distance,class-a,0,0,0,0
current,2022-2026 pooled,girls,group:jumps,tri-valley,0,0,0,0
current,2022-2026 pooled,girls,group:jumps,bay-shore,0,0,0,0
current,2022-2026 pooled,girls,group:jumps,redwood-empire,0,0,0,0
current,2022-2026 pooled,girls,group:jumps,class-a,0,0,0,0
current,2022-2026 pooled,girls,group:throws,tri-valley,0,0,0,0
current,2022-2026 pooled,girls,group:throws,bay-shore,0,0,0,0
current,2022-2026 pooled,girls,group:throws,redwood-empire,0,0,0,0
current,2022-2026 pooled,girls,group:throws,class-a,0,0,0,0
current,2022-2026 pooled,girls,group:relays,tri-valley,0,0,0,0
current,2022-2026 pooled,girls,group:relays,bay-shore,0,0,0,0
current,2022-2026 pooled,girls,group:relays,redwood-empire,0,0,0,0
current,2022-2026 pooled,girls,group:relays,class-a,0,0,0,0
current,2022-2026 pooled,girls,all,tri-valley,0,0,0,0
current,2022-2026 pooled,girls,all,bay-shore,0,0,0,0
current,2022-2026 pooled,girls,all,redwood-empire,0,0,0,0
current,2022-2026 pooled,girls,all,class-a,0,0,0,0
current,2022-2026 pooled,boys,100,tri-valley,0,0,0,0
current,2022-2026 pooled,boys,100,bay-shore,0,0,0,0
current,2022-2026 pooled,boys,100,redwood-empire,0,0,0,0
current,2022-2026 pooled,boys,100,class-a,0,0,0,0
current,2022-2026 pooled,boys,110H,tri-valley,0,0,0,0
current,2022-2026 pooled,boys,110H,bay-shore,0,0,0,0
current,2022-2026 pooled,boys,110H,redwood-empire,0,0,0,0
current,2022-2026 pooled,boys,110H,class-a,0,0,0,0
current,2022-2026 pooled,boys,1600,tri-valley,0,0,0,0
current,2022-2026 pooled,boys,1600,bay-shore,0,0,0,0
current,2022-2026 pooled,boys,1600,redwood-empire,0,0,0,0
current,2022-2026 pooled,boys,1600,class-a,0,0,0,0
current,2022-2026 pooled,boys,200,tri-valley,0,0,0,0
current,2022-2026 pooled,boys,200,bay-shore,0,0,0,0
current,2022-2026 pooled,boys,200,redwood-empire,0,0,0,0
current,2022-2026 pooled,boys,200,class-a,0,0,0,0
current,2022-2026 pooled,boys,300H,tri-valley,0,0,0,0
current,2022-2026 pooled,boys,300H,bay-shore,0,0,0,0
current,2022-2026 pooled,boys,300H,redwood-empire,0,0,0,0
current,2022-2026 pooled,boys,300H,class-a,0,0,0,0
current,2022-2026 pooled,boys,3200,tri-valley,0,0,0,0
current,2022-2026 pooled,boys,3200,bay-shore,0,0,0,0
current,2022-2026 pooled,boys,3200,redwood-empire,0,0,0,0
current,2022-2026 pooled,boys,3200,class-a,0,0,0,0
current,2022-2026 pooled,boys,400,tri-valley,0,0,0,0
current,2022-2026 pooled,boys,400,bay-shore,0,0,0,0
current,2022-2026 pooled,boys,400,redwood-empire,0,0,0,0
current,2022-2026 pooled,boys,400,class-a,0,0,0,0
current,2022-2026 pooled,boys,4x100,tri-valley,0,0,0,0
current,2022-2026 pooled,boys,4x100,bay-shore,0,0,0,0
current,2022-2026 pooled,boys,4x100,redwood-empire,0,0,0,0
current,2022-2026 pooled,boys,4x100,class-a,0,0,0,0
current,2022-2026 pooled,boys,4x400,tri-valley,0,0,0,0
current,2022-2026 pooled,boys,4x400,bay-shore,0,0,0,0
current,2022-2026 pooled,boys,4x400,redwood-empire,0,0,0,0
current,2022-2026 pooled,boys,4x400,class-a,0,0,0,0
current,2022-2026 pooled,boys,800,tri-valley,0,0,0,0
current,2022-2026 pooled,boys,800,bay-shore,0,0,0,0
current,2022-2026 pooled,boys,800,redwood-empire,0,0,0,0
current,2022-2026 pooled,boys,800,class-a,0,0,0,0
current,2022-2026 pooled,boys,DT,tri-valley,0,0,0,0
current,2022-2026 pooled,boys,DT,bay-shore,0,0,0,0
current,2022-2026 pooled,boys,DT,redwood-empire,0,0,0,0
current,2022-2026 pooled,boys,DT,class-a,0,0,0,0
current,2022-2026 pooled,boys,HJ,tri-valley,0,0,0,0
current,2022-2026 pooled,boys,HJ,bay-shore,0,0,0,0
current,2022-2026 pooled,boys,HJ,redwood-empire,0,0,0,0
current,2022-2026 pooled,boys,HJ,class-a,0,0,0,0
current,2022-2026 pooled,boys,LJ,tri-valley,0,0,0,0
current,2022-2026 pooled,boys,LJ,bay-shore,0,0,0,0
current,2022-2026 pooled,boys,LJ,redwood-empire,0,0,0,0
current,2022-2026 pooled,boys,LJ,class-a,0,0,0,0
current,2022-2026 pooled,boys,PV,tri-valley,0,0,0,0
current,2022-2026 pooled,boys,PV,bay-shore,0,0,0,0
current,2022-2026 pooled,boys,PV,redwood-empire,0,0,0,0
current,2022-2026 pooled,boys,PV,class-a,0,0,0,0
current,2022-2026 pooled,boys,SP,tri-valley,0,0,0,0
current,2022-2026 pooled,boys,SP,bay-shore,0,0,0,0
current,2022-2026 pooled,boys,SP,redwood-empire,0,0,0,0
current,2022-2026 pooled,boys,SP,class-a,0,0,0,0
current,2022-2026 pooled,boys,TJ,tri-valley,0,0,0,0
current,2022-2026 pooled,boys,TJ,bay-shore,0,0,0,0
current,2022-2026 pooled,boys,TJ,redwood-empire,0,0,0,0
current,2022-2026 pooled,boys,TJ,class-a,0,0,0,0
current,2022-2026 pooled,boys,group:sprints_hurdles,tri-valley,0,0,0,0
current,2022-2026 pooled,boys,group:sprints_hurdles,bay-shore,0,0,0,0
current,2022-2026 pooled,boys,group:sprints_hurdles,redwood-empire,0,0,0,0
current,2022-2026 pooled,boys,group:sprints_hurdles,class-a,0,0,0,0
current,2022-2026 pooled,boys,group:400_800,tri-valley,0,0,0,0
current,2022-2026 pooled,boys,group:400_800,bay-shore,0,0,0,0
current,2022-2026 pooled,boys,group:400_800,redwood-empire,0,0,0,0
current,2022-2026 pooled,boys,group:400_800,class-a,0,0,0,0
current,2022-2026 pooled,boys,group:distance,tri-valley,0,0,0,0
current,2022-2026 pooled,boys,group:distance,bay-shore,0,0,0,0
current,2022-2026 pooled,boys,group:distance,redwood-empire,0,0,0,0
current,2022-2026 pooled,boys,group:distance,class-a,0,0,0,0
current,2022-2026 pooled,boys,group:jumps,tri-valley,0,0,0,0
current,2022-2026 pooled,boys,group:jumps,bay-shore,0,0,0,0
current,2022-2026 pooled,boys,group:jumps,redwood-empire,0,0,0,0
current,2022-2026 pooled,boys,group:jumps,class-a,0,0,0,0
current,2022-2026 pooled,boys,group:throws,tri-valley,0,0,0,0
current,2022-2026 pooled,boys,group:throws,bay-shore,0,0,0,0
current,2022-2026 pooled,boys,group:throws,redwood-empire,0,0,0,0
current,2022-2026 pooled,boys,group:throws,class-a,0,0,0,0
current,2022-2026 pooled,boys,group:relays,tri-valley,0,0,0,0
current,2022-2026 pooled,boys,group:relays,bay-shore,0,0,0,0
current,2022-2026 pooled,boys,group:relays,redwood-empire,0,0,0,0
current,2022-2026 pooled,boys,group:relays,class-a,0,0,0,0
current,2022-2026 pooled,boys,all,tri-valley,0,0,0,0
current,2022-2026 pooled,boys,all,bay-shore,0,0,0,0
current,2022-2026 pooled,boys,all,redwood-empire,0,0,0,0
current,2022-2026 pooled,boys,all,class-a,0,0,0,0
current,2022-2026 pooled,all,100,tri-valley,0,0,0,0
current,2022-2026 pooled,all,100,bay-shore,0,0,0,0
current,2022-2026 pooled,all,100,redwood-empire,0,0,0,0
current,2022-2026 pooled,all,100,class-a,0,0,0,0
current,2022-2026 pooled,all,100H,tri-valley,0,0,0,0
current,2022-2026 pooled,all,100H,bay-shore,0,0,0,0
current,2022-2026 pooled,all,100H,redwood-empire,0,0,0,0
current,2022-2026 pooled,all,100H,class-a,0,0,0,0
current,2022-2026 pooled,all,110H,tri-valley,0,0,0,0
current,2022-2026 pooled,all,110H,bay-shore,0,0,0,0
current,2022-2026 pooled,all,110H,redwood-empire,0,0,0,0
current,2022-2026 pooled,all,110H,class-a,0,0,0,0
current,2022-2026 pooled,all,1600,tri-valley,0,0,0,0
current,2022-2026 pooled,all,1600,bay-shore,0,0,0,0
current,2022-2026 pooled,all,1600,redwood-empire,0,0,0,0
current,2022-2026 pooled,all,1600,class-a,0,0,0,0
current,2022-2026 pooled,all,200,tri-valley,0,0,0,0
current,2022-2026 pooled,all,200,bay-shore,0,0,0,0
current,2022-2026 pooled,all,200,redwood-empire,0,0,0,0
current,2022-2026 pooled,all,200,class-a,0,0,0,0
current,2022-2026 pooled,all,300H,tri-valley,0,0,0,0
current,2022-2026 pooled,all,300H,bay-shore,0,0,0,0
current,2022-2026 pooled,all,300H,redwood-empire,0,0,0,0
current,2022-2026 pooled,all,300H,class-a,0,0,0,0
current,2022-2026 pooled,all,3200,tri-valley,0,0,0,0
current,2022-2026 pooled,all,3200,bay-shore,0,0,0,0
current,2022-2026 pooled,all,3200,redwood-empire,0,0,0,0
current,2022-2026 pooled,all,3200,class-a,0,0,0,0
current,2022-2026 pooled,all,400,tri-valley,0,0,0,0
current,2022-2026 pooled,all,400,bay-shore,0,0,0,0
current,2022-2026 pooled,all,400,redwood-empire,0,0,0,0
current,2022-2026 pooled,all,400,class-a,0,0,0,0
current,2022-2026 pooled,all,4x100,tri-valley,0,0,0,0
current,2022-2026 pooled,all,4x100,bay-shore,0,0,0,0
current,2022-2026 pooled,all,4x100,redwood-empire,0,0,0,0
current,2022-2026 pooled,all,4x100,class-a,0,0,0,0
current,2022-2026 pooled,all,4x400,tri-valley,0,0,0,0
current,2022-2026 pooled,all,4x400,bay-shore,0,0,0,0
current,2022-2026 pooled,all,4x400,redwood-empire,0,0,0,0
current,2022-2026 pooled,all,4x400,class-a,0,0,0,0
current,2022-2026 pooled,all,800,tri-valley,0,0,0,0
current,2022-2026 pooled,all,800,bay-shore,0,0,0,0
current,2022-2026 pooled,all,800,redwood-empire,0,0,0,0
current,2022-2026 pooled,all,800,class-a,0,0,0,0
current,2022-2026 pooled,all,DT,tri-valley,0,0,0,0
current,2022-2026 pooled,all,DT,bay-shore,0,0,0,0
current,2022-2026 pooled,all,DT,redwood-empire,0,0,0,0
current,2022-2026 pooled,all,DT,class-a,0,0,0,0
current,2022-2026 pooled,all,HJ,tri-valley,0,0,0,0
current,2022-2026 pooled,all,HJ,bay-shore,0,0,0,0
current,2022-2026 pooled,all,HJ,redwood-empire,0,0,0,0
current,2022-2026 pooled,all,HJ,class-a,0,0,0,0
current,2022-2026 pooled,all,LJ,tri-valley,0,0,0,0
current,2022-2026 pooled,all,LJ,bay-shore,0,0,0,0
current,2022-2026 pooled,all,LJ,redwood-empire,0,0,0,0
current,2022-2026 pooled,all,LJ,class-a,0,0,0,0
current,2022-2026 pooled,all,PV,tri-valley,0,0,0,0
current,2022-2026 pooled,all,PV,bay-shore,0,0,0,0
current,2022-2026 pooled,all,PV,redwood-empire,0,0,0,0
current,2022-2026 pooled,all,PV,class-a,0,0,0,0
current,2022-2026 pooled,all,SP,tri-valley,0,0,0,0
current,2022-2026 pooled,all,SP,bay-shore,0,0,0,0
current,2022-2026 pooled,all,SP,redwood-empire,0,0,0,0
current,2022-2026 pooled,all,SP,class-a,0,0,0,0
current,2022-2026 pooled,all,TJ,tri-valley,0,0,0,0
current,2022-2026 pooled,all,TJ,bay-shore,0,0,0,0
current,2022-2026 pooled,all,TJ,redwood-empire,0,0,0,0
current,2022-2026 pooled,all,TJ,class-a,0,0,0,0
current,2022-2026 pooled,all,group:sprints_hurdles,tri-valley,0,0,0,0
current,2022-2026 pooled,all,group:sprints_hurdles,bay-shore,0,0,0,0
current,2022-2026 pooled,all,group:sprints_hurdles,redwood-empire,0,0,0,0
current,2022-2026 pooled,all,group:sprints_hurdles,class-a,0,0,0,0
current,2022-2026 pooled,all,group:400_800,tri-valley,0,0,0,0
current,2022-2026 pooled,all,group:400_800,bay-shore,0,0,0,0
current,2022-2026 pooled,all,group:400_800,redwood-empire,0,0,0,0
current,2022-2026 pooled,all,group:400_800,class-a,0,0,0,0
current,2022-2026 pooled,all,group:distance,tri-valley,0,0,0,0
current,2022-2026 pooled,all,group:distance,bay-shore,0,0,0,0
current,2022-2026 pooled,all,group:distance,redwood-empire,0,0,0,0
current,2022-2026 pooled,all,group:distance,class-a,0,0,0,0
current,2022-2026 pooled,all,group:jumps,tri-valley,0,0,0,0
current,2022-2026 pooled,all,group:jumps,bay-shore,0,0,0,0
current,2022-2026 pooled,all,group:jumps,redwood-empire,0,0,0,0
current,2022-2026 pooled,all,group:jumps,class-a,0,0,0,0
current,2022-2026 pooled,all,group:throws,tri-valley,0,0,0,0
current,2022-2026 pooled,all,group:throws,bay-shore,0,0,0,0
current,2022-2026 pooled,all,group:throws,redwood-empire,0,0,0,0
current,2022-2026 pooled,all,group:throws,class-a,0,0,0,0
current,2022-2026 pooled,all,group:relays,tri-valley,0,0,0,0
current,2022-2026 pooled,all,group:relays,bay-shore,0,0,0,0
current,2022-2026 pooled,all,group:relays,redwood-empire,0,0,0,0
current,2022-2026 pooled,all,group:relays,class-a,0,0,0,0
current,2022-2026 pooled,all,all,tri-valley,0,0,0,0
current,2022-2026 pooled,all,all,bay-shore,0,0,0,0
current,2022-2026 pooled,all,all,redwood-empire,0,0,0,0
current,2022-2026 pooled,all,all,class-a,0,0,0,0
a_5553,2022,girls,100,tri-valley,2,0,0,0
a_5553,2022,girls,100,bay-shore,0,1,,0
a_5553,2022,girls,100,redwood-empire,0,1,,0
a_5553,2022,girls,100,class-a,0,0,0,0
a_5553,2022,girls,100H,tri-valley,0,0,0,0
a_5553,2022,girls,100H,bay-shore,0,0,0,0
a_5553,2022,girls,100H,redwood-empire,0,0,0,0
a_5553,2022,girls,100H,class-a,0,0,0,0
a_5553,2022,girls,1600,tri-valley,1,0,0,0
a_5553,2022,girls,1600,bay-shore,0,1,,0
a_5553,2022,girls,1600,redwood-empire,0,0,0,0
a_5553,2022,girls,1600,class-a,0,0,0,0
a_5553,2022,girls,200,tri-valley,1,0,0,0
a_5553,2022,girls,200,bay-shore,0,0,0,0
a_5553,2022,girls,200,redwood-empire,0,1,,0
a_5553,2022,girls,200,class-a,0,0,0,0
a_5553,2022,girls,300H,tri-valley,0,0,0,0
a_5553,2022,girls,300H,bay-shore,0,0,0,0
a_5553,2022,girls,300H,redwood-empire,0,0,0,0
a_5553,2022,girls,300H,class-a,0,0,0,0
a_5553,2022,girls,3200,tri-valley,0,0,0,0
a_5553,2022,girls,3200,bay-shore,0,1,,0
a_5553,2022,girls,3200,redwood-empire,0,0,0,0
a_5553,2022,girls,3200,class-a,1,0,0,0
a_5553,2022,girls,400,tri-valley,2,0,0,0
a_5553,2022,girls,400,bay-shore,0,1,,0
a_5553,2022,girls,400,redwood-empire,0,1,,0
a_5553,2022,girls,400,class-a,0,0,0,0
a_5553,2022,girls,4x100,tri-valley,1,0,0,0
a_5553,2022,girls,4x100,bay-shore,0,0,0,0
a_5553,2022,girls,4x100,redwood-empire,0,1,,0
a_5553,2022,girls,4x100,class-a,0,0,0,0
a_5553,2022,girls,4x400,tri-valley,2,0,0,0
a_5553,2022,girls,4x400,bay-shore,0,1,,0
a_5553,2022,girls,4x400,redwood-empire,0,0,0,0
a_5553,2022,girls,4x400,class-a,0,0,0,0
a_5553,2022,girls,800,tri-valley,2,0,0,0
a_5553,2022,girls,800,bay-shore,0,1,,0
a_5553,2022,girls,800,redwood-empire,0,1,,0
a_5553,2022,girls,800,class-a,0,0,0,0
a_5553,2022,girls,DT,tri-valley,1,0,0,0
a_5553,2022,girls,DT,bay-shore,0,1,,0
a_5553,2022,girls,DT,redwood-empire,0,0,0,0
a_5553,2022,girls,DT,class-a,0,0,0,0
a_5553,2022,girls,HJ,tri-valley,0,0,0,0
a_5553,2022,girls,HJ,bay-shore,0,1,,0
a_5553,2022,girls,HJ,redwood-empire,0,0,0,0
a_5553,2022,girls,HJ,class-a,0,0,0,0
a_5553,2022,girls,LJ,tri-valley,0,0,0,0
a_5553,2022,girls,LJ,bay-shore,0,1,,0
a_5553,2022,girls,LJ,redwood-empire,1,0,0,0
a_5553,2022,girls,LJ,class-a,1,0,0,0
a_5553,2022,girls,PV,tri-valley,0,0,0,0
a_5553,2022,girls,PV,bay-shore,0,0,0,0
a_5553,2022,girls,PV,redwood-empire,0,0,0,0
a_5553,2022,girls,PV,class-a,0,0,0,0
a_5553,2022,girls,SP,tri-valley,1,0,0,0
a_5553,2022,girls,SP,bay-shore,0,1,,0
a_5553,2022,girls,SP,redwood-empire,1,0,0,0
a_5553,2022,girls,SP,class-a,0,0,0,0
a_5553,2022,girls,TJ,tri-valley,0,0,0,0
a_5553,2022,girls,TJ,bay-shore,0,0,0,0
a_5553,2022,girls,TJ,redwood-empire,0,0,0,0
a_5553,2022,girls,TJ,class-a,0,0,0,0
a_5553,2022,girls,group:sprints_hurdles,tri-valley,3,0,0,0
a_5553,2022,girls,group:sprints_hurdles,bay-shore,0,1,,0
a_5553,2022,girls,group:sprints_hurdles,redwood-empire,0,2,,0
a_5553,2022,girls,group:sprints_hurdles,class-a,0,0,0,0
a_5553,2022,girls,group:400_800,tri-valley,4,0,0,0
a_5553,2022,girls,group:400_800,bay-shore,0,2,,0
a_5553,2022,girls,group:400_800,redwood-empire,0,2,,0
a_5553,2022,girls,group:400_800,class-a,0,0,0,0
a_5553,2022,girls,group:distance,tri-valley,1,0,0,0
a_5553,2022,girls,group:distance,bay-shore,0,2,,0
a_5553,2022,girls,group:distance,redwood-empire,0,0,0,0
a_5553,2022,girls,group:distance,class-a,1,0,0,0
a_5553,2022,girls,group:jumps,tri-valley,0,0,0,0
a_5553,2022,girls,group:jumps,bay-shore,0,2,,0
a_5553,2022,girls,group:jumps,redwood-empire,1,0,0,0
a_5553,2022,girls,group:jumps,class-a,1,0,0,0
a_5553,2022,girls,group:throws,tri-valley,2,0,0,0
a_5553,2022,girls,group:throws,bay-shore,0,2,,0
a_5553,2022,girls,group:throws,redwood-empire,1,0,0,0
a_5553,2022,girls,group:throws,class-a,0,0,0,0
a_5553,2022,girls,group:relays,tri-valley,3,0,0,0
a_5553,2022,girls,group:relays,bay-shore,0,1,,0
a_5553,2022,girls,group:relays,redwood-empire,0,1,,0
a_5553,2022,girls,group:relays,class-a,0,0,0,0
a_5553,2022,girls,all,tri-valley,13,0,0,0
a_5553,2022,girls,all,bay-shore,0,10,0,0
a_5553,2022,girls,all,redwood-empire,2,5,0,0
a_5553,2022,girls,all,class-a,2,0,0,0
a_5553,2022,boys,100,tri-valley,0,0,0,0
a_5553,2022,boys,100,bay-shore,1,0,0,0
a_5553,2022,boys,100,redwood-empire,0,1,,0
a_5553,2022,boys,100,class-a,0,0,0,0
a_5553,2022,boys,110H,tri-valley,0,0,0,0
a_5553,2022,boys,110H,bay-shore,0,0,0,0
a_5553,2022,boys,110H,redwood-empire,0,0,0,0
a_5553,2022,boys,110H,class-a,0,0,0,0
a_5553,2022,boys,1600,tri-valley,0,0,0,0
a_5553,2022,boys,1600,bay-shore,1,0,0,0
a_5553,2022,boys,1600,redwood-empire,0,1,,0
a_5553,2022,boys,1600,class-a,0,0,0,0
a_5553,2022,boys,200,tri-valley,0,0,0,0
a_5553,2022,boys,200,bay-shore,0,0,0,0
a_5553,2022,boys,200,redwood-empire,0,1,,0
a_5553,2022,boys,200,class-a,0,0,0,0
a_5553,2022,boys,300H,tri-valley,0,0,0,0
a_5553,2022,boys,300H,bay-shore,0,0,0,0
a_5553,2022,boys,300H,redwood-empire,0,0,0,0
a_5553,2022,boys,300H,class-a,0,0,0,0
a_5553,2022,boys,3200,tri-valley,0,0,0,0
a_5553,2022,boys,3200,bay-shore,1,0,0,0
a_5553,2022,boys,3200,redwood-empire,0,1,,0
a_5553,2022,boys,3200,class-a,0,0,0,0
a_5553,2022,boys,400,tri-valley,2,0,0,0
a_5553,2022,boys,400,bay-shore,0,1,,0
a_5553,2022,boys,400,redwood-empire,0,1,,0
a_5553,2022,boys,400,class-a,0,0,0,0
a_5553,2022,boys,4x100,tri-valley,2,0,0,0
a_5553,2022,boys,4x100,bay-shore,0,1,,0
a_5553,2022,boys,4x100,redwood-empire,0,1,,0
a_5553,2022,boys,4x100,class-a,0,0,0,0
a_5553,2022,boys,4x400,tri-valley,1,0,0,0
a_5553,2022,boys,4x400,bay-shore,0,0,0,0
a_5553,2022,boys,4x400,redwood-empire,0,1,,0
a_5553,2022,boys,4x400,class-a,0,0,0,0
a_5553,2022,boys,800,tri-valley,0,0,0,0
a_5553,2022,boys,800,bay-shore,0,0,0,0
a_5553,2022,boys,800,redwood-empire,0,0,0,0
a_5553,2022,boys,800,class-a,0,0,0,0
a_5553,2022,boys,DT,tri-valley,1,0,0,0
a_5553,2022,boys,DT,bay-shore,0,1,,0
a_5553,2022,boys,DT,redwood-empire,0,0,0,0
a_5553,2022,boys,DT,class-a,0,0,0,0
a_5553,2022,boys,HJ,tri-valley,0,0,0,0
a_5553,2022,boys,HJ,bay-shore,0,1,,0
a_5553,2022,boys,HJ,redwood-empire,0,0,0,0
a_5553,2022,boys,HJ,class-a,0,0,0,0
a_5553,2022,boys,LJ,tri-valley,1,0,0,0
a_5553,2022,boys,LJ,bay-shore,0,0,0,0
a_5553,2022,boys,LJ,redwood-empire,0,1,,0
a_5553,2022,boys,LJ,class-a,0,0,0,0
a_5553,2022,boys,PV,tri-valley,1,0,0,0
a_5553,2022,boys,PV,bay-shore,0,1,,0
a_5553,2022,boys,PV,redwood-empire,1,0,0,0
a_5553,2022,boys,PV,class-a,0,0,0,0
a_5553,2022,boys,SP,tri-valley,1,0,0,0
a_5553,2022,boys,SP,bay-shore,0,1,,0
a_5553,2022,boys,SP,redwood-empire,0,0,0,0
a_5553,2022,boys,SP,class-a,0,0,0,0
a_5553,2022,boys,TJ,tri-valley,0,0,0,0
a_5553,2022,boys,TJ,bay-shore,0,0,0,0
a_5553,2022,boys,TJ,redwood-empire,0,0,0,0
a_5553,2022,boys,TJ,class-a,0,0,0,0
a_5553,2022,boys,group:sprints_hurdles,tri-valley,0,0,0,0
a_5553,2022,boys,group:sprints_hurdles,bay-shore,1,0,0,0
a_5553,2022,boys,group:sprints_hurdles,redwood-empire,0,2,,0
a_5553,2022,boys,group:sprints_hurdles,class-a,0,0,0,0
a_5553,2022,boys,group:400_800,tri-valley,2,0,0,0
a_5553,2022,boys,group:400_800,bay-shore,0,1,,0
a_5553,2022,boys,group:400_800,redwood-empire,0,1,,0
a_5553,2022,boys,group:400_800,class-a,0,0,0,0
a_5553,2022,boys,group:distance,tri-valley,0,0,0,0
a_5553,2022,boys,group:distance,bay-shore,2,0,0,0
a_5553,2022,boys,group:distance,redwood-empire,0,2,,0
a_5553,2022,boys,group:distance,class-a,0,0,0,0
a_5553,2022,boys,group:jumps,tri-valley,2,0,0,0
a_5553,2022,boys,group:jumps,bay-shore,0,2,,0
a_5553,2022,boys,group:jumps,redwood-empire,1,1,,0
a_5553,2022,boys,group:jumps,class-a,0,0,0,0
a_5553,2022,boys,group:throws,tri-valley,2,0,0,0
a_5553,2022,boys,group:throws,bay-shore,0,2,,0
a_5553,2022,boys,group:throws,redwood-empire,0,0,0,0
a_5553,2022,boys,group:throws,class-a,0,0,0,0
a_5553,2022,boys,group:relays,tri-valley,3,0,0,0
a_5553,2022,boys,group:relays,bay-shore,0,1,,0
a_5553,2022,boys,group:relays,redwood-empire,0,2,,0
a_5553,2022,boys,group:relays,class-a,0,0,0,0
a_5553,2022,boys,all,tri-valley,9,0,0,0
a_5553,2022,boys,all,bay-shore,3,6,0,0
a_5553,2022,boys,all,redwood-empire,1,8,0,0
a_5553,2022,boys,all,class-a,0,0,0,0
a_5553,2022,all,100,tri-valley,2,0,0,0
a_5553,2022,all,100,bay-shore,1,1,,0
a_5553,2022,all,100,redwood-empire,0,2,,0
a_5553,2022,all,100,class-a,0,0,0,0
a_5553,2022,all,100H,tri-valley,0,0,0,0
a_5553,2022,all,100H,bay-shore,0,0,0,0
a_5553,2022,all,100H,redwood-empire,0,0,0,0
a_5553,2022,all,100H,class-a,0,0,0,0
a_5553,2022,all,110H,tri-valley,0,0,0,0
a_5553,2022,all,110H,bay-shore,0,0,0,0
a_5553,2022,all,110H,redwood-empire,0,0,0,0
a_5553,2022,all,110H,class-a,0,0,0,0
a_5553,2022,all,1600,tri-valley,1,0,0,0
a_5553,2022,all,1600,bay-shore,1,1,,0
a_5553,2022,all,1600,redwood-empire,0,1,,0
a_5553,2022,all,1600,class-a,0,0,0,0
a_5553,2022,all,200,tri-valley,1,0,0,0
a_5553,2022,all,200,bay-shore,0,0,0,0
a_5553,2022,all,200,redwood-empire,0,2,,0
a_5553,2022,all,200,class-a,0,0,0,0
a_5553,2022,all,300H,tri-valley,0,0,0,0
a_5553,2022,all,300H,bay-shore,0,0,0,0
a_5553,2022,all,300H,redwood-empire,0,0,0,0
a_5553,2022,all,300H,class-a,0,0,0,0
a_5553,2022,all,3200,tri-valley,0,0,0,0
a_5553,2022,all,3200,bay-shore,1,1,,0
a_5553,2022,all,3200,redwood-empire,0,1,,0
a_5553,2022,all,3200,class-a,1,0,0,0
a_5553,2022,all,400,tri-valley,4,0,0,0
a_5553,2022,all,400,bay-shore,0,2,,0
a_5553,2022,all,400,redwood-empire,0,2,,0
a_5553,2022,all,400,class-a,0,0,0,0
a_5553,2022,all,4x100,tri-valley,3,0,0,0
a_5553,2022,all,4x100,bay-shore,0,1,,0
a_5553,2022,all,4x100,redwood-empire,0,2,,0
a_5553,2022,all,4x100,class-a,0,0,0,0
a_5553,2022,all,4x400,tri-valley,3,0,0,0
a_5553,2022,all,4x400,bay-shore,0,1,,0
a_5553,2022,all,4x400,redwood-empire,0,1,,0
a_5553,2022,all,4x400,class-a,0,0,0,0
a_5553,2022,all,800,tri-valley,2,0,0,0
a_5553,2022,all,800,bay-shore,0,1,,0
a_5553,2022,all,800,redwood-empire,0,1,,0
a_5553,2022,all,800,class-a,0,0,0,0
a_5553,2022,all,DT,tri-valley,2,0,0,0
a_5553,2022,all,DT,bay-shore,0,2,,0
a_5553,2022,all,DT,redwood-empire,0,0,0,0
a_5553,2022,all,DT,class-a,0,0,0,0
a_5553,2022,all,HJ,tri-valley,0,0,0,0
a_5553,2022,all,HJ,bay-shore,0,2,,0
a_5553,2022,all,HJ,redwood-empire,0,0,0,0
a_5553,2022,all,HJ,class-a,0,0,0,0
a_5553,2022,all,LJ,tri-valley,1,0,0,0
a_5553,2022,all,LJ,bay-shore,0,1,,0
a_5553,2022,all,LJ,redwood-empire,1,1,,0
a_5553,2022,all,LJ,class-a,1,0,0,0
a_5553,2022,all,PV,tri-valley,1,0,0,0
a_5553,2022,all,PV,bay-shore,0,1,,0
a_5553,2022,all,PV,redwood-empire,1,0,0,0
a_5553,2022,all,PV,class-a,0,0,0,0
a_5553,2022,all,SP,tri-valley,2,0,0,0
a_5553,2022,all,SP,bay-shore,0,2,,0
a_5553,2022,all,SP,redwood-empire,1,0,0,0
a_5553,2022,all,SP,class-a,0,0,0,0
a_5553,2022,all,TJ,tri-valley,0,0,0,0
a_5553,2022,all,TJ,bay-shore,0,0,0,0
a_5553,2022,all,TJ,redwood-empire,0,0,0,0
a_5553,2022,all,TJ,class-a,0,0,0,0
a_5553,2022,all,group:sprints_hurdles,tri-valley,3,0,0,0
a_5553,2022,all,group:sprints_hurdles,bay-shore,1,1,,0
a_5553,2022,all,group:sprints_hurdles,redwood-empire,0,4,,0
a_5553,2022,all,group:sprints_hurdles,class-a,0,0,0,0
a_5553,2022,all,group:400_800,tri-valley,6,0,0,0
a_5553,2022,all,group:400_800,bay-shore,0,3,,0
a_5553,2022,all,group:400_800,redwood-empire,0,3,,0
a_5553,2022,all,group:400_800,class-a,0,0,0,0
a_5553,2022,all,group:distance,tri-valley,1,0,0,0
a_5553,2022,all,group:distance,bay-shore,2,2,,0
a_5553,2022,all,group:distance,redwood-empire,0,2,,0
a_5553,2022,all,group:distance,class-a,1,0,0,0
a_5553,2022,all,group:jumps,tri-valley,2,0,0,0
a_5553,2022,all,group:jumps,bay-shore,0,4,,0
a_5553,2022,all,group:jumps,redwood-empire,2,1,,0
a_5553,2022,all,group:jumps,class-a,1,0,0,0
a_5553,2022,all,group:throws,tri-valley,4,0,0,0
a_5553,2022,all,group:throws,bay-shore,0,4,,0
a_5553,2022,all,group:throws,redwood-empire,1,0,0,0
a_5553,2022,all,group:throws,class-a,0,0,0,0
a_5553,2022,all,group:relays,tri-valley,6,0,0,0
a_5553,2022,all,group:relays,bay-shore,0,2,,0
a_5553,2022,all,group:relays,redwood-empire,0,3,,0
a_5553,2022,all,group:relays,class-a,0,0,0,0
a_5553,2022,all,all,tri-valley,22,0,0,0
a_5553,2022,all,all,bay-shore,3,16,0,0
a_5553,2022,all,all,redwood-empire,3,13,0,0
a_5553,2022,all,all,class-a,2,0,0,0
a_5553,2023,girls,100,tri-valley,1,0,0,0
a_5553,2023,girls,100,bay-shore,0,0,0,0
a_5553,2023,girls,100,redwood-empire,0,1,,0
a_5553,2023,girls,100,class-a,0,0,0,0
a_5553,2023,girls,100H,tri-valley,1,0,0,0
a_5553,2023,girls,100H,bay-shore,0,1,,0
a_5553,2023,girls,100H,redwood-empire,1,0,0,0
a_5553,2023,girls,100H,class-a,0,0,0,0
a_5553,2023,girls,1600,tri-valley,1,0,0,0
a_5553,2023,girls,1600,bay-shore,0,1,,0
a_5553,2023,girls,1600,redwood-empire,0,0,0,0
a_5553,2023,girls,1600,class-a,0,0,0,0
a_5553,2023,girls,200,tri-valley,1,0,0,1
a_5553,2023,girls,200,bay-shore,0,1,,0
a_5553,2023,girls,200,redwood-empire,1,0,0,0
a_5553,2023,girls,200,class-a,0,0,0,0
a_5553,2023,girls,300H,tri-valley,2,0,0,0
a_5553,2023,girls,300H,bay-shore,0,1,,0
a_5553,2023,girls,300H,redwood-empire,0,1,,0
a_5553,2023,girls,300H,class-a,0,0,0,0
a_5553,2023,girls,3200,tri-valley,0,0,0,0
a_5553,2023,girls,3200,bay-shore,0,1,,0
a_5553,2023,girls,3200,redwood-empire,1,0,0,0
a_5553,2023,girls,3200,class-a,0,0,0,0
a_5553,2023,girls,400,tri-valley,1,0,0,0
a_5553,2023,girls,400,bay-shore,0,0,0,0
a_5553,2023,girls,400,redwood-empire,0,1,,0
a_5553,2023,girls,400,class-a,0,0,0,0
a_5553,2023,girls,4x100,tri-valley,1,0,0,0
a_5553,2023,girls,4x100,bay-shore,0,1,,0
a_5553,2023,girls,4x100,redwood-empire,0,0,0,0
a_5553,2023,girls,4x100,class-a,0,0,0,0
a_5553,2023,girls,4x400,tri-valley,2,0,0,0
a_5553,2023,girls,4x400,bay-shore,0,0,0,0
a_5553,2023,girls,4x400,redwood-empire,0,1,,0
a_5553,2023,girls,4x400,class-a,0,0,0,0
a_5553,2023,girls,800,tri-valley,2,0,0,0
a_5553,2023,girls,800,bay-shore,0,1,,0
a_5553,2023,girls,800,redwood-empire,0,1,,0
a_5553,2023,girls,800,class-a,0,0,0,0
a_5553,2023,girls,DT,tri-valley,2,0,0,2
a_5553,2023,girls,DT,bay-shore,0,1,,0
a_5553,2023,girls,DT,redwood-empire,0,1,,0
a_5553,2023,girls,DT,class-a,0,0,0,0
a_5553,2023,girls,HJ,tri-valley,0,0,0,0
a_5553,2023,girls,HJ,bay-shore,0,0,0,0
a_5553,2023,girls,HJ,redwood-empire,0,0,0,0
a_5553,2023,girls,HJ,class-a,0,0,0,0
a_5553,2023,girls,LJ,tri-valley,0,0,0,0
a_5553,2023,girls,LJ,bay-shore,0,0,0,0
a_5553,2023,girls,LJ,redwood-empire,0,0,0,0
a_5553,2023,girls,LJ,class-a,0,0,0,0
a_5553,2023,girls,PV,tri-valley,0,0,0,0
a_5553,2023,girls,PV,bay-shore,0,0,0,0
a_5553,2023,girls,PV,redwood-empire,0,0,0,0
a_5553,2023,girls,PV,class-a,0,0,0,0
a_5553,2023,girls,SP,tri-valley,0,0,0,0
a_5553,2023,girls,SP,bay-shore,0,1,,0
a_5553,2023,girls,SP,redwood-empire,1,0,0,0
a_5553,2023,girls,SP,class-a,0,0,0,0
a_5553,2023,girls,TJ,tri-valley,0,0,0,0
a_5553,2023,girls,TJ,bay-shore,0,0,0,0
a_5553,2023,girls,TJ,redwood-empire,0,0,0,0
a_5553,2023,girls,TJ,class-a,0,0,0,0
a_5553,2023,girls,group:sprints_hurdles,tri-valley,5,0,0,1
a_5553,2023,girls,group:sprints_hurdles,bay-shore,0,3,,0
a_5553,2023,girls,group:sprints_hurdles,redwood-empire,2,2,,0
a_5553,2023,girls,group:sprints_hurdles,class-a,0,0,0,0
a_5553,2023,girls,group:400_800,tri-valley,3,0,0,0
a_5553,2023,girls,group:400_800,bay-shore,0,1,,0
a_5553,2023,girls,group:400_800,redwood-empire,0,2,,0
a_5553,2023,girls,group:400_800,class-a,0,0,0,0
a_5553,2023,girls,group:distance,tri-valley,1,0,0,0
a_5553,2023,girls,group:distance,bay-shore,0,2,,0
a_5553,2023,girls,group:distance,redwood-empire,1,0,0,0
a_5553,2023,girls,group:distance,class-a,0,0,0,0
a_5553,2023,girls,group:jumps,tri-valley,0,0,0,0
a_5553,2023,girls,group:jumps,bay-shore,0,0,0,0
a_5553,2023,girls,group:jumps,redwood-empire,0,0,0,0
a_5553,2023,girls,group:jumps,class-a,0,0,0,0
a_5553,2023,girls,group:throws,tri-valley,2,0,0,2
a_5553,2023,girls,group:throws,bay-shore,0,2,,0
a_5553,2023,girls,group:throws,redwood-empire,1,1,,0
a_5553,2023,girls,group:throws,class-a,0,0,0,0
a_5553,2023,girls,group:relays,tri-valley,3,0,0,0
a_5553,2023,girls,group:relays,bay-shore,0,1,,0
a_5553,2023,girls,group:relays,redwood-empire,0,1,,0
a_5553,2023,girls,group:relays,class-a,0,0,0,0
a_5553,2023,girls,all,tri-valley,14,0,0,3
a_5553,2023,girls,all,bay-shore,0,9,0,0
a_5553,2023,girls,all,redwood-empire,4,6,1,0
a_5553,2023,girls,all,class-a,0,0,0,0
a_5553,2023,boys,100,tri-valley,1,0,0,0
a_5553,2023,boys,100,bay-shore,0,0,0,0
a_5553,2023,boys,100,redwood-empire,0,1,,0
a_5553,2023,boys,100,class-a,0,0,0,0
a_5553,2023,boys,110H,tri-valley,0,0,0,0
a_5553,2023,boys,110H,bay-shore,0,0,0,0
a_5553,2023,boys,110H,redwood-empire,0,0,0,0
a_5553,2023,boys,110H,class-a,0,0,0,0
a_5553,2023,boys,1600,tri-valley,0,0,0,0
a_5553,2023,boys,1600,bay-shore,0,1,,0
a_5553,2023,boys,1600,redwood-empire,0,0,0,0
a_5553,2023,boys,1600,class-a,0,0,0,0
a_5553,2023,boys,200,tri-valley,0,0,0,0
a_5553,2023,boys,200,bay-shore,0,0,0,0
a_5553,2023,boys,200,redwood-empire,0,1,,0
a_5553,2023,boys,200,class-a,0,0,0,0
a_5553,2023,boys,300H,tri-valley,0,0,0,0
a_5553,2023,boys,300H,bay-shore,0,1,,0
a_5553,2023,boys,300H,redwood-empire,1,0,0,0
a_5553,2023,boys,300H,class-a,0,0,0,0
a_5553,2023,boys,3200,tri-valley,0,0,0,0
a_5553,2023,boys,3200,bay-shore,0,0,0,0
a_5553,2023,boys,3200,redwood-empire,0,0,0,0
a_5553,2023,boys,3200,class-a,0,0,0,0
a_5553,2023,boys,400,tri-valley,1,0,0,1
a_5553,2023,boys,400,bay-shore,0,0,0,0
a_5553,2023,boys,400,redwood-empire,0,1,,0
a_5553,2023,boys,400,class-a,0,0,0,0
a_5553,2023,boys,4x100,tri-valley,1,0,0,0
a_5553,2023,boys,4x100,bay-shore,0,1,,0
a_5553,2023,boys,4x100,redwood-empire,0,1,,0
a_5553,2023,boys,4x100,class-a,0,0,0,0
a_5553,2023,boys,4x400,tri-valley,2,0,0,0
a_5553,2023,boys,4x400,bay-shore,0,1,,0
a_5553,2023,boys,4x400,redwood-empire,0,1,,0
a_5553,2023,boys,4x400,class-a,0,0,0,0
a_5553,2023,boys,800,tri-valley,1,0,0,0
a_5553,2023,boys,800,bay-shore,0,1,,0
a_5553,2023,boys,800,redwood-empire,0,1,,0
a_5553,2023,boys,800,class-a,0,0,0,0
a_5553,2023,boys,DT,tri-valley,1,0,0,0
a_5553,2023,boys,DT,bay-shore,0,1,,0
a_5553,2023,boys,DT,redwood-empire,0,0,0,0
a_5553,2023,boys,DT,class-a,0,0,0,0
a_5553,2023,boys,HJ,tri-valley,0,0,0,0
a_5553,2023,boys,HJ,bay-shore,0,0,0,0
a_5553,2023,boys,HJ,redwood-empire,0,0,0,0
a_5553,2023,boys,HJ,class-a,0,0,0,0
a_5553,2023,boys,LJ,tri-valley,0,0,0,0
a_5553,2023,boys,LJ,bay-shore,0,0,0,0
a_5553,2023,boys,LJ,redwood-empire,0,0,0,0
a_5553,2023,boys,LJ,class-a,0,0,0,0
a_5553,2023,boys,PV,tri-valley,4,0,0,0
a_5553,2023,boys,PV,bay-shore,0,1,,0
a_5553,2023,boys,PV,redwood-empire,0,0,0,0
a_5553,2023,boys,PV,class-a,0,0,0,0
a_5553,2023,boys,SP,tri-valley,0,0,0,0
a_5553,2023,boys,SP,bay-shore,0,0,0,0
a_5553,2023,boys,SP,redwood-empire,0,0,0,0
a_5553,2023,boys,SP,class-a,0,0,0,0
a_5553,2023,boys,TJ,tri-valley,0,0,0,0
a_5553,2023,boys,TJ,bay-shore,0,0,0,0
a_5553,2023,boys,TJ,redwood-empire,0,0,0,0
a_5553,2023,boys,TJ,class-a,0,0,0,0
a_5553,2023,boys,group:sprints_hurdles,tri-valley,1,0,0,0
a_5553,2023,boys,group:sprints_hurdles,bay-shore,0,1,,0
a_5553,2023,boys,group:sprints_hurdles,redwood-empire,1,2,,0
a_5553,2023,boys,group:sprints_hurdles,class-a,0,0,0,0
a_5553,2023,boys,group:400_800,tri-valley,2,0,0,1
a_5553,2023,boys,group:400_800,bay-shore,0,1,,0
a_5553,2023,boys,group:400_800,redwood-empire,0,2,,0
a_5553,2023,boys,group:400_800,class-a,0,0,0,0
a_5553,2023,boys,group:distance,tri-valley,0,0,0,0
a_5553,2023,boys,group:distance,bay-shore,0,1,,0
a_5553,2023,boys,group:distance,redwood-empire,0,0,0,0
a_5553,2023,boys,group:distance,class-a,0,0,0,0
a_5553,2023,boys,group:jumps,tri-valley,4,0,0,0
a_5553,2023,boys,group:jumps,bay-shore,0,1,,0
a_5553,2023,boys,group:jumps,redwood-empire,0,0,0,0
a_5553,2023,boys,group:jumps,class-a,0,0,0,0
a_5553,2023,boys,group:throws,tri-valley,1,0,0,0
a_5553,2023,boys,group:throws,bay-shore,0,1,,0
a_5553,2023,boys,group:throws,redwood-empire,0,0,0,0
a_5553,2023,boys,group:throws,class-a,0,0,0,0
a_5553,2023,boys,group:relays,tri-valley,3,0,0,0
a_5553,2023,boys,group:relays,bay-shore,0,2,,0
a_5553,2023,boys,group:relays,redwood-empire,0,2,,0
a_5553,2023,boys,group:relays,class-a,0,0,0,0
a_5553,2023,boys,all,tri-valley,11,0,0,1
a_5553,2023,boys,all,bay-shore,0,7,0,0
a_5553,2023,boys,all,redwood-empire,1,6,0,0
a_5553,2023,boys,all,class-a,0,0,0,0
a_5553,2023,all,100,tri-valley,2,0,0,0
a_5553,2023,all,100,bay-shore,0,0,0,0
a_5553,2023,all,100,redwood-empire,0,2,,0
a_5553,2023,all,100,class-a,0,0,0,0
a_5553,2023,all,100H,tri-valley,1,0,0,0
a_5553,2023,all,100H,bay-shore,0,1,,0
a_5553,2023,all,100H,redwood-empire,1,0,0,0
a_5553,2023,all,100H,class-a,0,0,0,0
a_5553,2023,all,110H,tri-valley,0,0,0,0
a_5553,2023,all,110H,bay-shore,0,0,0,0
a_5553,2023,all,110H,redwood-empire,0,0,0,0
a_5553,2023,all,110H,class-a,0,0,0,0
a_5553,2023,all,1600,tri-valley,1,0,0,0
a_5553,2023,all,1600,bay-shore,0,2,,0
a_5553,2023,all,1600,redwood-empire,0,0,0,0
a_5553,2023,all,1600,class-a,0,0,0,0
a_5553,2023,all,200,tri-valley,1,0,0,1
a_5553,2023,all,200,bay-shore,0,1,,0
a_5553,2023,all,200,redwood-empire,1,1,,0
a_5553,2023,all,200,class-a,0,0,0,0
a_5553,2023,all,300H,tri-valley,2,0,0,0
a_5553,2023,all,300H,bay-shore,0,2,,0
a_5553,2023,all,300H,redwood-empire,1,1,,0
a_5553,2023,all,300H,class-a,0,0,0,0
a_5553,2023,all,3200,tri-valley,0,0,0,0
a_5553,2023,all,3200,bay-shore,0,1,,0
a_5553,2023,all,3200,redwood-empire,1,0,0,0
a_5553,2023,all,3200,class-a,0,0,0,0
a_5553,2023,all,400,tri-valley,2,0,0,1
a_5553,2023,all,400,bay-shore,0,0,0,0
a_5553,2023,all,400,redwood-empire,0,2,,0
a_5553,2023,all,400,class-a,0,0,0,0
a_5553,2023,all,4x100,tri-valley,2,0,0,0
a_5553,2023,all,4x100,bay-shore,0,2,,0
a_5553,2023,all,4x100,redwood-empire,0,1,,0
a_5553,2023,all,4x100,class-a,0,0,0,0
a_5553,2023,all,4x400,tri-valley,4,0,0,0
a_5553,2023,all,4x400,bay-shore,0,1,,0
a_5553,2023,all,4x400,redwood-empire,0,2,,0
a_5553,2023,all,4x400,class-a,0,0,0,0
a_5553,2023,all,800,tri-valley,3,0,0,0
a_5553,2023,all,800,bay-shore,0,2,,0
a_5553,2023,all,800,redwood-empire,0,2,,0
a_5553,2023,all,800,class-a,0,0,0,0
a_5553,2023,all,DT,tri-valley,3,0,0,2
a_5553,2023,all,DT,bay-shore,0,2,,0
a_5553,2023,all,DT,redwood-empire,0,1,,0
a_5553,2023,all,DT,class-a,0,0,0,0
a_5553,2023,all,HJ,tri-valley,0,0,0,0
a_5553,2023,all,HJ,bay-shore,0,0,0,0
a_5553,2023,all,HJ,redwood-empire,0,0,0,0
a_5553,2023,all,HJ,class-a,0,0,0,0
a_5553,2023,all,LJ,tri-valley,0,0,0,0
a_5553,2023,all,LJ,bay-shore,0,0,0,0
a_5553,2023,all,LJ,redwood-empire,0,0,0,0
a_5553,2023,all,LJ,class-a,0,0,0,0
a_5553,2023,all,PV,tri-valley,4,0,0,0
a_5553,2023,all,PV,bay-shore,0,1,,0
a_5553,2023,all,PV,redwood-empire,0,0,0,0
a_5553,2023,all,PV,class-a,0,0,0,0
a_5553,2023,all,SP,tri-valley,0,0,0,0
a_5553,2023,all,SP,bay-shore,0,1,,0
a_5553,2023,all,SP,redwood-empire,1,0,0,0
a_5553,2023,all,SP,class-a,0,0,0,0
a_5553,2023,all,TJ,tri-valley,0,0,0,0
a_5553,2023,all,TJ,bay-shore,0,0,0,0
a_5553,2023,all,TJ,redwood-empire,0,0,0,0
a_5553,2023,all,TJ,class-a,0,0,0,0
a_5553,2023,all,group:sprints_hurdles,tri-valley,6,0,0,1
a_5553,2023,all,group:sprints_hurdles,bay-shore,0,4,,0
a_5553,2023,all,group:sprints_hurdles,redwood-empire,3,4,,0
a_5553,2023,all,group:sprints_hurdles,class-a,0,0,0,0
a_5553,2023,all,group:400_800,tri-valley,5,0,0,1
a_5553,2023,all,group:400_800,bay-shore,0,2,,0
a_5553,2023,all,group:400_800,redwood-empire,0,4,,0
a_5553,2023,all,group:400_800,class-a,0,0,0,0
a_5553,2023,all,group:distance,tri-valley,1,0,0,0
a_5553,2023,all,group:distance,bay-shore,0,3,,0
a_5553,2023,all,group:distance,redwood-empire,1,0,0,0
a_5553,2023,all,group:distance,class-a,0,0,0,0
a_5553,2023,all,group:jumps,tri-valley,4,0,0,0
a_5553,2023,all,group:jumps,bay-shore,0,1,,0
a_5553,2023,all,group:jumps,redwood-empire,0,0,0,0
a_5553,2023,all,group:jumps,class-a,0,0,0,0
a_5553,2023,all,group:throws,tri-valley,3,0,0,2
a_5553,2023,all,group:throws,bay-shore,0,3,,0
a_5553,2023,all,group:throws,redwood-empire,1,1,,0
a_5553,2023,all,group:throws,class-a,0,0,0,0
a_5553,2023,all,group:relays,tri-valley,6,0,0,0
a_5553,2023,all,group:relays,bay-shore,0,3,,0
a_5553,2023,all,group:relays,redwood-empire,0,3,,0
a_5553,2023,all,group:relays,class-a,0,0,0,0
a_5553,2023,all,all,tri-valley,25,0,0,4
a_5553,2023,all,all,bay-shore,0,16,0,0
a_5553,2023,all,all,redwood-empire,5,12,1,0
a_5553,2023,all,all,class-a,0,0,0,0
a_5553,2024,girls,100,tri-valley,1,0,0,0
a_5553,2024,girls,100,bay-shore,1,0,0,0
a_5553,2024,girls,100,redwood-empire,0,1,,0
a_5553,2024,girls,100,class-a,0,0,0,0
a_5553,2024,girls,100H,tri-valley,2,0,0,0
a_5553,2024,girls,100H,bay-shore,0,1,,0
a_5553,2024,girls,100H,redwood-empire,0,1,,0
a_5553,2024,girls,100H,class-a,0,0,0,0
a_5553,2024,girls,1600,tri-valley,0,0,0,0
a_5553,2024,girls,1600,bay-shore,0,1,,0
a_5553,2024,girls,1600,redwood-empire,0,1,,0
a_5553,2024,girls,1600,class-a,0,0,0,0
a_5553,2024,girls,200,tri-valley,0,0,0,0
a_5553,2024,girls,200,bay-shore,0,0,0,0
a_5553,2024,girls,200,redwood-empire,0,1,,0
a_5553,2024,girls,200,class-a,1,0,0,0
a_5553,2024,girls,300H,tri-valley,2,0,0,0
a_5553,2024,girls,300H,bay-shore,0,1,,0
a_5553,2024,girls,300H,redwood-empire,0,1,,0
a_5553,2024,girls,300H,class-a,0,0,0,0
a_5553,2024,girls,3200,tri-valley,0,0,0,0
a_5553,2024,girls,3200,bay-shore,0,1,,0
a_5553,2024,girls,3200,redwood-empire,0,0,0,0
a_5553,2024,girls,3200,class-a,1,0,0,0
a_5553,2024,girls,400,tri-valley,0,0,0,0
a_5553,2024,girls,400,bay-shore,0,0,0,0
a_5553,2024,girls,400,redwood-empire,0,0,0,0
a_5553,2024,girls,400,class-a,0,0,0,0
a_5553,2024,girls,4x100,tri-valley,2,0,0,0
a_5553,2024,girls,4x100,bay-shore,0,1,,0
a_5553,2024,girls,4x100,redwood-empire,0,1,,0
a_5553,2024,girls,4x100,class-a,0,0,0,0
a_5553,2024,girls,4x400,tri-valley,2,0,0,0
a_5553,2024,girls,4x400,bay-shore,0,1,,0
a_5553,2024,girls,4x400,redwood-empire,0,1,,0
a_5553,2024,girls,4x400,class-a,0,0,0,0
a_5553,2024,girls,800,tri-valley,1,0,0,0
a_5553,2024,girls,800,bay-shore,0,1,,0
a_5553,2024,girls,800,redwood-empire,0,1,,0
a_5553,2024,girls,800,class-a,0,0,0,0
a_5553,2024,girls,DT,tri-valley,0,0,0,0
a_5553,2024,girls,DT,bay-shore,0,0,0,0
a_5553,2024,girls,DT,redwood-empire,0,0,0,0
a_5553,2024,girls,DT,class-a,0,0,0,0
a_5553,2024,girls,HJ,tri-valley,0,0,0,0
a_5553,2024,girls,HJ,bay-shore,0,1,,0
a_5553,2024,girls,HJ,redwood-empire,0,0,0,0
a_5553,2024,girls,HJ,class-a,0,0,0,0
a_5553,2024,girls,LJ,tri-valley,0,0,0,0
a_5553,2024,girls,LJ,bay-shore,1,0,0,0
a_5553,2024,girls,LJ,redwood-empire,0,1,,0
a_5553,2024,girls,LJ,class-a,0,0,0,0
a_5553,2024,girls,PV,tri-valley,2,0,0,0
a_5553,2024,girls,PV,bay-shore,0,1,,0
a_5553,2024,girls,PV,redwood-empire,0,1,,0
a_5553,2024,girls,PV,class-a,0,0,0,0
a_5553,2024,girls,SP,tri-valley,1,0,0,0
a_5553,2024,girls,SP,bay-shore,0,1,,0
a_5553,2024,girls,SP,redwood-empire,0,0,0,0
a_5553,2024,girls,SP,class-a,0,0,0,0
a_5553,2024,girls,TJ,tri-valley,0,0,0,0
a_5553,2024,girls,TJ,bay-shore,0,0,0,0
a_5553,2024,girls,TJ,redwood-empire,0,0,0,0
a_5553,2024,girls,TJ,class-a,0,0,0,0
a_5553,2024,girls,group:sprints_hurdles,tri-valley,5,0,0,0
a_5553,2024,girls,group:sprints_hurdles,bay-shore,1,2,,0
a_5553,2024,girls,group:sprints_hurdles,redwood-empire,0,4,,0
a_5553,2024,girls,group:sprints_hurdles,class-a,1,0,0,0
a_5553,2024,girls,group:400_800,tri-valley,1,0,0,0
a_5553,2024,girls,group:400_800,bay-shore,0,1,,0
a_5553,2024,girls,group:400_800,redwood-empire,0,1,,0
a_5553,2024,girls,group:400_800,class-a,0,0,0,0
a_5553,2024,girls,group:distance,tri-valley,0,0,0,0
a_5553,2024,girls,group:distance,bay-shore,0,2,,0
a_5553,2024,girls,group:distance,redwood-empire,0,1,,0
a_5553,2024,girls,group:distance,class-a,1,0,0,0
a_5553,2024,girls,group:jumps,tri-valley,2,0,0,0
a_5553,2024,girls,group:jumps,bay-shore,1,2,,0
a_5553,2024,girls,group:jumps,redwood-empire,0,2,,0
a_5553,2024,girls,group:jumps,class-a,0,0,0,0
a_5553,2024,girls,group:throws,tri-valley,1,0,0,0
a_5553,2024,girls,group:throws,bay-shore,0,1,,0
a_5553,2024,girls,group:throws,redwood-empire,0,0,0,0
a_5553,2024,girls,group:throws,class-a,0,0,0,0
a_5553,2024,girls,group:relays,tri-valley,4,0,0,0
a_5553,2024,girls,group:relays,bay-shore,0,2,,0
a_5553,2024,girls,group:relays,redwood-empire,0,2,,0
a_5553,2024,girls,group:relays,class-a,0,0,0,0
a_5553,2024,girls,all,tri-valley,13,0,0,0
a_5553,2024,girls,all,bay-shore,2,10,0,0
a_5553,2024,girls,all,redwood-empire,0,10,0,0
a_5553,2024,girls,all,class-a,2,0,0,0
a_5553,2024,boys,100,tri-valley,0,0,0,0
a_5553,2024,boys,100,bay-shore,0,0,0,0
a_5553,2024,boys,100,redwood-empire,0,1,,0
a_5553,2024,boys,100,class-a,0,0,0,0
a_5553,2024,boys,110H,tri-valley,1,0,0,0
a_5553,2024,boys,110H,bay-shore,0,1,,0
a_5553,2024,boys,110H,redwood-empire,0,1,,0
a_5553,2024,boys,110H,class-a,1,0,0,0
a_5553,2024,boys,1600,tri-valley,0,0,0,0
a_5553,2024,boys,1600,bay-shore,0,0,0,0
a_5553,2024,boys,1600,redwood-empire,0,0,0,0
a_5553,2024,boys,1600,class-a,0,0,0,0
a_5553,2024,boys,200,tri-valley,0,0,0,0
a_5553,2024,boys,200,bay-shore,0,1,,0
a_5553,2024,boys,200,redwood-empire,1,0,0,0
a_5553,2024,boys,200,class-a,0,0,0,0
a_5553,2024,boys,300H,tri-valley,0,0,0,0
a_5553,2024,boys,300H,bay-shore,0,0,0,0
a_5553,2024,boys,300H,redwood-empire,0,0,0,0
a_5553,2024,boys,300H,class-a,0,0,0,0
a_5553,2024,boys,3200,tri-valley,1,0,0,0
a_5553,2024,boys,3200,bay-shore,0,0,0,0
a_5553,2024,boys,3200,redwood-empire,0,1,,0
a_5553,2024,boys,3200,class-a,0,0,0,0
a_5553,2024,boys,400,tri-valley,0,0,0,0
a_5553,2024,boys,400,bay-shore,0,0,0,0
a_5553,2024,boys,400,redwood-empire,0,1,,0
a_5553,2024,boys,400,class-a,0,0,0,0
a_5553,2024,boys,4x100,tri-valley,1,0,0,0
a_5553,2024,boys,4x100,bay-shore,0,0,0,0
a_5553,2024,boys,4x100,redwood-empire,0,1,,0
a_5553,2024,boys,4x100,class-a,0,0,0,0
a_5553,2024,boys,4x400,tri-valley,1,0,0,0
a_5553,2024,boys,4x400,bay-shore,0,1,,0
a_5553,2024,boys,4x400,redwood-empire,0,0,0,0
a_5553,2024,boys,4x400,class-a,0,0,0,0
a_5553,2024,boys,800,tri-valley,0,0,0,0
a_5553,2024,boys,800,bay-shore,0,1,,0
a_5553,2024,boys,800,redwood-empire,0,0,0,0
a_5553,2024,boys,800,class-a,0,0,0,0
a_5553,2024,boys,DT,tri-valley,1,0,0,0
a_5553,2024,boys,DT,bay-shore,0,1,,0
a_5553,2024,boys,DT,redwood-empire,0,0,0,0
a_5553,2024,boys,DT,class-a,0,0,0,0
a_5553,2024,boys,HJ,tri-valley,4,0,0,0
a_5553,2024,boys,HJ,bay-shore,0,0,0,0
a_5553,2024,boys,HJ,redwood-empire,2,0,0,0
a_5553,2024,boys,HJ,class-a,0,0,0,0
a_5553,2024,boys,LJ,tri-valley,1,0,0,0
a_5553,2024,boys,LJ,bay-shore,0,0,0,0
a_5553,2024,boys,LJ,redwood-empire,0,1,,0
a_5553,2024,boys,LJ,class-a,0,0,0,0
a_5553,2024,boys,PV,tri-valley,4,0,0,0
a_5553,2024,boys,PV,bay-shore,0,0,0,0
a_5553,2024,boys,PV,redwood-empire,2,0,0,0
a_5553,2024,boys,PV,class-a,0,0,0,0
a_5553,2024,boys,SP,tri-valley,0,0,0,0
a_5553,2024,boys,SP,bay-shore,0,0,0,0
a_5553,2024,boys,SP,redwood-empire,0,0,0,0
a_5553,2024,boys,SP,class-a,0,0,0,0
a_5553,2024,boys,TJ,tri-valley,0,0,0,0
a_5553,2024,boys,TJ,bay-shore,0,0,0,0
a_5553,2024,boys,TJ,redwood-empire,0,0,0,0
a_5553,2024,boys,TJ,class-a,0,0,0,0
a_5553,2024,boys,group:sprints_hurdles,tri-valley,1,0,0,0
a_5553,2024,boys,group:sprints_hurdles,bay-shore,0,2,,0
a_5553,2024,boys,group:sprints_hurdles,redwood-empire,1,2,,0
a_5553,2024,boys,group:sprints_hurdles,class-a,1,0,0,0
a_5553,2024,boys,group:400_800,tri-valley,0,0,0,0
a_5553,2024,boys,group:400_800,bay-shore,0,1,,0
a_5553,2024,boys,group:400_800,redwood-empire,0,1,,0
a_5553,2024,boys,group:400_800,class-a,0,0,0,0
a_5553,2024,boys,group:distance,tri-valley,1,0,0,0
a_5553,2024,boys,group:distance,bay-shore,0,0,0,0
a_5553,2024,boys,group:distance,redwood-empire,0,1,,0
a_5553,2024,boys,group:distance,class-a,0,0,0,0
a_5553,2024,boys,group:jumps,tri-valley,9,0,0,0
a_5553,2024,boys,group:jumps,bay-shore,0,0,0,0
a_5553,2024,boys,group:jumps,redwood-empire,4,1,,0
a_5553,2024,boys,group:jumps,class-a,0,0,0,0
a_5553,2024,boys,group:throws,tri-valley,1,0,0,0
a_5553,2024,boys,group:throws,bay-shore,0,1,,0
a_5553,2024,boys,group:throws,redwood-empire,0,0,0,0
a_5553,2024,boys,group:throws,class-a,0,0,0,0
a_5553,2024,boys,group:relays,tri-valley,2,0,0,0
a_5553,2024,boys,group:relays,bay-shore,0,1,,0
a_5553,2024,boys,group:relays,redwood-empire,0,1,,0
a_5553,2024,boys,group:relays,class-a,0,0,0,0
a_5553,2024,boys,all,tri-valley,14,0,0,0
a_5553,2024,boys,all,bay-shore,0,5,0,0
a_5553,2024,boys,all,redwood-empire,5,6,0,0
a_5553,2024,boys,all,class-a,1,0,0,0
a_5553,2024,all,100,tri-valley,1,0,0,0
a_5553,2024,all,100,bay-shore,1,0,0,0
a_5553,2024,all,100,redwood-empire,0,2,,0
a_5553,2024,all,100,class-a,0,0,0,0
a_5553,2024,all,100H,tri-valley,2,0,0,0
a_5553,2024,all,100H,bay-shore,0,1,,0
a_5553,2024,all,100H,redwood-empire,0,1,,0
a_5553,2024,all,100H,class-a,0,0,0,0
a_5553,2024,all,110H,tri-valley,1,0,0,0
a_5553,2024,all,110H,bay-shore,0,1,,0
a_5553,2024,all,110H,redwood-empire,0,1,,0
a_5553,2024,all,110H,class-a,1,0,0,0
a_5553,2024,all,1600,tri-valley,0,0,0,0
a_5553,2024,all,1600,bay-shore,0,1,,0
a_5553,2024,all,1600,redwood-empire,0,1,,0
a_5553,2024,all,1600,class-a,0,0,0,0
a_5553,2024,all,200,tri-valley,0,0,0,0
a_5553,2024,all,200,bay-shore,0,1,,0
a_5553,2024,all,200,redwood-empire,1,1,,0
a_5553,2024,all,200,class-a,1,0,0,0
a_5553,2024,all,300H,tri-valley,2,0,0,0
a_5553,2024,all,300H,bay-shore,0,1,,0
a_5553,2024,all,300H,redwood-empire,0,1,,0
a_5553,2024,all,300H,class-a,0,0,0,0
a_5553,2024,all,3200,tri-valley,1,0,0,0
a_5553,2024,all,3200,bay-shore,0,1,,0
a_5553,2024,all,3200,redwood-empire,0,1,,0
a_5553,2024,all,3200,class-a,1,0,0,0
a_5553,2024,all,400,tri-valley,0,0,0,0
a_5553,2024,all,400,bay-shore,0,0,0,0
a_5553,2024,all,400,redwood-empire,0,1,,0
a_5553,2024,all,400,class-a,0,0,0,0
a_5553,2024,all,4x100,tri-valley,3,0,0,0
a_5553,2024,all,4x100,bay-shore,0,1,,0
a_5553,2024,all,4x100,redwood-empire,0,2,,0
a_5553,2024,all,4x100,class-a,0,0,0,0
a_5553,2024,all,4x400,tri-valley,3,0,0,0
a_5553,2024,all,4x400,bay-shore,0,2,,0
a_5553,2024,all,4x400,redwood-empire,0,1,,0
a_5553,2024,all,4x400,class-a,0,0,0,0
a_5553,2024,all,800,tri-valley,1,0,0,0
a_5553,2024,all,800,bay-shore,0,2,,0
a_5553,2024,all,800,redwood-empire,0,1,,0
a_5553,2024,all,800,class-a,0,0,0,0
a_5553,2024,all,DT,tri-valley,1,0,0,0
a_5553,2024,all,DT,bay-shore,0,1,,0
a_5553,2024,all,DT,redwood-empire,0,0,0,0
a_5553,2024,all,DT,class-a,0,0,0,0
a_5553,2024,all,HJ,tri-valley,4,0,0,0
a_5553,2024,all,HJ,bay-shore,0,1,,0
a_5553,2024,all,HJ,redwood-empire,2,0,0,0
a_5553,2024,all,HJ,class-a,0,0,0,0
a_5553,2024,all,LJ,tri-valley,1,0,0,0
a_5553,2024,all,LJ,bay-shore,1,0,0,0
a_5553,2024,all,LJ,redwood-empire,0,2,,0
a_5553,2024,all,LJ,class-a,0,0,0,0
a_5553,2024,all,PV,tri-valley,6,0,0,0
a_5553,2024,all,PV,bay-shore,0,1,,0
a_5553,2024,all,PV,redwood-empire,2,1,,0
a_5553,2024,all,PV,class-a,0,0,0,0
a_5553,2024,all,SP,tri-valley,1,0,0,0
a_5553,2024,all,SP,bay-shore,0,1,,0
a_5553,2024,all,SP,redwood-empire,0,0,0,0
a_5553,2024,all,SP,class-a,0,0,0,0
a_5553,2024,all,TJ,tri-valley,0,0,0,0
a_5553,2024,all,TJ,bay-shore,0,0,0,0
a_5553,2024,all,TJ,redwood-empire,0,0,0,0
a_5553,2024,all,TJ,class-a,0,0,0,0
a_5553,2024,all,group:sprints_hurdles,tri-valley,6,0,0,0
a_5553,2024,all,group:sprints_hurdles,bay-shore,1,4,,0
a_5553,2024,all,group:sprints_hurdles,redwood-empire,1,6,0,0
a_5553,2024,all,group:sprints_hurdles,class-a,2,0,0,0
a_5553,2024,all,group:400_800,tri-valley,1,0,0,0
a_5553,2024,all,group:400_800,bay-shore,0,2,,0
a_5553,2024,all,group:400_800,redwood-empire,0,2,,0
a_5553,2024,all,group:400_800,class-a,0,0,0,0
a_5553,2024,all,group:distance,tri-valley,1,0,0,0
a_5553,2024,all,group:distance,bay-shore,0,2,,0
a_5553,2024,all,group:distance,redwood-empire,0,2,,0
a_5553,2024,all,group:distance,class-a,1,0,0,0
a_5553,2024,all,group:jumps,tri-valley,11,0,0,0
a_5553,2024,all,group:jumps,bay-shore,1,2,,0
a_5553,2024,all,group:jumps,redwood-empire,4,3,,0
a_5553,2024,all,group:jumps,class-a,0,0,0,0
a_5553,2024,all,group:throws,tri-valley,2,0,0,0
a_5553,2024,all,group:throws,bay-shore,0,2,,0
a_5553,2024,all,group:throws,redwood-empire,0,0,0,0
a_5553,2024,all,group:throws,class-a,0,0,0,0
a_5553,2024,all,group:relays,tri-valley,6,0,0,0
a_5553,2024,all,group:relays,bay-shore,0,3,,0
a_5553,2024,all,group:relays,redwood-empire,0,3,,0
a_5553,2024,all,group:relays,class-a,0,0,0,0
a_5553,2024,all,all,tri-valley,27,0,0,0
a_5553,2024,all,all,bay-shore,2,15,0,0
a_5553,2024,all,all,redwood-empire,5,16,0,0
a_5553,2024,all,all,class-a,3,0,0,0
a_5553,2025,girls,100,tri-valley,1,0,0,0
a_5553,2025,girls,100,bay-shore,0,1,,0
a_5553,2025,girls,100,redwood-empire,0,1,,0
a_5553,2025,girls,100,class-a,0,0,0,0
a_5553,2025,girls,100H,tri-valley,0,0,0,0
a_5553,2025,girls,100H,bay-shore,0,1,,0
a_5553,2025,girls,100H,redwood-empire,1,0,0,0
a_5553,2025,girls,100H,class-a,0,0,0,0
a_5553,2025,girls,1600,tri-valley,0,0,0,0
a_5553,2025,girls,1600,bay-shore,0,1,,0
a_5553,2025,girls,1600,redwood-empire,1,0,0,0
a_5553,2025,girls,1600,class-a,0,0,0,0
a_5553,2025,girls,200,tri-valley,0,0,0,0
a_5553,2025,girls,200,bay-shore,0,1,,0
a_5553,2025,girls,200,redwood-empire,0,1,,0
a_5553,2025,girls,200,class-a,0,0,0,0
a_5553,2025,girls,300H,tri-valley,1,0,0,0
a_5553,2025,girls,300H,bay-shore,0,1,,0
a_5553,2025,girls,300H,redwood-empire,0,0,0,0
a_5553,2025,girls,300H,class-a,0,0,0,0
a_5553,2025,girls,3200,tri-valley,0,0,0,0
a_5553,2025,girls,3200,bay-shore,0,0,0,0
a_5553,2025,girls,3200,redwood-empire,0,0,0,0
a_5553,2025,girls,3200,class-a,0,0,0,0
a_5553,2025,girls,400,tri-valley,1,0,0,0
a_5553,2025,girls,400,bay-shore,0,1,,0
a_5553,2025,girls,400,redwood-empire,0,1,,0
a_5553,2025,girls,400,class-a,1,0,0,0
a_5553,2025,girls,4x100,tri-valley,1,0,0,0
a_5553,2025,girls,4x100,bay-shore,0,0,0,0
a_5553,2025,girls,4x100,redwood-empire,0,1,,0
a_5553,2025,girls,4x100,class-a,0,0,0,0
a_5553,2025,girls,4x400,tri-valley,1,0,0,0
a_5553,2025,girls,4x400,bay-shore,0,1,,0
a_5553,2025,girls,4x400,redwood-empire,0,1,,0
a_5553,2025,girls,4x400,class-a,1,0,0,0
a_5553,2025,girls,800,tri-valley,1,0,0,0
a_5553,2025,girls,800,bay-shore,0,1,,0
a_5553,2025,girls,800,redwood-empire,0,0,0,0
a_5553,2025,girls,800,class-a,0,0,0,0
a_5553,2025,girls,DT,tri-valley,0,0,0,0
a_5553,2025,girls,DT,bay-shore,0,1,,0
a_5553,2025,girls,DT,redwood-empire,0,0,0,0
a_5553,2025,girls,DT,class-a,0,0,0,0
a_5553,2025,girls,HJ,tri-valley,3,0,0,0
a_5553,2025,girls,HJ,bay-shore,3,0,0,0
a_5553,2025,girls,HJ,redwood-empire,0,2,,0
a_5553,2025,girls,HJ,class-a,3,0,0,0
a_5553,2025,girls,LJ,tri-valley,1,0,0,0
a_5553,2025,girls,LJ,bay-shore,1,0,0,0
a_5553,2025,girls,LJ,redwood-empire,0,1,,0
a_5553,2025,girls,LJ,class-a,0,0,0,0
a_5553,2025,girls,PV,tri-valley,0,0,0,0
a_5553,2025,girls,PV,bay-shore,0,0,0,0
a_5553,2025,girls,PV,redwood-empire,0,0,0,0
a_5553,2025,girls,PV,class-a,0,0,0,0
a_5553,2025,girls,SP,tri-valley,0,0,0,0
a_5553,2025,girls,SP,bay-shore,0,1,,0
a_5553,2025,girls,SP,redwood-empire,0,0,0,0
a_5553,2025,girls,SP,class-a,1,0,0,0
a_5553,2025,girls,TJ,tri-valley,0,0,0,0
a_5553,2025,girls,TJ,bay-shore,1,0,0,0
a_5553,2025,girls,TJ,redwood-empire,0,1,,0
a_5553,2025,girls,TJ,class-a,0,0,0,0
a_5553,2025,girls,group:sprints_hurdles,tri-valley,2,0,0,0
a_5553,2025,girls,group:sprints_hurdles,bay-shore,0,4,,0
a_5553,2025,girls,group:sprints_hurdles,redwood-empire,1,2,,0
a_5553,2025,girls,group:sprints_hurdles,class-a,0,0,0,0
a_5553,2025,girls,group:400_800,tri-valley,2,0,0,0
a_5553,2025,girls,group:400_800,bay-shore,0,2,,0
a_5553,2025,girls,group:400_800,redwood-empire,0,1,,0
a_5553,2025,girls,group:400_800,class-a,1,0,0,0
a_5553,2025,girls,group:distance,tri-valley,0,0,0,0
a_5553,2025,girls,group:distance,bay-shore,0,1,,0
a_5553,2025,girls,group:distance,redwood-empire,1,0,0,0
a_5553,2025,girls,group:distance,class-a,0,0,0,0
a_5553,2025,girls,group:jumps,tri-valley,4,0,0,0
a_5553,2025,girls,group:jumps,bay-shore,5,0,0,0
a_5553,2025,girls,group:jumps,redwood-empire,0,4,,0
a_5553,2025,girls,group:jumps,class-a,3,0,0,0
a_5553,2025,girls,group:throws,tri-valley,0,0,0,0
a_5553,2025,girls,group:throws,bay-shore,0,2,,0
a_5553,2025,girls,group:throws,redwood-empire,0,0,0,0
a_5553,2025,girls,group:throws,class-a,1,0,0,0
a_5553,2025,girls,group:relays,tri-valley,2,0,0,0
a_5553,2025,girls,group:relays,bay-shore,0,1,,0
a_5553,2025,girls,group:relays,redwood-empire,0,2,,0
a_5553,2025,girls,group:relays,class-a,1,0,0,0
a_5553,2025,girls,all,tri-valley,10,0,0,0
a_5553,2025,girls,all,bay-shore,5,10,0,0
a_5553,2025,girls,all,redwood-empire,2,9,0,0
a_5553,2025,girls,all,class-a,6,0,0,0
a_5553,2025,boys,100,tri-valley,0,0,0,0
a_5553,2025,boys,100,bay-shore,0,0,0,0
a_5553,2025,boys,100,redwood-empire,0,0,0,0
a_5553,2025,boys,100,class-a,0,0,0,0
a_5553,2025,boys,110H,tri-valley,0,0,0,0
a_5553,2025,boys,110H,bay-shore,1,0,0,0
a_5553,2025,boys,110H,redwood-empire,0,1,,0
a_5553,2025,boys,110H,class-a,0,0,0,0
a_5553,2025,boys,1600,tri-valley,1,0,0,0
a_5553,2025,boys,1600,bay-shore,0,1,,0
a_5553,2025,boys,1600,redwood-empire,0,0,0,0
a_5553,2025,boys,1600,class-a,0,0,0,0
a_5553,2025,boys,200,tri-valley,0,0,0,0
a_5553,2025,boys,200,bay-shore,0,0,0,0
a_5553,2025,boys,200,redwood-empire,0,0,0,0
a_5553,2025,boys,200,class-a,0,0,0,0
a_5553,2025,boys,300H,tri-valley,0,0,0,0
a_5553,2025,boys,300H,bay-shore,0,1,,0
a_5553,2025,boys,300H,redwood-empire,0,1,,0
a_5553,2025,boys,300H,class-a,0,0,0,0
a_5553,2025,boys,3200,tri-valley,1,0,0,0
a_5553,2025,boys,3200,bay-shore,0,1,,0
a_5553,2025,boys,3200,redwood-empire,0,0,0,0
a_5553,2025,boys,3200,class-a,0,0,0,0
a_5553,2025,boys,400,tri-valley,2,0,0,0
a_5553,2025,boys,400,bay-shore,0,1,,0
a_5553,2025,boys,400,redwood-empire,0,1,,0
a_5553,2025,boys,400,class-a,0,0,0,0
a_5553,2025,boys,4x100,tri-valley,0,0,0,0
a_5553,2025,boys,4x100,bay-shore,0,0,0,0
a_5553,2025,boys,4x100,redwood-empire,0,0,0,0
a_5553,2025,boys,4x100,class-a,0,0,0,0
a_5553,2025,boys,4x400,tri-valley,2,0,0,0
a_5553,2025,boys,4x400,bay-shore,0,1,,0
a_5553,2025,boys,4x400,redwood-empire,0,1,,0
a_5553,2025,boys,4x400,class-a,0,0,0,0
a_5553,2025,boys,800,tri-valley,0,0,0,0
a_5553,2025,boys,800,bay-shore,0,0,0,0
a_5553,2025,boys,800,redwood-empire,0,0,0,0
a_5553,2025,boys,800,class-a,0,0,0,0
a_5553,2025,boys,DT,tri-valley,1,0,0,0
a_5553,2025,boys,DT,bay-shore,0,1,,0
a_5553,2025,boys,DT,redwood-empire,0,0,0,0
a_5553,2025,boys,DT,class-a,0,0,0,0
a_5553,2025,boys,HJ,tri-valley,0,0,0,0
a_5553,2025,boys,HJ,bay-shore,0,1,,0
a_5553,2025,boys,HJ,redwood-empire,0,0,0,0
a_5553,2025,boys,HJ,class-a,0,0,0,0
a_5553,2025,boys,LJ,tri-valley,2,0,0,0
a_5553,2025,boys,LJ,bay-shore,0,1,,0
a_5553,2025,boys,LJ,redwood-empire,0,1,,0
a_5553,2025,boys,LJ,class-a,0,0,0,0
a_5553,2025,boys,PV,tri-valley,3,0,0,0
a_5553,2025,boys,PV,bay-shore,0,1,,0
a_5553,2025,boys,PV,redwood-empire,0,1,,0
a_5553,2025,boys,PV,class-a,0,0,0,0
a_5553,2025,boys,SP,tri-valley,0,0,0,0
a_5553,2025,boys,SP,bay-shore,0,0,0,0
a_5553,2025,boys,SP,redwood-empire,0,0,0,0
a_5553,2025,boys,SP,class-a,0,0,0,0
a_5553,2025,boys,TJ,tri-valley,0,0,0,0
a_5553,2025,boys,TJ,bay-shore,1,0,0,0
a_5553,2025,boys,TJ,redwood-empire,0,1,,0
a_5553,2025,boys,TJ,class-a,0,0,0,0
a_5553,2025,boys,group:sprints_hurdles,tri-valley,0,0,0,0
a_5553,2025,boys,group:sprints_hurdles,bay-shore,1,1,,0
a_5553,2025,boys,group:sprints_hurdles,redwood-empire,0,2,,0
a_5553,2025,boys,group:sprints_hurdles,class-a,0,0,0,0
a_5553,2025,boys,group:400_800,tri-valley,2,0,0,0
a_5553,2025,boys,group:400_800,bay-shore,0,1,,0
a_5553,2025,boys,group:400_800,redwood-empire,0,1,,0
a_5553,2025,boys,group:400_800,class-a,0,0,0,0
a_5553,2025,boys,group:distance,tri-valley,2,0,0,0
a_5553,2025,boys,group:distance,bay-shore,0,2,,0
a_5553,2025,boys,group:distance,redwood-empire,0,0,0,0
a_5553,2025,boys,group:distance,class-a,0,0,0,0
a_5553,2025,boys,group:jumps,tri-valley,5,0,0,0
a_5553,2025,boys,group:jumps,bay-shore,1,3,,0
a_5553,2025,boys,group:jumps,redwood-empire,0,3,,0
a_5553,2025,boys,group:jumps,class-a,0,0,0,0
a_5553,2025,boys,group:throws,tri-valley,1,0,0,0
a_5553,2025,boys,group:throws,bay-shore,0,1,,0
a_5553,2025,boys,group:throws,redwood-empire,0,0,0,0
a_5553,2025,boys,group:throws,class-a,0,0,0,0
a_5553,2025,boys,group:relays,tri-valley,2,0,0,0
a_5553,2025,boys,group:relays,bay-shore,0,1,,0
a_5553,2025,boys,group:relays,redwood-empire,0,1,,0
a_5553,2025,boys,group:relays,class-a,0,0,0,0
a_5553,2025,boys,all,tri-valley,12,0,0,0
a_5553,2025,boys,all,bay-shore,2,9,0,0
a_5553,2025,boys,all,redwood-empire,0,7,0,0
a_5553,2025,boys,all,class-a,0,0,0,0
a_5553,2025,all,100,tri-valley,1,0,0,0
a_5553,2025,all,100,bay-shore,0,1,,0
a_5553,2025,all,100,redwood-empire,0,1,,0
a_5553,2025,all,100,class-a,0,0,0,0
a_5553,2025,all,100H,tri-valley,0,0,0,0
a_5553,2025,all,100H,bay-shore,0,1,,0
a_5553,2025,all,100H,redwood-empire,1,0,0,0
a_5553,2025,all,100H,class-a,0,0,0,0
a_5553,2025,all,110H,tri-valley,0,0,0,0
a_5553,2025,all,110H,bay-shore,1,0,0,0
a_5553,2025,all,110H,redwood-empire,0,1,,0
a_5553,2025,all,110H,class-a,0,0,0,0
a_5553,2025,all,1600,tri-valley,1,0,0,0
a_5553,2025,all,1600,bay-shore,0,2,,0
a_5553,2025,all,1600,redwood-empire,1,0,0,0
a_5553,2025,all,1600,class-a,0,0,0,0
a_5553,2025,all,200,tri-valley,0,0,0,0
a_5553,2025,all,200,bay-shore,0,1,,0
a_5553,2025,all,200,redwood-empire,0,1,,0
a_5553,2025,all,200,class-a,0,0,0,0
a_5553,2025,all,300H,tri-valley,1,0,0,0
a_5553,2025,all,300H,bay-shore,0,2,,0
a_5553,2025,all,300H,redwood-empire,0,1,,0
a_5553,2025,all,300H,class-a,0,0,0,0
a_5553,2025,all,3200,tri-valley,1,0,0,0
a_5553,2025,all,3200,bay-shore,0,1,,0
a_5553,2025,all,3200,redwood-empire,0,0,0,0
a_5553,2025,all,3200,class-a,0,0,0,0
a_5553,2025,all,400,tri-valley,3,0,0,0
a_5553,2025,all,400,bay-shore,0,2,,0
a_5553,2025,all,400,redwood-empire,0,2,,0
a_5553,2025,all,400,class-a,1,0,0,0
a_5553,2025,all,4x100,tri-valley,1,0,0,0
a_5553,2025,all,4x100,bay-shore,0,0,0,0
a_5553,2025,all,4x100,redwood-empire,0,1,,0
a_5553,2025,all,4x100,class-a,0,0,0,0
a_5553,2025,all,4x400,tri-valley,3,0,0,0
a_5553,2025,all,4x400,bay-shore,0,2,,0
a_5553,2025,all,4x400,redwood-empire,0,2,,0
a_5553,2025,all,4x400,class-a,1,0,0,0
a_5553,2025,all,800,tri-valley,1,0,0,0
a_5553,2025,all,800,bay-shore,0,1,,0
a_5553,2025,all,800,redwood-empire,0,0,0,0
a_5553,2025,all,800,class-a,0,0,0,0
a_5553,2025,all,DT,tri-valley,1,0,0,0
a_5553,2025,all,DT,bay-shore,0,2,,0
a_5553,2025,all,DT,redwood-empire,0,0,0,0
a_5553,2025,all,DT,class-a,0,0,0,0
a_5553,2025,all,HJ,tri-valley,3,0,0,0
a_5553,2025,all,HJ,bay-shore,3,1,,0
a_5553,2025,all,HJ,redwood-empire,0,2,,0
a_5553,2025,all,HJ,class-a,3,0,0,0
a_5553,2025,all,LJ,tri-valley,3,0,0,0
a_5553,2025,all,LJ,bay-shore,1,1,,0
a_5553,2025,all,LJ,redwood-empire,0,2,,0
a_5553,2025,all,LJ,class-a,0,0,0,0
a_5553,2025,all,PV,tri-valley,3,0,0,0
a_5553,2025,all,PV,bay-shore,0,1,,0
a_5553,2025,all,PV,redwood-empire,0,1,,0
a_5553,2025,all,PV,class-a,0,0,0,0
a_5553,2025,all,SP,tri-valley,0,0,0,0
a_5553,2025,all,SP,bay-shore,0,1,,0
a_5553,2025,all,SP,redwood-empire,0,0,0,0
a_5553,2025,all,SP,class-a,1,0,0,0
a_5553,2025,all,TJ,tri-valley,0,0,0,0
a_5553,2025,all,TJ,bay-shore,2,0,0,0
a_5553,2025,all,TJ,redwood-empire,0,2,,0
a_5553,2025,all,TJ,class-a,0,0,0,0
a_5553,2025,all,group:sprints_hurdles,tri-valley,2,0,0,0
a_5553,2025,all,group:sprints_hurdles,bay-shore,1,5,0,0
a_5553,2025,all,group:sprints_hurdles,redwood-empire,1,4,,0
a_5553,2025,all,group:sprints_hurdles,class-a,0,0,0,0
a_5553,2025,all,group:400_800,tri-valley,4,0,0,0
a_5553,2025,all,group:400_800,bay-shore,0,3,,0
a_5553,2025,all,group:400_800,redwood-empire,0,2,,0
a_5553,2025,all,group:400_800,class-a,1,0,0,0
a_5553,2025,all,group:distance,tri-valley,2,0,0,0
a_5553,2025,all,group:distance,bay-shore,0,3,,0
a_5553,2025,all,group:distance,redwood-empire,1,0,0,0
a_5553,2025,all,group:distance,class-a,0,0,0,0
a_5553,2025,all,group:jumps,tri-valley,9,0,0,0
a_5553,2025,all,group:jumps,bay-shore,6,3,,0
a_5553,2025,all,group:jumps,redwood-empire,0,7,0,0
a_5553,2025,all,group:jumps,class-a,3,0,0,0
a_5553,2025,all,group:throws,tri-valley,1,0,0,0
a_5553,2025,all,group:throws,bay-shore,0,3,,0
a_5553,2025,all,group:throws,redwood-empire,0,0,0,0
a_5553,2025,all,group:throws,class-a,1,0,0,0
a_5553,2025,all,group:relays,tri-valley,4,0,0,0
a_5553,2025,all,group:relays,bay-shore,0,2,,0
a_5553,2025,all,group:relays,redwood-empire,0,3,,0
a_5553,2025,all,group:relays,class-a,1,0,0,0
a_5553,2025,all,all,tri-valley,22,0,0,0
a_5553,2025,all,all,bay-shore,7,19,0,0
a_5553,2025,all,all,redwood-empire,2,16,0,0
a_5553,2025,all,all,class-a,6,0,0,0
a_5553,2026,girls,100,tri-valley,1,0,0,0
a_5553,2026,girls,100,bay-shore,0,0,0,0
a_5553,2026,girls,100,redwood-empire,0,1,,0
a_5553,2026,girls,100,class-a,0,0,0,0
a_5553,2026,girls,100H,tri-valley,2,0,0,0
a_5553,2026,girls,100H,bay-shore,0,1,,0
a_5553,2026,girls,100H,redwood-empire,0,1,,0
a_5553,2026,girls,100H,class-a,0,0,0,0
a_5553,2026,girls,1600,tri-valley,0,0,0,0
a_5553,2026,girls,1600,bay-shore,0,1,,0
a_5553,2026,girls,1600,redwood-empire,0,0,0,0
a_5553,2026,girls,1600,class-a,0,0,0,0
a_5553,2026,girls,200,tri-valley,1,0,0,0
a_5553,2026,girls,200,bay-shore,0,0,0,0
a_5553,2026,girls,200,redwood-empire,0,1,,0
a_5553,2026,girls,200,class-a,0,0,0,0
a_5553,2026,girls,300H,tri-valley,0,0,0,0
a_5553,2026,girls,300H,bay-shore,0,1,,0
a_5553,2026,girls,300H,redwood-empire,0,1,,0
a_5553,2026,girls,300H,class-a,0,0,0,0
a_5553,2026,girls,3200,tri-valley,2,0,0,0
a_5553,2026,girls,3200,bay-shore,0,1,,0
a_5553,2026,girls,3200,redwood-empire,0,1,,0
a_5553,2026,girls,3200,class-a,0,0,0,0
a_5553,2026,girls,400,tri-valley,2,0,0,0
a_5553,2026,girls,400,bay-shore,0,1,,0
a_5553,2026,girls,400,redwood-empire,0,1,,0
a_5553,2026,girls,400,class-a,0,0,0,0
a_5553,2026,girls,4x100,tri-valley,1,0,0,0
a_5553,2026,girls,4x100,bay-shore,0,1,,0
a_5553,2026,girls,4x100,redwood-empire,0,0,0,0
a_5553,2026,girls,4x100,class-a,0,0,0,0
a_5553,2026,girls,4x400,tri-valley,1,0,0,0
a_5553,2026,girls,4x400,bay-shore,0,1,,0
a_5553,2026,girls,4x400,redwood-empire,0,0,0,0
a_5553,2026,girls,4x400,class-a,0,0,0,0
a_5553,2026,girls,800,tri-valley,2,0,0,0
a_5553,2026,girls,800,bay-shore,0,1,,0
a_5553,2026,girls,800,redwood-empire,0,1,,0
a_5553,2026,girls,800,class-a,0,0,0,0
a_5553,2026,girls,DT,tri-valley,1,0,0,0
a_5553,2026,girls,DT,bay-shore,0,0,0,0
a_5553,2026,girls,DT,redwood-empire,0,0,0,0
a_5553,2026,girls,DT,class-a,0,0,0,0
a_5553,2026,girls,HJ,tri-valley,0,0,0,0
a_5553,2026,girls,HJ,bay-shore,0,0,0,0
a_5553,2026,girls,HJ,redwood-empire,0,0,0,0
a_5553,2026,girls,HJ,class-a,0,0,0,0
a_5553,2026,girls,LJ,tri-valley,0,1,,0
a_5553,2026,girls,LJ,bay-shore,1,0,0,0
a_5553,2026,girls,LJ,redwood-empire,1,0,0,0
a_5553,2026,girls,LJ,class-a,0,0,0,0
a_5553,2026,girls,PV,tri-valley,0,0,0,0
a_5553,2026,girls,PV,bay-shore,0,1,,0
a_5553,2026,girls,PV,redwood-empire,0,0,0,0
a_5553,2026,girls,PV,class-a,0,0,0,0
a_5553,2026,girls,SP,tri-valley,1,0,0,0
a_5553,2026,girls,SP,bay-shore,0,0,0,0
a_5553,2026,girls,SP,redwood-empire,0,1,,0
a_5553,2026,girls,SP,class-a,0,0,0,0
a_5553,2026,girls,TJ,tri-valley,0,0,0,0
a_5553,2026,girls,TJ,bay-shore,0,0,0,0
a_5553,2026,girls,TJ,redwood-empire,0,0,0,0
a_5553,2026,girls,TJ,class-a,0,0,0,0
a_5553,2026,girls,group:sprints_hurdles,tri-valley,4,0,0,0
a_5553,2026,girls,group:sprints_hurdles,bay-shore,0,2,,0
a_5553,2026,girls,group:sprints_hurdles,redwood-empire,0,4,,0
a_5553,2026,girls,group:sprints_hurdles,class-a,0,0,0,0
a_5553,2026,girls,group:400_800,tri-valley,4,0,0,0
a_5553,2026,girls,group:400_800,bay-shore,0,2,,0
a_5553,2026,girls,group:400_800,redwood-empire,0,2,,0
a_5553,2026,girls,group:400_800,class-a,0,0,0,0
a_5553,2026,girls,group:distance,tri-valley,2,0,0,0
a_5553,2026,girls,group:distance,bay-shore,0,2,,0
a_5553,2026,girls,group:distance,redwood-empire,0,1,,0
a_5553,2026,girls,group:distance,class-a,0,0,0,0
a_5553,2026,girls,group:jumps,tri-valley,0,1,,0
a_5553,2026,girls,group:jumps,bay-shore,1,1,,0
a_5553,2026,girls,group:jumps,redwood-empire,1,0,0,0
a_5553,2026,girls,group:jumps,class-a,0,0,0,0
a_5553,2026,girls,group:throws,tri-valley,2,0,0,0
a_5553,2026,girls,group:throws,bay-shore,0,0,0,0
a_5553,2026,girls,group:throws,redwood-empire,0,1,,0
a_5553,2026,girls,group:throws,class-a,0,0,0,0
a_5553,2026,girls,group:relays,tri-valley,2,0,0,0
a_5553,2026,girls,group:relays,bay-shore,0,2,,0
a_5553,2026,girls,group:relays,redwood-empire,0,0,0,0
a_5553,2026,girls,group:relays,class-a,0,0,0,0
a_5553,2026,girls,all,tri-valley,14,1,,0
a_5553,2026,girls,all,bay-shore,1,9,0,0
a_5553,2026,girls,all,redwood-empire,1,8,0,0
a_5553,2026,girls,all,class-a,0,0,0,0
a_5553,2026,boys,100,tri-valley,3,0,0,0
a_5553,2026,boys,100,bay-shore,0,0,0,0
a_5553,2026,boys,100,redwood-empire,0,1,,0
a_5553,2026,boys,100,class-a,0,0,0,0
a_5553,2026,boys,110H,tri-valley,2,0,0,0
a_5553,2026,boys,110H,bay-shore,0,1,,0
a_5553,2026,boys,110H,redwood-empire,0,1,,0
a_5553,2026,boys,110H,class-a,0,0,0,0
a_5553,2026,boys,1600,tri-valley,0,0,0,0
a_5553,2026,boys,1600,bay-shore,0,1,,0
a_5553,2026,boys,1600,redwood-empire,0,0,0,0
a_5553,2026,boys,1600,class-a,0,0,0,0
a_5553,2026,boys,200,tri-valley,0,0,0,0
a_5553,2026,boys,200,bay-shore,0,0,0,0
a_5553,2026,boys,200,redwood-empire,0,1,,0
a_5553,2026,boys,200,class-a,0,0,0,0
a_5553,2026,boys,300H,tri-valley,0,0,0,0
a_5553,2026,boys,300H,bay-shore,0,1,,0
a_5553,2026,boys,300H,redwood-empire,0,1,,0
a_5553,2026,boys,300H,class-a,1,0,0,0
a_5553,2026,boys,3200,tri-valley,1,0,0,0
a_5553,2026,boys,3200,bay-shore,0,0,0,0
a_5553,2026,boys,3200,redwood-empire,0,1,,0
a_5553,2026,boys,3200,class-a,0,0,0,0
a_5553,2026,boys,400,tri-valley,0,0,0,0
a_5553,2026,boys,400,bay-shore,0,0,0,0
a_5553,2026,boys,400,redwood-empire,0,0,0,0
a_5553,2026,boys,400,class-a,0,0,0,0
a_5553,2026,boys,4x100,tri-valley,1,0,0,0
a_5553,2026,boys,4x100,bay-shore,0,0,0,0
a_5553,2026,boys,4x100,redwood-empire,0,0,0,0
a_5553,2026,boys,4x100,class-a,0,0,0,0
a_5553,2026,boys,4x400,tri-valley,2,0,0,0
a_5553,2026,boys,4x400,bay-shore,0,1,,0
a_5553,2026,boys,4x400,redwood-empire,0,1,,0
a_5553,2026,boys,4x400,class-a,0,0,0,0
a_5553,2026,boys,800,tri-valley,0,0,0,0
a_5553,2026,boys,800,bay-shore,0,1,,0
a_5553,2026,boys,800,redwood-empire,0,0,0,0
a_5553,2026,boys,800,class-a,0,0,0,0
a_5553,2026,boys,DT,tri-valley,1,0,0,0
a_5553,2026,boys,DT,bay-shore,0,1,,0
a_5553,2026,boys,DT,redwood-empire,0,0,0,0
a_5553,2026,boys,DT,class-a,0,0,0,0
a_5553,2026,boys,HJ,tri-valley,0,0,0,0
a_5553,2026,boys,HJ,bay-shore,0,1,,0
a_5553,2026,boys,HJ,redwood-empire,0,0,0,0
a_5553,2026,boys,HJ,class-a,1,0,0,0
a_5553,2026,boys,LJ,tri-valley,0,0,0,0
a_5553,2026,boys,LJ,bay-shore,0,0,0,0
a_5553,2026,boys,LJ,redwood-empire,0,0,0,0
a_5553,2026,boys,LJ,class-a,0,0,0,0
a_5553,2026,boys,PV,tri-valley,1,0,0,0
a_5553,2026,boys,PV,bay-shore,0,1,,0
a_5553,2026,boys,PV,redwood-empire,0,1,,0
a_5553,2026,boys,PV,class-a,0,0,0,0
a_5553,2026,boys,SP,tri-valley,1,0,0,0
a_5553,2026,boys,SP,bay-shore,0,1,,0
a_5553,2026,boys,SP,redwood-empire,0,0,0,0
a_5553,2026,boys,SP,class-a,0,0,0,0
a_5553,2026,boys,TJ,tri-valley,1,0,0,0
a_5553,2026,boys,TJ,bay-shore,0,1,,0
a_5553,2026,boys,TJ,redwood-empire,0,0,0,0
a_5553,2026,boys,TJ,class-a,0,0,0,0
a_5553,2026,boys,group:sprints_hurdles,tri-valley,5,0,0,0
a_5553,2026,boys,group:sprints_hurdles,bay-shore,0,2,,0
a_5553,2026,boys,group:sprints_hurdles,redwood-empire,0,4,,0
a_5553,2026,boys,group:sprints_hurdles,class-a,1,0,0,0
a_5553,2026,boys,group:400_800,tri-valley,0,0,0,0
a_5553,2026,boys,group:400_800,bay-shore,0,1,,0
a_5553,2026,boys,group:400_800,redwood-empire,0,0,0,0
a_5553,2026,boys,group:400_800,class-a,0,0,0,0
a_5553,2026,boys,group:distance,tri-valley,1,0,0,0
a_5553,2026,boys,group:distance,bay-shore,0,1,,0
a_5553,2026,boys,group:distance,redwood-empire,0,1,,0
a_5553,2026,boys,group:distance,class-a,0,0,0,0
a_5553,2026,boys,group:jumps,tri-valley,2,0,0,0
a_5553,2026,boys,group:jumps,bay-shore,0,3,,0
a_5553,2026,boys,group:jumps,redwood-empire,0,1,,0
a_5553,2026,boys,group:jumps,class-a,1,0,0,0
a_5553,2026,boys,group:throws,tri-valley,2,0,0,0
a_5553,2026,boys,group:throws,bay-shore,0,2,,0
a_5553,2026,boys,group:throws,redwood-empire,0,0,0,0
a_5553,2026,boys,group:throws,class-a,0,0,0,0
a_5553,2026,boys,group:relays,tri-valley,3,0,0,0
a_5553,2026,boys,group:relays,bay-shore,0,1,,0
a_5553,2026,boys,group:relays,redwood-empire,0,1,,0
a_5553,2026,boys,group:relays,class-a,0,0,0,0
a_5553,2026,boys,all,tri-valley,13,0,0,0
a_5553,2026,boys,all,bay-shore,0,10,0,0
a_5553,2026,boys,all,redwood-empire,0,7,0,0
a_5553,2026,boys,all,class-a,2,0,0,0
a_5553,2026,all,100,tri-valley,4,0,0,0
a_5553,2026,all,100,bay-shore,0,0,0,0
a_5553,2026,all,100,redwood-empire,0,2,,0
a_5553,2026,all,100,class-a,0,0,0,0
a_5553,2026,all,100H,tri-valley,2,0,0,0
a_5553,2026,all,100H,bay-shore,0,1,,0
a_5553,2026,all,100H,redwood-empire,0,1,,0
a_5553,2026,all,100H,class-a,0,0,0,0
a_5553,2026,all,110H,tri-valley,2,0,0,0
a_5553,2026,all,110H,bay-shore,0,1,,0
a_5553,2026,all,110H,redwood-empire,0,1,,0
a_5553,2026,all,110H,class-a,0,0,0,0
a_5553,2026,all,1600,tri-valley,0,0,0,0
a_5553,2026,all,1600,bay-shore,0,2,,0
a_5553,2026,all,1600,redwood-empire,0,0,0,0
a_5553,2026,all,1600,class-a,0,0,0,0
a_5553,2026,all,200,tri-valley,1,0,0,0
a_5553,2026,all,200,bay-shore,0,0,0,0
a_5553,2026,all,200,redwood-empire,0,2,,0
a_5553,2026,all,200,class-a,0,0,0,0
a_5553,2026,all,300H,tri-valley,0,0,0,0
a_5553,2026,all,300H,bay-shore,0,2,,0
a_5553,2026,all,300H,redwood-empire,0,2,,0
a_5553,2026,all,300H,class-a,1,0,0,0
a_5553,2026,all,3200,tri-valley,3,0,0,0
a_5553,2026,all,3200,bay-shore,0,1,,0
a_5553,2026,all,3200,redwood-empire,0,2,,0
a_5553,2026,all,3200,class-a,0,0,0,0
a_5553,2026,all,400,tri-valley,2,0,0,0
a_5553,2026,all,400,bay-shore,0,1,,0
a_5553,2026,all,400,redwood-empire,0,1,,0
a_5553,2026,all,400,class-a,0,0,0,0
a_5553,2026,all,4x100,tri-valley,2,0,0,0
a_5553,2026,all,4x100,bay-shore,0,1,,0
a_5553,2026,all,4x100,redwood-empire,0,0,0,0
a_5553,2026,all,4x100,class-a,0,0,0,0
a_5553,2026,all,4x400,tri-valley,3,0,0,0
a_5553,2026,all,4x400,bay-shore,0,2,,0
a_5553,2026,all,4x400,redwood-empire,0,1,,0
a_5553,2026,all,4x400,class-a,0,0,0,0
a_5553,2026,all,800,tri-valley,2,0,0,0
a_5553,2026,all,800,bay-shore,0,2,,0
a_5553,2026,all,800,redwood-empire,0,1,,0
a_5553,2026,all,800,class-a,0,0,0,0
a_5553,2026,all,DT,tri-valley,2,0,0,0
a_5553,2026,all,DT,bay-shore,0,1,,0
a_5553,2026,all,DT,redwood-empire,0,0,0,0
a_5553,2026,all,DT,class-a,0,0,0,0
a_5553,2026,all,HJ,tri-valley,0,0,0,0
a_5553,2026,all,HJ,bay-shore,0,1,,0
a_5553,2026,all,HJ,redwood-empire,0,0,0,0
a_5553,2026,all,HJ,class-a,1,0,0,0
a_5553,2026,all,LJ,tri-valley,0,1,,0
a_5553,2026,all,LJ,bay-shore,1,0,0,0
a_5553,2026,all,LJ,redwood-empire,1,0,0,0
a_5553,2026,all,LJ,class-a,0,0,0,0
a_5553,2026,all,PV,tri-valley,1,0,0,0
a_5553,2026,all,PV,bay-shore,0,2,,0
a_5553,2026,all,PV,redwood-empire,0,1,,0
a_5553,2026,all,PV,class-a,0,0,0,0
a_5553,2026,all,SP,tri-valley,2,0,0,0
a_5553,2026,all,SP,bay-shore,0,1,,0
a_5553,2026,all,SP,redwood-empire,0,1,,0
a_5553,2026,all,SP,class-a,0,0,0,0
a_5553,2026,all,TJ,tri-valley,1,0,0,0
a_5553,2026,all,TJ,bay-shore,0,1,,0
a_5553,2026,all,TJ,redwood-empire,0,0,0,0
a_5553,2026,all,TJ,class-a,0,0,0,0
a_5553,2026,all,group:sprints_hurdles,tri-valley,9,0,0,0
a_5553,2026,all,group:sprints_hurdles,bay-shore,0,4,,0
a_5553,2026,all,group:sprints_hurdles,redwood-empire,0,8,0,0
a_5553,2026,all,group:sprints_hurdles,class-a,1,0,0,0
a_5553,2026,all,group:400_800,tri-valley,4,0,0,0
a_5553,2026,all,group:400_800,bay-shore,0,3,,0
a_5553,2026,all,group:400_800,redwood-empire,0,2,,0
a_5553,2026,all,group:400_800,class-a,0,0,0,0
a_5553,2026,all,group:distance,tri-valley,3,0,0,0
a_5553,2026,all,group:distance,bay-shore,0,3,,0
a_5553,2026,all,group:distance,redwood-empire,0,2,,0
a_5553,2026,all,group:distance,class-a,0,0,0,0
a_5553,2026,all,group:jumps,tri-valley,2,1,,0
a_5553,2026,all,group:jumps,bay-shore,1,4,,0
a_5553,2026,all,group:jumps,redwood-empire,1,1,,0
a_5553,2026,all,group:jumps,class-a,1,0,0,0
a_5553,2026,all,group:throws,tri-valley,4,0,0,0
a_5553,2026,all,group:throws,bay-shore,0,2,,0
a_5553,2026,all,group:throws,redwood-empire,0,1,,0
a_5553,2026,all,group:throws,class-a,0,0,0,0
a_5553,2026,all,group:relays,tri-valley,5,0,0,0
a_5553,2026,all,group:relays,bay-shore,0,3,,0
a_5553,2026,all,group:relays,redwood-empire,0,1,,0
a_5553,2026,all,group:relays,class-a,0,0,0,0
a_5553,2026,all,all,tri-valley,27,1,,0
a_5553,2026,all,all,bay-shore,1,19,0,0
a_5553,2026,all,all,redwood-empire,1,15,0,0
a_5553,2026,all,all,class-a,2,0,0,0
a_5553,2022-2026 pooled,girls,100,tri-valley,6,0,0,0
a_5553,2022-2026 pooled,girls,100,bay-shore,1,2,,0
a_5553,2022-2026 pooled,girls,100,redwood-empire,0,5,0,0
a_5553,2022-2026 pooled,girls,100,class-a,0,0,0,0
a_5553,2022-2026 pooled,girls,100H,tri-valley,5,0,0,0
a_5553,2022-2026 pooled,girls,100H,bay-shore,0,4,,0
a_5553,2022-2026 pooled,girls,100H,redwood-empire,2,2,,0
a_5553,2022-2026 pooled,girls,100H,class-a,0,0,0,0
a_5553,2022-2026 pooled,girls,1600,tri-valley,2,0,0,0
a_5553,2022-2026 pooled,girls,1600,bay-shore,0,5,0,0
a_5553,2022-2026 pooled,girls,1600,redwood-empire,1,1,,0
a_5553,2022-2026 pooled,girls,1600,class-a,0,0,0,0
a_5553,2022-2026 pooled,girls,200,tri-valley,3,0,0,1
a_5553,2022-2026 pooled,girls,200,bay-shore,0,2,,0
a_5553,2022-2026 pooled,girls,200,redwood-empire,1,4,,0
a_5553,2022-2026 pooled,girls,200,class-a,1,0,0,0
a_5553,2022-2026 pooled,girls,300H,tri-valley,5,0,0,0
a_5553,2022-2026 pooled,girls,300H,bay-shore,0,4,,0
a_5553,2022-2026 pooled,girls,300H,redwood-empire,0,3,,0
a_5553,2022-2026 pooled,girls,300H,class-a,0,0,0,0
a_5553,2022-2026 pooled,girls,3200,tri-valley,2,0,0,0
a_5553,2022-2026 pooled,girls,3200,bay-shore,0,4,,0
a_5553,2022-2026 pooled,girls,3200,redwood-empire,1,1,,0
a_5553,2022-2026 pooled,girls,3200,class-a,2,0,0,0
a_5553,2022-2026 pooled,girls,400,tri-valley,6,0,0,0
a_5553,2022-2026 pooled,girls,400,bay-shore,0,3,,0
a_5553,2022-2026 pooled,girls,400,redwood-empire,0,4,,0
a_5553,2022-2026 pooled,girls,400,class-a,1,0,0,0
a_5553,2022-2026 pooled,girls,4x100,tri-valley,6,0,0,0
a_5553,2022-2026 pooled,girls,4x100,bay-shore,0,3,,0
a_5553,2022-2026 pooled,girls,4x100,redwood-empire,0,3,,0
a_5553,2022-2026 pooled,girls,4x100,class-a,0,0,0,0
a_5553,2022-2026 pooled,girls,4x400,tri-valley,8,0,0,0
a_5553,2022-2026 pooled,girls,4x400,bay-shore,0,4,,0
a_5553,2022-2026 pooled,girls,4x400,redwood-empire,0,3,,0
a_5553,2022-2026 pooled,girls,4x400,class-a,1,0,0,0
a_5553,2022-2026 pooled,girls,800,tri-valley,8,0,0,0
a_5553,2022-2026 pooled,girls,800,bay-shore,0,5,0,0
a_5553,2022-2026 pooled,girls,800,redwood-empire,0,4,,0
a_5553,2022-2026 pooled,girls,800,class-a,0,0,0,0
a_5553,2022-2026 pooled,girls,DT,tri-valley,4,0,0,2
a_5553,2022-2026 pooled,girls,DT,bay-shore,0,3,,0
a_5553,2022-2026 pooled,girls,DT,redwood-empire,0,1,,0
a_5553,2022-2026 pooled,girls,DT,class-a,0,0,0,0
a_5553,2022-2026 pooled,girls,HJ,tri-valley,3,0,0,0
a_5553,2022-2026 pooled,girls,HJ,bay-shore,3,2,,0
a_5553,2022-2026 pooled,girls,HJ,redwood-empire,0,2,,0
a_5553,2022-2026 pooled,girls,HJ,class-a,3,0,0,0
a_5553,2022-2026 pooled,girls,LJ,tri-valley,1,1,,0
a_5553,2022-2026 pooled,girls,LJ,bay-shore,3,1,,0
a_5553,2022-2026 pooled,girls,LJ,redwood-empire,2,2,,0
a_5553,2022-2026 pooled,girls,LJ,class-a,1,0,0,0
a_5553,2022-2026 pooled,girls,PV,tri-valley,2,0,0,0
a_5553,2022-2026 pooled,girls,PV,bay-shore,0,2,,0
a_5553,2022-2026 pooled,girls,PV,redwood-empire,0,1,,0
a_5553,2022-2026 pooled,girls,PV,class-a,0,0,0,0
a_5553,2022-2026 pooled,girls,SP,tri-valley,3,0,0,0
a_5553,2022-2026 pooled,girls,SP,bay-shore,0,4,,0
a_5553,2022-2026 pooled,girls,SP,redwood-empire,2,1,,0
a_5553,2022-2026 pooled,girls,SP,class-a,1,0,0,0
a_5553,2022-2026 pooled,girls,TJ,tri-valley,0,0,0,0
a_5553,2022-2026 pooled,girls,TJ,bay-shore,1,0,0,0
a_5553,2022-2026 pooled,girls,TJ,redwood-empire,0,1,,0
a_5553,2022-2026 pooled,girls,TJ,class-a,0,0,0,0
a_5553,2022-2026 pooled,girls,group:sprints_hurdles,tri-valley,19,0,0,1
a_5553,2022-2026 pooled,girls,group:sprints_hurdles,bay-shore,1,12,0,0
a_5553,2022-2026 pooled,girls,group:sprints_hurdles,redwood-empire,3,14,0,0
a_5553,2022-2026 pooled,girls,group:sprints_hurdles,class-a,1,0,0,0
a_5553,2022-2026 pooled,girls,group:400_800,tri-valley,14,0,0,0
a_5553,2022-2026 pooled,girls,group:400_800,bay-shore,0,8,0,0
a_5553,2022-2026 pooled,girls,group:400_800,redwood-empire,0,8,0,0
a_5553,2022-2026 pooled,girls,group:400_800,class-a,1,0,0,0
a_5553,2022-2026 pooled,girls,group:distance,tri-valley,4,0,0,0
a_5553,2022-2026 pooled,girls,group:distance,bay-shore,0,9,0,0
a_5553,2022-2026 pooled,girls,group:distance,redwood-empire,2,2,,0
a_5553,2022-2026 pooled,girls,group:distance,class-a,2,0,0,0
a_5553,2022-2026 pooled,girls,group:jumps,tri-valley,6,1,,0
a_5553,2022-2026 pooled,girls,group:jumps,bay-shore,7,5,0,0
a_5553,2022-2026 pooled,girls,group:jumps,redwood-empire,2,6,0,0
a_5553,2022-2026 pooled,girls,group:jumps,class-a,4,0,0,0
a_5553,2022-2026 pooled,girls,group:throws,tri-valley,7,0,0,2
a_5553,2022-2026 pooled,girls,group:throws,bay-shore,0,7,0,0
a_5553,2022-2026 pooled,girls,group:throws,redwood-empire,2,2,,0
a_5553,2022-2026 pooled,girls,group:throws,class-a,1,0,0,0
a_5553,2022-2026 pooled,girls,group:relays,tri-valley,14,0,0,0
a_5553,2022-2026 pooled,girls,group:relays,bay-shore,0,7,0,0
a_5553,2022-2026 pooled,girls,group:relays,redwood-empire,0,6,0,0
a_5553,2022-2026 pooled,girls,group:relays,class-a,1,0,0,0
a_5553,2022-2026 pooled,girls,all,tri-valley,64,1,,3
a_5553,2022-2026 pooled,girls,all,bay-shore,8,48,0,0
a_5553,2022-2026 pooled,girls,all,redwood-empire,9,38,1,0
a_5553,2022-2026 pooled,girls,all,class-a,10,0,0,0
a_5553,2022-2026 pooled,boys,100,tri-valley,4,0,0,0
a_5553,2022-2026 pooled,boys,100,bay-shore,1,0,0,0
a_5553,2022-2026 pooled,boys,100,redwood-empire,0,4,,0
a_5553,2022-2026 pooled,boys,100,class-a,0,0,0,0
a_5553,2022-2026 pooled,boys,110H,tri-valley,3,0,0,0
a_5553,2022-2026 pooled,boys,110H,bay-shore,1,2,,0
a_5553,2022-2026 pooled,boys,110H,redwood-empire,0,3,,0
a_5553,2022-2026 pooled,boys,110H,class-a,1,0,0,0
a_5553,2022-2026 pooled,boys,1600,tri-valley,1,0,0,0
a_5553,2022-2026 pooled,boys,1600,bay-shore,1,3,,0
a_5553,2022-2026 pooled,boys,1600,redwood-empire,0,1,,0
a_5553,2022-2026 pooled,boys,1600,class-a,0,0,0,0
a_5553,2022-2026 pooled,boys,200,tri-valley,0,0,0,0
a_5553,2022-2026 pooled,boys,200,bay-shore,0,1,,0
a_5553,2022-2026 pooled,boys,200,redwood-empire,1,3,,0
a_5553,2022-2026 pooled,boys,200,class-a,0,0,0,0
a_5553,2022-2026 pooled,boys,300H,tri-valley,0,0,0,0
a_5553,2022-2026 pooled,boys,300H,bay-shore,0,3,,0
a_5553,2022-2026 pooled,boys,300H,redwood-empire,1,2,,0
a_5553,2022-2026 pooled,boys,300H,class-a,1,0,0,0
a_5553,2022-2026 pooled,boys,3200,tri-valley,3,0,0,0
a_5553,2022-2026 pooled,boys,3200,bay-shore,1,1,,0
a_5553,2022-2026 pooled,boys,3200,redwood-empire,0,3,,0
a_5553,2022-2026 pooled,boys,3200,class-a,0,0,0,0
a_5553,2022-2026 pooled,boys,400,tri-valley,5,0,0,1
a_5553,2022-2026 pooled,boys,400,bay-shore,0,2,,0
a_5553,2022-2026 pooled,boys,400,redwood-empire,0,4,,0
a_5553,2022-2026 pooled,boys,400,class-a,0,0,0,0
a_5553,2022-2026 pooled,boys,4x100,tri-valley,5,0,0,0
a_5553,2022-2026 pooled,boys,4x100,bay-shore,0,2,,0
a_5553,2022-2026 pooled,boys,4x100,redwood-empire,0,3,,0
a_5553,2022-2026 pooled,boys,4x100,class-a,0,0,0,0
a_5553,2022-2026 pooled,boys,4x400,tri-valley,8,0,0,0
a_5553,2022-2026 pooled,boys,4x400,bay-shore,0,4,,0
a_5553,2022-2026 pooled,boys,4x400,redwood-empire,0,4,,0
a_5553,2022-2026 pooled,boys,4x400,class-a,0,0,0,0
a_5553,2022-2026 pooled,boys,800,tri-valley,1,0,0,0
a_5553,2022-2026 pooled,boys,800,bay-shore,0,3,,0
a_5553,2022-2026 pooled,boys,800,redwood-empire,0,1,,0
a_5553,2022-2026 pooled,boys,800,class-a,0,0,0,0
a_5553,2022-2026 pooled,boys,DT,tri-valley,5,0,0,0
a_5553,2022-2026 pooled,boys,DT,bay-shore,0,5,0,0
a_5553,2022-2026 pooled,boys,DT,redwood-empire,0,0,0,0
a_5553,2022-2026 pooled,boys,DT,class-a,0,0,0,0
a_5553,2022-2026 pooled,boys,HJ,tri-valley,4,0,0,0
a_5553,2022-2026 pooled,boys,HJ,bay-shore,0,3,,0
a_5553,2022-2026 pooled,boys,HJ,redwood-empire,2,0,0,0
a_5553,2022-2026 pooled,boys,HJ,class-a,1,0,0,0
a_5553,2022-2026 pooled,boys,LJ,tri-valley,4,0,0,0
a_5553,2022-2026 pooled,boys,LJ,bay-shore,0,1,,0
a_5553,2022-2026 pooled,boys,LJ,redwood-empire,0,3,,0
a_5553,2022-2026 pooled,boys,LJ,class-a,0,0,0,0
a_5553,2022-2026 pooled,boys,PV,tri-valley,13,0,0,0
a_5553,2022-2026 pooled,boys,PV,bay-shore,0,4,,0
a_5553,2022-2026 pooled,boys,PV,redwood-empire,3,2,,0
a_5553,2022-2026 pooled,boys,PV,class-a,0,0,0,0
a_5553,2022-2026 pooled,boys,SP,tri-valley,2,0,0,0
a_5553,2022-2026 pooled,boys,SP,bay-shore,0,2,,0
a_5553,2022-2026 pooled,boys,SP,redwood-empire,0,0,0,0
a_5553,2022-2026 pooled,boys,SP,class-a,0,0,0,0
a_5553,2022-2026 pooled,boys,TJ,tri-valley,1,0,0,0
a_5553,2022-2026 pooled,boys,TJ,bay-shore,1,1,,0
a_5553,2022-2026 pooled,boys,TJ,redwood-empire,0,1,,0
a_5553,2022-2026 pooled,boys,TJ,class-a,0,0,0,0
a_5553,2022-2026 pooled,boys,group:sprints_hurdles,tri-valley,7,0,0,0
a_5553,2022-2026 pooled,boys,group:sprints_hurdles,bay-shore,2,6,0,0
a_5553,2022-2026 pooled,boys,group:sprints_hurdles,redwood-empire,2,12,0,0
a_5553,2022-2026 pooled,boys,group:sprints_hurdles,class-a,2,0,0,0
a_5553,2022-2026 pooled,boys,group:400_800,tri-valley,6,0,0,1
a_5553,2022-2026 pooled,boys,group:400_800,bay-shore,0,5,0,0
a_5553,2022-2026 pooled,boys,group:400_800,redwood-empire,0,5,0,0
a_5553,2022-2026 pooled,boys,group:400_800,class-a,0,0,0,0
a_5553,2022-2026 pooled,boys,group:distance,tri-valley,4,0,0,0
a_5553,2022-2026 pooled,boys,group:distance,bay-shore,2,4,,0
a_5553,2022-2026 pooled,boys,group:distance,redwood-empire,0,4,,0
a_5553,2022-2026 pooled,boys,group:distance,class-a,0,0,0,0
a_5553,2022-2026 pooled,boys,group:jumps,tri-valley,22,0,0,0
a_5553,2022-2026 pooled,boys,group:jumps,bay-shore,1,9,0,0
a_5553,2022-2026 pooled,boys,group:jumps,redwood-empire,5,6,0,0
a_5553,2022-2026 pooled,boys,group:jumps,class-a,1,0,0,0
a_5553,2022-2026 pooled,boys,group:throws,tri-valley,7,0,0,0
a_5553,2022-2026 pooled,boys,group:throws,bay-shore,0,7,0,0
a_5553,2022-2026 pooled,boys,group:throws,redwood-empire,0,0,0,0
a_5553,2022-2026 pooled,boys,group:throws,class-a,0,0,0,0
a_5553,2022-2026 pooled,boys,group:relays,tri-valley,13,0,0,0
a_5553,2022-2026 pooled,boys,group:relays,bay-shore,0,6,0,0
a_5553,2022-2026 pooled,boys,group:relays,redwood-empire,0,7,0,0
a_5553,2022-2026 pooled,boys,group:relays,class-a,0,0,0,0
a_5553,2022-2026 pooled,boys,all,tri-valley,59,0,0,1
a_5553,2022-2026 pooled,boys,all,bay-shore,5,37,0,0
a_5553,2022-2026 pooled,boys,all,redwood-empire,7,34,0,0
a_5553,2022-2026 pooled,boys,all,class-a,3,0,0,0
a_5553,2022-2026 pooled,all,100,tri-valley,10,0,0,0
a_5553,2022-2026 pooled,all,100,bay-shore,2,2,,0
a_5553,2022-2026 pooled,all,100,redwood-empire,0,9,0,0
a_5553,2022-2026 pooled,all,100,class-a,0,0,0,0
a_5553,2022-2026 pooled,all,100H,tri-valley,5,0,0,0
a_5553,2022-2026 pooled,all,100H,bay-shore,0,4,,0
a_5553,2022-2026 pooled,all,100H,redwood-empire,2,2,,0
a_5553,2022-2026 pooled,all,100H,class-a,0,0,0,0
a_5553,2022-2026 pooled,all,110H,tri-valley,3,0,0,0
a_5553,2022-2026 pooled,all,110H,bay-shore,1,2,,0
a_5553,2022-2026 pooled,all,110H,redwood-empire,0,3,,0
a_5553,2022-2026 pooled,all,110H,class-a,1,0,0,0
a_5553,2022-2026 pooled,all,1600,tri-valley,3,0,0,0
a_5553,2022-2026 pooled,all,1600,bay-shore,1,8,0,0
a_5553,2022-2026 pooled,all,1600,redwood-empire,1,2,,0
a_5553,2022-2026 pooled,all,1600,class-a,0,0,0,0
a_5553,2022-2026 pooled,all,200,tri-valley,3,0,0,1
a_5553,2022-2026 pooled,all,200,bay-shore,0,3,,0
a_5553,2022-2026 pooled,all,200,redwood-empire,2,7,0,0
a_5553,2022-2026 pooled,all,200,class-a,1,0,0,0
a_5553,2022-2026 pooled,all,300H,tri-valley,5,0,0,0
a_5553,2022-2026 pooled,all,300H,bay-shore,0,7,0,0
a_5553,2022-2026 pooled,all,300H,redwood-empire,1,5,0,0
a_5553,2022-2026 pooled,all,300H,class-a,1,0,0,0
a_5553,2022-2026 pooled,all,3200,tri-valley,5,0,0,0
a_5553,2022-2026 pooled,all,3200,bay-shore,1,5,0,0
a_5553,2022-2026 pooled,all,3200,redwood-empire,1,4,,0
a_5553,2022-2026 pooled,all,3200,class-a,2,0,0,0
a_5553,2022-2026 pooled,all,400,tri-valley,11,0,0,1
a_5553,2022-2026 pooled,all,400,bay-shore,0,5,0,0
a_5553,2022-2026 pooled,all,400,redwood-empire,0,8,0,0
a_5553,2022-2026 pooled,all,400,class-a,1,0,0,0
a_5553,2022-2026 pooled,all,4x100,tri-valley,11,0,0,0
a_5553,2022-2026 pooled,all,4x100,bay-shore,0,5,0,0
a_5553,2022-2026 pooled,all,4x100,redwood-empire,0,6,0,0
a_5553,2022-2026 pooled,all,4x100,class-a,0,0,0,0
a_5553,2022-2026 pooled,all,4x400,tri-valley,16,0,0,0
a_5553,2022-2026 pooled,all,4x400,bay-shore,0,8,0,0
a_5553,2022-2026 pooled,all,4x400,redwood-empire,0,7,0,0
a_5553,2022-2026 pooled,all,4x400,class-a,1,0,0,0
a_5553,2022-2026 pooled,all,800,tri-valley,9,0,0,0
a_5553,2022-2026 pooled,all,800,bay-shore,0,8,0,0
a_5553,2022-2026 pooled,all,800,redwood-empire,0,5,0,0
a_5553,2022-2026 pooled,all,800,class-a,0,0,0,0
a_5553,2022-2026 pooled,all,DT,tri-valley,9,0,0,2
a_5553,2022-2026 pooled,all,DT,bay-shore,0,8,0,0
a_5553,2022-2026 pooled,all,DT,redwood-empire,0,1,,0
a_5553,2022-2026 pooled,all,DT,class-a,0,0,0,0
a_5553,2022-2026 pooled,all,HJ,tri-valley,7,0,0,0
a_5553,2022-2026 pooled,all,HJ,bay-shore,3,5,0,0
a_5553,2022-2026 pooled,all,HJ,redwood-empire,2,2,,0
a_5553,2022-2026 pooled,all,HJ,class-a,4,0,0,0
a_5553,2022-2026 pooled,all,LJ,tri-valley,5,1,,0
a_5553,2022-2026 pooled,all,LJ,bay-shore,3,2,,0
a_5553,2022-2026 pooled,all,LJ,redwood-empire,2,5,0,0
a_5553,2022-2026 pooled,all,LJ,class-a,1,0,0,0
a_5553,2022-2026 pooled,all,PV,tri-valley,15,0,0,0
a_5553,2022-2026 pooled,all,PV,bay-shore,0,6,0,0
a_5553,2022-2026 pooled,all,PV,redwood-empire,3,3,,0
a_5553,2022-2026 pooled,all,PV,class-a,0,0,0,0
a_5553,2022-2026 pooled,all,SP,tri-valley,5,0,0,0
a_5553,2022-2026 pooled,all,SP,bay-shore,0,6,0,0
a_5553,2022-2026 pooled,all,SP,redwood-empire,2,1,,0
a_5553,2022-2026 pooled,all,SP,class-a,1,0,0,0
a_5553,2022-2026 pooled,all,TJ,tri-valley,1,0,0,0
a_5553,2022-2026 pooled,all,TJ,bay-shore,2,1,,0
a_5553,2022-2026 pooled,all,TJ,redwood-empire,0,2,,0
a_5553,2022-2026 pooled,all,TJ,class-a,0,0,0,0
a_5553,2022-2026 pooled,all,group:sprints_hurdles,tri-valley,26,0,0,1
a_5553,2022-2026 pooled,all,group:sprints_hurdles,bay-shore,3,18,0,0
a_5553,2022-2026 pooled,all,group:sprints_hurdles,redwood-empire,5,26,0,0
a_5553,2022-2026 pooled,all,group:sprints_hurdles,class-a,3,0,0,0
a_5553,2022-2026 pooled,all,group:400_800,tri-valley,20,0,0,1
a_5553,2022-2026 pooled,all,group:400_800,bay-shore,0,13,0,0
a_5553,2022-2026 pooled,all,group:400_800,redwood-empire,0,13,0,0
a_5553,2022-2026 pooled,all,group:400_800,class-a,1,0,0,0
a_5553,2022-2026 pooled,all,group:distance,tri-valley,8,0,0,0
a_5553,2022-2026 pooled,all,group:distance,bay-shore,2,13,0,0
a_5553,2022-2026 pooled,all,group:distance,redwood-empire,2,6,0,0
a_5553,2022-2026 pooled,all,group:distance,class-a,2,0,0,0
a_5553,2022-2026 pooled,all,group:jumps,tri-valley,28,1,,0
a_5553,2022-2026 pooled,all,group:jumps,bay-shore,8,14,0,0
a_5553,2022-2026 pooled,all,group:jumps,redwood-empire,7,12,0,0
a_5553,2022-2026 pooled,all,group:jumps,class-a,5,0,0,0
a_5553,2022-2026 pooled,all,group:throws,tri-valley,14,0,0,2
a_5553,2022-2026 pooled,all,group:throws,bay-shore,0,14,0,0
a_5553,2022-2026 pooled,all,group:throws,redwood-empire,2,2,,0
a_5553,2022-2026 pooled,all,group:throws,class-a,1,0,0,0
a_5553,2022-2026 pooled,all,group:relays,tri-valley,27,0,0,0
a_5553,2022-2026 pooled,all,group:relays,bay-shore,0,13,0,0
a_5553,2022-2026 pooled,all,group:relays,redwood-empire,0,13,0,0
a_5553,2022-2026 pooled,all,group:relays,class-a,1,0,0,0
a_5553,2022-2026 pooled,all,all,tri-valley,123,1,,4
a_5553,2022-2026 pooled,all,all,bay-shore,13,85,0,0
a_5553,2022-2026 pooled,all,all,redwood-empire,16,72,1,0
a_5553,2022-2026 pooled,all,all,class-a,13,0,0,0
b_4443,2022,girls,100,tri-valley,2,0,0,0
b_4443,2022,girls,100,bay-shore,0,1,,0
b_4443,2022,girls,100,redwood-empire,0,1,,0
b_4443,2022,girls,100,class-a,0,0,0,0
b_4443,2022,girls,100H,tri-valley,0,0,0,0
b_4443,2022,girls,100H,bay-shore,0,0,0,0
b_4443,2022,girls,100H,redwood-empire,0,0,0,0
b_4443,2022,girls,100H,class-a,0,0,0,0
b_4443,2022,girls,1600,tri-valley,2,0,0,0
b_4443,2022,girls,1600,bay-shore,0,2,,0
b_4443,2022,girls,1600,redwood-empire,0,0,0,0
b_4443,2022,girls,1600,class-a,0,0,0,0
b_4443,2022,girls,200,tri-valley,2,0,0,0
b_4443,2022,girls,200,bay-shore,0,0,0,0
b_4443,2022,girls,200,redwood-empire,0,2,,0
b_4443,2022,girls,200,class-a,0,0,0,0
b_4443,2022,girls,300H,tri-valley,0,0,0,0
b_4443,2022,girls,300H,bay-shore,0,0,0,0
b_4443,2022,girls,300H,redwood-empire,0,0,0,0
b_4443,2022,girls,300H,class-a,0,0,0,0
b_4443,2022,girls,3200,tri-valley,0,0,0,0
b_4443,2022,girls,3200,bay-shore,0,1,,0
b_4443,2022,girls,3200,redwood-empire,0,0,0,0
b_4443,2022,girls,3200,class-a,1,0,0,0
b_4443,2022,girls,400,tri-valley,2,0,0,0
b_4443,2022,girls,400,bay-shore,0,0,0,0
b_4443,2022,girls,400,redwood-empire,0,2,,0
b_4443,2022,girls,400,class-a,0,0,0,0
b_4443,2022,girls,4x100,tri-valley,2,0,0,0
b_4443,2022,girls,4x100,bay-shore,0,0,0,0
b_4443,2022,girls,4x100,redwood-empire,0,2,,0
b_4443,2022,girls,4x100,class-a,0,0,0,0
b_4443,2022,girls,4x400,tri-valley,4,0,0,0
b_4443,2022,girls,4x400,bay-shore,0,2,,0
b_4443,2022,girls,4x400,redwood-empire,0,0,0,0
b_4443,2022,girls,4x400,class-a,0,0,0,0
b_4443,2022,girls,800,tri-valley,4,0,0,0
b_4443,2022,girls,800,bay-shore,0,2,,0
b_4443,2022,girls,800,redwood-empire,0,2,,0
b_4443,2022,girls,800,class-a,0,0,0,0
b_4443,2022,girls,DT,tri-valley,2,0,0,0
b_4443,2022,girls,DT,bay-shore,0,2,,0
b_4443,2022,girls,DT,redwood-empire,0,0,0,0
b_4443,2022,girls,DT,class-a,0,0,0,0
b_4443,2022,girls,HJ,tri-valley,2,0,0,0
b_4443,2022,girls,HJ,bay-shore,0,0,0,0
b_4443,2022,girls,HJ,redwood-empire,5,0,0,0
b_4443,2022,girls,HJ,class-a,3,0,0,0
b_4443,2022,girls,LJ,tri-valley,0,0,0,0
b_4443,2022,girls,LJ,bay-shore,0,1,,0
b_4443,2022,girls,LJ,redwood-empire,0,0,0,0
b_4443,2022,girls,LJ,class-a,1,0,0,0
b_4443,2022,girls,PV,tri-valley,0,0,0,0
b_4443,2022,girls,PV,bay-shore,0,0,0,0
b_4443,2022,girls,PV,redwood-empire,0,0,0,0
b_4443,2022,girls,PV,class-a,0,0,0,0
b_4443,2022,girls,SP,tri-valley,1,0,0,0
b_4443,2022,girls,SP,bay-shore,0,2,,0
b_4443,2022,girls,SP,redwood-empire,1,0,0,0
b_4443,2022,girls,SP,class-a,0,0,0,0
b_4443,2022,girls,TJ,tri-valley,0,0,0,0
b_4443,2022,girls,TJ,bay-shore,0,0,0,0
b_4443,2022,girls,TJ,redwood-empire,0,0,0,0
b_4443,2022,girls,TJ,class-a,0,0,0,0
b_4443,2022,girls,group:sprints_hurdles,tri-valley,4,0,0,0
b_4443,2022,girls,group:sprints_hurdles,bay-shore,0,1,,0
b_4443,2022,girls,group:sprints_hurdles,redwood-empire,0,3,,0
b_4443,2022,girls,group:sprints_hurdles,class-a,0,0,0,0
b_4443,2022,girls,group:400_800,tri-valley,6,0,0,0
b_4443,2022,girls,group:400_800,bay-shore,0,2,,0
b_4443,2022,girls,group:400_800,redwood-empire,0,4,,0
b_4443,2022,girls,group:400_800,class-a,0,0,0,0
b_4443,2022,girls,group:distance,tri-valley,2,0,0,0
b_4443,2022,girls,group:distance,bay-shore,0,3,,0
b_4443,2022,girls,group:distance,redwood-empire,0,0,0,0
b_4443,2022,girls,group:distance,class-a,1,0,0,0
b_4443,2022,girls,group:jumps,tri-valley,2,0,0,0
b_4443,2022,girls,group:jumps,bay-shore,0,1,,0
b_4443,2022,girls,group:jumps,redwood-empire,5,0,0,0
b_4443,2022,girls,group:jumps,class-a,4,0,0,0
b_4443,2022,girls,group:throws,tri-valley,3,0,0,0
b_4443,2022,girls,group:throws,bay-shore,0,4,,0
b_4443,2022,girls,group:throws,redwood-empire,1,0,0,0
b_4443,2022,girls,group:throws,class-a,0,0,0,0
b_4443,2022,girls,group:relays,tri-valley,6,0,0,0
b_4443,2022,girls,group:relays,bay-shore,0,2,,0
b_4443,2022,girls,group:relays,redwood-empire,0,2,,0
b_4443,2022,girls,group:relays,class-a,0,0,0,0
b_4443,2022,girls,all,tri-valley,23,0,0,0
b_4443,2022,girls,all,bay-shore,0,13,0,0
b_4443,2022,girls,all,redwood-empire,6,9,0,0
b_4443,2022,girls,all,class-a,5,0,0,0
b_4443,2022,boys,100,tri-valley,0,0,0,0
b_4443,2022,boys,100,bay-shore,1,0,0,0
b_4443,2022,boys,100,redwood-empire,0,1,,0
b_4443,2022,boys,100,class-a,0,0,0,0
b_4443,2022,boys,110H,tri-valley,0,0,0,0
b_4443,2022,boys,110H,bay-shore,0,0,0,0
b_4443,2022,boys,110H,redwood-empire,0,0,0,0
b_4443,2022,boys,110H,class-a,0,0,0,0
b_4443,2022,boys,1600,tri-valley,1,0,0,0
b_4443,2022,boys,1600,bay-shore,1,0,0,0
b_4443,2022,boys,1600,redwood-empire,0,2,,0
b_4443,2022,boys,1600,class-a,0,0,0,0
b_4443,2022,boys,200,tri-valley,0,0,0,0
b_4443,2022,boys,200,bay-shore,0,0,0,0
b_4443,2022,boys,200,redwood-empire,0,2,,0
b_4443,2022,boys,200,class-a,0,0,0,0
b_4443,2022,boys,300H,tri-valley,0,0,0,0
b_4443,2022,boys,300H,bay-shore,0,0,0,0
b_4443,2022,boys,300H,redwood-empire,0,0,0,0
b_4443,2022,boys,300H,class-a,0,0,0,0
b_4443,2022,boys,3200,tri-valley,0,0,0,0
b_4443,2022,boys,3200,bay-shore,1,0,0,0
b_4443,2022,boys,3200,redwood-empire,0,1,,0
b_4443,2022,boys,3200,class-a,0,0,0,0
b_4443,2022,boys,400,tri-valley,3,0,0,0
b_4443,2022,boys,400,bay-shore,0,1,,0
b_4443,2022,boys,400,redwood-empire,0,2,,0
b_4443,2022,boys,400,class-a,0,0,0,0
b_4443,2022,boys,4x100,tri-valley,2,0,0,0
b_4443,2022,boys,4x100,bay-shore,0,1,,0
b_4443,2022,boys,4x100,redwood-empire,0,1,,0
b_4443,2022,boys,4x100,class-a,0,0,0,0
b_4443,2022,boys,4x400,tri-valley,1,0,0,0
b_4443,2022,boys,4x400,bay-shore,0,0,0,0
b_4443,2022,boys,4x400,redwood-empire,0,1,,0
b_4443,2022,boys,4x400,class-a,0,0,0,0
b_4443,2022,boys,800,tri-valley,0,0,0,0
b_4443,2022,boys,800,bay-shore,0,0,0,0
b_4443,2022,boys,800,redwood-empire,0,0,0,0
b_4443,2022,boys,800,class-a,0,0,0,0
b_4443,2022,boys,DT,tri-valley,2,0,0,0
b_4443,2022,boys,DT,bay-shore,0,2,,0
b_4443,2022,boys,DT,redwood-empire,0,0,0,0
b_4443,2022,boys,DT,class-a,0,0,0,0
b_4443,2022,boys,HJ,tri-valley,0,0,0,0
b_4443,2022,boys,HJ,bay-shore,0,2,,0
b_4443,2022,boys,HJ,redwood-empire,0,0,0,0
b_4443,2022,boys,HJ,class-a,0,0,0,0
b_4443,2022,boys,LJ,tri-valley,1,0,0,0
b_4443,2022,boys,LJ,bay-shore,1,0,0,0
b_4443,2022,boys,LJ,redwood-empire,0,1,,0
b_4443,2022,boys,LJ,class-a,0,0,0,0
b_4443,2022,boys,PV,tri-valley,1,0,0,0
b_4443,2022,boys,PV,bay-shore,0,2,,0
b_4443,2022,boys,PV,redwood-empire,1,0,0,0
b_4443,2022,boys,PV,class-a,0,0,0,0
b_4443,2022,boys,SP,tri-valley,1,0,0,0
b_4443,2022,boys,SP,bay-shore,0,1,,0
b_4443,2022,boys,SP,redwood-empire,0,0,0,0
b_4443,2022,boys,SP,class-a,0,0,0,0
b_4443,2022,boys,TJ,tri-valley,0,0,0,0
b_4443,2022,boys,TJ,bay-shore,0,0,0,0
b_4443,2022,boys,TJ,redwood-empire,0,0,0,0
b_4443,2022,boys,TJ,class-a,0,0,0,0
b_4443,2022,boys,group:sprints_hurdles,tri-valley,0,0,0,0
b_4443,2022,boys,group:sprints_hurdles,bay-shore,1,0,0,0
b_4443,2022,boys,group:sprints_hurdles,redwood-empire,0,3,,0
b_4443,2022,boys,group:sprints_hurdles,class-a,0,0,0,0
b_4443,2022,boys,group:400_800,tri-valley,3,0,0,0
b_4443,2022,boys,group:400_800,bay-shore,0,1,,0
b_4443,2022,boys,group:400_800,redwood-empire,0,2,,0
b_4443,2022,boys,group:400_800,class-a,0,0,0,0
b_4443,2022,boys,group:distance,tri-valley,1,0,0,0
b_4443,2022,boys,group:distance,bay-shore,2,0,0,0
b_4443,2022,boys,group:distance,redwood-empire,0,3,,0
b_4443,2022,boys,group:distance,class-a,0,0,0,0
b_4443,2022,boys,group:jumps,tri-valley,2,0,0,0
b_4443,2022,boys,group:jumps,bay-shore,1,4,,0
b_4443,2022,boys,group:jumps,redwood-empire,1,1,,0
b_4443,2022,boys,group:jumps,class-a,0,0,0,0
b_4443,2022,boys,group:throws,tri-valley,3,0,0,0
b_4443,2022,boys,group:throws,bay-shore,0,3,,0
b_4443,2022,boys,group:throws,redwood-empire,0,0,0,0
b_4443,2022,boys,group:throws,class-a,0,0,0,0
b_4443,2022,boys,group:relays,tri-valley,3,0,0,0
b_4443,2022,boys,group:relays,bay-shore,0,1,,0
b_4443,2022,boys,group:relays,redwood-empire,0,2,,0
b_4443,2022,boys,group:relays,class-a,0,0,0,0
b_4443,2022,boys,all,tri-valley,12,0,0,0
b_4443,2022,boys,all,bay-shore,4,9,0,0
b_4443,2022,boys,all,redwood-empire,1,11,0,0
b_4443,2022,boys,all,class-a,0,0,0,0
b_4443,2022,all,100,tri-valley,2,0,0,0
b_4443,2022,all,100,bay-shore,1,1,,0
b_4443,2022,all,100,redwood-empire,0,2,,0
b_4443,2022,all,100,class-a,0,0,0,0
b_4443,2022,all,100H,tri-valley,0,0,0,0
b_4443,2022,all,100H,bay-shore,0,0,0,0
b_4443,2022,all,100H,redwood-empire,0,0,0,0
b_4443,2022,all,100H,class-a,0,0,0,0
b_4443,2022,all,110H,tri-valley,0,0,0,0
b_4443,2022,all,110H,bay-shore,0,0,0,0
b_4443,2022,all,110H,redwood-empire,0,0,0,0
b_4443,2022,all,110H,class-a,0,0,0,0
b_4443,2022,all,1600,tri-valley,3,0,0,0
b_4443,2022,all,1600,bay-shore,1,2,,0
b_4443,2022,all,1600,redwood-empire,0,2,,0
b_4443,2022,all,1600,class-a,0,0,0,0
b_4443,2022,all,200,tri-valley,2,0,0,0
b_4443,2022,all,200,bay-shore,0,0,0,0
b_4443,2022,all,200,redwood-empire,0,4,,0
b_4443,2022,all,200,class-a,0,0,0,0
b_4443,2022,all,300H,tri-valley,0,0,0,0
b_4443,2022,all,300H,bay-shore,0,0,0,0
b_4443,2022,all,300H,redwood-empire,0,0,0,0
b_4443,2022,all,300H,class-a,0,0,0,0
b_4443,2022,all,3200,tri-valley,0,0,0,0
b_4443,2022,all,3200,bay-shore,1,1,,0
b_4443,2022,all,3200,redwood-empire,0,1,,0
b_4443,2022,all,3200,class-a,1,0,0,0
b_4443,2022,all,400,tri-valley,5,0,0,0
b_4443,2022,all,400,bay-shore,0,1,,0
b_4443,2022,all,400,redwood-empire,0,4,,0
b_4443,2022,all,400,class-a,0,0,0,0
b_4443,2022,all,4x100,tri-valley,4,0,0,0
b_4443,2022,all,4x100,bay-shore,0,1,,0
b_4443,2022,all,4x100,redwood-empire,0,3,,0
b_4443,2022,all,4x100,class-a,0,0,0,0
b_4443,2022,all,4x400,tri-valley,5,0,0,0
b_4443,2022,all,4x400,bay-shore,0,2,,0
b_4443,2022,all,4x400,redwood-empire,0,1,,0
b_4443,2022,all,4x400,class-a,0,0,0,0
b_4443,2022,all,800,tri-valley,4,0,0,0
b_4443,2022,all,800,bay-shore,0,2,,0
b_4443,2022,all,800,redwood-empire,0,2,,0
b_4443,2022,all,800,class-a,0,0,0,0
b_4443,2022,all,DT,tri-valley,4,0,0,0
b_4443,2022,all,DT,bay-shore,0,4,,0
b_4443,2022,all,DT,redwood-empire,0,0,0,0
b_4443,2022,all,DT,class-a,0,0,0,0
b_4443,2022,all,HJ,tri-valley,2,0,0,0
b_4443,2022,all,HJ,bay-shore,0,2,,0
b_4443,2022,all,HJ,redwood-empire,5,0,0,0
b_4443,2022,all,HJ,class-a,3,0,0,0
b_4443,2022,all,LJ,tri-valley,1,0,0,0
b_4443,2022,all,LJ,bay-shore,1,1,,0
b_4443,2022,all,LJ,redwood-empire,0,1,,0
b_4443,2022,all,LJ,class-a,1,0,0,0
b_4443,2022,all,PV,tri-valley,1,0,0,0
b_4443,2022,all,PV,bay-shore,0,2,,0
b_4443,2022,all,PV,redwood-empire,1,0,0,0
b_4443,2022,all,PV,class-a,0,0,0,0
b_4443,2022,all,SP,tri-valley,2,0,0,0
b_4443,2022,all,SP,bay-shore,0,3,,0
b_4443,2022,all,SP,redwood-empire,1,0,0,0
b_4443,2022,all,SP,class-a,0,0,0,0
b_4443,2022,all,TJ,tri-valley,0,0,0,0
b_4443,2022,all,TJ,bay-shore,0,0,0,0
b_4443,2022,all,TJ,redwood-empire,0,0,0,0
b_4443,2022,all,TJ,class-a,0,0,0,0
b_4443,2022,all,group:sprints_hurdles,tri-valley,4,0,0,0
b_4443,2022,all,group:sprints_hurdles,bay-shore,1,1,,0
b_4443,2022,all,group:sprints_hurdles,redwood-empire,0,6,0,0
b_4443,2022,all,group:sprints_hurdles,class-a,0,0,0,0
b_4443,2022,all,group:400_800,tri-valley,9,0,0,0
b_4443,2022,all,group:400_800,bay-shore,0,3,,0
b_4443,2022,all,group:400_800,redwood-empire,0,6,0,0
b_4443,2022,all,group:400_800,class-a,0,0,0,0
b_4443,2022,all,group:distance,tri-valley,3,0,0,0
b_4443,2022,all,group:distance,bay-shore,2,3,,0
b_4443,2022,all,group:distance,redwood-empire,0,3,,0
b_4443,2022,all,group:distance,class-a,1,0,0,0
b_4443,2022,all,group:jumps,tri-valley,4,0,0,0
b_4443,2022,all,group:jumps,bay-shore,1,5,0,0
b_4443,2022,all,group:jumps,redwood-empire,6,1,,0
b_4443,2022,all,group:jumps,class-a,4,0,0,0
b_4443,2022,all,group:throws,tri-valley,6,0,0,0
b_4443,2022,all,group:throws,bay-shore,0,7,0,0
b_4443,2022,all,group:throws,redwood-empire,1,0,0,0
b_4443,2022,all,group:throws,class-a,0,0,0,0
b_4443,2022,all,group:relays,tri-valley,9,0,0,0
b_4443,2022,all,group:relays,bay-shore,0,3,,0
b_4443,2022,all,group:relays,redwood-empire,0,4,,0
b_4443,2022,all,group:relays,class-a,0,0,0,0
b_4443,2022,all,all,tri-valley,35,0,0,0
b_4443,2022,all,all,bay-shore,4,22,0,0
b_4443,2022,all,all,redwood-empire,7,20,0,0
b_4443,2022,all,all,class-a,5,0,0,0
b_4443,2023,girls,100,tri-valley,1,0,0,0
b_4443,2023,girls,100,bay-shore,0,0,0,0
b_4443,2023,girls,100,redwood-empire,0,1,,0
b_4443,2023,girls,100,class-a,0,0,0,0
b_4443,2023,girls,100H,tri-valley,1,0,0,0
b_4443,2023,girls,100H,bay-shore,0,2,,0
b_4443,2023,girls,100H,redwood-empire,1,0,0,0
b_4443,2023,girls,100H,class-a,0,0,0,0
b_4443,2023,girls,1600,tri-valley,1,0,0,0
b_4443,2023,girls,1600,bay-shore,0,2,,0
b_4443,2023,girls,1600,redwood-empire,0,0,0,0
b_4443,2023,girls,1600,class-a,1,0,0,0
b_4443,2023,girls,200,tri-valley,1,0,0,1
b_4443,2023,girls,200,bay-shore,0,2,,0
b_4443,2023,girls,200,redwood-empire,1,0,0,0
b_4443,2023,girls,200,class-a,0,0,0,0
b_4443,2023,girls,300H,tri-valley,3,0,0,0
b_4443,2023,girls,300H,bay-shore,0,2,,0
b_4443,2023,girls,300H,redwood-empire,0,1,,0
b_4443,2023,girls,300H,class-a,0,0,0,0
b_4443,2023,girls,3200,tri-valley,1,0,0,0
b_4443,2023,girls,3200,bay-shore,0,2,,0
b_4443,2023,girls,3200,redwood-empire,1,0,0,0
b_4443,2023,girls,3200,class-a,0,0,0,0
b_4443,2023,girls,400,tri-valley,1,0,0,0
b_4443,2023,girls,400,bay-shore,0,0,0,0
b_4443,2023,girls,400,redwood-empire,0,1,,0
b_4443,2023,girls,400,class-a,0,0,0,0
b_4443,2023,girls,4x100,tri-valley,1,0,0,0
b_4443,2023,girls,4x100,bay-shore,0,1,,0
b_4443,2023,girls,4x100,redwood-empire,0,0,0,0
b_4443,2023,girls,4x100,class-a,0,0,0,0
b_4443,2023,girls,4x400,tri-valley,3,0,0,0
b_4443,2023,girls,4x400,bay-shore,0,1,,0
b_4443,2023,girls,4x400,redwood-empire,0,1,,0
b_4443,2023,girls,4x400,class-a,0,0,0,0
b_4443,2023,girls,800,tri-valley,3,0,0,0
b_4443,2023,girls,800,bay-shore,0,2,,0
b_4443,2023,girls,800,redwood-empire,0,1,,0
b_4443,2023,girls,800,class-a,0,0,0,0
b_4443,2023,girls,DT,tri-valley,4,0,0,2
b_4443,2023,girls,DT,bay-shore,0,2,,0
b_4443,2023,girls,DT,redwood-empire,0,2,,0
b_4443,2023,girls,DT,class-a,0,0,0,0
b_4443,2023,girls,HJ,tri-valley,0,0,0,0
b_4443,2023,girls,HJ,bay-shore,0,2,,0
b_4443,2023,girls,HJ,redwood-empire,0,0,0,0
b_4443,2023,girls,HJ,class-a,0,0,0,0
b_4443,2023,girls,LJ,tri-valley,0,0,0,0
b_4443,2023,girls,LJ,bay-shore,0,0,0,0
b_4443,2023,girls,LJ,redwood-empire,0,0,0,0
b_4443,2023,girls,LJ,class-a,0,0,0,0
b_4443,2023,girls,PV,tri-valley,0,2,,0
b_4443,2023,girls,PV,bay-shore,3,0,0,0
b_4443,2023,girls,PV,redwood-empire,1,0,0,0
b_4443,2023,girls,PV,class-a,0,0,0,0
b_4443,2023,girls,SP,tri-valley,0,0,0,0
b_4443,2023,girls,SP,bay-shore,0,2,,0
b_4443,2023,girls,SP,redwood-empire,1,0,0,0
b_4443,2023,girls,SP,class-a,1,0,0,0
b_4443,2023,girls,TJ,tri-valley,0,0,0,0
b_4443,2023,girls,TJ,bay-shore,0,0,0,0
b_4443,2023,girls,TJ,redwood-empire,0,0,0,0
b_4443,2023,girls,TJ,class-a,0,0,0,0
b_4443,2023,girls,group:sprints_hurdles,tri-valley,6,0,0,1
b_4443,2023,girls,group:sprints_hurdles,bay-shore,0,6,0,0
b_4443,2023,girls,group:sprints_hurdles,redwood-empire,2,2,,0
b_4443,2023,girls,group:sprints_hurdles,class-a,0,0,0,0
b_4443,2023,girls,group:400_800,tri-valley,4,0,0,0
b_4443,2023,girls,group:400_800,bay-shore,0,2,,0
b_4443,2023,girls,group:400_800,redwood-empire,0,2,,0
b_4443,2023,girls,group:400_800,class-a,0,0,0,0
b_4443,2023,girls,group:distance,tri-valley,2,0,0,0
b_4443,2023,girls,group:distance,bay-shore,0,4,,0
b_4443,2023,girls,group:distance,redwood-empire,1,0,0,0
b_4443,2023,girls,group:distance,class-a,1,0,0,0
b_4443,2023,girls,group:jumps,tri-valley,0,2,,0
b_4443,2023,girls,group:jumps,bay-shore,3,2,,0
b_4443,2023,girls,group:jumps,redwood-empire,1,0,0,0
b_4443,2023,girls,group:jumps,class-a,0,0,0,0
b_4443,2023,girls,group:throws,tri-valley,4,0,0,2
b_4443,2023,girls,group:throws,bay-shore,0,4,,0
b_4443,2023,girls,group:throws,redwood-empire,1,2,,0
b_4443,2023,girls,group:throws,class-a,1,0,0,0
b_4443,2023,girls,group:relays,tri-valley,4,0,0,0
b_4443,2023,girls,group:relays,bay-shore,0,2,,0
b_4443,2023,girls,group:relays,redwood-empire,0,1,,0
b_4443,2023,girls,group:relays,class-a,0,0,0,0
b_4443,2023,girls,all,tri-valley,20,2,,3
b_4443,2023,girls,all,bay-shore,3,20,0,0
b_4443,2023,girls,all,redwood-empire,5,7,1,0
b_4443,2023,girls,all,class-a,2,0,0,0
b_4443,2023,boys,100,tri-valley,1,0,0,0
b_4443,2023,boys,100,bay-shore,0,0,0,0
b_4443,2023,boys,100,redwood-empire,0,2,,0
b_4443,2023,boys,100,class-a,0,0,0,0
b_4443,2023,boys,110H,tri-valley,0,0,0,0
b_4443,2023,boys,110H,bay-shore,0,0,0,0
b_4443,2023,boys,110H,redwood-empire,0,0,0,0
b_4443,2023,boys,110H,class-a,0,0,0,0
b_4443,2023,boys,1600,tri-valley,0,0,0,0
b_4443,2023,boys,1600,bay-shore,0,1,,0
b_4443,2023,boys,1600,redwood-empire,0,0,0,0
b_4443,2023,boys,1600,class-a,0,0,0,0
b_4443,2023,boys,200,tri-valley,0,0,0,0
b_4443,2023,boys,200,bay-shore,0,0,0,0
b_4443,2023,boys,200,redwood-empire,0,1,,0
b_4443,2023,boys,200,class-a,0,0,0,0
b_4443,2023,boys,300H,tri-valley,1,0,0,0
b_4443,2023,boys,300H,bay-shore,0,2,,0
b_4443,2023,boys,300H,redwood-empire,1,0,0,0
b_4443,2023,boys,300H,class-a,0,0,0,0
b_4443,2023,boys,3200,tri-valley,0,0,0,0
b_4443,2023,boys,3200,bay-shore,0,0,0,0
b_4443,2023,boys,3200,redwood-empire,0,0,0,0
b_4443,2023,boys,3200,class-a,0,0,0,0
b_4443,2023,boys,400,tri-valley,2,0,0,1
b_4443,2023,boys,400,bay-shore,0,0,0,0
b_4443,2023,boys,400,redwood-empire,0,2,,0
b_4443,2023,boys,400,class-a,0,0,0,0
b_4443,2023,boys,4x100,tri-valley,3,0,0,0
b_4443,2023,boys,4x100,bay-shore,0,2,,0
b_4443,2023,boys,4x100,redwood-empire,0,2,,0
b_4443,2023,boys,4x100,class-a,0,0,0,0
b_4443,2023,boys,4x400,tri-valley,2,0,0,0
b_4443,2023,boys,4x400,bay-shore,0,1,,0
b_4443,2023,boys,4x400,redwood-empire,0,1,,0
b_4443,2023,boys,4x400,class-a,0,0,0,0
b_4443,2023,boys,800,tri-valley,3,0,0,0
b_4443,2023,boys,800,bay-shore,0,2,,0
b_4443,2023,boys,800,redwood-empire,0,2,,0
b_4443,2023,boys,800,class-a,0,0,0,0
b_4443,2023,boys,DT,tri-valley,1,0,0,0
b_4443,2023,boys,DT,bay-shore,0,1,,0
b_4443,2023,boys,DT,redwood-empire,0,0,0,0
b_4443,2023,boys,DT,class-a,0,0,0,0
b_4443,2023,boys,HJ,tri-valley,0,0,0,0
b_4443,2023,boys,HJ,bay-shore,0,0,0,0
b_4443,2023,boys,HJ,redwood-empire,0,0,0,0
b_4443,2023,boys,HJ,class-a,0,0,0,0
b_4443,2023,boys,LJ,tri-valley,0,0,0,0
b_4443,2023,boys,LJ,bay-shore,0,0,0,0
b_4443,2023,boys,LJ,redwood-empire,0,0,0,0
b_4443,2023,boys,LJ,class-a,0,0,0,0
b_4443,2023,boys,PV,tri-valley,4,0,0,0
b_4443,2023,boys,PV,bay-shore,0,1,,0
b_4443,2023,boys,PV,redwood-empire,0,0,0,0
b_4443,2023,boys,PV,class-a,0,0,0,0
b_4443,2023,boys,SP,tri-valley,0,0,0,0
b_4443,2023,boys,SP,bay-shore,0,0,0,0
b_4443,2023,boys,SP,redwood-empire,0,0,0,0
b_4443,2023,boys,SP,class-a,0,0,0,0
b_4443,2023,boys,TJ,tri-valley,0,0,0,0
b_4443,2023,boys,TJ,bay-shore,0,0,0,0
b_4443,2023,boys,TJ,redwood-empire,0,0,0,0
b_4443,2023,boys,TJ,class-a,0,0,0,0
b_4443,2023,boys,group:sprints_hurdles,tri-valley,2,0,0,0
b_4443,2023,boys,group:sprints_hurdles,bay-shore,0,2,,0
b_4443,2023,boys,group:sprints_hurdles,redwood-empire,1,3,,0
b_4443,2023,boys,group:sprints_hurdles,class-a,0,0,0,0
b_4443,2023,boys,group:400_800,tri-valley,5,0,0,1
b_4443,2023,boys,group:400_800,bay-shore,0,2,,0
b_4443,2023,boys,group:400_800,redwood-empire,0,4,,0
b_4443,2023,boys,group:400_800,class-a,0,0,0,0
b_4443,2023,boys,group:distance,tri-valley,0,0,0,0
b_4443,2023,boys,group:distance,bay-shore,0,1,,0
b_4443,2023,boys,group:distance,redwood-empire,0,0,0,0
b_4443,2023,boys,group:distance,class-a,0,0,0,0
b_4443,2023,boys,group:jumps,tri-valley,4,0,0,0
b_4443,2023,boys,group:jumps,bay-shore,0,1,,0
b_4443,2023,boys,group:jumps,redwood-empire,0,0,0,0
b_4443,2023,boys,group:jumps,class-a,0,0,0,0
b_4443,2023,boys,group:throws,tri-valley,1,0,0,0
b_4443,2023,boys,group:throws,bay-shore,0,1,,0
b_4443,2023,boys,group:throws,redwood-empire,0,0,0,0
b_4443,2023,boys,group:throws,class-a,0,0,0,0
b_4443,2023,boys,group:relays,tri-valley,5,0,0,0
b_4443,2023,boys,group:relays,bay-shore,0,3,,0
b_4443,2023,boys,group:relays,redwood-empire,0,3,,0
b_4443,2023,boys,group:relays,class-a,0,0,0,0
b_4443,2023,boys,all,tri-valley,17,0,0,1
b_4443,2023,boys,all,bay-shore,0,10,0,0
b_4443,2023,boys,all,redwood-empire,1,10,1,0
b_4443,2023,boys,all,class-a,0,0,0,0
b_4443,2023,all,100,tri-valley,2,0,0,0
b_4443,2023,all,100,bay-shore,0,0,0,0
b_4443,2023,all,100,redwood-empire,0,3,,0
b_4443,2023,all,100,class-a,0,0,0,0
b_4443,2023,all,100H,tri-valley,1,0,0,0
b_4443,2023,all,100H,bay-shore,0,2,,0
b_4443,2023,all,100H,redwood-empire,1,0,0,0
b_4443,2023,all,100H,class-a,0,0,0,0
b_4443,2023,all,110H,tri-valley,0,0,0,0
b_4443,2023,all,110H,bay-shore,0,0,0,0
b_4443,2023,all,110H,redwood-empire,0,0,0,0
b_4443,2023,all,110H,class-a,0,0,0,0
b_4443,2023,all,1600,tri-valley,1,0,0,0
b_4443,2023,all,1600,bay-shore,0,3,,0
b_4443,2023,all,1600,redwood-empire,0,0,0,0
b_4443,2023,all,1600,class-a,1,0,0,0
b_4443,2023,all,200,tri-valley,1,0,0,1
b_4443,2023,all,200,bay-shore,0,2,,0
b_4443,2023,all,200,redwood-empire,1,1,,0
b_4443,2023,all,200,class-a,0,0,0,0
b_4443,2023,all,300H,tri-valley,4,0,0,0
b_4443,2023,all,300H,bay-shore,0,4,,0
b_4443,2023,all,300H,redwood-empire,1,1,,0
b_4443,2023,all,300H,class-a,0,0,0,0
b_4443,2023,all,3200,tri-valley,1,0,0,0
b_4443,2023,all,3200,bay-shore,0,2,,0
b_4443,2023,all,3200,redwood-empire,1,0,0,0
b_4443,2023,all,3200,class-a,0,0,0,0
b_4443,2023,all,400,tri-valley,3,0,0,1
b_4443,2023,all,400,bay-shore,0,0,0,0
b_4443,2023,all,400,redwood-empire,0,3,,0
b_4443,2023,all,400,class-a,0,0,0,0
b_4443,2023,all,4x100,tri-valley,4,0,0,0
b_4443,2023,all,4x100,bay-shore,0,3,,0
b_4443,2023,all,4x100,redwood-empire,0,2,,0
b_4443,2023,all,4x100,class-a,0,0,0,0
b_4443,2023,all,4x400,tri-valley,5,0,0,0
b_4443,2023,all,4x400,bay-shore,0,2,,0
b_4443,2023,all,4x400,redwood-empire,0,2,,0
b_4443,2023,all,4x400,class-a,0,0,0,0
b_4443,2023,all,800,tri-valley,6,0,0,0
b_4443,2023,all,800,bay-shore,0,4,,0
b_4443,2023,all,800,redwood-empire,0,3,,0
b_4443,2023,all,800,class-a,0,0,0,0
b_4443,2023,all,DT,tri-valley,5,0,0,2
b_4443,2023,all,DT,bay-shore,0,3,,0
b_4443,2023,all,DT,redwood-empire,0,2,,0
b_4443,2023,all,DT,class-a,0,0,0,0
b_4443,2023,all,HJ,tri-valley,0,0,0,0
b_4443,2023,all,HJ,bay-shore,0,2,,0
b_4443,2023,all,HJ,redwood-empire,0,0,0,0
b_4443,2023,all,HJ,class-a,0,0,0,0
b_4443,2023,all,LJ,tri-valley,0,0,0,0
b_4443,2023,all,LJ,bay-shore,0,0,0,0
b_4443,2023,all,LJ,redwood-empire,0,0,0,0
b_4443,2023,all,LJ,class-a,0,0,0,0
b_4443,2023,all,PV,tri-valley,4,2,,0
b_4443,2023,all,PV,bay-shore,3,1,,0
b_4443,2023,all,PV,redwood-empire,1,0,0,0
b_4443,2023,all,PV,class-a,0,0,0,0
b_4443,2023,all,SP,tri-valley,0,0,0,0
b_4443,2023,all,SP,bay-shore,0,2,,0
b_4443,2023,all,SP,redwood-empire,1,0,0,0
b_4443,2023,all,SP,class-a,1,0,0,0
b_4443,2023,all,TJ,tri-valley,0,0,0,0
b_4443,2023,all,TJ,bay-shore,0,0,0,0
b_4443,2023,all,TJ,redwood-empire,0,0,0,0
b_4443,2023,all,TJ,class-a,0,0,0,0
b_4443,2023,all,group:sprints_hurdles,tri-valley,8,0,0,1
b_4443,2023,all,group:sprints_hurdles,bay-shore,0,8,0,0
b_4443,2023,all,group:sprints_hurdles,redwood-empire,3,5,1,0
b_4443,2023,all,group:sprints_hurdles,class-a,0,0,0,0
b_4443,2023,all,group:400_800,tri-valley,9,0,0,1
b_4443,2023,all,group:400_800,bay-shore,0,4,,0
b_4443,2023,all,group:400_800,redwood-empire,0,6,0,0
b_4443,2023,all,group:400_800,class-a,0,0,0,0
b_4443,2023,all,group:distance,tri-valley,2,0,0,0
b_4443,2023,all,group:distance,bay-shore,0,5,0,0
b_4443,2023,all,group:distance,redwood-empire,1,0,0,0
b_4443,2023,all,group:distance,class-a,1,0,0,0
b_4443,2023,all,group:jumps,tri-valley,4,2,,0
b_4443,2023,all,group:jumps,bay-shore,3,3,,0
b_4443,2023,all,group:jumps,redwood-empire,1,0,0,0
b_4443,2023,all,group:jumps,class-a,0,0,0,0
b_4443,2023,all,group:throws,tri-valley,5,0,0,2
b_4443,2023,all,group:throws,bay-shore,0,5,0,0
b_4443,2023,all,group:throws,redwood-empire,1,2,,0
b_4443,2023,all,group:throws,class-a,1,0,0,0
b_4443,2023,all,group:relays,tri-valley,9,0,0,0
b_4443,2023,all,group:relays,bay-shore,0,5,0,0
b_4443,2023,all,group:relays,redwood-empire,0,4,,0
b_4443,2023,all,group:relays,class-a,0,0,0,0
b_4443,2023,all,all,tri-valley,37,2,,4
b_4443,2023,all,all,bay-shore,3,30,0,0
b_4443,2023,all,all,redwood-empire,6,17,2,0
b_4443,2023,all,all,class-a,2,0,0,0
b_4443,2024,girls,100,tri-valley,1,0,0,0
b_4443,2024,girls,100,bay-shore,1,0,0,0
b_4443,2024,girls,100,redwood-empire,0,2,,0
b_4443,2024,girls,100,class-a,0,0,0,0
b_4443,2024,girls,100H,tri-valley,3,0,0,0
b_4443,2024,girls,100H,bay-shore,0,1,,0
b_4443,2024,girls,100H,redwood-empire,0,2,,0
b_4443,2024,girls,100H,class-a,0,0,0,0
b_4443,2024,girls,1600,tri-valley,0,0,0,0
b_4443,2024,girls,1600,bay-shore,0,2,,0
b_4443,2024,girls,1600,redwood-empire,0,2,,0
b_4443,2024,girls,1600,class-a,0,0,0,0
b_4443,2024,girls,200,tri-valley,0,0,0,0
b_4443,2024,girls,200,bay-shore,0,0,0,0
b_4443,2024,girls,200,redwood-empire,0,1,,0
b_4443,2024,girls,200,class-a,1,0,0,0
b_4443,2024,girls,300H,tri-valley,2,0,0,0
b_4443,2024,girls,300H,bay-shore,0,1,,0
b_4443,2024,girls,300H,redwood-empire,0,1,,0
b_4443,2024,girls,300H,class-a,0,0,0,0
b_4443,2024,girls,3200,tri-valley,0,0,0,0
b_4443,2024,girls,3200,bay-shore,0,1,,0
b_4443,2024,girls,3200,redwood-empire,0,0,0,0
b_4443,2024,girls,3200,class-a,1,0,0,0
b_4443,2024,girls,400,tri-valley,0,0,0,0
b_4443,2024,girls,400,bay-shore,0,0,0,0
b_4443,2024,girls,400,redwood-empire,0,0,0,0
b_4443,2024,girls,400,class-a,0,0,0,0
b_4443,2024,girls,4x100,tri-valley,2,0,0,0
b_4443,2024,girls,4x100,bay-shore,0,0,0,0
b_4443,2024,girls,4x100,redwood-empire,0,2,,0
b_4443,2024,girls,4x100,class-a,0,0,0,0
b_4443,2024,girls,4x400,tri-valley,3,0,0,0
b_4443,2024,girls,4x400,bay-shore,0,1,,0
b_4443,2024,girls,4x400,redwood-empire,0,2,,0
b_4443,2024,girls,4x400,class-a,0,0,0,0
b_4443,2024,girls,800,tri-valley,1,0,0,0
b_4443,2024,girls,800,bay-shore,0,2,,0
b_4443,2024,girls,800,redwood-empire,0,0,0,0
b_4443,2024,girls,800,class-a,0,0,0,0
b_4443,2024,girls,DT,tri-valley,0,0,0,0
b_4443,2024,girls,DT,bay-shore,0,0,0,0
b_4443,2024,girls,DT,redwood-empire,0,0,0,0
b_4443,2024,girls,DT,class-a,0,0,0,0
b_4443,2024,girls,HJ,tri-valley,0,0,0,0
b_4443,2024,girls,HJ,bay-shore,0,1,,0
b_4443,2024,girls,HJ,redwood-empire,0,0,0,0
b_4443,2024,girls,HJ,class-a,0,0,0,0
b_4443,2024,girls,LJ,tri-valley,1,0,0,0
b_4443,2024,girls,LJ,bay-shore,1,0,0,0
b_4443,2024,girls,LJ,redwood-empire,0,2,,0
b_4443,2024,girls,LJ,class-a,0,0,0,0
b_4443,2024,girls,PV,tri-valley,4,0,0,0
b_4443,2024,girls,PV,bay-shore,0,1,,0
b_4443,2024,girls,PV,redwood-empire,0,2,,0
b_4443,2024,girls,PV,class-a,0,0,0,0
b_4443,2024,girls,SP,tri-valley,1,0,0,0
b_4443,2024,girls,SP,bay-shore,0,2,,0
b_4443,2024,girls,SP,redwood-empire,1,0,0,0
b_4443,2024,girls,SP,class-a,0,0,0,0
b_4443,2024,girls,TJ,tri-valley,0,0,0,0
b_4443,2024,girls,TJ,bay-shore,0,0,0,0
b_4443,2024,girls,TJ,redwood-empire,0,0,0,0
b_4443,2024,girls,TJ,class-a,0,0,0,0
b_4443,2024,girls,group:sprints_hurdles,tri-valley,6,0,0,0
b_4443,2024,girls,group:sprints_hurdles,bay-shore,1,2,,0
b_4443,2024,girls,group:sprints_hurdles,redwood-empire,0,6,0,0
b_4443,2024,girls,group:sprints_hurdles,class-a,1,0,0,0
b_4443,2024,girls,group:400_800,tri-valley,1,0,0,0
b_4443,2024,girls,group:400_800,bay-shore,0,2,,0
b_4443,2024,girls,group:400_800,redwood-empire,0,0,0,0
b_4443,2024,girls,group:400_800,class-a,0,0,0,0
b_4443,2024,girls,group:distance,tri-valley,0,0,0,0
b_4443,2024,girls,group:distance,bay-shore,0,3,,0
b_4443,2024,girls,group:distance,redwood-empire,0,2,,0
b_4443,2024,girls,group:distance,class-a,1,0,0,0
b_4443,2024,girls,group:jumps,tri-valley,5,0,0,0
b_4443,2024,girls,group:jumps,bay-shore,1,2,,0
b_4443,2024,girls,group:jumps,redwood-empire,0,4,,0
b_4443,2024,girls,group:jumps,class-a,0,0,0,0
b_4443,2024,girls,group:throws,tri-valley,1,0,0,0
b_4443,2024,girls,group:throws,bay-shore,0,2,,0
b_4443,2024,girls,group:throws,redwood-empire,1,0,0,0
b_4443,2024,girls,group:throws,class-a,0,0,0,0
b_4443,2024,girls,group:relays,tri-valley,5,0,0,0
b_4443,2024,girls,group:relays,bay-shore,0,1,,0
b_4443,2024,girls,group:relays,redwood-empire,0,4,,0
b_4443,2024,girls,group:relays,class-a,0,0,0,0
b_4443,2024,girls,all,tri-valley,18,0,0,0
b_4443,2024,girls,all,bay-shore,2,12,0,0
b_4443,2024,girls,all,redwood-empire,1,16,0,0
b_4443,2024,girls,all,class-a,2,0,0,0
b_4443,2024,boys,100,tri-valley,0,0,0,0
b_4443,2024,boys,100,bay-shore,0,0,0,0
b_4443,2024,boys,100,redwood-empire,0,2,,0
b_4443,2024,boys,100,class-a,0,0,0,0
b_4443,2024,boys,110H,tri-valley,1,0,0,0
b_4443,2024,boys,110H,bay-shore,0,0,0,0
b_4443,2024,boys,110H,redwood-empire,0,2,,0
b_4443,2024,boys,110H,class-a,1,0,0,0
b_4443,2024,boys,1600,tri-valley,0,0,0,0
b_4443,2024,boys,1600,bay-shore,0,0,0,0
b_4443,2024,boys,1600,redwood-empire,0,0,0,0
b_4443,2024,boys,1600,class-a,0,0,0,0
b_4443,2024,boys,200,tri-valley,0,0,0,0
b_4443,2024,boys,200,bay-shore,0,2,,0
b_4443,2024,boys,200,redwood-empire,2,0,0,0
b_4443,2024,boys,200,class-a,0,0,0,0
b_4443,2024,boys,300H,tri-valley,0,0,0,0
b_4443,2024,boys,300H,bay-shore,0,0,0,0
b_4443,2024,boys,300H,redwood-empire,0,0,0,0
b_4443,2024,boys,300H,class-a,0,0,0,0
b_4443,2024,boys,3200,tri-valley,1,0,0,0
b_4443,2024,boys,3200,bay-shore,0,0,0,0
b_4443,2024,boys,3200,redwood-empire,0,1,,0
b_4443,2024,boys,3200,class-a,0,0,0,0
b_4443,2024,boys,400,tri-valley,0,0,0,0
b_4443,2024,boys,400,bay-shore,0,0,0,0
b_4443,2024,boys,400,redwood-empire,0,2,,0
b_4443,2024,boys,400,class-a,0,0,0,0
b_4443,2024,boys,4x100,tri-valley,1,0,0,0
b_4443,2024,boys,4x100,bay-shore,0,0,0,0
b_4443,2024,boys,4x100,redwood-empire,0,1,,0
b_4443,2024,boys,4x100,class-a,0,0,0,0
b_4443,2024,boys,4x400,tri-valley,1,0,0,0
b_4443,2024,boys,4x400,bay-shore,0,1,,0
b_4443,2024,boys,4x400,redwood-empire,0,0,0,0
b_4443,2024,boys,4x400,class-a,0,0,0,0
b_4443,2024,boys,800,tri-valley,0,0,0,0
b_4443,2024,boys,800,bay-shore,0,2,,0
b_4443,2024,boys,800,redwood-empire,0,0,0,0
b_4443,2024,boys,800,class-a,0,0,0,0
b_4443,2024,boys,DT,tri-valley,2,0,0,0
b_4443,2024,boys,DT,bay-shore,0,2,,0
b_4443,2024,boys,DT,redwood-empire,0,0,0,0
b_4443,2024,boys,DT,class-a,0,0,0,0
b_4443,2024,boys,HJ,tri-valley,4,0,0,0
b_4443,2024,boys,HJ,bay-shore,0,0,0,0
b_4443,2024,boys,HJ,redwood-empire,2,0,0,0
b_4443,2024,boys,HJ,class-a,0,0,0,0
b_4443,2024,boys,LJ,tri-valley,1,0,0,0
b_4443,2024,boys,LJ,bay-shore,0,0,0,0
b_4443,2024,boys,LJ,redwood-empire,0,1,,0
b_4443,2024,boys,LJ,class-a,0,0,0,0
b_4443,2024,boys,PV,tri-valley,4,0,0,0
b_4443,2024,boys,PV,bay-shore,0,0,0,0
b_4443,2024,boys,PV,redwood-empire,2,0,0,0
b_4443,2024,boys,PV,class-a,0,0,0,0
b_4443,2024,boys,SP,tri-valley,0,0,0,0
b_4443,2024,boys,SP,bay-shore,0,0,0,0
b_4443,2024,boys,SP,redwood-empire,0,0,0,0
b_4443,2024,boys,SP,class-a,0,0,0,0
b_4443,2024,boys,TJ,tri-valley,0,0,0,0
b_4443,2024,boys,TJ,bay-shore,0,0,0,0
b_4443,2024,boys,TJ,redwood-empire,0,0,0,0
b_4443,2024,boys,TJ,class-a,0,0,0,0
b_4443,2024,boys,group:sprints_hurdles,tri-valley,1,0,0,0
b_4443,2024,boys,group:sprints_hurdles,bay-shore,0,2,,0
b_4443,2024,boys,group:sprints_hurdles,redwood-empire,2,4,,0
b_4443,2024,boys,group:sprints_hurdles,class-a,1,0,0,0
b_4443,2024,boys,group:400_800,tri-valley,0,0,0,0
b_4443,2024,boys,group:400_800,bay-shore,0,2,,0
b_4443,2024,boys,group:400_800,redwood-empire,0,2,,0
b_4443,2024,boys,group:400_800,class-a,0,0,0,0
b_4443,2024,boys,group:distance,tri-valley,1,0,0,0
b_4443,2024,boys,group:distance,bay-shore,0,0,0,0
b_4443,2024,boys,group:distance,redwood-empire,0,1,,0
b_4443,2024,boys,group:distance,class-a,0,0,0,0
b_4443,2024,boys,group:jumps,tri-valley,9,0,0,0
b_4443,2024,boys,group:jumps,bay-shore,0,0,0,0
b_4443,2024,boys,group:jumps,redwood-empire,4,1,,0
b_4443,2024,boys,group:jumps,class-a,0,0,0,0
b_4443,2024,boys,group:throws,tri-valley,2,0,0,0
b_4443,2024,boys,group:throws,bay-shore,0,2,,0
b_4443,2024,boys,group:throws,redwood-empire,0,0,0,0
b_4443,2024,boys,group:throws,class-a,0,0,0,0
b_4443,2024,boys,group:relays,tri-valley,2,0,0,0
b_4443,2024,boys,group:relays,bay-shore,0,1,,0
b_4443,2024,boys,group:relays,redwood-empire,0,1,,0
b_4443,2024,boys,group:relays,class-a,0,0,0,0
b_4443,2024,boys,all,tri-valley,15,0,0,0
b_4443,2024,boys,all,bay-shore,0,7,0,0
b_4443,2024,boys,all,redwood-empire,6,9,0,0
b_4443,2024,boys,all,class-a,1,0,0,0
b_4443,2024,all,100,tri-valley,1,0,0,0
b_4443,2024,all,100,bay-shore,1,0,0,0
b_4443,2024,all,100,redwood-empire,0,4,,0
b_4443,2024,all,100,class-a,0,0,0,0
b_4443,2024,all,100H,tri-valley,3,0,0,0
b_4443,2024,all,100H,bay-shore,0,1,,0
b_4443,2024,all,100H,redwood-empire,0,2,,0
b_4443,2024,all,100H,class-a,0,0,0,0
b_4443,2024,all,110H,tri-valley,1,0,0,0
b_4443,2024,all,110H,bay-shore,0,0,0,0
b_4443,2024,all,110H,redwood-empire,0,2,,0
b_4443,2024,all,110H,class-a,1,0,0,0
b_4443,2024,all,1600,tri-valley,0,0,0,0
b_4443,2024,all,1600,bay-shore,0,2,,0
b_4443,2024,all,1600,redwood-empire,0,2,,0
b_4443,2024,all,1600,class-a,0,0,0,0
b_4443,2024,all,200,tri-valley,0,0,0,0
b_4443,2024,all,200,bay-shore,0,2,,0
b_4443,2024,all,200,redwood-empire,2,1,,0
b_4443,2024,all,200,class-a,1,0,0,0
b_4443,2024,all,300H,tri-valley,2,0,0,0
b_4443,2024,all,300H,bay-shore,0,1,,0
b_4443,2024,all,300H,redwood-empire,0,1,,0
b_4443,2024,all,300H,class-a,0,0,0,0
b_4443,2024,all,3200,tri-valley,1,0,0,0
b_4443,2024,all,3200,bay-shore,0,1,,0
b_4443,2024,all,3200,redwood-empire,0,1,,0
b_4443,2024,all,3200,class-a,1,0,0,0
b_4443,2024,all,400,tri-valley,0,0,0,0
b_4443,2024,all,400,bay-shore,0,0,0,0
b_4443,2024,all,400,redwood-empire,0,2,,0
b_4443,2024,all,400,class-a,0,0,0,0
b_4443,2024,all,4x100,tri-valley,3,0,0,0
b_4443,2024,all,4x100,bay-shore,0,0,0,0
b_4443,2024,all,4x100,redwood-empire,0,3,,0
b_4443,2024,all,4x100,class-a,0,0,0,0
b_4443,2024,all,4x400,tri-valley,4,0,0,0
b_4443,2024,all,4x400,bay-shore,0,2,,0
b_4443,2024,all,4x400,redwood-empire,0,2,,0
b_4443,2024,all,4x400,class-a,0,0,0,0
b_4443,2024,all,800,tri-valley,1,0,0,0
b_4443,2024,all,800,bay-shore,0,4,,0
b_4443,2024,all,800,redwood-empire,0,0,0,0
b_4443,2024,all,800,class-a,0,0,0,0
b_4443,2024,all,DT,tri-valley,2,0,0,0
b_4443,2024,all,DT,bay-shore,0,2,,0
b_4443,2024,all,DT,redwood-empire,0,0,0,0
b_4443,2024,all,DT,class-a,0,0,0,0
b_4443,2024,all,HJ,tri-valley,4,0,0,0
b_4443,2024,all,HJ,bay-shore,0,1,,0
b_4443,2024,all,HJ,redwood-empire,2,0,0,0
b_4443,2024,all,HJ,class-a,0,0,0,0
b_4443,2024,all,LJ,tri-valley,2,0,0,0
b_4443,2024,all,LJ,bay-shore,1,0,0,0
b_4443,2024,all,LJ,redwood-empire,0,3,,0
b_4443,2024,all,LJ,class-a,0,0,0,0
b_4443,2024,all,PV,tri-valley,8,0,0,0
b_4443,2024,all,PV,bay-shore,0,1,,0
b_4443,2024,all,PV,redwood-empire,2,2,,0
b_4443,2024,all,PV,class-a,0,0,0,0
b_4443,2024,all,SP,tri-valley,1,0,0,0
b_4443,2024,all,SP,bay-shore,0,2,,0
b_4443,2024,all,SP,redwood-empire,1,0,0,0
b_4443,2024,all,SP,class-a,0,0,0,0
b_4443,2024,all,TJ,tri-valley,0,0,0,0
b_4443,2024,all,TJ,bay-shore,0,0,0,0
b_4443,2024,all,TJ,redwood-empire,0,0,0,0
b_4443,2024,all,TJ,class-a,0,0,0,0
b_4443,2024,all,group:sprints_hurdles,tri-valley,7,0,0,0
b_4443,2024,all,group:sprints_hurdles,bay-shore,1,4,,0
b_4443,2024,all,group:sprints_hurdles,redwood-empire,2,10,0,0
b_4443,2024,all,group:sprints_hurdles,class-a,2,0,0,0
b_4443,2024,all,group:400_800,tri-valley,1,0,0,0
b_4443,2024,all,group:400_800,bay-shore,0,4,,0
b_4443,2024,all,group:400_800,redwood-empire,0,2,,0
b_4443,2024,all,group:400_800,class-a,0,0,0,0
b_4443,2024,all,group:distance,tri-valley,1,0,0,0
b_4443,2024,all,group:distance,bay-shore,0,3,,0
b_4443,2024,all,group:distance,redwood-empire,0,3,,0
b_4443,2024,all,group:distance,class-a,1,0,0,0
b_4443,2024,all,group:jumps,tri-valley,14,0,0,0
b_4443,2024,all,group:jumps,bay-shore,1,2,,0
b_4443,2024,all,group:jumps,redwood-empire,4,5,0,0
b_4443,2024,all,group:jumps,class-a,0,0,0,0
b_4443,2024,all,group:throws,tri-valley,3,0,0,0
b_4443,2024,all,group:throws,bay-shore,0,4,,0
b_4443,2024,all,group:throws,redwood-empire,1,0,0,0
b_4443,2024,all,group:throws,class-a,0,0,0,0
b_4443,2024,all,group:relays,tri-valley,7,0,0,0
b_4443,2024,all,group:relays,bay-shore,0,2,,0
b_4443,2024,all,group:relays,redwood-empire,0,5,0,0
b_4443,2024,all,group:relays,class-a,0,0,0,0
b_4443,2024,all,all,tri-valley,33,0,0,0
b_4443,2024,all,all,bay-shore,2,19,0,0
b_4443,2024,all,all,redwood-empire,7,25,0,0
b_4443,2024,all,all,class-a,3,0,0,0
b_4443,2025,girls,100,tri-valley,2,0,0,0
b_4443,2025,girls,100,bay-shore,0,1,,0
b_4443,2025,girls,100,redwood-empire,0,2,,0
b_4443,2025,girls,100,class-a,0,0,0,0
b_4443,2025,girls,100H,tri-valley,0,0,0,0
b_4443,2025,girls,100H,bay-shore,0,1,,0
b_4443,2025,girls,100H,redwood-empire,1,0,0,0
b_4443,2025,girls,100H,class-a,0,0,0,0
b_4443,2025,girls,1600,tri-valley,0,0,0,0
b_4443,2025,girls,1600,bay-shore,0,2,,0
b_4443,2025,girls,1600,redwood-empire,1,0,0,0
b_4443,2025,girls,1600,class-a,1,0,0,0
b_4443,2025,girls,200,tri-valley,0,0,0,0
b_4443,2025,girls,200,bay-shore,0,2,,0
b_4443,2025,girls,200,redwood-empire,0,2,,0
b_4443,2025,girls,200,class-a,1,0,0,0
b_4443,2025,girls,300H,tri-valley,1,0,0,0
b_4443,2025,girls,300H,bay-shore,0,1,,0
b_4443,2025,girls,300H,redwood-empire,0,0,0,0
b_4443,2025,girls,300H,class-a,0,0,0,0
b_4443,2025,girls,3200,tri-valley,0,0,0,0
b_4443,2025,girls,3200,bay-shore,0,0,0,0
b_4443,2025,girls,3200,redwood-empire,0,0,0,0
b_4443,2025,girls,3200,class-a,0,0,0,0
b_4443,2025,girls,400,tri-valley,1,0,0,0
b_4443,2025,girls,400,bay-shore,0,0,0,0
b_4443,2025,girls,400,redwood-empire,0,2,,0
b_4443,2025,girls,400,class-a,1,0,0,0
b_4443,2025,girls,4x100,tri-valley,2,0,0,0
b_4443,2025,girls,4x100,bay-shore,0,0,0,0
b_4443,2025,girls,4x100,redwood-empire,0,2,,0
b_4443,2025,girls,4x100,class-a,0,0,0,0
b_4443,2025,girls,4x400,tri-valley,2,0,0,0
b_4443,2025,girls,4x400,bay-shore,0,2,,0
b_4443,2025,girls,4x400,redwood-empire,0,1,,0
b_4443,2025,girls,4x400,class-a,1,0,0,0
b_4443,2025,girls,800,tri-valley,1,0,0,0
b_4443,2025,girls,800,bay-shore,0,2,,0
b_4443,2025,girls,800,redwood-empire,1,0,0,0
b_4443,2025,girls,800,class-a,0,0,0,0
b_4443,2025,girls,DT,tri-valley,1,0,0,0
b_4443,2025,girls,DT,bay-shore,0,2,,0
b_4443,2025,girls,DT,redwood-empire,0,0,0,0
b_4443,2025,girls,DT,class-a,0,0,0,0
b_4443,2025,girls,HJ,tri-valley,3,0,0,0
b_4443,2025,girls,HJ,bay-shore,3,0,0,0
b_4443,2025,girls,HJ,redwood-empire,0,2,,0
b_4443,2025,girls,HJ,class-a,3,0,0,0
b_4443,2025,girls,LJ,tri-valley,1,0,0,0
b_4443,2025,girls,LJ,bay-shore,1,0,0,0
b_4443,2025,girls,LJ,redwood-empire,0,2,,0
b_4443,2025,girls,LJ,class-a,0,0,0,0
b_4443,2025,girls,PV,tri-valley,0,0,0,0
b_4443,2025,girls,PV,bay-shore,0,0,0,0
b_4443,2025,girls,PV,redwood-empire,0,0,0,0
b_4443,2025,girls,PV,class-a,0,0,0,0
b_4443,2025,girls,SP,tri-valley,1,0,0,0
b_4443,2025,girls,SP,bay-shore,0,2,,0
b_4443,2025,girls,SP,redwood-empire,0,0,0,0
b_4443,2025,girls,SP,class-a,1,0,0,0
b_4443,2025,girls,TJ,tri-valley,0,0,0,0
b_4443,2025,girls,TJ,bay-shore,1,0,0,0
b_4443,2025,girls,TJ,redwood-empire,0,1,,0
b_4443,2025,girls,TJ,class-a,0,0,0,0
b_4443,2025,girls,group:sprints_hurdles,tri-valley,3,0,0,0
b_4443,2025,girls,group:sprints_hurdles,bay-shore,0,5,0,0
b_4443,2025,girls,group:sprints_hurdles,redwood-empire,1,4,,0
b_4443,2025,girls,group:sprints_hurdles,class-a,1,0,0,0
b_4443,2025,girls,group:400_800,tri-valley,2,0,0,0
b_4443,2025,girls,group:400_800,bay-shore,0,2,,0
b_4443,2025,girls,group:400_800,redwood-empire,1,2,,0
b_4443,2025,girls,group:400_800,class-a,1,0,0,0
b_4443,2025,girls,group:distance,tri-valley,0,0,0,0
b_4443,2025,girls,group:distance,bay-shore,0,2,,0
b_4443,2025,girls,group:distance,redwood-empire,1,0,0,0
b_4443,2025,girls,group:distance,class-a,1,0,0,0
b_4443,2025,girls,group:jumps,tri-valley,4,0,0,0
b_4443,2025,girls,group:jumps,bay-shore,5,0,0,0
b_4443,2025,girls,group:jumps,redwood-empire,0,5,0,0
b_4443,2025,girls,group:jumps,class-a,3,0,0,0
b_4443,2025,girls,group:throws,tri-valley,2,0,0,0
b_4443,2025,girls,group:throws,bay-shore,0,4,,0
b_4443,2025,girls,group:throws,redwood-empire,0,0,0,0
b_4443,2025,girls,group:throws,class-a,1,0,0,0
b_4443,2025,girls,group:relays,tri-valley,4,0,0,0
b_4443,2025,girls,group:relays,bay-shore,0,2,,0
b_4443,2025,girls,group:relays,redwood-empire,0,3,,0
b_4443,2025,girls,group:relays,class-a,1,0,0,0
b_4443,2025,girls,all,tri-valley,15,0,0,0
b_4443,2025,girls,all,bay-shore,5,15,0,0
b_4443,2025,girls,all,redwood-empire,3,14,0,0
b_4443,2025,girls,all,class-a,8,0,0,0
b_4443,2025,boys,100,tri-valley,0,0,0,0
b_4443,2025,boys,100,bay-shore,0,0,0,0
b_4443,2025,boys,100,redwood-empire,0,0,0,0
b_4443,2025,boys,100,class-a,0,0,0,0
b_4443,2025,boys,110H,tri-valley,1,0,0,0
b_4443,2025,boys,110H,bay-shore,1,0,0,0
b_4443,2025,boys,110H,redwood-empire,0,2,,0
b_4443,2025,boys,110H,class-a,0,0,0,0
b_4443,2025,boys,1600,tri-valley,2,0,0,0
b_4443,2025,boys,1600,bay-shore,0,2,,0
b_4443,2025,boys,1600,redwood-empire,0,0,0,0
b_4443,2025,boys,1600,class-a,0,0,0,0
b_4443,2025,boys,200,tri-valley,0,0,0,0
b_4443,2025,boys,200,bay-shore,0,0,0,0
b_4443,2025,boys,200,redwood-empire,0,0,0,0
b_4443,2025,boys,200,class-a,0,0,0,0
b_4443,2025,boys,300H,tri-valley,1,0,0,0
b_4443,2025,boys,300H,bay-shore,0,2,,0
b_4443,2025,boys,300H,redwood-empire,0,2,,0
b_4443,2025,boys,300H,class-a,0,0,0,0
b_4443,2025,boys,3200,tri-valley,1,0,0,0
b_4443,2025,boys,3200,bay-shore,0,2,,0
b_4443,2025,boys,3200,redwood-empire,1,0,0,0
b_4443,2025,boys,3200,class-a,0,0,0,0
b_4443,2025,boys,400,tri-valley,4,0,0,0
b_4443,2025,boys,400,bay-shore,0,2,,0
b_4443,2025,boys,400,redwood-empire,0,2,,0
b_4443,2025,boys,400,class-a,0,0,0,0
b_4443,2025,boys,4x100,tri-valley,0,0,0,0
b_4443,2025,boys,4x100,bay-shore,0,0,0,0
b_4443,2025,boys,4x100,redwood-empire,0,0,0,0
b_4443,2025,boys,4x100,class-a,0,0,0,0
b_4443,2025,boys,4x400,tri-valley,4,0,0,0
b_4443,2025,boys,4x400,bay-shore,0,2,,0
b_4443,2025,boys,4x400,redwood-empire,0,2,,0
b_4443,2025,boys,4x400,class-a,0,0,0,0
b_4443,2025,boys,800,tri-valley,0,0,0,0
b_4443,2025,boys,800,bay-shore,0,0,0,0
b_4443,2025,boys,800,redwood-empire,0,0,0,0
b_4443,2025,boys,800,class-a,0,0,0,0
b_4443,2025,boys,DT,tri-valley,1,0,0,0
b_4443,2025,boys,DT,bay-shore,0,2,,0
b_4443,2025,boys,DT,redwood-empire,1,0,0,0
b_4443,2025,boys,DT,class-a,0,0,0,0
b_4443,2025,boys,HJ,tri-valley,0,0,0,0
b_4443,2025,boys,HJ,bay-shore,0,2,,0
b_4443,2025,boys,HJ,redwood-empire,0,0,0,0
b_4443,2025,boys,HJ,class-a,0,0,0,0
b_4443,2025,boys,LJ,tri-valley,2,0,0,0
b_4443,2025,boys,LJ,bay-shore,0,0,0,0
b_4443,2025,boys,LJ,redwood-empire,0,2,,0
b_4443,2025,boys,LJ,class-a,0,0,0,0
b_4443,2025,boys,PV,tri-valley,3,0,0,0
b_4443,2025,boys,PV,bay-shore,0,2,,0
b_4443,2025,boys,PV,redwood-empire,1,0,0,0
b_4443,2025,boys,PV,class-a,0,0,0,0
b_4443,2025,boys,SP,tri-valley,0,0,0,0
b_4443,2025,boys,SP,bay-shore,0,0,0,0
b_4443,2025,boys,SP,redwood-empire,0,0,0,0
b_4443,2025,boys,SP,class-a,0,0,0,0
b_4443,2025,boys,TJ,tri-valley,1,0,0,0
b_4443,2025,boys,TJ,bay-shore,1,0,0,0
b_4443,2025,boys,TJ,redwood-empire,0,2,,0
b_4443,2025,boys,TJ,class-a,0,0,0,0
b_4443,2025,boys,group:sprints_hurdles,tri-valley,2,0,0,0
b_4443,2025,boys,group:sprints_hurdles,bay-shore,1,2,,0
b_4443,2025,boys,group:sprints_hurdles,redwood-empire,0,4,,0
b_4443,2025,boys,group:sprints_hurdles,class-a,0,0,0,0
b_4443,2025,boys,group:400_800,tri-valley,4,0,0,0
b_4443,2025,boys,group:400_800,bay-shore,0,2,,0
b_4443,2025,boys,group:400_800,redwood-empire,0,2,,0
b_4443,2025,boys,group:400_800,class-a,0,0,0,0
b_4443,2025,boys,group:distance,tri-valley,3,0,0,0
b_4443,2025,boys,group:distance,bay-shore,0,4,,0
b_4443,2025,boys,group:distance,redwood-empire,1,0,0,0
b_4443,2025,boys,group:distance,class-a,0,0,0,0
b_4443,2025,boys,group:jumps,tri-valley,6,0,0,0
b_4443,2025,boys,group:jumps,bay-shore,1,4,,0
b_4443,2025,boys,group:jumps,redwood-empire,1,4,,0
b_4443,2025,boys,group:jumps,class-a,0,0,0,0
b_4443,2025,boys,group:throws,tri-valley,1,0,0,0
b_4443,2025,boys,group:throws,bay-shore,0,2,,0
b_4443,2025,boys,group:throws,redwood-empire,1,0,0,0
b_4443,2025,boys,group:throws,class-a,0,0,0,0
b_4443,2025,boys,group:relays,tri-valley,4,0,0,0
b_4443,2025,boys,group:relays,bay-shore,0,2,,0
b_4443,2025,boys,group:relays,redwood-empire,0,2,,0
b_4443,2025,boys,group:relays,class-a,0,0,0,0
b_4443,2025,boys,all,tri-valley,20,0,0,0
b_4443,2025,boys,all,bay-shore,2,16,0,0
b_4443,2025,boys,all,redwood-empire,3,12,0,0
b_4443,2025,boys,all,class-a,0,0,0,0
b_4443,2025,all,100,tri-valley,2,0,0,0
b_4443,2025,all,100,bay-shore,0,1,,0
b_4443,2025,all,100,redwood-empire,0,2,,0
b_4443,2025,all,100,class-a,0,0,0,0
b_4443,2025,all,100H,tri-valley,0,0,0,0
b_4443,2025,all,100H,bay-shore,0,1,,0
b_4443,2025,all,100H,redwood-empire,1,0,0,0
b_4443,2025,all,100H,class-a,0,0,0,0
b_4443,2025,all,110H,tri-valley,1,0,0,0
b_4443,2025,all,110H,bay-shore,1,0,0,0
b_4443,2025,all,110H,redwood-empire,0,2,,0
b_4443,2025,all,110H,class-a,0,0,0,0
b_4443,2025,all,1600,tri-valley,2,0,0,0
b_4443,2025,all,1600,bay-shore,0,4,,0
b_4443,2025,all,1600,redwood-empire,1,0,0,0
b_4443,2025,all,1600,class-a,1,0,0,0
b_4443,2025,all,200,tri-valley,0,0,0,0
b_4443,2025,all,200,bay-shore,0,2,,0
b_4443,2025,all,200,redwood-empire,0,2,,0
b_4443,2025,all,200,class-a,1,0,0,0
b_4443,2025,all,300H,tri-valley,2,0,0,0
b_4443,2025,all,300H,bay-shore,0,3,,0
b_4443,2025,all,300H,redwood-empire,0,2,,0
b_4443,2025,all,300H,class-a,0,0,0,0
b_4443,2025,all,3200,tri-valley,1,0,0,0
b_4443,2025,all,3200,bay-shore,0,2,,0
b_4443,2025,all,3200,redwood-empire,1,0,0,0
b_4443,2025,all,3200,class-a,0,0,0,0
b_4443,2025,all,400,tri-valley,5,0,0,0
b_4443,2025,all,400,bay-shore,0,2,,0
b_4443,2025,all,400,redwood-empire,0,4,,0
b_4443,2025,all,400,class-a,1,0,0,0
b_4443,2025,all,4x100,tri-valley,2,0,0,0
b_4443,2025,all,4x100,bay-shore,0,0,0,0
b_4443,2025,all,4x100,redwood-empire,0,2,,0
b_4443,2025,all,4x100,class-a,0,0,0,0
b_4443,2025,all,4x400,tri-valley,6,0,0,0
b_4443,2025,all,4x400,bay-shore,0,4,,0
b_4443,2025,all,4x400,redwood-empire,0,3,,0
b_4443,2025,all,4x400,class-a,1,0,0,0
b_4443,2025,all,800,tri-valley,1,0,0,0
b_4443,2025,all,800,bay-shore,0,2,,0
b_4443,2025,all,800,redwood-empire,1,0,0,0
b_4443,2025,all,800,class-a,0,0,0,0
b_4443,2025,all,DT,tri-valley,2,0,0,0
b_4443,2025,all,DT,bay-shore,0,4,,0
b_4443,2025,all,DT,redwood-empire,1,0,0,0
b_4443,2025,all,DT,class-a,0,0,0,0
b_4443,2025,all,HJ,tri-valley,3,0,0,0
b_4443,2025,all,HJ,bay-shore,3,2,,0
b_4443,2025,all,HJ,redwood-empire,0,2,,0
b_4443,2025,all,HJ,class-a,3,0,0,0
b_4443,2025,all,LJ,tri-valley,3,0,0,0
b_4443,2025,all,LJ,bay-shore,1,0,0,0
b_4443,2025,all,LJ,redwood-empire,0,4,,0
b_4443,2025,all,LJ,class-a,0,0,0,0
b_4443,2025,all,PV,tri-valley,3,0,0,0
b_4443,2025,all,PV,bay-shore,0,2,,0
b_4443,2025,all,PV,redwood-empire,1,0,0,0
b_4443,2025,all,PV,class-a,0,0,0,0
b_4443,2025,all,SP,tri-valley,1,0,0,0
b_4443,2025,all,SP,bay-shore,0,2,,0
b_4443,2025,all,SP,redwood-empire,0,0,0,0
b_4443,2025,all,SP,class-a,1,0,0,0
b_4443,2025,all,TJ,tri-valley,1,0,0,0
b_4443,2025,all,TJ,bay-shore,2,0,0,0
b_4443,2025,all,TJ,redwood-empire,0,3,,0
b_4443,2025,all,TJ,class-a,0,0,0,0
b_4443,2025,all,group:sprints_hurdles,tri-valley,5,0,0,0
b_4443,2025,all,group:sprints_hurdles,bay-shore,1,7,0,0
b_4443,2025,all,group:sprints_hurdles,redwood-empire,1,8,0,0
b_4443,2025,all,group:sprints_hurdles,class-a,1,0,0,0
b_4443,2025,all,group:400_800,tri-valley,6,0,0,0
b_4443,2025,all,group:400_800,bay-shore,0,4,,0
b_4443,2025,all,group:400_800,redwood-empire,1,4,,0
b_4443,2025,all,group:400_800,class-a,1,0,0,0
b_4443,2025,all,group:distance,tri-valley,3,0,0,0
b_4443,2025,all,group:distance,bay-shore,0,6,0,0
b_4443,2025,all,group:distance,redwood-empire,2,0,0,0
b_4443,2025,all,group:distance,class-a,1,0,0,0
b_4443,2025,all,group:jumps,tri-valley,10,0,0,0
b_4443,2025,all,group:jumps,bay-shore,6,4,,0
b_4443,2025,all,group:jumps,redwood-empire,1,9,0,0
b_4443,2025,all,group:jumps,class-a,3,0,0,0
b_4443,2025,all,group:throws,tri-valley,3,0,0,0
b_4443,2025,all,group:throws,bay-shore,0,6,0,0
b_4443,2025,all,group:throws,redwood-empire,1,0,0,0
b_4443,2025,all,group:throws,class-a,1,0,0,0
b_4443,2025,all,group:relays,tri-valley,8,0,0,0
b_4443,2025,all,group:relays,bay-shore,0,4,,0
b_4443,2025,all,group:relays,redwood-empire,0,5,0,0
b_4443,2025,all,group:relays,class-a,1,0,0,0
b_4443,2025,all,all,tri-valley,35,0,0,0
b_4443,2025,all,all,bay-shore,7,31,0,0
b_4443,2025,all,all,redwood-empire,6,26,0,0
b_4443,2025,all,all,class-a,8,0,0,0
b_4443,2026,girls,100,tri-valley,1,0,0,0
b_4443,2026,girls,100,bay-shore,1,0,0,0
b_4443,2026,girls,100,redwood-empire,0,2,,0
b_4443,2026,girls,100,class-a,0,0,0,0
b_4443,2026,girls,100H,tri-valley,4,0,0,0
b_4443,2026,girls,100H,bay-shore,0,2,,0
b_4443,2026,girls,100H,redwood-empire,0,2,,0
b_4443,2026,girls,100H,class-a,0,0,0,0
b_4443,2026,girls,1600,tri-valley,0,0,0,0
b_4443,2026,girls,1600,bay-shore,0,1,,0
b_4443,2026,girls,1600,redwood-empire,0,0,0,0
b_4443,2026,girls,1600,class-a,0,0,0,0
b_4443,2026,girls,200,tri-valley,1,0,0,0
b_4443,2026,girls,200,bay-shore,1,0,0,0
b_4443,2026,girls,200,redwood-empire,0,2,,0
b_4443,2026,girls,200,class-a,0,0,0,0
b_4443,2026,girls,300H,tri-valley,0,0,0,0
b_4443,2026,girls,300H,bay-shore,0,2,,0
b_4443,2026,girls,300H,redwood-empire,0,1,,0
b_4443,2026,girls,300H,class-a,0,0,0,0
b_4443,2026,girls,3200,tri-valley,2,0,0,0
b_4443,2026,girls,3200,bay-shore,0,2,,0
b_4443,2026,girls,3200,redwood-empire,0,2,,0
b_4443,2026,girls,3200,class-a,2,0,0,0
b_4443,2026,girls,400,tri-valley,4,0,0,0
b_4443,2026,girls,400,bay-shore,0,1,,0
b_4443,2026,girls,400,redwood-empire,0,2,,0
b_4443,2026,girls,400,class-a,0,0,0,0
b_4443,2026,girls,4x100,tri-valley,2,0,0,0
b_4443,2026,girls,4x100,bay-shore,0,2,,0
b_4443,2026,girls,4x100,redwood-empire,0,0,0,0
b_4443,2026,girls,4x100,class-a,0,0,0,0
b_4443,2026,girls,4x400,tri-valley,2,0,0,0
b_4443,2026,girls,4x400,bay-shore,0,2,,0
b_4443,2026,girls,4x400,redwood-empire,0,0,0,0
b_4443,2026,girls,4x400,class-a,0,0,0,0
b_4443,2026,girls,800,tri-valley,3,0,0,0
b_4443,2026,girls,800,bay-shore,0,2,,0
b_4443,2026,girls,800,redwood-empire,0,1,,0
b_4443,2026,girls,800,class-a,0,0,0,0
b_4443,2026,girls,DT,tri-valley,1,0,0,0
b_4443,2026,girls,DT,bay-shore,0,0,0,0
b_4443,2026,girls,DT,redwood-empire,0,0,0,0
b_4443,2026,girls,DT,class-a,0,0,0,0
b_4443,2026,girls,HJ,tri-valley,0,0,0,0
b_4443,2026,girls,HJ,bay-shore,0,0,0,0
b_4443,2026,girls,HJ,redwood-empire,0,0,0,0
b_4443,2026,girls,HJ,class-a,0,0,0,0
b_4443,2026,girls,LJ,tri-valley,0,1,,0
b_4443,2026,girls,LJ,bay-shore,1,0,0,0
b_4443,2026,girls,LJ,redwood-empire,1,0,0,0
b_4443,2026,girls,LJ,class-a,0,0,0,0
b_4443,2026,girls,PV,tri-valley,0,0,0,0
b_4443,2026,girls,PV,bay-shore,0,2,,0
b_4443,2026,girls,PV,redwood-empire,0,0,0,0
b_4443,2026,girls,PV,class-a,0,0,0,0
b_4443,2026,girls,SP,tri-valley,1,0,0,0
b_4443,2026,girls,SP,bay-shore,0,0,0,0
b_4443,2026,girls,SP,redwood-empire,0,1,,0
b_4443,2026,girls,SP,class-a,0,0,0,0
b_4443,2026,girls,TJ,tri-valley,0,0,0,0
b_4443,2026,girls,TJ,bay-shore,0,0,0,0
b_4443,2026,girls,TJ,redwood-empire,0,0,0,0
b_4443,2026,girls,TJ,class-a,0,0,0,0
b_4443,2026,girls,group:sprints_hurdles,tri-valley,6,0,0,0
b_4443,2026,girls,group:sprints_hurdles,bay-shore,2,4,,0
b_4443,2026,girls,group:sprints_hurdles,redwood-empire,0,7,0,0
b_4443,2026,girls,group:sprints_hurdles,class-a,0,0,0,0
b_4443,2026,girls,group:400_800,tri-valley,7,0,0,0
b_4443,2026,girls,group:400_800,bay-shore,0,3,,0
b_4443,2026,girls,group:400_800,redwood-empire,0,3,,0
b_4443,2026,girls,group:400_800,class-a,0,0,0,0
b_4443,2026,girls,group:distance,tri-valley,2,0,0,0
b_4443,2026,girls,group:distance,bay-shore,0,3,,0
b_4443,2026,girls,group:distance,redwood-empire,0,2,,0
b_4443,2026,girls,group:distance,class-a,2,0,0,0
b_4443,2026,girls,group:jumps,tri-valley,0,1,,0
b_4443,2026,girls,group:jumps,bay-shore,1,2,,0
b_4443,2026,girls,group:jumps,redwood-empire,1,0,0,0
b_4443,2026,girls,group:jumps,class-a,0,0,0,0
b_4443,2026,girls,group:throws,tri-valley,2,0,0,0
b_4443,2026,girls,group:throws,bay-shore,0,0,0,0
b_4443,2026,girls,group:throws,redwood-empire,0,1,,0
b_4443,2026,girls,group:throws,class-a,0,0,0,0
b_4443,2026,girls,group:relays,tri-valley,4,0,0,0
b_4443,2026,girls,group:relays,bay-shore,0,4,,0
b_4443,2026,girls,group:relays,redwood-empire,0,0,0,0
b_4443,2026,girls,group:relays,class-a,0,0,0,0
b_4443,2026,girls,all,tri-valley,21,1,,0
b_4443,2026,girls,all,bay-shore,3,16,0,0
b_4443,2026,girls,all,redwood-empire,1,13,0,0
b_4443,2026,girls,all,class-a,2,0,0,0
b_4443,2026,boys,100,tri-valley,3,0,0,0
b_4443,2026,boys,100,bay-shore,0,0,0,0
b_4443,2026,boys,100,redwood-empire,0,2,,0
b_4443,2026,boys,100,class-a,0,0,0,0
b_4443,2026,boys,110H,tri-valley,3,0,0,0
b_4443,2026,boys,110H,bay-shore,0,2,,0
b_4443,2026,boys,110H,redwood-empire,0,2,,0
b_4443,2026,boys,110H,class-a,1,0,0,0
b_4443,2026,boys,1600,tri-valley,1,0,0,0
b_4443,2026,boys,1600,bay-shore,0,2,,0
b_4443,2026,boys,1600,redwood-empire,0,0,0,0
b_4443,2026,boys,1600,class-a,0,0,0,0
b_4443,2026,boys,200,tri-valley,0,0,0,0
b_4443,2026,boys,200,bay-shore,0,0,0,0
b_4443,2026,boys,200,redwood-empire,0,2,,0
b_4443,2026,boys,200,class-a,0,0,0,0
b_4443,2026,boys,300H,tri-valley,1,0,0,0
b_4443,2026,boys,300H,bay-shore,0,2,,0
b_4443,2026,boys,300H,redwood-empire,0,2,,0
b_4443,2026,boys,300H,class-a,2,0,0,0
b_4443,2026,boys,3200,tri-valley,1,0,0,0
b_4443,2026,boys,3200,bay-shore,0,0,0,0
b_4443,2026,boys,3200,redwood-empire,0,1,,0
b_4443,2026,boys,3200,class-a,0,0,0,0
b_4443,2026,boys,400,tri-valley,0,0,0,0
b_4443,2026,boys,400,bay-shore,0,0,0,0
b_4443,2026,boys,400,redwood-empire,0,0,0,0
b_4443,2026,boys,400,class-a,0,0,0,0
b_4443,2026,boys,4x100,tri-valley,1,0,0,0
b_4443,2026,boys,4x100,bay-shore,0,0,0,0
b_4443,2026,boys,4x100,redwood-empire,0,0,0,0
b_4443,2026,boys,4x100,class-a,0,0,0,0
b_4443,2026,boys,4x400,tri-valley,2,0,0,0
b_4443,2026,boys,4x400,bay-shore,0,1,,0
b_4443,2026,boys,4x400,redwood-empire,0,1,,0
b_4443,2026,boys,4x400,class-a,0,0,0,0
b_4443,2026,boys,800,tri-valley,0,0,0,0
b_4443,2026,boys,800,bay-shore,0,2,,0
b_4443,2026,boys,800,redwood-empire,0,0,0,0
b_4443,2026,boys,800,class-a,0,0,0,0
b_4443,2026,boys,DT,tri-valley,2,0,0,0
b_4443,2026,boys,DT,bay-shore,0,2,,0
b_4443,2026,boys,DT,redwood-empire,0,0,0,0
b_4443,2026,boys,DT,class-a,0,0,0,0
b_4443,2026,boys,HJ,tri-valley,0,0,0,0
b_4443,2026,boys,HJ,bay-shore,0,1,,0
b_4443,2026,boys,HJ,redwood-empire,0,0,0,0
b_4443,2026,boys,HJ,class-a,1,0,0,0
b_4443,2026,boys,LJ,tri-valley,0,0,0,0
b_4443,2026,boys,LJ,bay-shore,0,0,0,0
b_4443,2026,boys,LJ,redwood-empire,0,0,0,0
b_4443,2026,boys,LJ,class-a,0,0,0,0
b_4443,2026,boys,PV,tri-valley,3,0,0,0
b_4443,2026,boys,PV,bay-shore,0,2,,0
b_4443,2026,boys,PV,redwood-empire,0,1,,0
b_4443,2026,boys,PV,class-a,0,0,0,0
b_4443,2026,boys,SP,tri-valley,1,0,0,0
b_4443,2026,boys,SP,bay-shore,0,2,,0
b_4443,2026,boys,SP,redwood-empire,1,0,0,0
b_4443,2026,boys,SP,class-a,0,0,0,0
b_4443,2026,boys,TJ,tri-valley,1,0,0,0
b_4443,2026,boys,TJ,bay-shore,0,1,,0
b_4443,2026,boys,TJ,redwood-empire,0,0,0,0
b_4443,2026,boys,TJ,class-a,0,0,0,0
b_4443,2026,boys,group:sprints_hurdles,tri-valley,7,0,0,0
b_4443,2026,boys,group:sprints_hurdles,bay-shore,0,4,,0
b_4443,2026,boys,group:sprints_hurdles,redwood-empire,0,8,0,0
b_4443,2026,boys,group:sprints_hurdles,class-a,3,0,0,0
b_4443,2026,boys,group:400_800,tri-valley,0,0,0,0
b_4443,2026,boys,group:400_800,bay-shore,0,2,,0
b_4443,2026,boys,group:400_800,redwood-empire,0,0,0,0
b_4443,2026,boys,group:400_800,class-a,0,0,0,0
b_4443,2026,boys,group:distance,tri-valley,2,0,0,0
b_4443,2026,boys,group:distance,bay-shore,0,2,,0
b_4443,2026,boys,group:distance,redwood-empire,0,1,,0
b_4443,2026,boys,group:distance,class-a,0,0,0,0
b_4443,2026,boys,group:jumps,tri-valley,4,0,0,0
b_4443,2026,boys,group:jumps,bay-shore,0,4,,0
b_4443,2026,boys,group:jumps,redwood-empire,0,1,,0
b_4443,2026,boys,group:jumps,class-a,1,0,0,0
b_4443,2026,boys,group:throws,tri-valley,3,0,0,0
b_4443,2026,boys,group:throws,bay-shore,0,4,,0
b_4443,2026,boys,group:throws,redwood-empire,1,0,0,0
b_4443,2026,boys,group:throws,class-a,0,0,0,0
b_4443,2026,boys,group:relays,tri-valley,3,0,0,0
b_4443,2026,boys,group:relays,bay-shore,0,1,,0
b_4443,2026,boys,group:relays,redwood-empire,0,1,,0
b_4443,2026,boys,group:relays,class-a,0,0,0,0
b_4443,2026,boys,all,tri-valley,19,0,0,0
b_4443,2026,boys,all,bay-shore,0,17,0,0
b_4443,2026,boys,all,redwood-empire,1,11,0,0
b_4443,2026,boys,all,class-a,4,0,0,0
b_4443,2026,all,100,tri-valley,4,0,0,0
b_4443,2026,all,100,bay-shore,1,0,0,0
b_4443,2026,all,100,redwood-empire,0,4,,0
b_4443,2026,all,100,class-a,0,0,0,0
b_4443,2026,all,100H,tri-valley,4,0,0,0
b_4443,2026,all,100H,bay-shore,0,2,,0
b_4443,2026,all,100H,redwood-empire,0,2,,0
b_4443,2026,all,100H,class-a,0,0,0,0
b_4443,2026,all,110H,tri-valley,3,0,0,0
b_4443,2026,all,110H,bay-shore,0,2,,0
b_4443,2026,all,110H,redwood-empire,0,2,,0
b_4443,2026,all,110H,class-a,1,0,0,0
b_4443,2026,all,1600,tri-valley,1,0,0,0
b_4443,2026,all,1600,bay-shore,0,3,,0
b_4443,2026,all,1600,redwood-empire,0,0,0,0
b_4443,2026,all,1600,class-a,0,0,0,0
b_4443,2026,all,200,tri-valley,1,0,0,0
b_4443,2026,all,200,bay-shore,1,0,0,0
b_4443,2026,all,200,redwood-empire,0,4,,0
b_4443,2026,all,200,class-a,0,0,0,0
b_4443,2026,all,300H,tri-valley,1,0,0,0
b_4443,2026,all,300H,bay-shore,0,4,,0
b_4443,2026,all,300H,redwood-empire,0,3,,0
b_4443,2026,all,300H,class-a,2,0,0,0
b_4443,2026,all,3200,tri-valley,3,0,0,0
b_4443,2026,all,3200,bay-shore,0,2,,0
b_4443,2026,all,3200,redwood-empire,0,3,,0
b_4443,2026,all,3200,class-a,2,0,0,0
b_4443,2026,all,400,tri-valley,4,0,0,0
b_4443,2026,all,400,bay-shore,0,1,,0
b_4443,2026,all,400,redwood-empire,0,2,,0
b_4443,2026,all,400,class-a,0,0,0,0
b_4443,2026,all,4x100,tri-valley,3,0,0,0
b_4443,2026,all,4x100,bay-shore,0,2,,0
b_4443,2026,all,4x100,redwood-empire,0,0,0,0
b_4443,2026,all,4x100,class-a,0,0,0,0
b_4443,2026,all,4x400,tri-valley,4,0,0,0
b_4443,2026,all,4x400,bay-shore,0,3,,0
b_4443,2026,all,4x400,redwood-empire,0,1,,0
b_4443,2026,all,4x400,class-a,0,0,0,0
b_4443,2026,all,800,tri-valley,3,0,0,0
b_4443,2026,all,800,bay-shore,0,4,,0
b_4443,2026,all,800,redwood-empire,0,1,,0
b_4443,2026,all,800,class-a,0,0,0,0
b_4443,2026,all,DT,tri-valley,3,0,0,0
b_4443,2026,all,DT,bay-shore,0,2,,0
b_4443,2026,all,DT,redwood-empire,0,0,0,0
b_4443,2026,all,DT,class-a,0,0,0,0
b_4443,2026,all,HJ,tri-valley,0,0,0,0
b_4443,2026,all,HJ,bay-shore,0,1,,0
b_4443,2026,all,HJ,redwood-empire,0,0,0,0
b_4443,2026,all,HJ,class-a,1,0,0,0
b_4443,2026,all,LJ,tri-valley,0,1,,0
b_4443,2026,all,LJ,bay-shore,1,0,0,0
b_4443,2026,all,LJ,redwood-empire,1,0,0,0
b_4443,2026,all,LJ,class-a,0,0,0,0
b_4443,2026,all,PV,tri-valley,3,0,0,0
b_4443,2026,all,PV,bay-shore,0,4,,0
b_4443,2026,all,PV,redwood-empire,0,1,,0
b_4443,2026,all,PV,class-a,0,0,0,0
b_4443,2026,all,SP,tri-valley,2,0,0,0
b_4443,2026,all,SP,bay-shore,0,2,,0
b_4443,2026,all,SP,redwood-empire,1,1,,0
b_4443,2026,all,SP,class-a,0,0,0,0
b_4443,2026,all,TJ,tri-valley,1,0,0,0
b_4443,2026,all,TJ,bay-shore,0,1,,0
b_4443,2026,all,TJ,redwood-empire,0,0,0,0
b_4443,2026,all,TJ,class-a,0,0,0,0
b_4443,2026,all,group:sprints_hurdles,tri-valley,13,0,0,0
b_4443,2026,all,group:sprints_hurdles,bay-shore,2,8,0,0
b_4443,2026,all,group:sprints_hurdles,redwood-empire,0,15,0,0
b_4443,2026,all,group:sprints_hurdles,class-a,3,0,0,0
b_4443,2026,all,group:400_800,tri-valley,7,0,0,0
b_4443,2026,all,group:400_800,bay-shore,0,5,0,0
b_4443,2026,all,group:400_800,redwood-empire,0,3,,0
b_4443,2026,all,group:400_800,class-a,0,0,0,0
b_4443,2026,all,group:distance,tri-valley,4,0,0,0
b_4443,2026,all,group:distance,bay-shore,0,5,0,0
b_4443,2026,all,group:distance,redwood-empire,0,3,,0
b_4443,2026,all,group:distance,class-a,2,0,0,0
b_4443,2026,all,group:jumps,tri-valley,4,1,,0
b_4443,2026,all,group:jumps,bay-shore,1,6,0,0
b_4443,2026,all,group:jumps,redwood-empire,1,1,,0
b_4443,2026,all,group:jumps,class-a,1,0,0,0
b_4443,2026,all,group:throws,tri-valley,5,0,0,0
b_4443,2026,all,group:throws,bay-shore,0,4,,0
b_4443,2026,all,group:throws,redwood-empire,1,1,,0
b_4443,2026,all,group:throws,class-a,0,0,0,0
b_4443,2026,all,group:relays,tri-valley,7,0,0,0
b_4443,2026,all,group:relays,bay-shore,0,5,0,0
b_4443,2026,all,group:relays,redwood-empire,0,1,,0
b_4443,2026,all,group:relays,class-a,0,0,0,0
b_4443,2026,all,all,tri-valley,40,1,,0
b_4443,2026,all,all,bay-shore,3,33,0,0
b_4443,2026,all,all,redwood-empire,2,24,0,0
b_4443,2026,all,all,class-a,6,0,0,0
b_4443,2022-2026 pooled,girls,100,tri-valley,7,0,0,0
b_4443,2022-2026 pooled,girls,100,bay-shore,2,2,,0
b_4443,2022-2026 pooled,girls,100,redwood-empire,0,8,0,0
b_4443,2022-2026 pooled,girls,100,class-a,0,0,0,0
b_4443,2022-2026 pooled,girls,100H,tri-valley,8,0,0,0
b_4443,2022-2026 pooled,girls,100H,bay-shore,0,6,0,0
b_4443,2022-2026 pooled,girls,100H,redwood-empire,2,4,,0
b_4443,2022-2026 pooled,girls,100H,class-a,0,0,0,0
b_4443,2022-2026 pooled,girls,1600,tri-valley,3,0,0,0
b_4443,2022-2026 pooled,girls,1600,bay-shore,0,9,0,0
b_4443,2022-2026 pooled,girls,1600,redwood-empire,1,2,,0
b_4443,2022-2026 pooled,girls,1600,class-a,2,0,0,0
b_4443,2022-2026 pooled,girls,200,tri-valley,4,0,0,1
b_4443,2022-2026 pooled,girls,200,bay-shore,1,4,,0
b_4443,2022-2026 pooled,girls,200,redwood-empire,1,7,0,0
b_4443,2022-2026 pooled,girls,200,class-a,2,0,0,0
b_4443,2022-2026 pooled,girls,300H,tri-valley,6,0,0,0
b_4443,2022-2026 pooled,girls,300H,bay-shore,0,6,0,0
b_4443,2022-2026 pooled,girls,300H,redwood-empire,0,3,,0
b_4443,2022-2026 pooled,girls,300H,class-a,0,0,0,0
b_4443,2022-2026 pooled,girls,3200,tri-valley,3,0,0,0
b_4443,2022-2026 pooled,girls,3200,bay-shore,0,6,0,0
b_4443,2022-2026 pooled,girls,3200,redwood-empire,1,2,,0
b_4443,2022-2026 pooled,girls,3200,class-a,4,0,0,0
b_4443,2022-2026 pooled,girls,400,tri-valley,8,0,0,0
b_4443,2022-2026 pooled,girls,400,bay-shore,0,1,,0
b_4443,2022-2026 pooled,girls,400,redwood-empire,0,7,0,0
b_4443,2022-2026 pooled,girls,400,class-a,1,0,0,0
b_4443,2022-2026 pooled,girls,4x100,tri-valley,9,0,0,0
b_4443,2022-2026 pooled,girls,4x100,bay-shore,0,3,,0
b_4443,2022-2026 pooled,girls,4x100,redwood-empire,0,6,0,0
b_4443,2022-2026 pooled,girls,4x100,class-a,0,0,0,0
b_4443,2022-2026 pooled,girls,4x400,tri-valley,14,0,0,0
b_4443,2022-2026 pooled,girls,4x400,bay-shore,0,8,0,0
b_4443,2022-2026 pooled,girls,4x400,redwood-empire,0,4,,0
b_4443,2022-2026 pooled,girls,4x400,class-a,1,0,0,0
b_4443,2022-2026 pooled,girls,800,tri-valley,12,0,0,0
b_4443,2022-2026 pooled,girls,800,bay-shore,0,10,0,0
b_4443,2022-2026 pooled,girls,800,redwood-empire,1,4,,0
b_4443,2022-2026 pooled,girls,800,class-a,0,0,0,0
b_4443,2022-2026 pooled,girls,DT,tri-valley,8,0,0,2
b_4443,2022-2026 pooled,girls,DT,bay-shore,0,6,0,0
b_4443,2022-2026 pooled,girls,DT,redwood-empire,0,2,,0
b_4443,2022-2026 pooled,girls,DT,class-a,0,0,0,0
b_4443,2022-2026 pooled,girls,HJ,tri-valley,5,0,0,0
b_4443,2022-2026 pooled,girls,HJ,bay-shore,3,3,,0
b_4443,2022-2026 pooled,girls,HJ,redwood-empire,5,2,,0
b_4443,2022-2026 pooled,girls,HJ,class-a,6,0,0,0
b_4443,2022-2026 pooled,girls,LJ,tri-valley,2,1,,0
b_4443,2022-2026 pooled,girls,LJ,bay-shore,3,1,,0
b_4443,2022-2026 pooled,girls,LJ,redwood-empire,1,4,,0
b_4443,2022-2026 pooled,girls,LJ,class-a,1,0,0,0
b_4443,2022-2026 pooled,girls,PV,tri-valley,4,2,,0
b_4443,2022-2026 pooled,girls,PV,bay-shore,3,3,,0
b_4443,2022-2026 pooled,girls,PV,redwood-empire,1,2,,0
b_4443,2022-2026 pooled,girls,PV,class-a,0,0,0,0
b_4443,2022-2026 pooled,girls,SP,tri-valley,4,0,0,0
b_4443,2022-2026 pooled,girls,SP,bay-shore,0,8,0,0
b_4443,2022-2026 pooled,girls,SP,redwood-empire,3,1,,0
b_4443,2022-2026 pooled,girls,SP,class-a,2,0,0,0
b_4443,2022-2026 pooled,girls,TJ,tri-valley,0,0,0,0
b_4443,2022-2026 pooled,girls,TJ,bay-shore,1,0,0,0
b_4443,2022-2026 pooled,girls,TJ,redwood-empire,0,1,,0
b_4443,2022-2026 pooled,girls,TJ,class-a,0,0,0,0
b_4443,2022-2026 pooled,girls,group:sprints_hurdles,tri-valley,25,0,0,1
b_4443,2022-2026 pooled,girls,group:sprints_hurdles,bay-shore,3,18,0,0
b_4443,2022-2026 pooled,girls,group:sprints_hurdles,redwood-empire,3,22,0,0
b_4443,2022-2026 pooled,girls,group:sprints_hurdles,class-a,2,0,0,0
b_4443,2022-2026 pooled,girls,group:400_800,tri-valley,20,0,0,0
b_4443,2022-2026 pooled,girls,group:400_800,bay-shore,0,11,0,0
b_4443,2022-2026 pooled,girls,group:400_800,redwood-empire,1,11,0,0
b_4443,2022-2026 pooled,girls,group:400_800,class-a,1,0,0,0
b_4443,2022-2026 pooled,girls,group:distance,tri-valley,6,0,0,0
b_4443,2022-2026 pooled,girls,group:distance,bay-shore,0,15,0,0
b_4443,2022-2026 pooled,girls,group:distance,redwood-empire,2,4,,0
b_4443,2022-2026 pooled,girls,group:distance,class-a,6,0,0,0
b_4443,2022-2026 pooled,girls,group:jumps,tri-valley,11,3,,0
b_4443,2022-2026 pooled,girls,group:jumps,bay-shore,10,7,0,0
b_4443,2022-2026 pooled,girls,group:jumps,redwood-empire,7,9,0,0
b_4443,2022-2026 pooled,girls,group:jumps,class-a,7,0,0,0
b_4443,2022-2026 pooled,girls,group:throws,tri-valley,12,0,0,2
b_4443,2022-2026 pooled,girls,group:throws,bay-shore,0,14,0,0
b_4443,2022-2026 pooled,girls,group:throws,redwood-empire,3,3,,0
b_4443,2022-2026 pooled,girls,group:throws,class-a,2,0,0,0
b_4443,2022-2026 pooled,girls,group:relays,tri-valley,23,0,0,0
b_4443,2022-2026 pooled,girls,group:relays,bay-shore,0,11,0,0
b_4443,2022-2026 pooled,girls,group:relays,redwood-empire,0,10,0,0
b_4443,2022-2026 pooled,girls,group:relays,class-a,1,0,0,0
b_4443,2022-2026 pooled,girls,all,tri-valley,97,3,,3
b_4443,2022-2026 pooled,girls,all,bay-shore,13,76,0,0
b_4443,2022-2026 pooled,girls,all,redwood-empire,16,59,1,0
b_4443,2022-2026 pooled,girls,all,class-a,19,0,0,0
b_4443,2022-2026 pooled,boys,100,tri-valley,4,0,0,0
b_4443,2022-2026 pooled,boys,100,bay-shore,1,0,0,0
b_4443,2022-2026 pooled,boys,100,redwood-empire,0,7,1,0
b_4443,2022-2026 pooled,boys,100,class-a,0,0,0,0
b_4443,2022-2026 pooled,boys,110H,tri-valley,5,0,0,0
b_4443,2022-2026 pooled,boys,110H,bay-shore,1,2,,0
b_4443,2022-2026 pooled,boys,110H,redwood-empire,0,6,0,0
b_4443,2022-2026 pooled,boys,110H,class-a,2,0,0,0
b_4443,2022-2026 pooled,boys,1600,tri-valley,4,0,0,0
b_4443,2022-2026 pooled,boys,1600,bay-shore,1,5,0,0
b_4443,2022-2026 pooled,boys,1600,redwood-empire,0,2,,0
b_4443,2022-2026 pooled,boys,1600,class-a,0,0,0,0
b_4443,2022-2026 pooled,boys,200,tri-valley,0,0,0,0
b_4443,2022-2026 pooled,boys,200,bay-shore,0,2,,0
b_4443,2022-2026 pooled,boys,200,redwood-empire,2,5,0,0
b_4443,2022-2026 pooled,boys,200,class-a,0,0,0,0
b_4443,2022-2026 pooled,boys,300H,tri-valley,3,0,0,0
b_4443,2022-2026 pooled,boys,300H,bay-shore,0,6,0,0
b_4443,2022-2026 pooled,boys,300H,redwood-empire,1,4,,0
b_4443,2022-2026 pooled,boys,300H,class-a,2,0,0,0
b_4443,2022-2026 pooled,boys,3200,tri-valley,3,0,0,0
b_4443,2022-2026 pooled,boys,3200,bay-shore,1,2,,0
b_4443,2022-2026 pooled,boys,3200,redwood-empire,1,3,,0
b_4443,2022-2026 pooled,boys,3200,class-a,0,0,0,0
b_4443,2022-2026 pooled,boys,400,tri-valley,9,0,0,1
b_4443,2022-2026 pooled,boys,400,bay-shore,0,3,,0
b_4443,2022-2026 pooled,boys,400,redwood-empire,0,8,0,0
b_4443,2022-2026 pooled,boys,400,class-a,0,0,0,0
b_4443,2022-2026 pooled,boys,4x100,tri-valley,7,0,0,0
b_4443,2022-2026 pooled,boys,4x100,bay-shore,0,3,,0
b_4443,2022-2026 pooled,boys,4x100,redwood-empire,0,4,,0
b_4443,2022-2026 pooled,boys,4x100,class-a,0,0,0,0
b_4443,2022-2026 pooled,boys,4x400,tri-valley,10,0,0,0
b_4443,2022-2026 pooled,boys,4x400,bay-shore,0,5,0,0
b_4443,2022-2026 pooled,boys,4x400,redwood-empire,0,5,0,0
b_4443,2022-2026 pooled,boys,4x400,class-a,0,0,0,0
b_4443,2022-2026 pooled,boys,800,tri-valley,3,0,0,0
b_4443,2022-2026 pooled,boys,800,bay-shore,0,6,0,0
b_4443,2022-2026 pooled,boys,800,redwood-empire,0,2,,0
b_4443,2022-2026 pooled,boys,800,class-a,0,0,0,0
b_4443,2022-2026 pooled,boys,DT,tri-valley,8,0,0,0
b_4443,2022-2026 pooled,boys,DT,bay-shore,0,9,0,0
b_4443,2022-2026 pooled,boys,DT,redwood-empire,1,0,0,0
b_4443,2022-2026 pooled,boys,DT,class-a,0,0,0,0
b_4443,2022-2026 pooled,boys,HJ,tri-valley,4,0,0,0
b_4443,2022-2026 pooled,boys,HJ,bay-shore,0,5,0,0
b_4443,2022-2026 pooled,boys,HJ,redwood-empire,2,0,0,0
b_4443,2022-2026 pooled,boys,HJ,class-a,1,0,0,0
b_4443,2022-2026 pooled,boys,LJ,tri-valley,4,0,0,0
b_4443,2022-2026 pooled,boys,LJ,bay-shore,1,0,0,0
b_4443,2022-2026 pooled,boys,LJ,redwood-empire,0,4,,0
b_4443,2022-2026 pooled,boys,LJ,class-a,0,0,0,0
b_4443,2022-2026 pooled,boys,PV,tri-valley,15,0,0,0
b_4443,2022-2026 pooled,boys,PV,bay-shore,0,7,0,0
b_4443,2022-2026 pooled,boys,PV,redwood-empire,4,1,,0
b_4443,2022-2026 pooled,boys,PV,class-a,0,0,0,0
b_4443,2022-2026 pooled,boys,SP,tri-valley,2,0,0,0
b_4443,2022-2026 pooled,boys,SP,bay-shore,0,3,,0
b_4443,2022-2026 pooled,boys,SP,redwood-empire,1,0,0,0
b_4443,2022-2026 pooled,boys,SP,class-a,0,0,0,0
b_4443,2022-2026 pooled,boys,TJ,tri-valley,2,0,0,0
b_4443,2022-2026 pooled,boys,TJ,bay-shore,1,1,,0
b_4443,2022-2026 pooled,boys,TJ,redwood-empire,0,2,,0
b_4443,2022-2026 pooled,boys,TJ,class-a,0,0,0,0
b_4443,2022-2026 pooled,boys,group:sprints_hurdles,tri-valley,12,0,0,0
b_4443,2022-2026 pooled,boys,group:sprints_hurdles,bay-shore,2,10,0,0
b_4443,2022-2026 pooled,boys,group:sprints_hurdles,redwood-empire,3,22,1,0
b_4443,2022-2026 pooled,boys,group:sprints_hurdles,class-a,4,0,0,0
b_4443,2022-2026 pooled,boys,group:400_800,tri-valley,12,0,0,1
b_4443,2022-2026 pooled,boys,group:400_800,bay-shore,0,9,0,0
b_4443,2022-2026 pooled,boys,group:400_800,redwood-empire,0,10,0,0
b_4443,2022-2026 pooled,boys,group:400_800,class-a,0,0,0,0
b_4443,2022-2026 pooled,boys,group:distance,tri-valley,7,0,0,0
b_4443,2022-2026 pooled,boys,group:distance,bay-shore,2,7,0,0
b_4443,2022-2026 pooled,boys,group:distance,redwood-empire,1,5,0,0
b_4443,2022-2026 pooled,boys,group:distance,class-a,0,0,0,0
b_4443,2022-2026 pooled,boys,group:jumps,tri-valley,25,0,0,0
b_4443,2022-2026 pooled,boys,group:jumps,bay-shore,2,13,0,0
b_4443,2022-2026 pooled,boys,group:jumps,redwood-empire,6,7,0,0
b_4443,2022-2026 pooled,boys,group:jumps,class-a,1,0,0,0
b_4443,2022-2026 pooled,boys,group:throws,tri-valley,10,0,0,0
b_4443,2022-2026 pooled,boys,group:throws,bay-shore,0,12,0,0
b_4443,2022-2026 pooled,boys,group:throws,redwood-empire,2,0,0,0
b_4443,2022-2026 pooled,boys,group:throws,class-a,0,0,0,0
b_4443,2022-2026 pooled,boys,group:relays,tri-valley,17,0,0,0
b_4443,2022-2026 pooled,boys,group:relays,bay-shore,0,8,0,0
b_4443,2022-2026 pooled,boys,group:relays,redwood-empire,0,9,0,0
b_4443,2022-2026 pooled,boys,group:relays,class-a,0,0,0,0
b_4443,2022-2026 pooled,boys,all,tri-valley,83,0,0,1
b_4443,2022-2026 pooled,boys,all,bay-shore,6,59,0,0
b_4443,2022-2026 pooled,boys,all,redwood-empire,12,53,1,0
b_4443,2022-2026 pooled,boys,all,class-a,5,0,0,0
b_4443,2022-2026 pooled,all,100,tri-valley,11,0,0,0
b_4443,2022-2026 pooled,all,100,bay-shore,3,2,,0
b_4443,2022-2026 pooled,all,100,redwood-empire,0,15,1,0
b_4443,2022-2026 pooled,all,100,class-a,0,0,0,0
b_4443,2022-2026 pooled,all,100H,tri-valley,8,0,0,0
b_4443,2022-2026 pooled,all,100H,bay-shore,0,6,0,0
b_4443,2022-2026 pooled,all,100H,redwood-empire,2,4,,0
b_4443,2022-2026 pooled,all,100H,class-a,0,0,0,0
b_4443,2022-2026 pooled,all,110H,tri-valley,5,0,0,0
b_4443,2022-2026 pooled,all,110H,bay-shore,1,2,,0
b_4443,2022-2026 pooled,all,110H,redwood-empire,0,6,0,0
b_4443,2022-2026 pooled,all,110H,class-a,2,0,0,0
b_4443,2022-2026 pooled,all,1600,tri-valley,7,0,0,0
b_4443,2022-2026 pooled,all,1600,bay-shore,1,14,0,0
b_4443,2022-2026 pooled,all,1600,redwood-empire,1,4,,0
b_4443,2022-2026 pooled,all,1600,class-a,2,0,0,0
b_4443,2022-2026 pooled,all,200,tri-valley,4,0,0,1
b_4443,2022-2026 pooled,all,200,bay-shore,1,6,0,0
b_4443,2022-2026 pooled,all,200,redwood-empire,3,12,0,0
b_4443,2022-2026 pooled,all,200,class-a,2,0,0,0
b_4443,2022-2026 pooled,all,300H,tri-valley,9,0,0,0
b_4443,2022-2026 pooled,all,300H,bay-shore,0,12,0,0
b_4443,2022-2026 pooled,all,300H,redwood-empire,1,7,0,0
b_4443,2022-2026 pooled,all,300H,class-a,2,0,0,0
b_4443,2022-2026 pooled,all,3200,tri-valley,6,0,0,0
b_4443,2022-2026 pooled,all,3200,bay-shore,1,8,0,0
b_4443,2022-2026 pooled,all,3200,redwood-empire,2,5,0,0
b_4443,2022-2026 pooled,all,3200,class-a,4,0,0,0
b_4443,2022-2026 pooled,all,400,tri-valley,17,0,0,1
b_4443,2022-2026 pooled,all,400,bay-shore,0,4,,0
b_4443,2022-2026 pooled,all,400,redwood-empire,0,15,0,0
b_4443,2022-2026 pooled,all,400,class-a,1,0,0,0
b_4443,2022-2026 pooled,all,4x100,tri-valley,16,0,0,0
b_4443,2022-2026 pooled,all,4x100,bay-shore,0,6,0,0
b_4443,2022-2026 pooled,all,4x100,redwood-empire,0,10,0,0
b_4443,2022-2026 pooled,all,4x100,class-a,0,0,0,0
b_4443,2022-2026 pooled,all,4x400,tri-valley,24,0,0,0
b_4443,2022-2026 pooled,all,4x400,bay-shore,0,13,0,0
b_4443,2022-2026 pooled,all,4x400,redwood-empire,0,9,0,0
b_4443,2022-2026 pooled,all,4x400,class-a,1,0,0,0
b_4443,2022-2026 pooled,all,800,tri-valley,15,0,0,0
b_4443,2022-2026 pooled,all,800,bay-shore,0,16,0,0
b_4443,2022-2026 pooled,all,800,redwood-empire,1,6,0,0
b_4443,2022-2026 pooled,all,800,class-a,0,0,0,0
b_4443,2022-2026 pooled,all,DT,tri-valley,16,0,0,2
b_4443,2022-2026 pooled,all,DT,bay-shore,0,15,0,0
b_4443,2022-2026 pooled,all,DT,redwood-empire,1,2,,0
b_4443,2022-2026 pooled,all,DT,class-a,0,0,0,0
b_4443,2022-2026 pooled,all,HJ,tri-valley,9,0,0,0
b_4443,2022-2026 pooled,all,HJ,bay-shore,3,8,0,0
b_4443,2022-2026 pooled,all,HJ,redwood-empire,7,2,,0
b_4443,2022-2026 pooled,all,HJ,class-a,7,0,0,0
b_4443,2022-2026 pooled,all,LJ,tri-valley,6,1,,0
b_4443,2022-2026 pooled,all,LJ,bay-shore,4,1,,0
b_4443,2022-2026 pooled,all,LJ,redwood-empire,1,8,0,0
b_4443,2022-2026 pooled,all,LJ,class-a,1,0,0,0
b_4443,2022-2026 pooled,all,PV,tri-valley,19,2,,0
b_4443,2022-2026 pooled,all,PV,bay-shore,3,10,0,0
b_4443,2022-2026 pooled,all,PV,redwood-empire,5,3,,0
b_4443,2022-2026 pooled,all,PV,class-a,0,0,0,0
b_4443,2022-2026 pooled,all,SP,tri-valley,6,0,0,0
b_4443,2022-2026 pooled,all,SP,bay-shore,0,11,0,0
b_4443,2022-2026 pooled,all,SP,redwood-empire,4,1,,0
b_4443,2022-2026 pooled,all,SP,class-a,2,0,0,0
b_4443,2022-2026 pooled,all,TJ,tri-valley,2,0,0,0
b_4443,2022-2026 pooled,all,TJ,bay-shore,2,1,,0
b_4443,2022-2026 pooled,all,TJ,redwood-empire,0,3,,0
b_4443,2022-2026 pooled,all,TJ,class-a,0,0,0,0
b_4443,2022-2026 pooled,all,group:sprints_hurdles,tri-valley,37,0,0,1
b_4443,2022-2026 pooled,all,group:sprints_hurdles,bay-shore,5,28,0,0
b_4443,2022-2026 pooled,all,group:sprints_hurdles,redwood-empire,6,44,1,0
b_4443,2022-2026 pooled,all,group:sprints_hurdles,class-a,6,0,0,0
b_4443,2022-2026 pooled,all,group:400_800,tri-valley,32,0,0,1
b_4443,2022-2026 pooled,all,group:400_800,bay-shore,0,20,0,0
b_4443,2022-2026 pooled,all,group:400_800,redwood-empire,1,21,0,0
b_4443,2022-2026 pooled,all,group:400_800,class-a,1,0,0,0
b_4443,2022-2026 pooled,all,group:distance,tri-valley,13,0,0,0
b_4443,2022-2026 pooled,all,group:distance,bay-shore,2,22,0,0
b_4443,2022-2026 pooled,all,group:distance,redwood-empire,3,9,0,0
b_4443,2022-2026 pooled,all,group:distance,class-a,6,0,0,0
b_4443,2022-2026 pooled,all,group:jumps,tri-valley,36,3,,0
b_4443,2022-2026 pooled,all,group:jumps,bay-shore,12,20,0,0
b_4443,2022-2026 pooled,all,group:jumps,redwood-empire,13,16,0,0
b_4443,2022-2026 pooled,all,group:jumps,class-a,8,0,0,0
b_4443,2022-2026 pooled,all,group:throws,tri-valley,22,0,0,2
b_4443,2022-2026 pooled,all,group:throws,bay-shore,0,26,0,0
b_4443,2022-2026 pooled,all,group:throws,redwood-empire,5,3,,0
b_4443,2022-2026 pooled,all,group:throws,class-a,2,0,0,0
b_4443,2022-2026 pooled,all,group:relays,tri-valley,40,0,0,0
b_4443,2022-2026 pooled,all,group:relays,bay-shore,0,19,0,0
b_4443,2022-2026 pooled,all,group:relays,redwood-empire,0,19,0,0
b_4443,2022-2026 pooled,all,group:relays,class-a,1,0,0,0
b_4443,2022-2026 pooled,all,all,tri-valley,180,3,,4
b_4443,2022-2026 pooled,all,all,bay-shore,19,135,0,0
b_4443,2022-2026 pooled,all,all,redwood-empire,28,112,2,0
b_4443,2022-2026 pooled,all,all,class-a,24,0,0,0
c_3333,2022,girls,100,tri-valley,2,0,0,0
c_3333,2022,girls,100,bay-shore,0,1,,0
c_3333,2022,girls,100,redwood-empire,0,1,,0
c_3333,2022,girls,100,class-a,0,0,0,0
c_3333,2022,girls,100H,tri-valley,0,0,0,0
c_3333,2022,girls,100H,bay-shore,0,0,0,0
c_3333,2022,girls,100H,redwood-empire,0,0,0,0
c_3333,2022,girls,100H,class-a,0,0,0,0
c_3333,2022,girls,1600,tri-valley,2,0,0,0
c_3333,2022,girls,1600,bay-shore,0,2,,0
c_3333,2022,girls,1600,redwood-empire,0,0,0,0
c_3333,2022,girls,1600,class-a,0,0,0,0
c_3333,2022,girls,200,tri-valley,2,0,0,0
c_3333,2022,girls,200,bay-shore,1,0,0,0
c_3333,2022,girls,200,redwood-empire,0,3,,0
c_3333,2022,girls,200,class-a,0,0,0,0
c_3333,2022,girls,300H,tri-valley,0,0,0,0
c_3333,2022,girls,300H,bay-shore,0,0,0,0
c_3333,2022,girls,300H,redwood-empire,0,0,0,0
c_3333,2022,girls,300H,class-a,0,0,0,0
c_3333,2022,girls,3200,tri-valley,0,0,0,0
c_3333,2022,girls,3200,bay-shore,0,1,,0
c_3333,2022,girls,3200,redwood-empire,0,0,0,0
c_3333,2022,girls,3200,class-a,1,0,0,0
c_3333,2022,girls,400,tri-valley,3,0,0,0
c_3333,2022,girls,400,bay-shore,0,0,0,0
c_3333,2022,girls,400,redwood-empire,0,3,,0
c_3333,2022,girls,400,class-a,0,0,0,0
c_3333,2022,girls,4x100,tri-valley,2,0,0,0
c_3333,2022,girls,4x100,bay-shore,0,0,0,0
c_3333,2022,girls,4x100,redwood-empire,0,2,,0
c_3333,2022,girls,4x100,class-a,0,0,0,0
c_3333,2022,girls,4x400,tri-valley,4,0,0,0
c_3333,2022,girls,4x400,bay-shore,0,3,,0
c_3333,2022,girls,4x400,redwood-empire,0,0,0,0
c_3333,2022,girls,4x400,class-a,0,0,0,0
c_3333,2022,girls,800,tri-valley,4,0,0,0
c_3333,2022,girls,800,bay-shore,0,3,,0
c_3333,2022,girls,800,redwood-empire,0,1,,0
c_3333,2022,girls,800,class-a,0,0,0,0
c_3333,2022,girls,DT,tri-valley,3,0,0,0
c_3333,2022,girls,DT,bay-shore,0,2,,0
c_3333,2022,girls,DT,redwood-empire,0,0,0,0
c_3333,2022,girls,DT,class-a,0,0,0,0
c_3333,2022,girls,HJ,tri-valley,0,0,0,0
c_3333,2022,girls,HJ,bay-shore,0,2,,0
c_3333,2022,girls,HJ,redwood-empire,0,0,0,0
c_3333,2022,girls,HJ,class-a,1,0,0,0
c_3333,2022,girls,LJ,tri-valley,0,0,0,0
c_3333,2022,girls,LJ,bay-shore,0,1,,0
c_3333,2022,girls,LJ,redwood-empire,0,0,0,0
c_3333,2022,girls,LJ,class-a,1,0,0,0
c_3333,2022,girls,PV,tri-valley,0,0,0,0
c_3333,2022,girls,PV,bay-shore,0,0,0,0
c_3333,2022,girls,PV,redwood-empire,0,0,0,0
c_3333,2022,girls,PV,class-a,0,0,0,0
c_3333,2022,girls,SP,tri-valley,2,0,0,0
c_3333,2022,girls,SP,bay-shore,0,2,,0
c_3333,2022,girls,SP,redwood-empire,1,0,0,0
c_3333,2022,girls,SP,class-a,0,0,0,0
c_3333,2022,girls,TJ,tri-valley,0,0,0,0
c_3333,2022,girls,TJ,bay-shore,0,0,0,0
c_3333,2022,girls,TJ,redwood-empire,0,0,0,0
c_3333,2022,girls,TJ,class-a,0,0,0,0
c_3333,2022,girls,group:sprints_hurdles,tri-valley,4,0,0,0
c_3333,2022,girls,group:sprints_hurdles,bay-shore,1,1,,0
c_3333,2022,girls,group:sprints_hurdles,redwood-empire,0,4,,0
c_3333,2022,girls,group:sprints_hurdles,class-a,0,0,0,0
c_3333,2022,girls,group:400_800,tri-valley,7,0,0,0
c_3333,2022,girls,group:400_800,bay-shore,0,3,,0
c_3333,2022,girls,group:400_800,redwood-empire,0,4,,0
c_3333,2022,girls,group:400_800,class-a,0,0,0,0
c_3333,2022,girls,group:distance,tri-valley,2,0,0,0
c_3333,2022,girls,group:distance,bay-shore,0,3,,0
c_3333,2022,girls,group:distance,redwood-empire,0,0,0,0
c_3333,2022,girls,group:distance,class-a,1,0,0,0
c_3333,2022,girls,group:jumps,tri-valley,0,0,0,0
c_3333,2022,girls,group:jumps,bay-shore,0,3,,0
c_3333,2022,girls,group:jumps,redwood-empire,0,0,0,0
c_3333,2022,girls,group:jumps,class-a,2,0,0,0
c_3333,2022,girls,group:throws,tri-valley,5,0,0,0
c_3333,2022,girls,group:throws,bay-shore,0,4,,0
c_3333,2022,girls,group:throws,redwood-empire,1,0,0,0
c_3333,2022,girls,group:throws,class-a,0,0,0,0
c_3333,2022,girls,group:relays,tri-valley,6,0,0,0
c_3333,2022,girls,group:relays,bay-shore,0,3,,0
c_3333,2022,girls,group:relays,redwood-empire,0,2,,0
c_3333,2022,girls,group:relays,class-a,0,0,0,0
c_3333,2022,girls,all,tri-valley,24,0,0,0
c_3333,2022,girls,all,bay-shore,1,17,0,0
c_3333,2022,girls,all,redwood-empire,1,10,0,0
c_3333,2022,girls,all,class-a,3,0,0,0
c_3333,2022,boys,100,tri-valley,0,0,0,0
c_3333,2022,boys,100,bay-shore,1,0,0,0
c_3333,2022,boys,100,redwood-empire,0,1,,0
c_3333,2022,boys,100,class-a,0,0,0,0
c_3333,2022,boys,110H,tri-valley,0,0,0,0
c_3333,2022,boys,110H,bay-shore,0,0,0,0
c_3333,2022,boys,110H,redwood-empire,0,0,0,0
c_3333,2022,boys,110H,class-a,0,0,0,0
c_3333,2022,boys,1600,tri-valley,1,0,0,0
c_3333,2022,boys,1600,bay-shore,1,0,0,0
c_3333,2022,boys,1600,redwood-empire,0,2,,0
c_3333,2022,boys,1600,class-a,0,0,0,0
c_3333,2022,boys,200,tri-valley,0,0,0,0
c_3333,2022,boys,200,bay-shore,0,0,0,0
c_3333,2022,boys,200,redwood-empire,0,2,,0
c_3333,2022,boys,200,class-a,0,0,0,0
c_3333,2022,boys,300H,tri-valley,0,0,0,0
c_3333,2022,boys,300H,bay-shore,0,0,0,0
c_3333,2022,boys,300H,redwood-empire,0,0,0,0
c_3333,2022,boys,300H,class-a,0,0,0,0
c_3333,2022,boys,3200,tri-valley,0,0,0,0
c_3333,2022,boys,3200,bay-shore,1,0,0,0
c_3333,2022,boys,3200,redwood-empire,0,1,,0
c_3333,2022,boys,3200,class-a,0,0,0,0
c_3333,2022,boys,400,tri-valley,3,0,0,0
c_3333,2022,boys,400,bay-shore,0,1,,0
c_3333,2022,boys,400,redwood-empire,0,2,,0
c_3333,2022,boys,400,class-a,0,0,0,0
c_3333,2022,boys,4x100,tri-valley,2,0,0,0
c_3333,2022,boys,4x100,bay-shore,0,1,,0
c_3333,2022,boys,4x100,redwood-empire,0,1,,0
c_3333,2022,boys,4x100,class-a,0,0,0,0
c_3333,2022,boys,4x400,tri-valley,1,0,0,0
c_3333,2022,boys,4x400,bay-shore,0,0,0,0
c_3333,2022,boys,4x400,redwood-empire,0,1,,0
c_3333,2022,boys,4x400,class-a,0,0,0,0
c_3333,2022,boys,800,tri-valley,0,0,0,0
c_3333,2022,boys,800,bay-shore,0,0,0,0
c_3333,2022,boys,800,redwood-empire,0,0,0,0
c_3333,2022,boys,800,class-a,0,0,0,0
c_3333,2022,boys,DT,tri-valley,2,0,0,0
c_3333,2022,boys,DT,bay-shore,0,2,,0
c_3333,2022,boys,DT,redwood-empire,0,0,0,0
c_3333,2022,boys,DT,class-a,0,0,0,0
c_3333,2022,boys,HJ,tri-valley,5,0,0,0
c_3333,2022,boys,HJ,bay-shore,0,3,,0
c_3333,2022,boys,HJ,redwood-empire,3,0,0,0
c_3333,2022,boys,HJ,class-a,0,0,0,0
c_3333,2022,boys,LJ,tri-valley,1,0,0,0
c_3333,2022,boys,LJ,bay-shore,0,0,0,0
c_3333,2022,boys,LJ,redwood-empire,0,1,,0
c_3333,2022,boys,LJ,class-a,0,0,0,0
c_3333,2022,boys,PV,tri-valley,1,0,0,0
c_3333,2022,boys,PV,bay-shore,0,3,,0
c_3333,2022,boys,PV,redwood-empire,1,0,0,0
c_3333,2022,boys,PV,class-a,0,0,0,0
c_3333,2022,boys,SP,tri-valley,1,0,0,0
c_3333,2022,boys,SP,bay-shore,0,1,,0
c_3333,2022,boys,SP,redwood-empire,0,0,0,0
c_3333,2022,boys,SP,class-a,0,0,0,0
c_3333,2022,boys,TJ,tri-valley,0,0,0,0
c_3333,2022,boys,TJ,bay-shore,0,0,0,0
c_3333,2022,boys,TJ,redwood-empire,0,0,0,0
c_3333,2022,boys,TJ,class-a,0,0,0,0
c_3333,2022,boys,group:sprints_hurdles,tri-valley,0,0,0,0
c_3333,2022,boys,group:sprints_hurdles,bay-shore,1,0,0,0
c_3333,2022,boys,group:sprints_hurdles,redwood-empire,0,3,,0
c_3333,2022,boys,group:sprints_hurdles,class-a,0,0,0,0
c_3333,2022,boys,group:400_800,tri-valley,3,0,0,0
c_3333,2022,boys,group:400_800,bay-shore,0,1,,0
c_3333,2022,boys,group:400_800,redwood-empire,0,2,,0
c_3333,2022,boys,group:400_800,class-a,0,0,0,0
c_3333,2022,boys,group:distance,tri-valley,1,0,0,0
c_3333,2022,boys,group:distance,bay-shore,2,0,0,0
c_3333,2022,boys,group:distance,redwood-empire,0,3,,0
c_3333,2022,boys,group:distance,class-a,0,0,0,0
c_3333,2022,boys,group:jumps,tri-valley,7,0,0,0
c_3333,2022,boys,group:jumps,bay-shore,0,6,0,0
c_3333,2022,boys,group:jumps,redwood-empire,4,1,,0
c_3333,2022,boys,group:jumps,class-a,0,0,0,0
c_3333,2022,boys,group:throws,tri-valley,3,0,0,0
c_3333,2022,boys,group:throws,bay-shore,0,3,,0
c_3333,2022,boys,group:throws,redwood-empire,0,0,0,0
c_3333,2022,boys,group:throws,class-a,0,0,0,0
c_3333,2022,boys,group:relays,tri-valley,3,0,0,0
c_3333,2022,boys,group:relays,bay-shore,0,1,,0
c_3333,2022,boys,group:relays,redwood-empire,0,2,,0
c_3333,2022,boys,group:relays,class-a,0,0,0,0
c_3333,2022,boys,all,tri-valley,17,0,0,0
c_3333,2022,boys,all,bay-shore,3,11,0,0
c_3333,2022,boys,all,redwood-empire,4,11,0,0
c_3333,2022,boys,all,class-a,0,0,0,0
c_3333,2022,all,100,tri-valley,2,0,0,0
c_3333,2022,all,100,bay-shore,1,1,,0
c_3333,2022,all,100,redwood-empire,0,2,,0
c_3333,2022,all,100,class-a,0,0,0,0
c_3333,2022,all,100H,tri-valley,0,0,0,0
c_3333,2022,all,100H,bay-shore,0,0,0,0
c_3333,2022,all,100H,redwood-empire,0,0,0,0
c_3333,2022,all,100H,class-a,0,0,0,0
c_3333,2022,all,110H,tri-valley,0,0,0,0
c_3333,2022,all,110H,bay-shore,0,0,0,0
c_3333,2022,all,110H,redwood-empire,0,0,0,0
c_3333,2022,all,110H,class-a,0,0,0,0
c_3333,2022,all,1600,tri-valley,3,0,0,0
c_3333,2022,all,1600,bay-shore,1,2,,0
c_3333,2022,all,1600,redwood-empire,0,2,,0
c_3333,2022,all,1600,class-a,0,0,0,0
c_3333,2022,all,200,tri-valley,2,0,0,0
c_3333,2022,all,200,bay-shore,1,0,0,0
c_3333,2022,all,200,redwood-empire,0,5,0,0
c_3333,2022,all,200,class-a,0,0,0,0
c_3333,2022,all,300H,tri-valley,0,0,0,0
c_3333,2022,all,300H,bay-shore,0,0,0,0
c_3333,2022,all,300H,redwood-empire,0,0,0,0
c_3333,2022,all,300H,class-a,0,0,0,0
c_3333,2022,all,3200,tri-valley,0,0,0,0
c_3333,2022,all,3200,bay-shore,1,1,,0
c_3333,2022,all,3200,redwood-empire,0,1,,0
c_3333,2022,all,3200,class-a,1,0,0,0
c_3333,2022,all,400,tri-valley,6,0,0,0
c_3333,2022,all,400,bay-shore,0,1,,0
c_3333,2022,all,400,redwood-empire,0,5,0,0
c_3333,2022,all,400,class-a,0,0,0,0
c_3333,2022,all,4x100,tri-valley,4,0,0,0
c_3333,2022,all,4x100,bay-shore,0,1,,0
c_3333,2022,all,4x100,redwood-empire,0,3,,0
c_3333,2022,all,4x100,class-a,0,0,0,0
c_3333,2022,all,4x400,tri-valley,5,0,0,0
c_3333,2022,all,4x400,bay-shore,0,3,,0
c_3333,2022,all,4x400,redwood-empire,0,1,,0
c_3333,2022,all,4x400,class-a,0,0,0,0
c_3333,2022,all,800,tri-valley,4,0,0,0
c_3333,2022,all,800,bay-shore,0,3,,0
c_3333,2022,all,800,redwood-empire,0,1,,0
c_3333,2022,all,800,class-a,0,0,0,0
c_3333,2022,all,DT,tri-valley,5,0,0,0
c_3333,2022,all,DT,bay-shore,0,4,,0
c_3333,2022,all,DT,redwood-empire,0,0,0,0
c_3333,2022,all,DT,class-a,0,0,0,0
c_3333,2022,all,HJ,tri-valley,5,0,0,0
c_3333,2022,all,HJ,bay-shore,0,5,0,0
c_3333,2022,all,HJ,redwood-empire,3,0,0,0
c_3333,2022,all,HJ,class-a,1,0,0,0
c_3333,2022,all,LJ,tri-valley,1,0,0,0
c_3333,2022,all,LJ,bay-shore,0,1,,0
c_3333,2022,all,LJ,redwood-empire,0,1,,0
c_3333,2022,all,LJ,class-a,1,0,0,0
c_3333,2022,all,PV,tri-valley,1,0,0,0
c_3333,2022,all,PV,bay-shore,0,3,,0
c_3333,2022,all,PV,redwood-empire,1,0,0,0
c_3333,2022,all,PV,class-a,0,0,0,0
c_3333,2022,all,SP,tri-valley,3,0,0,0
c_3333,2022,all,SP,bay-shore,0,3,,0
c_3333,2022,all,SP,redwood-empire,1,0,0,0
c_3333,2022,all,SP,class-a,0,0,0,0
c_3333,2022,all,TJ,tri-valley,0,0,0,0
c_3333,2022,all,TJ,bay-shore,0,0,0,0
c_3333,2022,all,TJ,redwood-empire,0,0,0,0
c_3333,2022,all,TJ,class-a,0,0,0,0
c_3333,2022,all,group:sprints_hurdles,tri-valley,4,0,0,0
c_3333,2022,all,group:sprints_hurdles,bay-shore,2,1,,0
c_3333,2022,all,group:sprints_hurdles,redwood-empire,0,7,0,0
c_3333,2022,all,group:sprints_hurdles,class-a,0,0,0,0
c_3333,2022,all,group:400_800,tri-valley,10,0,0,0
c_3333,2022,all,group:400_800,bay-shore,0,4,,0
c_3333,2022,all,group:400_800,redwood-empire,0,6,0,0
c_3333,2022,all,group:400_800,class-a,0,0,0,0
c_3333,2022,all,group:distance,tri-valley,3,0,0,0
c_3333,2022,all,group:distance,bay-shore,2,3,,0
c_3333,2022,all,group:distance,redwood-empire,0,3,,0
c_3333,2022,all,group:distance,class-a,1,0,0,0
c_3333,2022,all,group:jumps,tri-valley,7,0,0,0
c_3333,2022,all,group:jumps,bay-shore,0,9,0,0
c_3333,2022,all,group:jumps,redwood-empire,4,1,,0
c_3333,2022,all,group:jumps,class-a,2,0,0,0
c_3333,2022,all,group:throws,tri-valley,8,0,0,0
c_3333,2022,all,group:throws,bay-shore,0,7,0,0
c_3333,2022,all,group:throws,redwood-empire,1,0,0,0
c_3333,2022,all,group:throws,class-a,0,0,0,0
c_3333,2022,all,group:relays,tri-valley,9,0,0,0
c_3333,2022,all,group:relays,bay-shore,0,4,,0
c_3333,2022,all,group:relays,redwood-empire,0,4,,0
c_3333,2022,all,group:relays,class-a,0,0,0,0
c_3333,2022,all,all,tri-valley,41,0,0,0
c_3333,2022,all,all,bay-shore,4,28,0,0
c_3333,2022,all,all,redwood-empire,5,21,0,0
c_3333,2022,all,all,class-a,3,0,0,0
c_3333,2023,girls,100,tri-valley,1,0,0,0
c_3333,2023,girls,100,bay-shore,0,0,0,0
c_3333,2023,girls,100,redwood-empire,0,1,,0
c_3333,2023,girls,100,class-a,0,0,0,0
c_3333,2023,girls,100H,tri-valley,2,0,0,0
c_3333,2023,girls,100H,bay-shore,0,3,,0
c_3333,2023,girls,100H,redwood-empire,1,0,0,0
c_3333,2023,girls,100H,class-a,0,0,0,0
c_3333,2023,girls,1600,tri-valley,2,0,0,0
c_3333,2023,girls,1600,bay-shore,0,3,,0
c_3333,2023,girls,1600,redwood-empire,0,0,0,0
c_3333,2023,girls,1600,class-a,1,0,0,0
c_3333,2023,girls,200,tri-valley,2,0,0,1
c_3333,2023,girls,200,bay-shore,0,3,,0
c_3333,2023,girls,200,redwood-empire,2,0,0,0
c_3333,2023,girls,200,class-a,0,0,0,0
c_3333,2023,girls,300H,tri-valley,3,0,0,0
c_3333,2023,girls,300H,bay-shore,0,2,,0
c_3333,2023,girls,300H,redwood-empire,0,1,,0
c_3333,2023,girls,300H,class-a,0,0,0,0
c_3333,2023,girls,3200,tri-valley,1,0,0,0
c_3333,2023,girls,3200,bay-shore,0,2,,0
c_3333,2023,girls,3200,redwood-empire,1,0,0,0
c_3333,2023,girls,3200,class-a,0,0,0,0
c_3333,2023,girls,400,tri-valley,1,0,0,0
c_3333,2023,girls,400,bay-shore,0,0,0,0
c_3333,2023,girls,400,redwood-empire,0,1,,0
c_3333,2023,girls,400,class-a,0,0,0,0
c_3333,2023,girls,4x100,tri-valley,1,0,0,0
c_3333,2023,girls,4x100,bay-shore,0,1,,0
c_3333,2023,girls,4x100,redwood-empire,0,0,0,0
c_3333,2023,girls,4x100,class-a,0,0,0,0
c_3333,2023,girls,4x400,tri-valley,3,0,0,0
c_3333,2023,girls,4x400,bay-shore,0,2,,0
c_3333,2023,girls,4x400,redwood-empire,0,0,0,0
c_3333,2023,girls,4x400,class-a,0,0,0,0
c_3333,2023,girls,800,tri-valley,3,0,0,0
c_3333,2023,girls,800,bay-shore,0,2,,0
c_3333,2023,girls,800,redwood-empire,0,1,,0
c_3333,2023,girls,800,class-a,0,0,0,0
c_3333,2023,girls,DT,tri-valley,4,0,0,2
c_3333,2023,girls,DT,bay-shore,0,2,,0
c_3333,2023,girls,DT,redwood-empire,0,2,,0
c_3333,2023,girls,DT,class-a,0,0,0,0
c_3333,2023,girls,HJ,tri-valley,0,0,0,0
c_3333,2023,girls,HJ,bay-shore,0,3,,0
c_3333,2023,girls,HJ,redwood-empire,0,0,0,0
c_3333,2023,girls,HJ,class-a,0,0,0,0
c_3333,2023,girls,LJ,tri-valley,0,0,0,0
c_3333,2023,girls,LJ,bay-shore,0,0,0,0
c_3333,2023,girls,LJ,redwood-empire,0,0,0,0
c_3333,2023,girls,LJ,class-a,0,0,0,0
c_3333,2023,girls,PV,tri-valley,0,2,,0
c_3333,2023,girls,PV,bay-shore,0,0,0,0
c_3333,2023,girls,PV,redwood-empire,1,0,0,0
c_3333,2023,girls,PV,class-a,0,0,0,0
c_3333,2023,girls,SP,tri-valley,0,0,0,0
c_3333,2023,girls,SP,bay-shore,0,3,,0
c_3333,2023,girls,SP,redwood-empire,2,0,0,0
c_3333,2023,girls,SP,class-a,1,0,0,0
c_3333,2023,girls,TJ,tri-valley,0,0,0,0
c_3333,2023,girls,TJ,bay-shore,0,0,0,0
c_3333,2023,girls,TJ,redwood-empire,0,0,0,0
c_3333,2023,girls,TJ,class-a,0,0,0,0
c_3333,2023,girls,group:sprints_hurdles,tri-valley,8,0,0,1
c_3333,2023,girls,group:sprints_hurdles,bay-shore,0,8,0,0
c_3333,2023,girls,group:sprints_hurdles,redwood-empire,3,2,,0
c_3333,2023,girls,group:sprints_hurdles,class-a,0,0,0,0
c_3333,2023,girls,group:400_800,tri-valley,4,0,0,0
c_3333,2023,girls,group:400_800,bay-shore,0,2,,0
c_3333,2023,girls,group:400_800,redwood-empire,0,2,,0
c_3333,2023,girls,group:400_800,class-a,0,0,0,0
c_3333,2023,girls,group:distance,tri-valley,3,0,0,0
c_3333,2023,girls,group:distance,bay-shore,0,5,0,0
c_3333,2023,girls,group:distance,redwood-empire,1,0,0,0
c_3333,2023,girls,group:distance,class-a,1,0,0,0
c_3333,2023,girls,group:jumps,tri-valley,0,2,,0
c_3333,2023,girls,group:jumps,bay-shore,0,3,,0
c_3333,2023,girls,group:jumps,redwood-empire,1,0,0,0
c_3333,2023,girls,group:jumps,class-a,0,0,0,0
c_3333,2023,girls,group:throws,tri-valley,4,0,0,2
c_3333,2023,girls,group:throws,bay-shore,0,5,0,0
c_3333,2023,girls,group:throws,redwood-empire,2,2,,0
c_3333,2023,girls,group:throws,class-a,1,0,0,0
c_3333,2023,girls,group:relays,tri-valley,4,0,0,0
c_3333,2023,girls,group:relays,bay-shore,0,3,,0
c_3333,2023,girls,group:relays,redwood-empire,0,0,0,0
c_3333,2023,girls,group:relays,class-a,0,0,0,0
c_3333,2023,girls,all,tri-valley,23,2,,3
c_3333,2023,girls,all,bay-shore,0,26,0,0
c_3333,2023,girls,all,redwood-empire,7,6,1,0
c_3333,2023,girls,all,class-a,2,0,0,0
c_3333,2023,boys,100,tri-valley,1,0,0,0
c_3333,2023,boys,100,bay-shore,0,0,0,0
c_3333,2023,boys,100,redwood-empire,0,3,,0
c_3333,2023,boys,100,class-a,0,0,0,0
c_3333,2023,boys,110H,tri-valley,0,0,0,0
c_3333,2023,boys,110H,bay-shore,0,0,0,0
c_3333,2023,boys,110H,redwood-empire,0,0,0,0
c_3333,2023,boys,110H,class-a,0,0,0,0
c_3333,2023,boys,1600,tri-valley,0,0,0,0
c_3333,2023,boys,1600,bay-shore,0,1,,0
c_3333,2023,boys,1600,redwood-empire,0,0,0,0
c_3333,2023,boys,1600,class-a,0,0,0,0
c_3333,2023,boys,200,tri-valley,0,0,0,0
c_3333,2023,boys,200,bay-shore,0,0,0,0
c_3333,2023,boys,200,redwood-empire,0,1,,0
c_3333,2023,boys,200,class-a,0,0,0,0
c_3333,2023,boys,300H,tri-valley,2,0,0,0
c_3333,2023,boys,300H,bay-shore,0,3,,0
c_3333,2023,boys,300H,redwood-empire,1,0,0,0
c_3333,2023,boys,300H,class-a,0,0,0,0
c_3333,2023,boys,3200,tri-valley,0,0,0,0
c_3333,2023,boys,3200,bay-shore,0,0,0,0
c_3333,2023,boys,3200,redwood-empire,0,0,0,0
c_3333,2023,boys,3200,class-a,0,0,0,0
c_3333,2023,boys,400,tri-valley,2,0,0,1
c_3333,2023,boys,400,bay-shore,0,0,0,0
c_3333,2023,boys,400,redwood-empire,0,2,,0
c_3333,2023,boys,400,class-a,0,0,0,0
c_3333,2023,boys,4x100,tri-valley,4,0,0,0
c_3333,2023,boys,4x100,bay-shore,0,3,,0
c_3333,2023,boys,4x100,redwood-empire,0,2,,0
c_3333,2023,boys,4x100,class-a,0,0,0,0
c_3333,2023,boys,4x400,tri-valley,2,0,0,0
c_3333,2023,boys,4x400,bay-shore,0,1,,0
c_3333,2023,boys,4x400,redwood-empire,0,1,,0
c_3333,2023,boys,4x400,class-a,0,0,0,0
c_3333,2023,boys,800,tri-valley,4,0,0,0
c_3333,2023,boys,800,bay-shore,0,2,,0
c_3333,2023,boys,800,redwood-empire,0,3,,0
c_3333,2023,boys,800,class-a,0,0,0,0
c_3333,2023,boys,DT,tri-valley,1,0,0,0
c_3333,2023,boys,DT,bay-shore,0,1,,0
c_3333,2023,boys,DT,redwood-empire,0,0,0,0
c_3333,2023,boys,DT,class-a,0,0,0,0
c_3333,2023,boys,HJ,tri-valley,0,0,0,0
c_3333,2023,boys,HJ,bay-shore,0,0,0,0
c_3333,2023,boys,HJ,redwood-empire,0,0,0,0
c_3333,2023,boys,HJ,class-a,0,0,0,0
c_3333,2023,boys,LJ,tri-valley,0,0,0,0
c_3333,2023,boys,LJ,bay-shore,0,0,0,0
c_3333,2023,boys,LJ,redwood-empire,0,0,0,0
c_3333,2023,boys,LJ,class-a,1,0,0,0
c_3333,2023,boys,PV,tri-valley,4,0,0,0
c_3333,2023,boys,PV,bay-shore,0,1,,0
c_3333,2023,boys,PV,redwood-empire,0,0,0,0
c_3333,2023,boys,PV,class-a,0,0,0,0
c_3333,2023,boys,SP,tri-valley,0,0,0,0
c_3333,2023,boys,SP,bay-shore,0,0,0,0
c_3333,2023,boys,SP,redwood-empire,0,0,0,0
c_3333,2023,boys,SP,class-a,0,0,0,0
c_3333,2023,boys,TJ,tri-valley,0,0,0,0
c_3333,2023,boys,TJ,bay-shore,0,0,0,0
c_3333,2023,boys,TJ,redwood-empire,0,0,0,0
c_3333,2023,boys,TJ,class-a,0,0,0,0
c_3333,2023,boys,group:sprints_hurdles,tri-valley,3,0,0,0
c_3333,2023,boys,group:sprints_hurdles,bay-shore,0,3,,0
c_3333,2023,boys,group:sprints_hurdles,redwood-empire,1,4,,0
c_3333,2023,boys,group:sprints_hurdles,class-a,0,0,0,0
c_3333,2023,boys,group:400_800,tri-valley,6,0,0,1
c_3333,2023,boys,group:400_800,bay-shore,0,2,,0
c_3333,2023,boys,group:400_800,redwood-empire,0,5,0,0
c_3333,2023,boys,group:400_800,class-a,0,0,0,0
c_3333,2023,boys,group:distance,tri-valley,0,0,0,0
c_3333,2023,boys,group:distance,bay-shore,0,1,,0
c_3333,2023,boys,group:distance,redwood-empire,0,0,0,0
c_3333,2023,boys,group:distance,class-a,0,0,0,0
c_3333,2023,boys,group:jumps,tri-valley,4,0,0,0
c_3333,2023,boys,group:jumps,bay-shore,0,1,,0
c_3333,2023,boys,group:jumps,redwood-empire,0,0,0,0
c_3333,2023,boys,group:jumps,class-a,1,0,0,0
c_3333,2023,boys,group:throws,tri-valley,1,0,0,0
c_3333,2023,boys,group:throws,bay-shore,0,1,,0
c_3333,2023,boys,group:throws,redwood-empire,0,0,0,0
c_3333,2023,boys,group:throws,class-a,0,0,0,0
c_3333,2023,boys,group:relays,tri-valley,6,0,0,0
c_3333,2023,boys,group:relays,bay-shore,0,4,,0
c_3333,2023,boys,group:relays,redwood-empire,0,3,,0
c_3333,2023,boys,group:relays,class-a,0,0,0,0
c_3333,2023,boys,all,tri-valley,20,0,0,1
c_3333,2023,boys,all,bay-shore,0,12,1,0
c_3333,2023,boys,all,redwood-empire,1,12,1,0
c_3333,2023,boys,all,class-a,1,0,0,0
c_3333,2023,all,100,tri-valley,2,0,0,0
c_3333,2023,all,100,bay-shore,0,0,0,0
c_3333,2023,all,100,redwood-empire,0,4,,0
c_3333,2023,all,100,class-a,0,0,0,0
c_3333,2023,all,100H,tri-valley,2,0,0,0
c_3333,2023,all,100H,bay-shore,0,3,,0
c_3333,2023,all,100H,redwood-empire,1,0,0,0
c_3333,2023,all,100H,class-a,0,0,0,0
c_3333,2023,all,110H,tri-valley,0,0,0,0
c_3333,2023,all,110H,bay-shore,0,0,0,0
c_3333,2023,all,110H,redwood-empire,0,0,0,0
c_3333,2023,all,110H,class-a,0,0,0,0
c_3333,2023,all,1600,tri-valley,2,0,0,0
c_3333,2023,all,1600,bay-shore,0,4,,0
c_3333,2023,all,1600,redwood-empire,0,0,0,0
c_3333,2023,all,1600,class-a,1,0,0,0
c_3333,2023,all,200,tri-valley,2,0,0,1
c_3333,2023,all,200,bay-shore,0,3,,0
c_3333,2023,all,200,redwood-empire,2,1,,0
c_3333,2023,all,200,class-a,0,0,0,0
c_3333,2023,all,300H,tri-valley,5,0,0,0
c_3333,2023,all,300H,bay-shore,0,5,1,0
c_3333,2023,all,300H,redwood-empire,1,1,,0
c_3333,2023,all,300H,class-a,0,0,0,0
c_3333,2023,all,3200,tri-valley,1,0,0,0
c_3333,2023,all,3200,bay-shore,0,2,,0
c_3333,2023,all,3200,redwood-empire,1,0,0,0
c_3333,2023,all,3200,class-a,0,0,0,0
c_3333,2023,all,400,tri-valley,3,0,0,1
c_3333,2023,all,400,bay-shore,0,0,0,0
c_3333,2023,all,400,redwood-empire,0,3,,0
c_3333,2023,all,400,class-a,0,0,0,0
c_3333,2023,all,4x100,tri-valley,5,0,0,0
c_3333,2023,all,4x100,bay-shore,0,4,,0
c_3333,2023,all,4x100,redwood-empire,0,2,,0
c_3333,2023,all,4x100,class-a,0,0,0,0
c_3333,2023,all,4x400,tri-valley,5,0,0,0
c_3333,2023,all,4x400,bay-shore,0,3,,0
c_3333,2023,all,4x400,redwood-empire,0,1,,0
c_3333,2023,all,4x400,class-a,0,0,0,0
c_3333,2023,all,800,tri-valley,7,0,0,0
c_3333,2023,all,800,bay-shore,0,4,,0
c_3333,2023,all,800,redwood-empire,0,4,,0
c_3333,2023,all,800,class-a,0,0,0,0
c_3333,2023,all,DT,tri-valley,5,0,0,2
c_3333,2023,all,DT,bay-shore,0,3,,0
c_3333,2023,all,DT,redwood-empire,0,2,,0
c_3333,2023,all,DT,class-a,0,0,0,0
c_3333,2023,all,HJ,tri-valley,0,0,0,0
c_3333,2023,all,HJ,bay-shore,0,3,,0
c_3333,2023,all,HJ,redwood-empire,0,0,0,0
c_3333,2023,all,HJ,class-a,0,0,0,0
c_3333,2023,all,LJ,tri-valley,0,0,0,0
c_3333,2023,all,LJ,bay-shore,0,0,0,0
c_3333,2023,all,LJ,redwood-empire,0,0,0,0
c_3333,2023,all,LJ,class-a,1,0,0,0
c_3333,2023,all,PV,tri-valley,4,2,,0
c_3333,2023,all,PV,bay-shore,0,1,,0
c_3333,2023,all,PV,redwood-empire,1,0,0,0
c_3333,2023,all,PV,class-a,0,0,0,0
c_3333,2023,all,SP,tri-valley,0,0,0,0
c_3333,2023,all,SP,bay-shore,0,3,,0
c_3333,2023,all,SP,redwood-empire,2,0,0,0
c_3333,2023,all,SP,class-a,1,0,0,0
c_3333,2023,all,TJ,tri-valley,0,0,0,0
c_3333,2023,all,TJ,bay-shore,0,0,0,0
c_3333,2023,all,TJ,redwood-empire,0,0,0,0
c_3333,2023,all,TJ,class-a,0,0,0,0
c_3333,2023,all,group:sprints_hurdles,tri-valley,11,0,0,1
c_3333,2023,all,group:sprints_hurdles,bay-shore,0,11,1,0
c_3333,2023,all,group:sprints_hurdles,redwood-empire,4,6,1,0
c_3333,2023,all,group:sprints_hurdles,class-a,0,0,0,0
c_3333,2023,all,group:400_800,tri-valley,10,0,0,1
c_3333,2023,all,group:400_800,bay-shore,0,4,,0
c_3333,2023,all,group:400_800,redwood-empire,0,7,0,0
c_3333,2023,all,group:400_800,class-a,0,0,0,0
c_3333,2023,all,group:distance,tri-valley,3,0,0,0
c_3333,2023,all,group:distance,bay-shore,0,6,0,0
c_3333,2023,all,group:distance,redwood-empire,1,0,0,0
c_3333,2023,all,group:distance,class-a,1,0,0,0
c_3333,2023,all,group:jumps,tri-valley,4,2,,0
c_3333,2023,all,group:jumps,bay-shore,0,4,,0
c_3333,2023,all,group:jumps,redwood-empire,1,0,0,0
c_3333,2023,all,group:jumps,class-a,1,0,0,0
c_3333,2023,all,group:throws,tri-valley,5,0,0,2
c_3333,2023,all,group:throws,bay-shore,0,6,0,0
c_3333,2023,all,group:throws,redwood-empire,2,2,,0
c_3333,2023,all,group:throws,class-a,1,0,0,0
c_3333,2023,all,group:relays,tri-valley,10,0,0,0
c_3333,2023,all,group:relays,bay-shore,0,7,0,0
c_3333,2023,all,group:relays,redwood-empire,0,3,,0
c_3333,2023,all,group:relays,class-a,0,0,0,0
c_3333,2023,all,all,tri-valley,43,2,,4
c_3333,2023,all,all,bay-shore,0,38,1,0
c_3333,2023,all,all,redwood-empire,8,18,2,0
c_3333,2023,all,all,class-a,3,0,0,0
c_3333,2024,girls,100,tri-valley,3,0,0,0
c_3333,2024,girls,100,bay-shore,1,0,0,0
c_3333,2024,girls,100,redwood-empire,0,3,,0
c_3333,2024,girls,100,class-a,0,0,0,0
c_3333,2024,girls,100H,tri-valley,3,0,0,0
c_3333,2024,girls,100H,bay-shore,0,1,,0
c_3333,2024,girls,100H,redwood-empire,0,2,,0
c_3333,2024,girls,100H,class-a,0,0,0,0
c_3333,2024,girls,1600,tri-valley,0,0,0,0
c_3333,2024,girls,1600,bay-shore,0,2,,0
c_3333,2024,girls,1600,redwood-empire,0,2,,0
c_3333,2024,girls,1600,class-a,0,0,0,0
c_3333,2024,girls,200,tri-valley,0,0,0,0
c_3333,2024,girls,200,bay-shore,0,0,0,0
c_3333,2024,girls,200,redwood-empire,0,1,,0
c_3333,2024,girls,200,class-a,1,0,0,0
c_3333,2024,girls,300H,tri-valley,2,0,0,0
c_3333,2024,girls,300H,bay-shore,0,1,,0
c_3333,2024,girls,300H,redwood-empire,0,1,,0
c_3333,2024,girls,300H,class-a,0,0,0,0
c_3333,2024,girls,3200,tri-valley,0,0,0,0
c_3333,2024,girls,3200,bay-shore,0,1,,0
c_3333,2024,girls,3200,redwood-empire,0,0,0,0
c_3333,2024,girls,3200,class-a,1,0,0,0
c_3333,2024,girls,400,tri-valley,0,0,0,0
c_3333,2024,girls,400,bay-shore,0,0,0,0
c_3333,2024,girls,400,redwood-empire,0,0,0,0
c_3333,2024,girls,400,class-a,0,0,0,0
c_3333,2024,girls,4x100,tri-valley,2,0,0,0
c_3333,2024,girls,4x100,bay-shore,0,0,0,0
c_3333,2024,girls,4x100,redwood-empire,0,2,,0
c_3333,2024,girls,4x100,class-a,0,0,0,0
c_3333,2024,girls,4x400,tri-valley,3,0,0,0
c_3333,2024,girls,4x400,bay-shore,0,1,,0
c_3333,2024,girls,4x400,redwood-empire,0,2,,0
c_3333,2024,girls,4x400,class-a,0,0,0,0
c_3333,2024,girls,800,tri-valley,1,0,0,0
c_3333,2024,girls,800,bay-shore,0,3,,0
c_3333,2024,girls,800,redwood-empire,1,0,0,0
c_3333,2024,girls,800,class-a,0,0,0,0
c_3333,2024,girls,DT,tri-valley,0,0,0,0
c_3333,2024,girls,DT,bay-shore,0,0,0,0
c_3333,2024,girls,DT,redwood-empire,0,0,0,0
c_3333,2024,girls,DT,class-a,0,0,0,0
c_3333,2024,girls,HJ,tri-valley,0,0,0,0
c_3333,2024,girls,HJ,bay-shore,0,1,,0
c_3333,2024,girls,HJ,redwood-empire,0,0,0,0
c_3333,2024,girls,HJ,class-a,0,0,0,0
c_3333,2024,girls,LJ,tri-valley,1,0,0,0
c_3333,2024,girls,LJ,bay-shore,2,0,0,0
c_3333,2024,girls,LJ,redwood-empire,0,3,,0
c_3333,2024,girls,LJ,class-a,0,0,0,0
c_3333,2024,girls,PV,tri-valley,4,0,0,0
c_3333,2024,girls,PV,bay-shore,0,1,,0
c_3333,2024,girls,PV,redwood-empire,0,3,,0
c_3333,2024,girls,PV,class-a,0,0,0,0
c_3333,2024,girls,SP,tri-valley,1,0,0,0
c_3333,2024,girls,SP,bay-shore,0,2,,0
c_3333,2024,girls,SP,redwood-empire,1,0,0,0
c_3333,2024,girls,SP,class-a,0,0,0,0
c_3333,2024,girls,TJ,tri-valley,0,0,0,0
c_3333,2024,girls,TJ,bay-shore,0,0,0,0
c_3333,2024,girls,TJ,redwood-empire,0,0,0,0
c_3333,2024,girls,TJ,class-a,0,0,0,0
c_3333,2024,girls,group:sprints_hurdles,tri-valley,8,0,0,0
c_3333,2024,girls,group:sprints_hurdles,bay-shore,1,2,,0
c_3333,2024,girls,group:sprints_hurdles,redwood-empire,0,7,0,0
c_3333,2024,girls,group:sprints_hurdles,class-a,1,0,0,0
c_3333,2024,girls,group:400_800,tri-valley,1,0,0,0
c_3333,2024,girls,group:400_800,bay-shore,0,3,,0
c_3333,2024,girls,group:400_800,redwood-empire,1,0,0,0
c_3333,2024,girls,group:400_800,class-a,0,0,0,0
c_3333,2024,girls,group:distance,tri-valley,0,0,0,0
c_3333,2024,girls,group:distance,bay-shore,0,3,,0
c_3333,2024,girls,group:distance,redwood-empire,0,2,,0
c_3333,2024,girls,group:distance,class-a,1,0,0,0
c_3333,2024,girls,group:jumps,tri-valley,5,0,0,0
c_3333,2024,girls,group:jumps,bay-shore,2,2,,0
c_3333,2024,girls,group:jumps,redwood-empire,0,6,0,0
c_3333,2024,girls,group:jumps,class-a,0,0,0,0
c_3333,2024,girls,group:throws,tri-valley,1,0,0,0
c_3333,2024,girls,group:throws,bay-shore,0,2,,0
c_3333,2024,girls,group:throws,redwood-empire,1,0,0,0
c_3333,2024,girls,group:throws,class-a,0,0,0,0
c_3333,2024,girls,group:relays,tri-valley,5,0,0,0
c_3333,2024,girls,group:relays,bay-shore,0,1,,0
c_3333,2024,girls,group:relays,redwood-empire,0,4,,0
c_3333,2024,girls,group:relays,class-a,0,0,0,0
c_3333,2024,girls,all,tri-valley,20,0,0,0
c_3333,2024,girls,all,bay-shore,3,13,0,0
c_3333,2024,girls,all,redwood-empire,2,19,0,0
c_3333,2024,girls,all,class-a,2,0,0,0
c_3333,2024,boys,100,tri-valley,0,0,0,0
c_3333,2024,boys,100,bay-shore,0,0,0,0
c_3333,2024,boys,100,redwood-empire,0,3,,0
c_3333,2024,boys,100,class-a,0,0,0,0
c_3333,2024,boys,110H,tri-valley,2,0,0,0
c_3333,2024,boys,110H,bay-shore,0,0,0,0
c_3333,2024,boys,110H,redwood-empire,0,3,,0
c_3333,2024,boys,110H,class-a,1,0,0,0
c_3333,2024,boys,1600,tri-valley,0,0,0,0
c_3333,2024,boys,1600,bay-shore,0,0,0,0
c_3333,2024,boys,1600,redwood-empire,0,0,0,0
c_3333,2024,boys,1600,class-a,0,0,0,0
c_3333,2024,boys,200,tri-valley,0,0,0,0
c_3333,2024,boys,200,bay-shore,0,2,,0
c_3333,2024,boys,200,redwood-empire,2,0,0,0
c_3333,2024,boys,200,class-a,0,0,0,0
c_3333,2024,boys,300H,tri-valley,0,0,0,0
c_3333,2024,boys,300H,bay-shore,0,0,0,0
c_3333,2024,boys,300H,redwood-empire,0,0,0,0
c_3333,2024,boys,300H,class-a,0,0,0,0
c_3333,2024,boys,3200,tri-valley,1,0,0,0
c_3333,2024,boys,3200,bay-shore,0,0,0,0
c_3333,2024,boys,3200,redwood-empire,0,1,,0
c_3333,2024,boys,3200,class-a,0,0,0,0
c_3333,2024,boys,400,tri-valley,0,0,0,0
c_3333,2024,boys,400,bay-shore,0,0,0,0
c_3333,2024,boys,400,redwood-empire,0,2,,0
c_3333,2024,boys,400,class-a,0,0,0,0
c_3333,2024,boys,4x100,tri-valley,1,0,0,0
c_3333,2024,boys,4x100,bay-shore,0,0,0,0
c_3333,2024,boys,4x100,redwood-empire,0,1,,0
c_3333,2024,boys,4x100,class-a,0,0,0,0
c_3333,2024,boys,4x400,tri-valley,1,0,0,0
c_3333,2024,boys,4x400,bay-shore,0,1,,0
c_3333,2024,boys,4x400,redwood-empire,0,0,0,0
c_3333,2024,boys,4x400,class-a,0,0,0,0
c_3333,2024,boys,800,tri-valley,0,0,0,0
c_3333,2024,boys,800,bay-shore,0,3,,0
c_3333,2024,boys,800,redwood-empire,0,0,0,0
c_3333,2024,boys,800,class-a,0,0,0,0
c_3333,2024,boys,DT,tri-valley,2,0,0,0
c_3333,2024,boys,DT,bay-shore,0,3,,0
c_3333,2024,boys,DT,redwood-empire,1,0,0,0
c_3333,2024,boys,DT,class-a,0,0,0,0
c_3333,2024,boys,HJ,tri-valley,4,0,0,0
c_3333,2024,boys,HJ,bay-shore,0,0,0,0
c_3333,2024,boys,HJ,redwood-empire,2,0,0,0
c_3333,2024,boys,HJ,class-a,0,0,0,0
c_3333,2024,boys,LJ,tri-valley,1,0,0,0
c_3333,2024,boys,LJ,bay-shore,0,0,0,0
c_3333,2024,boys,LJ,redwood-empire,0,1,,0
c_3333,2024,boys,LJ,class-a,0,0,0,0
c_3333,2024,boys,PV,tri-valley,4,0,0,0
c_3333,2024,boys,PV,bay-shore,0,0,0,0
c_3333,2024,boys,PV,redwood-empire,2,0,0,0
c_3333,2024,boys,PV,class-a,0,0,0,0
c_3333,2024,boys,SP,tri-valley,0,0,0,0
c_3333,2024,boys,SP,bay-shore,0,0,0,0
c_3333,2024,boys,SP,redwood-empire,0,0,0,0
c_3333,2024,boys,SP,class-a,0,0,0,0
c_3333,2024,boys,TJ,tri-valley,0,0,0,0
c_3333,2024,boys,TJ,bay-shore,0,0,0,0
c_3333,2024,boys,TJ,redwood-empire,0,0,0,0
c_3333,2024,boys,TJ,class-a,0,0,0,0
c_3333,2024,boys,group:sprints_hurdles,tri-valley,2,0,0,0
c_3333,2024,boys,group:sprints_hurdles,bay-shore,0,2,,0
c_3333,2024,boys,group:sprints_hurdles,redwood-empire,2,6,0,0
c_3333,2024,boys,group:sprints_hurdles,class-a,1,0,0,0
c_3333,2024,boys,group:400_800,tri-valley,0,0,0,0
c_3333,2024,boys,group:400_800,bay-shore,0,3,,0
c_3333,2024,boys,group:400_800,redwood-empire,0,2,,0
c_3333,2024,boys,group:400_800,class-a,0,0,0,0
c_3333,2024,boys,group:distance,tri-valley,1,0,0,0
c_3333,2024,boys,group:distance,bay-shore,0,0,0,0
c_3333,2024,boys,group:distance,redwood-empire,0,1,,0
c_3333,2024,boys,group:distance,class-a,0,0,0,0
c_3333,2024,boys,group:jumps,tri-valley,9,0,0,0
c_3333,2024,boys,group:jumps,bay-shore,0,0,0,0
c_3333,2024,boys,group:jumps,redwood-empire,4,1,,0
c_3333,2024,boys,group:jumps,class-a,0,0,0,0
c_3333,2024,boys,group:throws,tri-valley,2,0,0,0
c_3333,2024,boys,group:throws,bay-shore,0,3,,0
c_3333,2024,boys,group:throws,redwood-empire,1,0,0,0
c_3333,2024,boys,group:throws,class-a,0,0,0,0
c_3333,2024,boys,group:relays,tri-valley,2,0,0,0
c_3333,2024,boys,group:relays,bay-shore,0,1,,0
c_3333,2024,boys,group:relays,redwood-empire,0,1,,0
c_3333,2024,boys,group:relays,class-a,0,0,0,0
c_3333,2024,boys,all,tri-valley,16,0,0,0
c_3333,2024,boys,all,bay-shore,0,9,0,0
c_3333,2024,boys,all,redwood-empire,7,11,0,0
c_3333,2024,boys,all,class-a,1,0,0,0
c_3333,2024,all,100,tri-valley,3,0,0,0
c_3333,2024,all,100,bay-shore,1,0,0,0
c_3333,2024,all,100,redwood-empire,0,6,0,0
c_3333,2024,all,100,class-a,0,0,0,0
c_3333,2024,all,100H,tri-valley,3,0,0,0
c_3333,2024,all,100H,bay-shore,0,1,,0
c_3333,2024,all,100H,redwood-empire,0,2,,0
c_3333,2024,all,100H,class-a,0,0,0,0
c_3333,2024,all,110H,tri-valley,2,0,0,0
c_3333,2024,all,110H,bay-shore,0,0,0,0
c_3333,2024,all,110H,redwood-empire,0,3,,0
c_3333,2024,all,110H,class-a,1,0,0,0
c_3333,2024,all,1600,tri-valley,0,0,0,0
c_3333,2024,all,1600,bay-shore,0,2,,0
c_3333,2024,all,1600,redwood-empire,0,2,,0
c_3333,2024,all,1600,class-a,0,0,0,0
c_3333,2024,all,200,tri-valley,0,0,0,0
c_3333,2024,all,200,bay-shore,0,2,,0
c_3333,2024,all,200,redwood-empire,2,1,,0
c_3333,2024,all,200,class-a,1,0,0,0
c_3333,2024,all,300H,tri-valley,2,0,0,0
c_3333,2024,all,300H,bay-shore,0,1,,0
c_3333,2024,all,300H,redwood-empire,0,1,,0
c_3333,2024,all,300H,class-a,0,0,0,0
c_3333,2024,all,3200,tri-valley,1,0,0,0
c_3333,2024,all,3200,bay-shore,0,1,,0
c_3333,2024,all,3200,redwood-empire,0,1,,0
c_3333,2024,all,3200,class-a,1,0,0,0
c_3333,2024,all,400,tri-valley,0,0,0,0
c_3333,2024,all,400,bay-shore,0,0,0,0
c_3333,2024,all,400,redwood-empire,0,2,,0
c_3333,2024,all,400,class-a,0,0,0,0
c_3333,2024,all,4x100,tri-valley,3,0,0,0
c_3333,2024,all,4x100,bay-shore,0,0,0,0
c_3333,2024,all,4x100,redwood-empire,0,3,,0
c_3333,2024,all,4x100,class-a,0,0,0,0
c_3333,2024,all,4x400,tri-valley,4,0,0,0
c_3333,2024,all,4x400,bay-shore,0,2,,0
c_3333,2024,all,4x400,redwood-empire,0,2,,0
c_3333,2024,all,4x400,class-a,0,0,0,0
c_3333,2024,all,800,tri-valley,1,0,0,0
c_3333,2024,all,800,bay-shore,0,6,0,0
c_3333,2024,all,800,redwood-empire,1,0,0,0
c_3333,2024,all,800,class-a,0,0,0,0
c_3333,2024,all,DT,tri-valley,2,0,0,0
c_3333,2024,all,DT,bay-shore,0,3,,0
c_3333,2024,all,DT,redwood-empire,1,0,0,0
c_3333,2024,all,DT,class-a,0,0,0,0
c_3333,2024,all,HJ,tri-valley,4,0,0,0
c_3333,2024,all,HJ,bay-shore,0,1,,0
c_3333,2024,all,HJ,redwood-empire,2,0,0,0
c_3333,2024,all,HJ,class-a,0,0,0,0
c_3333,2024,all,LJ,tri-valley,2,0,0,0
c_3333,2024,all,LJ,bay-shore,2,0,0,0
c_3333,2024,all,LJ,redwood-empire,0,4,,0
c_3333,2024,all,LJ,class-a,0,0,0,0
c_3333,2024,all,PV,tri-valley,8,0,0,0
c_3333,2024,all,PV,bay-shore,0,1,,0
c_3333,2024,all,PV,redwood-empire,2,3,,0
c_3333,2024,all,PV,class-a,0,0,0,0
c_3333,2024,all,SP,tri-valley,1,0,0,0
c_3333,2024,all,SP,bay-shore,0,2,,0
c_3333,2024,all,SP,redwood-empire,1,0,0,0
c_3333,2024,all,SP,class-a,0,0,0,0
c_3333,2024,all,TJ,tri-valley,0,0,0,0
c_3333,2024,all,TJ,bay-shore,0,0,0,0
c_3333,2024,all,TJ,redwood-empire,0,0,0,0
c_3333,2024,all,TJ,class-a,0,0,0,0
c_3333,2024,all,group:sprints_hurdles,tri-valley,10,0,0,0
c_3333,2024,all,group:sprints_hurdles,bay-shore,1,4,,0
c_3333,2024,all,group:sprints_hurdles,redwood-empire,2,13,0,0
c_3333,2024,all,group:sprints_hurdles,class-a,2,0,0,0
c_3333,2024,all,group:400_800,tri-valley,1,0,0,0
c_3333,2024,all,group:400_800,bay-shore,0,6,0,0
c_3333,2024,all,group:400_800,redwood-empire,1,2,,0
c_3333,2024,all,group:400_800,class-a,0,0,0,0
c_3333,2024,all,group:distance,tri-valley,1,0,0,0
c_3333,2024,all,group:distance,bay-shore,0,3,,0
c_3333,2024,all,group:distance,redwood-empire,0,3,,0
c_3333,2024,all,group:distance,class-a,1,0,0,0
c_3333,2024,all,group:jumps,tri-valley,14,0,0,0
c_3333,2024,all,group:jumps,bay-shore,2,2,,0
c_3333,2024,all,group:jumps,redwood-empire,4,7,0,0
c_3333,2024,all,group:jumps,class-a,0,0,0,0
c_3333,2024,all,group:throws,tri-valley,3,0,0,0
c_3333,2024,all,group:throws,bay-shore,0,5,0,0
c_3333,2024,all,group:throws,redwood-empire,2,0,0,0
c_3333,2024,all,group:throws,class-a,0,0,0,0
c_3333,2024,all,group:relays,tri-valley,7,0,0,0
c_3333,2024,all,group:relays,bay-shore,0,2,,0
c_3333,2024,all,group:relays,redwood-empire,0,5,0,0
c_3333,2024,all,group:relays,class-a,0,0,0,0
c_3333,2024,all,all,tri-valley,36,0,0,0
c_3333,2024,all,all,bay-shore,3,22,0,0
c_3333,2024,all,all,redwood-empire,9,30,0,0
c_3333,2024,all,all,class-a,3,0,0,0
c_3333,2025,girls,100,tri-valley,2,0,0,0
c_3333,2025,girls,100,bay-shore,0,0,0,0
c_3333,2025,girls,100,redwood-empire,0,3,,0
c_3333,2025,girls,100,class-a,0,0,0,0
c_3333,2025,girls,100H,tri-valley,0,0,0,0
c_3333,2025,girls,100H,bay-shore,0,1,,0
c_3333,2025,girls,100H,redwood-empire,1,0,0,0
c_3333,2025,girls,100H,class-a,0,0,0,0
c_3333,2025,girls,1600,tri-valley,0,0,0,0
c_3333,2025,girls,1600,bay-shore,0,3,,0
c_3333,2025,girls,1600,redwood-empire,1,0,0,0
c_3333,2025,girls,1600,class-a,2,0,0,0
c_3333,2025,girls,200,tri-valley,1,0,0,0
c_3333,2025,girls,200,bay-shore,0,2,,0
c_3333,2025,girls,200,redwood-empire,0,3,,0
c_3333,2025,girls,200,class-a,1,0,0,0
c_3333,2025,girls,300H,tri-valley,1,0,0,0
c_3333,2025,girls,300H,bay-shore,0,1,,0
c_3333,2025,girls,300H,redwood-empire,0,0,0,0
c_3333,2025,girls,300H,class-a,0,0,0,0
c_3333,2025,girls,3200,tri-valley,0,0,0,0
c_3333,2025,girls,3200,bay-shore,0,0,0,0
c_3333,2025,girls,3200,redwood-empire,0,0,0,0
c_3333,2025,girls,3200,class-a,0,0,0,0
c_3333,2025,girls,400,tri-valley,2,0,0,0
c_3333,2025,girls,400,bay-shore,0,0,0,0
c_3333,2025,girls,400,redwood-empire,0,3,,0
c_3333,2025,girls,400,class-a,1,0,0,0
c_3333,2025,girls,4x100,tri-valley,2,0,0,0
c_3333,2025,girls,4x100,bay-shore,0,0,0,0
c_3333,2025,girls,4x100,redwood-empire,0,2,,0
c_3333,2025,girls,4x100,class-a,0,0,0,0
c_3333,2025,girls,4x400,tri-valley,2,0,0,0
c_3333,2025,girls,4x400,bay-shore,0,2,,0
c_3333,2025,girls,4x400,redwood-empire,0,1,,0
c_3333,2025,girls,4x400,class-a,1,0,0,0
c_3333,2025,girls,800,tri-valley,1,0,0,0
c_3333,2025,girls,800,bay-shore,0,3,,0
c_3333,2025,girls,800,redwood-empire,1,0,0,0
c_3333,2025,girls,800,class-a,1,0,0,0
c_3333,2025,girls,DT,tri-valley,2,0,0,0
c_3333,2025,girls,DT,bay-shore,0,3,,0
c_3333,2025,girls,DT,redwood-empire,0,0,0,0
c_3333,2025,girls,DT,class-a,0,0,0,0
c_3333,2025,girls,HJ,tri-valley,3,0,0,0
c_3333,2025,girls,HJ,bay-shore,3,0,0,0
c_3333,2025,girls,HJ,redwood-empire,0,2,,0
c_3333,2025,girls,HJ,class-a,3,0,0,0
c_3333,2025,girls,LJ,tri-valley,2,0,0,0
c_3333,2025,girls,LJ,bay-shore,1,0,0,0
c_3333,2025,girls,LJ,redwood-empire,0,3,,0
c_3333,2025,girls,LJ,class-a,0,0,0,0
c_3333,2025,girls,PV,tri-valley,0,0,0,0
c_3333,2025,girls,PV,bay-shore,0,0,0,0
c_3333,2025,girls,PV,redwood-empire,0,0,0,0
c_3333,2025,girls,PV,class-a,0,0,0,0
c_3333,2025,girls,SP,tri-valley,1,0,0,0
c_3333,2025,girls,SP,bay-shore,0,3,,0
c_3333,2025,girls,SP,redwood-empire,1,0,0,0
c_3333,2025,girls,SP,class-a,1,0,0,0
c_3333,2025,girls,TJ,tri-valley,0,0,0,0
c_3333,2025,girls,TJ,bay-shore,1,0,0,0
c_3333,2025,girls,TJ,redwood-empire,0,1,,0
c_3333,2025,girls,TJ,class-a,0,0,0,0
c_3333,2025,girls,group:sprints_hurdles,tri-valley,4,0,0,0
c_3333,2025,girls,group:sprints_hurdles,bay-shore,0,4,,0
c_3333,2025,girls,group:sprints_hurdles,redwood-empire,1,6,0,0
c_3333,2025,girls,group:sprints_hurdles,class-a,1,0,0,0
c_3333,2025,girls,group:400_800,tri-valley,3,0,0,0
c_3333,2025,girls,group:400_800,bay-shore,0,3,,0
c_3333,2025,girls,group:400_800,redwood-empire,1,3,,0
c_3333,2025,girls,group:400_800,class-a,2,0,0,0
c_3333,2025,girls,group:distance,tri-valley,0,0,0,0
c_3333,2025,girls,group:distance,bay-shore,0,3,,0
c_3333,2025,girls,group:distance,redwood-empire,1,0,0,0
c_3333,2025,girls,group:distance,class-a,2,0,0,0
c_3333,2025,girls,group:jumps,tri-valley,5,0,0,0
c_3333,2025,girls,group:jumps,bay-shore,5,0,0,0
c_3333,2025,girls,group:jumps,redwood-empire,0,6,0,0
c_3333,2025,girls,group:jumps,class-a,3,0,0,0
c_3333,2025,girls,group:throws,tri-valley,3,0,0,0
c_3333,2025,girls,group:throws,bay-shore,0,6,0,0
c_3333,2025,girls,group:throws,redwood-empire,1,0,0,0
c_3333,2025,girls,group:throws,class-a,1,0,0,0
c_3333,2025,girls,group:relays,tri-valley,4,0,0,0
c_3333,2025,girls,group:relays,bay-shore,0,2,,0
c_3333,2025,girls,group:relays,redwood-empire,0,3,,0
c_3333,2025,girls,group:relays,class-a,1,0,0,0
c_3333,2025,girls,all,tri-valley,19,0,0,0
c_3333,2025,girls,all,bay-shore,5,18,0,0
c_3333,2025,girls,all,redwood-empire,4,18,0,0
c_3333,2025,girls,all,class-a,10,0,0,0
c_3333,2025,boys,100,tri-valley,0,0,0,0
c_3333,2025,boys,100,bay-shore,0,0,0,0
c_3333,2025,boys,100,redwood-empire,0,0,0,0
c_3333,2025,boys,100,class-a,0,0,0,0
c_3333,2025,boys,110H,tri-valley,1,0,0,0
c_3333,2025,boys,110H,bay-shore,1,0,0,0
c_3333,2025,boys,110H,redwood-empire,0,2,,0
c_3333,2025,boys,110H,class-a,0,0,0,0
c_3333,2025,boys,1600,tri-valley,2,0,0,0
c_3333,2025,boys,1600,bay-shore,0,3,,0
c_3333,2025,boys,1600,redwood-empire,1,0,0,0
c_3333,2025,boys,1600,class-a,0,0,0,0
c_3333,2025,boys,200,tri-valley,0,0,0,0
c_3333,2025,boys,200,bay-shore,0,0,0,0
c_3333,2025,boys,200,redwood-empire,0,0,0,0
c_3333,2025,boys,200,class-a,0,0,0,0
c_3333,2025,boys,300H,tri-valley,1,0,0,0
c_3333,2025,boys,300H,bay-shore,0,3,,0
c_3333,2025,boys,300H,redwood-empire,0,1,,0
c_3333,2025,boys,300H,class-a,0,0,0,0
c_3333,2025,boys,3200,tri-valley,2,0,0,0
c_3333,2025,boys,3200,bay-shore,0,3,,0
c_3333,2025,boys,3200,redwood-empire,1,0,0,0
c_3333,2025,boys,3200,class-a,0,0,0,0
c_3333,2025,boys,400,tri-valley,4,0,0,0
c_3333,2025,boys,400,bay-shore,0,2,,0
c_3333,2025,boys,400,redwood-empire,0,2,,0
c_3333,2025,boys,400,class-a,0,0,0,0
c_3333,2025,boys,4x100,tri-valley,0,0,0,0
c_3333,2025,boys,4x100,bay-shore,0,0,0,0
c_3333,2025,boys,4x100,redwood-empire,0,0,0,0
c_3333,2025,boys,4x100,class-a,0,0,0,0
c_3333,2025,boys,4x400,tri-valley,5,0,0,0
c_3333,2025,boys,4x400,bay-shore,0,2,,0
c_3333,2025,boys,4x400,redwood-empire,0,3,,0
c_3333,2025,boys,4x400,class-a,0,0,0,0
c_3333,2025,boys,800,tri-valley,0,0,0,0
c_3333,2025,boys,800,bay-shore,0,0,0,0
c_3333,2025,boys,800,redwood-empire,0,0,0,0
c_3333,2025,boys,800,class-a,0,0,0,0
c_3333,2025,boys,DT,tri-valley,3,0,0,0
c_3333,2025,boys,DT,bay-shore,0,3,,0
c_3333,2025,boys,DT,redwood-empire,1,0,0,0
c_3333,2025,boys,DT,class-a,0,0,0,0
c_3333,2025,boys,HJ,tri-valley,0,0,0,0
c_3333,2025,boys,HJ,bay-shore,0,2,,0
c_3333,2025,boys,HJ,redwood-empire,0,0,0,0
c_3333,2025,boys,HJ,class-a,0,0,0,0
c_3333,2025,boys,LJ,tri-valley,3,0,0,0
c_3333,2025,boys,LJ,bay-shore,0,0,0,0
c_3333,2025,boys,LJ,redwood-empire,0,3,,0
c_3333,2025,boys,LJ,class-a,0,0,0,0
c_3333,2025,boys,PV,tri-valley,3,0,0,0
c_3333,2025,boys,PV,bay-shore,0,3,,0
c_3333,2025,boys,PV,redwood-empire,1,0,0,0
c_3333,2025,boys,PV,class-a,0,0,0,0
c_3333,2025,boys,SP,tri-valley,0,0,0,0
c_3333,2025,boys,SP,bay-shore,0,0,0,0
c_3333,2025,boys,SP,redwood-empire,0,0,0,0
c_3333,2025,boys,SP,class-a,0,0,0,0
c_3333,2025,boys,TJ,tri-valley,1,0,0,0
c_3333,2025,boys,TJ,bay-shore,1,0,0,0
c_3333,2025,boys,TJ,redwood-empire,0,2,,0
c_3333,2025,boys,TJ,class-a,0,0,0,0
c_3333,2025,boys,group:sprints_hurdles,tri-valley,2,0,0,0
c_3333,2025,boys,group:sprints_hurdles,bay-shore,1,3,,0
c_3333,2025,boys,group:sprints_hurdles,redwood-empire,0,3,,0
c_3333,2025,boys,group:sprints_hurdles,class-a,0,0,0,0
c_3333,2025,boys,group:400_800,tri-valley,4,0,0,0
c_3333,2025,boys,group:400_800,bay-shore,0,2,,0
c_3333,2025,boys,group:400_800,redwood-empire,0,2,,0
c_3333,2025,boys,group:400_800,class-a,0,0,0,0
c_3333,2025,boys,group:distance,tri-valley,4,0,0,0
c_3333,2025,boys,group:distance,bay-shore,0,6,0,0
c_3333,2025,boys,group:distance,redwood-empire,2,0,0,0
c_3333,2025,boys,group:distance,class-a,0,0,0,0
c_3333,2025,boys,group:jumps,tri-valley,7,0,0,0
c_3333,2025,boys,group:jumps,bay-shore,1,5,0,0
c_3333,2025,boys,group:jumps,redwood-empire,1,5,0,0
c_3333,2025,boys,group:jumps,class-a,0,0,0,0
c_3333,2025,boys,group:throws,tri-valley,3,0,0,0
c_3333,2025,boys,group:throws,bay-shore,0,3,,0
c_3333,2025,boys,group:throws,redwood-empire,1,0,0,0
c_3333,2025,boys,group:throws,class-a,0,0,0,0
c_3333,2025,boys,group:relays,tri-valley,5,0,0,0
c_3333,2025,boys,group:relays,bay-shore,0,2,,0
c_3333,2025,boys,group:relays,redwood-empire,0,3,,0
c_3333,2025,boys,group:relays,class-a,0,0,0,0
c_3333,2025,boys,all,tri-valley,25,0,0,0
c_3333,2025,boys,all,bay-shore,2,21,0,0
c_3333,2025,boys,all,redwood-empire,4,13,0,0
c_3333,2025,boys,all,class-a,0,0,0,0
c_3333,2025,all,100,tri-valley,2,0,0,0
c_3333,2025,all,100,bay-shore,0,0,0,0
c_3333,2025,all,100,redwood-empire,0,3,,0
c_3333,2025,all,100,class-a,0,0,0,0
c_3333,2025,all,100H,tri-valley,0,0,0,0
c_3333,2025,all,100H,bay-shore,0,1,,0
c_3333,2025,all,100H,redwood-empire,1,0,0,0
c_3333,2025,all,100H,class-a,0,0,0,0
c_3333,2025,all,110H,tri-valley,1,0,0,0
c_3333,2025,all,110H,bay-shore,1,0,0,0
c_3333,2025,all,110H,redwood-empire,0,2,,0
c_3333,2025,all,110H,class-a,0,0,0,0
c_3333,2025,all,1600,tri-valley,2,0,0,0
c_3333,2025,all,1600,bay-shore,0,6,0,0
c_3333,2025,all,1600,redwood-empire,2,0,0,0
c_3333,2025,all,1600,class-a,2,0,0,0
c_3333,2025,all,200,tri-valley,1,0,0,0
c_3333,2025,all,200,bay-shore,0,2,,0
c_3333,2025,all,200,redwood-empire,0,3,,0
c_3333,2025,all,200,class-a,1,0,0,0
c_3333,2025,all,300H,tri-valley,2,0,0,0
c_3333,2025,all,300H,bay-shore,0,4,,0
c_3333,2025,all,300H,redwood-empire,0,1,,0
c_3333,2025,all,300H,class-a,0,0,0,0
c_3333,2025,all,3200,tri-valley,2,0,0,0
c_3333,2025,all,3200,bay-shore,0,3,,0
c_3333,2025,all,3200,redwood-empire,1,0,0,0
c_3333,2025,all,3200,class-a,0,0,0,0
c_3333,2025,all,400,tri-valley,6,0,0,0
c_3333,2025,all,400,bay-shore,0,2,,0
c_3333,2025,all,400,redwood-empire,0,5,0,0
c_3333,2025,all,400,class-a,1,0,0,0
c_3333,2025,all,4x100,tri-valley,2,0,0,0
c_3333,2025,all,4x100,bay-shore,0,0,0,0
c_3333,2025,all,4x100,redwood-empire,0,2,,0
c_3333,2025,all,4x100,class-a,0,0,0,0
c_3333,2025,all,4x400,tri-valley,7,0,0,0
c_3333,2025,all,4x400,bay-shore,0,4,,0
c_3333,2025,all,4x400,redwood-empire,0,4,,0
c_3333,2025,all,4x400,class-a,1,0,0,0
c_3333,2025,all,800,tri-valley,1,0,0,0
c_3333,2025,all,800,bay-shore,0,3,,0
c_3333,2025,all,800,redwood-empire,1,0,0,0
c_3333,2025,all,800,class-a,1,0,0,0
c_3333,2025,all,DT,tri-valley,5,0,0,0
c_3333,2025,all,DT,bay-shore,0,6,0,0
c_3333,2025,all,DT,redwood-empire,1,0,0,0
c_3333,2025,all,DT,class-a,0,0,0,0
c_3333,2025,all,HJ,tri-valley,3,0,0,0
c_3333,2025,all,HJ,bay-shore,3,2,,0
c_3333,2025,all,HJ,redwood-empire,0,2,,0
c_3333,2025,all,HJ,class-a,3,0,0,0
c_3333,2025,all,LJ,tri-valley,5,0,0,0
c_3333,2025,all,LJ,bay-shore,1,0,0,0
c_3333,2025,all,LJ,redwood-empire,0,6,0,0
c_3333,2025,all,LJ,class-a,0,0,0,0
c_3333,2025,all,PV,tri-valley,3,0,0,0
c_3333,2025,all,PV,bay-shore,0,3,,0
c_3333,2025,all,PV,redwood-empire,1,0,0,0
c_3333,2025,all,PV,class-a,0,0,0,0
c_3333,2025,all,SP,tri-valley,1,0,0,0
c_3333,2025,all,SP,bay-shore,0,3,,0
c_3333,2025,all,SP,redwood-empire,1,0,0,0
c_3333,2025,all,SP,class-a,1,0,0,0
c_3333,2025,all,TJ,tri-valley,1,0,0,0
c_3333,2025,all,TJ,bay-shore,2,0,0,0
c_3333,2025,all,TJ,redwood-empire,0,3,,0
c_3333,2025,all,TJ,class-a,0,0,0,0
c_3333,2025,all,group:sprints_hurdles,tri-valley,6,0,0,0
c_3333,2025,all,group:sprints_hurdles,bay-shore,1,7,0,0
c_3333,2025,all,group:sprints_hurdles,redwood-empire,1,9,0,0
c_3333,2025,all,group:sprints_hurdles,class-a,1,0,0,0
c_3333,2025,all,group:400_800,tri-valley,7,0,0,0
c_3333,2025,all,group:400_800,bay-shore,0,5,0,0
c_3333,2025,all,group:400_800,redwood-empire,1,5,0,0
c_3333,2025,all,group:400_800,class-a,2,0,0,0
c_3333,2025,all,group:distance,tri-valley,4,0,0,0
c_3333,2025,all,group:distance,bay-shore,0,9,0,0
c_3333,2025,all,group:distance,redwood-empire,3,0,0,0
c_3333,2025,all,group:distance,class-a,2,0,0,0
c_3333,2025,all,group:jumps,tri-valley,12,0,0,0
c_3333,2025,all,group:jumps,bay-shore,6,5,0,0
c_3333,2025,all,group:jumps,redwood-empire,1,11,0,0
c_3333,2025,all,group:jumps,class-a,3,0,0,0
c_3333,2025,all,group:throws,tri-valley,6,0,0,0
c_3333,2025,all,group:throws,bay-shore,0,9,0,0
c_3333,2025,all,group:throws,redwood-empire,2,0,0,0
c_3333,2025,all,group:throws,class-a,1,0,0,0
c_3333,2025,all,group:relays,tri-valley,9,0,0,0
c_3333,2025,all,group:relays,bay-shore,0,4,,0
c_3333,2025,all,group:relays,redwood-empire,0,6,0,0
c_3333,2025,all,group:relays,class-a,1,0,0,0
c_3333,2025,all,all,tri-valley,44,0,0,0
c_3333,2025,all,all,bay-shore,7,39,0,0
c_3333,2025,all,all,redwood-empire,8,31,0,0
c_3333,2025,all,all,class-a,10,0,0,0
c_3333,2026,girls,100,tri-valley,2,0,0,0
c_3333,2026,girls,100,bay-shore,1,0,0,0
c_3333,2026,girls,100,redwood-empire,0,3,,0
c_3333,2026,girls,100,class-a,0,0,0,0
c_3333,2026,girls,100H,tri-valley,4,0,0,0
c_3333,2026,girls,100H,bay-shore,0,2,,0
c_3333,2026,girls,100H,redwood-empire,0,2,,0
c_3333,2026,girls,100H,class-a,0,0,0,0
c_3333,2026,girls,1600,tri-valley,0,0,0,0
c_3333,2026,girls,1600,bay-shore,0,1,,0
c_3333,2026,girls,1600,redwood-empire,0,0,0,0
c_3333,2026,girls,1600,class-a,0,0,0,0
c_3333,2026,girls,200,tri-valley,1,0,0,0
c_3333,2026,girls,200,bay-shore,2,0,0,0
c_3333,2026,girls,200,redwood-empire,0,3,,0
c_3333,2026,girls,200,class-a,0,0,0,0
c_3333,2026,girls,300H,tri-valley,0,0,0,0
c_3333,2026,girls,300H,bay-shore,0,3,,0
c_3333,2026,girls,300H,redwood-empire,0,0,0,0
c_3333,2026,girls,300H,class-a,0,0,0,0
c_3333,2026,girls,3200,tri-valley,2,0,0,0
c_3333,2026,girls,3200,bay-shore,0,1,,0
c_3333,2026,girls,3200,redwood-empire,0,3,,0
c_3333,2026,girls,3200,class-a,2,0,0,0
c_3333,2026,girls,400,tri-valley,4,0,0,0
c_3333,2026,girls,400,bay-shore,0,1,,0
c_3333,2026,girls,400,redwood-empire,0,2,,0
c_3333,2026,girls,400,class-a,0,0,0,0
c_3333,2026,girls,4x100,tri-valley,3,0,0,0
c_3333,2026,girls,4x100,bay-shore,0,3,,0
c_3333,2026,girls,4x100,redwood-empire,0,0,0,0
c_3333,2026,girls,4x100,class-a,0,0,0,0
c_3333,2026,girls,4x400,tri-valley,3,0,0,0
c_3333,2026,girls,4x400,bay-shore,0,3,,0
c_3333,2026,girls,4x400,redwood-empire,0,0,0,0
c_3333,2026,girls,4x400,class-a,0,0,0,0
c_3333,2026,girls,800,tri-valley,4,0,0,0
c_3333,2026,girls,800,bay-shore,0,3,,0
c_3333,2026,girls,800,redwood-empire,0,1,,0
c_3333,2026,girls,800,class-a,0,0,0,0
c_3333,2026,girls,DT,tri-valley,1,0,0,0
c_3333,2026,girls,DT,bay-shore,0,0,0,0
c_3333,2026,girls,DT,redwood-empire,0,0,0,0
c_3333,2026,girls,DT,class-a,0,0,0,0
c_3333,2026,girls,HJ,tri-valley,0,0,0,0
c_3333,2026,girls,HJ,bay-shore,0,0,0,0
c_3333,2026,girls,HJ,redwood-empire,0,0,0,0
c_3333,2026,girls,HJ,class-a,0,0,0,0
c_3333,2026,girls,LJ,tri-valley,0,1,,0
c_3333,2026,girls,LJ,bay-shore,1,0,0,0
c_3333,2026,girls,LJ,redwood-empire,0,0,0,0
c_3333,2026,girls,LJ,class-a,0,0,0,0
c_3333,2026,girls,PV,tri-valley,0,0,0,0
c_3333,2026,girls,PV,bay-shore,0,2,,0
c_3333,2026,girls,PV,redwood-empire,0,0,0,0
c_3333,2026,girls,PV,class-a,0,0,0,0
c_3333,2026,girls,SP,tri-valley,1,0,0,0
c_3333,2026,girls,SP,bay-shore,0,0,0,0
c_3333,2026,girls,SP,redwood-empire,0,1,,0
c_3333,2026,girls,SP,class-a,0,0,0,0
c_3333,2026,girls,TJ,tri-valley,0,0,0,0
c_3333,2026,girls,TJ,bay-shore,0,0,0,0
c_3333,2026,girls,TJ,redwood-empire,0,0,0,0
c_3333,2026,girls,TJ,class-a,0,0,0,0
c_3333,2026,girls,group:sprints_hurdles,tri-valley,7,0,0,0
c_3333,2026,girls,group:sprints_hurdles,bay-shore,3,5,0,0
c_3333,2026,girls,group:sprints_hurdles,redwood-empire,0,8,0,0
c_3333,2026,girls,group:sprints_hurdles,class-a,0,0,0,0
c_3333,2026,girls,group:400_800,tri-valley,8,0,0,0
c_3333,2026,girls,group:400_800,bay-shore,0,4,,0
c_3333,2026,girls,group:400_800,redwood-empire,0,3,,0
c_3333,2026,girls,group:400_800,class-a,0,0,0,0
c_3333,2026,girls,group:distance,tri-valley,2,0,0,0
c_3333,2026,girls,group:distance,bay-shore,0,2,,0
c_3333,2026,girls,group:distance,redwood-empire,0,3,,0
c_3333,2026,girls,group:distance,class-a,2,0,0,0
c_3333,2026,girls,group:jumps,tri-valley,0,1,,0
c_3333,2026,girls,group:jumps,bay-shore,1,2,,0
c_3333,2026,girls,group:jumps,redwood-empire,0,0,0,0
c_3333,2026,girls,group:jumps,class-a,0,0,0,0
c_3333,2026,girls,group:throws,tri-valley,2,0,0,0
c_3333,2026,girls,group:throws,bay-shore,0,0,0,0
c_3333,2026,girls,group:throws,redwood-empire,0,1,,0
c_3333,2026,girls,group:throws,class-a,0,0,0,0
c_3333,2026,girls,group:relays,tri-valley,6,0,0,0
c_3333,2026,girls,group:relays,bay-shore,0,6,0,0
c_3333,2026,girls,group:relays,redwood-empire,0,0,0,0
c_3333,2026,girls,group:relays,class-a,0,0,0,0
c_3333,2026,girls,all,tri-valley,25,1,,0
c_3333,2026,girls,all,bay-shore,4,19,0,0
c_3333,2026,girls,all,redwood-empire,0,15,0,0
c_3333,2026,girls,all,class-a,2,0,0,0
c_3333,2026,boys,100,tri-valley,3,0,0,0
c_3333,2026,boys,100,bay-shore,0,0,0,0
c_3333,2026,boys,100,redwood-empire,0,3,,0
c_3333,2026,boys,100,class-a,0,0,0,0
c_3333,2026,boys,110H,tri-valley,3,0,0,0
c_3333,2026,boys,110H,bay-shore,0,2,,0
c_3333,2026,boys,110H,redwood-empire,0,2,,0
c_3333,2026,boys,110H,class-a,1,0,0,0
c_3333,2026,boys,1600,tri-valley,1,0,0,0
c_3333,2026,boys,1600,bay-shore,0,3,,0
c_3333,2026,boys,1600,redwood-empire,1,0,0,0
c_3333,2026,boys,1600,class-a,0,0,0,0
c_3333,2026,boys,200,tri-valley,0,0,0,0
c_3333,2026,boys,200,bay-shore,0,0,0,0
c_3333,2026,boys,200,redwood-empire,0,2,,0
c_3333,2026,boys,200,class-a,0,0,0,0
c_3333,2026,boys,300H,tri-valley,1,0,0,0
c_3333,2026,boys,300H,bay-shore,0,2,,0
c_3333,2026,boys,300H,redwood-empire,0,2,,0
c_3333,2026,boys,300H,class-a,2,0,0,0
c_3333,2026,boys,3200,tri-valley,1,0,0,0
c_3333,2026,boys,3200,bay-shore,0,0,0,0
c_3333,2026,boys,3200,redwood-empire,0,1,,0
c_3333,2026,boys,3200,class-a,0,0,0,0
c_3333,2026,boys,400,tri-valley,0,0,0,0
c_3333,2026,boys,400,bay-shore,0,0,0,0
c_3333,2026,boys,400,redwood-empire,0,0,0,0
c_3333,2026,boys,400,class-a,0,0,0,0
c_3333,2026,boys,4x100,tri-valley,1,0,0,0
c_3333,2026,boys,4x100,bay-shore,0,0,0,0
c_3333,2026,boys,4x100,redwood-empire,0,0,0,0
c_3333,2026,boys,4x100,class-a,0,0,0,0
c_3333,2026,boys,4x400,tri-valley,2,0,0,0
c_3333,2026,boys,4x400,bay-shore,0,1,,0
c_3333,2026,boys,4x400,redwood-empire,0,1,,0
c_3333,2026,boys,4x400,class-a,0,0,0,0
c_3333,2026,boys,800,tri-valley,0,0,0,0
c_3333,2026,boys,800,bay-shore,0,3,,0
c_3333,2026,boys,800,redwood-empire,0,0,0,0
c_3333,2026,boys,800,class-a,0,0,0,0
c_3333,2026,boys,DT,tri-valley,2,0,0,0
c_3333,2026,boys,DT,bay-shore,0,2,,0
c_3333,2026,boys,DT,redwood-empire,0,0,0,0
c_3333,2026,boys,DT,class-a,0,0,0,0
c_3333,2026,boys,HJ,tri-valley,0,0,0,0
c_3333,2026,boys,HJ,bay-shore,0,1,,0
c_3333,2026,boys,HJ,redwood-empire,0,0,0,0
c_3333,2026,boys,HJ,class-a,1,0,0,0
c_3333,2026,boys,LJ,tri-valley,0,0,0,0
c_3333,2026,boys,LJ,bay-shore,0,0,0,0
c_3333,2026,boys,LJ,redwood-empire,0,0,0,0
c_3333,2026,boys,LJ,class-a,0,0,0,0
c_3333,2026,boys,PV,tri-valley,7,0,0,0
c_3333,2026,boys,PV,bay-shore,0,3,,0
c_3333,2026,boys,PV,redwood-empire,0,1,,0
c_3333,2026,boys,PV,class-a,0,0,0,0
c_3333,2026,boys,SP,tri-valley,2,0,0,0
c_3333,2026,boys,SP,bay-shore,0,3,,0
c_3333,2026,boys,SP,redwood-empire,1,0,0,0
c_3333,2026,boys,SP,class-a,0,0,0,0
c_3333,2026,boys,TJ,tri-valley,1,0,0,0
c_3333,2026,boys,TJ,bay-shore,0,1,,0
c_3333,2026,boys,TJ,redwood-empire,0,0,0,0
c_3333,2026,boys,TJ,class-a,0,0,0,0
c_3333,2026,boys,group:sprints_hurdles,tri-valley,7,0,0,0
c_3333,2026,boys,group:sprints_hurdles,bay-shore,0,4,,0
c_3333,2026,boys,group:sprints_hurdles,redwood-empire,0,9,0,0
c_3333,2026,boys,group:sprints_hurdles,class-a,3,0,0,0
c_3333,2026,boys,group:400_800,tri-valley,0,0,0,0
c_3333,2026,boys,group:400_800,bay-shore,0,3,,0
c_3333,2026,boys,group:400_800,redwood-empire,0,0,0,0
c_3333,2026,boys,group:400_800,class-a,0,0,0,0
c_3333,2026,boys,group:distance,tri-valley,2,0,0,0
c_3333,2026,boys,group:distance,bay-shore,0,3,,0
c_3333,2026,boys,group:distance,redwood-empire,1,1,,0
c_3333,2026,boys,group:distance,class-a,0,0,0,0
c_3333,2026,boys,group:jumps,tri-valley,8,0,0,0
c_3333,2026,boys,group:jumps,bay-shore,0,5,0,0
c_3333,2026,boys,group:jumps,redwood-empire,0,1,,0
c_3333,2026,boys,group:jumps,class-a,1,0,0,0
c_3333,2026,boys,group:throws,tri-valley,4,0,0,0
c_3333,2026,boys,group:throws,bay-shore,0,5,0,0
c_3333,2026,boys,group:throws,redwood-empire,1,0,0,0
c_3333,2026,boys,group:throws,class-a,0,0,0,0
c_3333,2026,boys,group:relays,tri-valley,3,0,0,0
c_3333,2026,boys,group:relays,bay-shore,0,1,,0
c_3333,2026,boys,group:relays,redwood-empire,0,1,,0
c_3333,2026,boys,group:relays,class-a,0,0,0,0
c_3333,2026,boys,all,tri-valley,24,0,0,0
c_3333,2026,boys,all,bay-shore,0,21,0,0
c_3333,2026,boys,all,redwood-empire,2,12,0,0
c_3333,2026,boys,all,class-a,4,0,0,0
c_3333,2026,all,100,tri-valley,5,0,0,0
c_3333,2026,all,100,bay-shore,1,0,0,0
c_3333,2026,all,100,redwood-empire,0,6,0,0
c_3333,2026,all,100,class-a,0,0,0,0
c_3333,2026,all,100H,tri-valley,4,0,0,0
c_3333,2026,all,100H,bay-shore,0,2,,0
c_3333,2026,all,100H,redwood-empire,0,2,,0
c_3333,2026,all,100H,class-a,0,0,0,0
c_3333,2026,all,110H,tri-valley,3,0,0,0
c_3333,2026,all,110H,bay-shore,0,2,,0
c_3333,2026,all,110H,redwood-empire,0,2,,0
c_3333,2026,all,110H,class-a,1,0,0,0
c_3333,2026,all,1600,tri-valley,1,0,0,0
c_3333,2026,all,1600,bay-shore,0,4,,0
c_3333,2026,all,1600,redwood-empire,1,0,0,0
c_3333,2026,all,1600,class-a,0,0,0,0
c_3333,2026,all,200,tri-valley,1,0,0,0
c_3333,2026,all,200,bay-shore,2,0,0,0
c_3333,2026,all,200,redwood-empire,0,5,0,0
c_3333,2026,all,200,class-a,0,0,0,0
c_3333,2026,all,300H,tri-valley,1,0,0,0
c_3333,2026,all,300H,bay-shore,0,5,0,0
c_3333,2026,all,300H,redwood-empire,0,2,,0
c_3333,2026,all,300H,class-a,2,0,0,0
c_3333,2026,all,3200,tri-valley,3,0,0,0
c_3333,2026,all,3200,bay-shore,0,1,,0
c_3333,2026,all,3200,redwood-empire,0,4,,0
c_3333,2026,all,3200,class-a,2,0,0,0
c_3333,2026,all,400,tri-valley,4,0,0,0
c_3333,2026,all,400,bay-shore,0,1,,0
c_3333,2026,all,400,redwood-empire,0,2,,0
c_3333,2026,all,400,class-a,0,0,0,0
c_3333,2026,all,4x100,tri-valley,4,0,0,0
c_3333,2026,all,4x100,bay-shore,0,3,,0
c_3333,2026,all,4x100,redwood-empire,0,0,0,0
c_3333,2026,all,4x100,class-a,0,0,0,0
c_3333,2026,all,4x400,tri-valley,5,0,0,0
c_3333,2026,all,4x400,bay-shore,0,4,,0
c_3333,2026,all,4x400,redwood-empire,0,1,,0
c_3333,2026,all,4x400,class-a,0,0,0,0
c_3333,2026,all,800,tri-valley,4,0,0,0
c_3333,2026,all,800,bay-shore,0,6,0,0
c_3333,2026,all,800,redwood-empire,0,1,,0
c_3333,2026,all,800,class-a,0,0,0,0
c_3333,2026,all,DT,tri-valley,3,0,0,0
c_3333,2026,all,DT,bay-shore,0,2,,0
c_3333,2026,all,DT,redwood-empire,0,0,0,0
c_3333,2026,all,DT,class-a,0,0,0,0
c_3333,2026,all,HJ,tri-valley,0,0,0,0
c_3333,2026,all,HJ,bay-shore,0,1,,0
c_3333,2026,all,HJ,redwood-empire,0,0,0,0
c_3333,2026,all,HJ,class-a,1,0,0,0
c_3333,2026,all,LJ,tri-valley,0,1,,0
c_3333,2026,all,LJ,bay-shore,1,0,0,0
c_3333,2026,all,LJ,redwood-empire,0,0,0,0
c_3333,2026,all,LJ,class-a,0,0,0,0
c_3333,2026,all,PV,tri-valley,7,0,0,0
c_3333,2026,all,PV,bay-shore,0,5,0,0
c_3333,2026,all,PV,redwood-empire,0,1,,0
c_3333,2026,all,PV,class-a,0,0,0,0
c_3333,2026,all,SP,tri-valley,3,0,0,0
c_3333,2026,all,SP,bay-shore,0,3,,0
c_3333,2026,all,SP,redwood-empire,1,1,,0
c_3333,2026,all,SP,class-a,0,0,0,0
c_3333,2026,all,TJ,tri-valley,1,0,0,0
c_3333,2026,all,TJ,bay-shore,0,1,,0
c_3333,2026,all,TJ,redwood-empire,0,0,0,0
c_3333,2026,all,TJ,class-a,0,0,0,0
c_3333,2026,all,group:sprints_hurdles,tri-valley,14,0,0,0
c_3333,2026,all,group:sprints_hurdles,bay-shore,3,9,0,0
c_3333,2026,all,group:sprints_hurdles,redwood-empire,0,17,0,0
c_3333,2026,all,group:sprints_hurdles,class-a,3,0,0,0
c_3333,2026,all,group:400_800,tri-valley,8,0,0,0
c_3333,2026,all,group:400_800,bay-shore,0,7,0,0
c_3333,2026,all,group:400_800,redwood-empire,0,3,,0
c_3333,2026,all,group:400_800,class-a,0,0,0,0
c_3333,2026,all,group:distance,tri-valley,4,0,0,0
c_3333,2026,all,group:distance,bay-shore,0,5,0,0
c_3333,2026,all,group:distance,redwood-empire,1,4,,0
c_3333,2026,all,group:distance,class-a,2,0,0,0
c_3333,2026,all,group:jumps,tri-valley,8,1,,0
c_3333,2026,all,group:jumps,bay-shore,1,7,0,0
c_3333,2026,all,group:jumps,redwood-empire,0,1,,0
c_3333,2026,all,group:jumps,class-a,1,0,0,0
c_3333,2026,all,group:throws,tri-valley,6,0,0,0
c_3333,2026,all,group:throws,bay-shore,0,5,0,0
c_3333,2026,all,group:throws,redwood-empire,1,1,,0
c_3333,2026,all,group:throws,class-a,0,0,0,0
c_3333,2026,all,group:relays,tri-valley,9,0,0,0
c_3333,2026,all,group:relays,bay-shore,0,7,0,0
c_3333,2026,all,group:relays,redwood-empire,0,1,,0
c_3333,2026,all,group:relays,class-a,0,0,0,0
c_3333,2026,all,all,tri-valley,49,1,,0
c_3333,2026,all,all,bay-shore,4,40,0,0
c_3333,2026,all,all,redwood-empire,2,27,0,0
c_3333,2026,all,all,class-a,6,0,0,0
c_3333,2022-2026 pooled,girls,100,tri-valley,10,0,0,0
c_3333,2022-2026 pooled,girls,100,bay-shore,2,1,,0
c_3333,2022-2026 pooled,girls,100,redwood-empire,0,11,0,0
c_3333,2022-2026 pooled,girls,100,class-a,0,0,0,0
c_3333,2022-2026 pooled,girls,100H,tri-valley,9,0,0,0
c_3333,2022-2026 pooled,girls,100H,bay-shore,0,7,0,0
c_3333,2022-2026 pooled,girls,100H,redwood-empire,2,4,,0
c_3333,2022-2026 pooled,girls,100H,class-a,0,0,0,0
c_3333,2022-2026 pooled,girls,1600,tri-valley,4,0,0,0
c_3333,2022-2026 pooled,girls,1600,bay-shore,0,11,0,0
c_3333,2022-2026 pooled,girls,1600,redwood-empire,1,2,,0
c_3333,2022-2026 pooled,girls,1600,class-a,3,0,0,0
c_3333,2022-2026 pooled,girls,200,tri-valley,6,0,0,1
c_3333,2022-2026 pooled,girls,200,bay-shore,3,5,0,0
c_3333,2022-2026 pooled,girls,200,redwood-empire,2,10,0,0
c_3333,2022-2026 pooled,girls,200,class-a,2,0,0,0
c_3333,2022-2026 pooled,girls,300H,tri-valley,6,0,0,0
c_3333,2022-2026 pooled,girls,300H,bay-shore,0,7,0,0
c_3333,2022-2026 pooled,girls,300H,redwood-empire,0,2,,0
c_3333,2022-2026 pooled,girls,300H,class-a,0,0,0,0
c_3333,2022-2026 pooled,girls,3200,tri-valley,3,0,0,0
c_3333,2022-2026 pooled,girls,3200,bay-shore,0,5,0,0
c_3333,2022-2026 pooled,girls,3200,redwood-empire,1,3,,0
c_3333,2022-2026 pooled,girls,3200,class-a,4,0,0,0
c_3333,2022-2026 pooled,girls,400,tri-valley,10,0,0,0
c_3333,2022-2026 pooled,girls,400,bay-shore,0,1,,0
c_3333,2022-2026 pooled,girls,400,redwood-empire,0,9,0,0
c_3333,2022-2026 pooled,girls,400,class-a,1,0,0,0
c_3333,2022-2026 pooled,girls,4x100,tri-valley,10,0,0,0
c_3333,2022-2026 pooled,girls,4x100,bay-shore,0,4,,0
c_3333,2022-2026 pooled,girls,4x100,redwood-empire,0,6,0,0
c_3333,2022-2026 pooled,girls,4x100,class-a,0,0,0,0
c_3333,2022-2026 pooled,girls,4x400,tri-valley,15,0,0,0
c_3333,2022-2026 pooled,girls,4x400,bay-shore,0,11,0,0
c_3333,2022-2026 pooled,girls,4x400,redwood-empire,0,3,,0
c_3333,2022-2026 pooled,girls,4x400,class-a,1,0,0,0
c_3333,2022-2026 pooled,girls,800,tri-valley,13,0,0,0
c_3333,2022-2026 pooled,girls,800,bay-shore,0,14,0,0
c_3333,2022-2026 pooled,girls,800,redwood-empire,2,3,,0
c_3333,2022-2026 pooled,girls,800,class-a,1,0,0,0
c_3333,2022-2026 pooled,girls,DT,tri-valley,10,0,0,2
c_3333,2022-2026 pooled,girls,DT,bay-shore,0,7,0,0
c_3333,2022-2026 pooled,girls,DT,redwood-empire,0,2,,0
c_3333,2022-2026 pooled,girls,DT,class-a,0,0,0,0
c_3333,2022-2026 pooled,girls,HJ,tri-valley,3,0,0,0
c_3333,2022-2026 pooled,girls,HJ,bay-shore,3,6,0,0
c_3333,2022-2026 pooled,girls,HJ,redwood-empire,0,2,,0
c_3333,2022-2026 pooled,girls,HJ,class-a,4,0,0,0
c_3333,2022-2026 pooled,girls,LJ,tri-valley,3,1,,0
c_3333,2022-2026 pooled,girls,LJ,bay-shore,4,1,,0
c_3333,2022-2026 pooled,girls,LJ,redwood-empire,0,6,0,0
c_3333,2022-2026 pooled,girls,LJ,class-a,1,0,0,0
c_3333,2022-2026 pooled,girls,PV,tri-valley,4,2,,0
c_3333,2022-2026 pooled,girls,PV,bay-shore,0,3,,0
c_3333,2022-2026 pooled,girls,PV,redwood-empire,1,3,,0
c_3333,2022-2026 pooled,girls,PV,class-a,0,0,0,0
c_3333,2022-2026 pooled,girls,SP,tri-valley,5,0,0,0
c_3333,2022-2026 pooled,girls,SP,bay-shore,0,10,0,0
c_3333,2022-2026 pooled,girls,SP,redwood-empire,5,1,,0
c_3333,2022-2026 pooled,girls,SP,class-a,2,0,0,0
c_3333,2022-2026 pooled,girls,TJ,tri-valley,0,0,0,0
c_3333,2022-2026 pooled,girls,TJ,bay-shore,1,0,0,0
c_3333,2022-2026 pooled,girls,TJ,redwood-empire,0,1,,0
c_3333,2022-2026 pooled,girls,TJ,class-a,0,0,0,0
c_3333,2022-2026 pooled,girls,group:sprints_hurdles,tri-valley,31,0,0,1
c_3333,2022-2026 pooled,girls,group:sprints_hurdles,bay-shore,5,20,0,0
c_3333,2022-2026 pooled,girls,group:sprints_hurdles,redwood-empire,4,27,0,0
c_3333,2022-2026 pooled,girls,group:sprints_hurdles,class-a,2,0,0,0
c_3333,2022-2026 pooled,girls,group:400_800,tri-valley,23,0,0,0
c_3333,2022-2026 pooled,girls,group:400_800,bay-shore,0,15,0,0
c_3333,2022-2026 pooled,girls,group:400_800,redwood-empire,2,12,0,0
c_3333,2022-2026 pooled,girls,group:400_800,class-a,2,0,0,0
c_3333,2022-2026 pooled,girls,group:distance,tri-valley,7,0,0,0
c_3333,2022-2026 pooled,girls,group:distance,bay-shore,0,16,0,0
c_3333,2022-2026 pooled,girls,group:distance,redwood-empire,2,5,0,0
c_3333,2022-2026 pooled,girls,group:distance,class-a,7,0,0,0
c_3333,2022-2026 pooled,girls,group:jumps,tri-valley,10,3,,0
c_3333,2022-2026 pooled,girls,group:jumps,bay-shore,8,10,0,0
c_3333,2022-2026 pooled,girls,group:jumps,redwood-empire,1,12,0,0
c_3333,2022-2026 pooled,girls,group:jumps,class-a,5,0,0,0
c_3333,2022-2026 pooled,girls,group:throws,tri-valley,15,0,0,2
c_3333,2022-2026 pooled,girls,group:throws,bay-shore,0,17,0,0
c_3333,2022-2026 pooled,girls,group:throws,redwood-empire,5,3,,0
c_3333,2022-2026 pooled,girls,group:throws,class-a,2,0,0,0
c_3333,2022-2026 pooled,girls,group:relays,tri-valley,25,0,0,0
c_3333,2022-2026 pooled,girls,group:relays,bay-shore,0,15,0,0
c_3333,2022-2026 pooled,girls,group:relays,redwood-empire,0,9,0,0
c_3333,2022-2026 pooled,girls,group:relays,class-a,1,0,0,0
c_3333,2022-2026 pooled,girls,all,tri-valley,111,3,,3
c_3333,2022-2026 pooled,girls,all,bay-shore,13,93,0,0
c_3333,2022-2026 pooled,girls,all,redwood-empire,14,68,1,0
c_3333,2022-2026 pooled,girls,all,class-a,19,0,0,0
c_3333,2022-2026 pooled,boys,100,tri-valley,4,0,0,0
c_3333,2022-2026 pooled,boys,100,bay-shore,1,0,0,0
c_3333,2022-2026 pooled,boys,100,redwood-empire,0,10,1,0
c_3333,2022-2026 pooled,boys,100,class-a,0,0,0,0
c_3333,2022-2026 pooled,boys,110H,tri-valley,6,0,0,0
c_3333,2022-2026 pooled,boys,110H,bay-shore,1,2,,0
c_3333,2022-2026 pooled,boys,110H,redwood-empire,0,7,0,0
c_3333,2022-2026 pooled,boys,110H,class-a,2,0,0,0
c_3333,2022-2026 pooled,boys,1600,tri-valley,4,0,0,0
c_3333,2022-2026 pooled,boys,1600,bay-shore,1,7,0,0
c_3333,2022-2026 pooled,boys,1600,redwood-empire,2,2,,0
c_3333,2022-2026 pooled,boys,1600,class-a,0,0,0,0
c_3333,2022-2026 pooled,boys,200,tri-valley,0,0,0,0
c_3333,2022-2026 pooled,boys,200,bay-shore,0,2,,0
c_3333,2022-2026 pooled,boys,200,redwood-empire,2,5,0,0
c_3333,2022-2026 pooled,boys,200,class-a,0,0,0,0
c_3333,2022-2026 pooled,boys,300H,tri-valley,4,0,0,0
c_3333,2022-2026 pooled,boys,300H,bay-shore,0,8,1,0
c_3333,2022-2026 pooled,boys,300H,redwood-empire,1,3,,0
c_3333,2022-2026 pooled,boys,300H,class-a,2,0,0,0
c_3333,2022-2026 pooled,boys,3200,tri-valley,4,0,0,0
c_3333,2022-2026 pooled,boys,3200,bay-shore,1,3,,0
c_3333,2022-2026 pooled,boys,3200,redwood-empire,1,3,,0
c_3333,2022-2026 pooled,boys,3200,class-a,0,0,0,0
c_3333,2022-2026 pooled,boys,400,tri-valley,9,0,0,1
c_3333,2022-2026 pooled,boys,400,bay-shore,0,3,,0
c_3333,2022-2026 pooled,boys,400,redwood-empire,0,8,0,0
c_3333,2022-2026 pooled,boys,400,class-a,0,0,0,0
c_3333,2022-2026 pooled,boys,4x100,tri-valley,8,0,0,0
c_3333,2022-2026 pooled,boys,4x100,bay-shore,0,4,,0
c_3333,2022-2026 pooled,boys,4x100,redwood-empire,0,4,,0
c_3333,2022-2026 pooled,boys,4x100,class-a,0,0,0,0
c_3333,2022-2026 pooled,boys,4x400,tri-valley,11,0,0,0
c_3333,2022-2026 pooled,boys,4x400,bay-shore,0,5,0,0
c_3333,2022-2026 pooled,boys,4x400,redwood-empire,0,6,0,0
c_3333,2022-2026 pooled,boys,4x400,class-a,0,0,0,0
c_3333,2022-2026 pooled,boys,800,tri-valley,4,0,0,0
c_3333,2022-2026 pooled,boys,800,bay-shore,0,8,0,0
c_3333,2022-2026 pooled,boys,800,redwood-empire,0,3,,0
c_3333,2022-2026 pooled,boys,800,class-a,0,0,0,0
c_3333,2022-2026 pooled,boys,DT,tri-valley,10,0,0,0
c_3333,2022-2026 pooled,boys,DT,bay-shore,0,11,0,0
c_3333,2022-2026 pooled,boys,DT,redwood-empire,2,0,0,0
c_3333,2022-2026 pooled,boys,DT,class-a,0,0,0,0
c_3333,2022-2026 pooled,boys,HJ,tri-valley,9,0,0,0
c_3333,2022-2026 pooled,boys,HJ,bay-shore,0,6,0,0
c_3333,2022-2026 pooled,boys,HJ,redwood-empire,5,0,0,0
c_3333,2022-2026 pooled,boys,HJ,class-a,1,0,0,0
c_3333,2022-2026 pooled,boys,LJ,tri-valley,5,0,0,0
c_3333,2022-2026 pooled,boys,LJ,bay-shore,0,0,0,0
c_3333,2022-2026 pooled,boys,LJ,redwood-empire,0,5,0,0
c_3333,2022-2026 pooled,boys,LJ,class-a,1,0,0,0
c_3333,2022-2026 pooled,boys,PV,tri-valley,19,0,0,0
c_3333,2022-2026 pooled,boys,PV,bay-shore,0,10,0,0
c_3333,2022-2026 pooled,boys,PV,redwood-empire,4,1,,0
c_3333,2022-2026 pooled,boys,PV,class-a,0,0,0,0
c_3333,2022-2026 pooled,boys,SP,tri-valley,3,0,0,0
c_3333,2022-2026 pooled,boys,SP,bay-shore,0,4,,0
c_3333,2022-2026 pooled,boys,SP,redwood-empire,1,0,0,0
c_3333,2022-2026 pooled,boys,SP,class-a,0,0,0,0
c_3333,2022-2026 pooled,boys,TJ,tri-valley,2,0,0,0
c_3333,2022-2026 pooled,boys,TJ,bay-shore,1,1,,0
c_3333,2022-2026 pooled,boys,TJ,redwood-empire,0,2,,0
c_3333,2022-2026 pooled,boys,TJ,class-a,0,0,0,0
c_3333,2022-2026 pooled,boys,group:sprints_hurdles,tri-valley,14,0,0,0
c_3333,2022-2026 pooled,boys,group:sprints_hurdles,bay-shore,2,12,1,0
c_3333,2022-2026 pooled,boys,group:sprints_hurdles,redwood-empire,3,25,1,0
c_3333,2022-2026 pooled,boys,group:sprints_hurdles,class-a,4,0,0,0
c_3333,2022-2026 pooled,boys,group:400_800,tri-valley,13,0,0,1
c_3333,2022-2026 pooled,boys,group:400_800,bay-shore,0,11,0,0
c_3333,2022-2026 pooled,boys,group:400_800,redwood-empire,0,11,0,0
c_3333,2022-2026 pooled,boys,group:400_800,class-a,0,0,0,0
c_3333,2022-2026 pooled,boys,group:distance,tri-valley,8,0,0,0
c_3333,2022-2026 pooled,boys,group:distance,bay-shore,2,10,0,0
c_3333,2022-2026 pooled,boys,group:distance,redwood-empire,3,5,0,0
c_3333,2022-2026 pooled,boys,group:distance,class-a,0,0,0,0
c_3333,2022-2026 pooled,boys,group:jumps,tri-valley,35,0,0,0
c_3333,2022-2026 pooled,boys,group:jumps,bay-shore,1,17,0,0
c_3333,2022-2026 pooled,boys,group:jumps,redwood-empire,9,8,0,0
c_3333,2022-2026 pooled,boys,group:jumps,class-a,2,0,0,0
c_3333,2022-2026 pooled,boys,group:throws,tri-valley,13,0,0,0
c_3333,2022-2026 pooled,boys,group:throws,bay-shore,0,15,0,0
c_3333,2022-2026 pooled,boys,group:throws,redwood-empire,3,0,0,0
c_3333,2022-2026 pooled,boys,group:throws,class-a,0,0,0,0
c_3333,2022-2026 pooled,boys,group:relays,tri-valley,19,0,0,0
c_3333,2022-2026 pooled,boys,group:relays,bay-shore,0,9,0,0
c_3333,2022-2026 pooled,boys,group:relays,redwood-empire,0,10,0,0
c_3333,2022-2026 pooled,boys,group:relays,class-a,0,0,0,0
c_3333,2022-2026 pooled,boys,all,tri-valley,102,0,0,1
c_3333,2022-2026 pooled,boys,all,bay-shore,5,74,1,0
c_3333,2022-2026 pooled,boys,all,redwood-empire,18,59,1,0
c_3333,2022-2026 pooled,boys,all,class-a,6,0,0,0
c_3333,2022-2026 pooled,all,100,tri-valley,14,0,0,0
c_3333,2022-2026 pooled,all,100,bay-shore,3,1,,0
c_3333,2022-2026 pooled,all,100,redwood-empire,0,21,1,0
c_3333,2022-2026 pooled,all,100,class-a,0,0,0,0
c_3333,2022-2026 pooled,all,100H,tri-valley,9,0,0,0
c_3333,2022-2026 pooled,all,100H,bay-shore,0,7,0,0
c_3333,2022-2026 pooled,all,100H,redwood-empire,2,4,,0
c_3333,2022-2026 pooled,all,100H,class-a,0,0,0,0
c_3333,2022-2026 pooled,all,110H,tri-valley,6,0,0,0
c_3333,2022-2026 pooled,all,110H,bay-shore,1,2,,0
c_3333,2022-2026 pooled,all,110H,redwood-empire,0,7,0,0
c_3333,2022-2026 pooled,all,110H,class-a,2,0,0,0
c_3333,2022-2026 pooled,all,1600,tri-valley,8,0,0,0
c_3333,2022-2026 pooled,all,1600,bay-shore,1,18,0,0
c_3333,2022-2026 pooled,all,1600,redwood-empire,3,4,,0
c_3333,2022-2026 pooled,all,1600,class-a,3,0,0,0
c_3333,2022-2026 pooled,all,200,tri-valley,6,0,0,1
c_3333,2022-2026 pooled,all,200,bay-shore,3,7,0,0
c_3333,2022-2026 pooled,all,200,redwood-empire,4,15,0,0
c_3333,2022-2026 pooled,all,200,class-a,2,0,0,0
c_3333,2022-2026 pooled,all,300H,tri-valley,10,0,0,0
c_3333,2022-2026 pooled,all,300H,bay-shore,0,15,1,0
c_3333,2022-2026 pooled,all,300H,redwood-empire,1,5,0,0
c_3333,2022-2026 pooled,all,300H,class-a,2,0,0,0
c_3333,2022-2026 pooled,all,3200,tri-valley,7,0,0,0
c_3333,2022-2026 pooled,all,3200,bay-shore,1,8,0,0
c_3333,2022-2026 pooled,all,3200,redwood-empire,2,6,0,0
c_3333,2022-2026 pooled,all,3200,class-a,4,0,0,0
c_3333,2022-2026 pooled,all,400,tri-valley,19,0,0,1
c_3333,2022-2026 pooled,all,400,bay-shore,0,4,,0
c_3333,2022-2026 pooled,all,400,redwood-empire,0,17,0,0
c_3333,2022-2026 pooled,all,400,class-a,1,0,0,0
c_3333,2022-2026 pooled,all,4x100,tri-valley,18,0,0,0
c_3333,2022-2026 pooled,all,4x100,bay-shore,0,8,0,0
c_3333,2022-2026 pooled,all,4x100,redwood-empire,0,10,0,0
c_3333,2022-2026 pooled,all,4x100,class-a,0,0,0,0
c_3333,2022-2026 pooled,all,4x400,tri-valley,26,0,0,0
c_3333,2022-2026 pooled,all,4x400,bay-shore,0,16,0,0
c_3333,2022-2026 pooled,all,4x400,redwood-empire,0,9,0,0
c_3333,2022-2026 pooled,all,4x400,class-a,1,0,0,0
c_3333,2022-2026 pooled,all,800,tri-valley,17,0,0,0
c_3333,2022-2026 pooled,all,800,bay-shore,0,22,0,0
c_3333,2022-2026 pooled,all,800,redwood-empire,2,6,0,0
c_3333,2022-2026 pooled,all,800,class-a,1,0,0,0
c_3333,2022-2026 pooled,all,DT,tri-valley,20,0,0,2
c_3333,2022-2026 pooled,all,DT,bay-shore,0,18,0,0
c_3333,2022-2026 pooled,all,DT,redwood-empire,2,2,,0
c_3333,2022-2026 pooled,all,DT,class-a,0,0,0,0
c_3333,2022-2026 pooled,all,HJ,tri-valley,12,0,0,0
c_3333,2022-2026 pooled,all,HJ,bay-shore,3,12,0,0
c_3333,2022-2026 pooled,all,HJ,redwood-empire,5,2,,0
c_3333,2022-2026 pooled,all,HJ,class-a,5,0,0,0
c_3333,2022-2026 pooled,all,LJ,tri-valley,8,1,,0
c_3333,2022-2026 pooled,all,LJ,bay-shore,4,1,,0
c_3333,2022-2026 pooled,all,LJ,redwood-empire,0,11,0,0
c_3333,2022-2026 pooled,all,LJ,class-a,2,0,0,0
c_3333,2022-2026 pooled,all,PV,tri-valley,23,2,,0
c_3333,2022-2026 pooled,all,PV,bay-shore,0,13,0,0
c_3333,2022-2026 pooled,all,PV,redwood-empire,5,4,,0
c_3333,2022-2026 pooled,all,PV,class-a,0,0,0,0
c_3333,2022-2026 pooled,all,SP,tri-valley,8,0,0,0
c_3333,2022-2026 pooled,all,SP,bay-shore,0,14,0,0
c_3333,2022-2026 pooled,all,SP,redwood-empire,6,1,,0
c_3333,2022-2026 pooled,all,SP,class-a,2,0,0,0
c_3333,2022-2026 pooled,all,TJ,tri-valley,2,0,0,0
c_3333,2022-2026 pooled,all,TJ,bay-shore,2,1,,0
c_3333,2022-2026 pooled,all,TJ,redwood-empire,0,3,,0
c_3333,2022-2026 pooled,all,TJ,class-a,0,0,0,0
c_3333,2022-2026 pooled,all,group:sprints_hurdles,tri-valley,45,0,0,1
c_3333,2022-2026 pooled,all,group:sprints_hurdles,bay-shore,7,32,1,0
c_3333,2022-2026 pooled,all,group:sprints_hurdles,redwood-empire,7,52,1,0
c_3333,2022-2026 pooled,all,group:sprints_hurdles,class-a,6,0,0,0
c_3333,2022-2026 pooled,all,group:400_800,tri-valley,36,0,0,1
c_3333,2022-2026 pooled,all,group:400_800,bay-shore,0,26,0,0
c_3333,2022-2026 pooled,all,group:400_800,redwood-empire,2,23,0,0
c_3333,2022-2026 pooled,all,group:400_800,class-a,2,0,0,0
c_3333,2022-2026 pooled,all,group:distance,tri-valley,15,0,0,0
c_3333,2022-2026 pooled,all,group:distance,bay-shore,2,26,0,0
c_3333,2022-2026 pooled,all,group:distance,redwood-empire,5,10,0,0
c_3333,2022-2026 pooled,all,group:distance,class-a,7,0,0,0
c_3333,2022-2026 pooled,all,group:jumps,tri-valley,45,3,,0
c_3333,2022-2026 pooled,all,group:jumps,bay-shore,9,27,0,0
c_3333,2022-2026 pooled,all,group:jumps,redwood-empire,10,20,0,0
c_3333,2022-2026 pooled,all,group:jumps,class-a,7,0,0,0
c_3333,2022-2026 pooled,all,group:throws,tri-valley,28,0,0,2
c_3333,2022-2026 pooled,all,group:throws,bay-shore,0,32,0,0
c_3333,2022-2026 pooled,all,group:throws,redwood-empire,8,3,,0
c_3333,2022-2026 pooled,all,group:throws,class-a,2,0,0,0
c_3333,2022-2026 pooled,all,group:relays,tri-valley,44,0,0,0
c_3333,2022-2026 pooled,all,group:relays,bay-shore,0,24,0,0
c_3333,2022-2026 pooled,all,group:relays,redwood-empire,0,19,0,0
c_3333,2022-2026 pooled,all,group:relays,class-a,1,0,0,0
c_3333,2022-2026 pooled,all,all,tri-valley,213,3,,4
c_3333,2022-2026 pooled,all,all,bay-shore,18,167,1,0
c_3333,2022-2026 pooled,all,all,redwood-empire,32,127,2,0
c_3333,2022-2026 pooled,all,all,class-a,25,0,0,0
